ISO-10303-21;
HEADER;
FILE_DESCRIPTION(('FreeCAD Model'),'2;1');
FILE_NAME('Open CASCADE Shape Model','2026-03-08T15:26:13',('Author'),(
    ''),'Open CASCADE STEP processor 7.8','FreeCAD','Unknown');
FILE_SCHEMA(('AUTOMOTIVE_DESIGN { 1 0 10303 214 1 1 1 1 }'));
ENDSEC;
DATA;
#1 = APPLICATION_PROTOCOL_DEFINITION('international standard',
  'automotive_design',2000,#2);
#2 = APPLICATION_CONTEXT(
  'core data for automotive mechanical design processes');
#3 = SHAPE_DEFINITION_REPRESENTATION(#4,#10);
#4 = PRODUCT_DEFINITION_SHAPE('','',#5);
#5 = PRODUCT_DEFINITION('design','',#6,#9);
#6 = PRODUCT_DEFINITION_FORMATION('','',#7);
#7 = PRODUCT('double_socket_cover','double_socket_cover','',(#8));
#8 = PRODUCT_CONTEXT('',#2,'mechanical');
#9 = PRODUCT_DEFINITION_CONTEXT('part definition',#2,'design');
#10 = SHAPE_REPRESENTATION('',(#11,#15,#19,#23,#27,#31,#35,#39,#43,#47,
    #51,#55,#59),#63);
#11 = AXIS2_PLACEMENT_3D('',#12,#13,#14);
#12 = CARTESIAN_POINT('',(0.,0.,0.));
#13 = DIRECTION('',(0.,0.,1.));
#14 = DIRECTION('',(1.,0.,-0.));
#15 = AXIS2_PLACEMENT_3D('',#16,#17,#18);
#16 = CARTESIAN_POINT('',(0.,0.,9.));
#17 = DIRECTION('',(0.,0.,1.));
#18 = DIRECTION('',(1.,0.,0.));
#19 = AXIS2_PLACEMENT_3D('',#20,#21,#22);
#20 = CARTESIAN_POINT('',(0.,0.,0.));
#21 = DIRECTION('',(0.,0.,1.));
#22 = DIRECTION('',(1.,0.,0.));
#23 = AXIS2_PLACEMENT_3D('',#24,#25,#26);
#24 = CARTESIAN_POINT('',(0.,0.,9.));
#25 = DIRECTION('',(0.,0.,1.));
#26 = DIRECTION('',(1.,0.,0.));
#27 = AXIS2_PLACEMENT_3D('',#28,#29,#30);
#28 = CARTESIAN_POINT('',(0.,0.,9.));
#29 = DIRECTION('',(0.,0.,1.));
#30 = DIRECTION('',(1.,0.,0.));
#31 = AXIS2_PLACEMENT_3D('',#32,#33,#34);
#32 = CARTESIAN_POINT('',(0.,0.,9.));
#33 = DIRECTION('',(0.,0.,1.));
#34 = DIRECTION('',(1.,0.,0.));
#35 = AXIS2_PLACEMENT_3D('',#36,#37,#38);
#36 = CARTESIAN_POINT('',(0.,0.,9.));
#37 = DIRECTION('',(0.,0.,1.));
#38 = DIRECTION('',(1.,0.,0.));
#39 = AXIS2_PLACEMENT_3D('',#40,#41,#42);
#40 = CARTESIAN_POINT('',(0.,0.,0.));
#41 = DIRECTION('',(0.,0.,1.));
#42 = DIRECTION('',(1.,0.,0.));
#43 = AXIS2_PLACEMENT_3D('',#44,#45,#46);
#44 = CARTESIAN_POINT('',(0.,0.,0.));
#45 = DIRECTION('',(0.,0.,1.));
#46 = DIRECTION('',(1.,0.,0.));
#47 = AXIS2_PLACEMENT_3D('',#48,#49,#50);
#48 = CARTESIAN_POINT('',(-42.06,28.9,9.));
#49 = DIRECTION('',(0.,0.,1.));
#50 = DIRECTION('',(1.,0.,0.));
#51 = AXIS2_PLACEMENT_3D('',#52,#53,#54);
#52 = CARTESIAN_POINT('',(-39.98,-37.66,9.));
#53 = DIRECTION('',(0.,0.,1.));
#54 = DIRECTION('',(1.,0.,0.));
#55 = AXIS2_PLACEMENT_3D('',#56,#57,#58);
#56 = CARTESIAN_POINT('',(0.,0.,9.));
#57 = DIRECTION('',(0.,0.,1.));
#58 = DIRECTION('',(1.,0.,0.));
#59 = AXIS2_PLACEMENT_3D('',#60,#61,#62);
#60 = CARTESIAN_POINT('',(0.,0.,9.));
#61 = DIRECTION('',(0.,0.,1.));
#62 = DIRECTION('',(1.,0.,0.));
#63 = ( GEOMETRIC_REPRESENTATION_CONTEXT(3) 
GLOBAL_UNCERTAINTY_ASSIGNED_CONTEXT((#67)) GLOBAL_UNIT_ASSIGNED_CONTEXT(
(#64,#65,#66)) REPRESENTATION_CONTEXT('Context #1',
  '3D Context with UNIT and UNCERTAINTY') );
#64 = ( LENGTH_UNIT() NAMED_UNIT(*) SI_UNIT(.MILLI.,.METRE.) );
#65 = ( NAMED_UNIT(*) PLANE_ANGLE_UNIT() SI_UNIT($,.RADIAN.) );
#66 = ( NAMED_UNIT(*) SI_UNIT($,.STERADIAN.) SOLID_ANGLE_UNIT() );
#67 = UNCERTAINTY_MEASURE_WITH_UNIT(LENGTH_MEASURE(5.E-06),#64,
  'distance_accuracy_value','confusion accuracy');
#68 = PRODUCT_RELATED_PRODUCT_CATEGORY('part',$,(#7));
#69 = SHAPE_DEFINITION_REPRESENTATION(#70,#76);
#70 = PRODUCT_DEFINITION_SHAPE('','',#71);
#71 = PRODUCT_DEFINITION('design','',#72,#75);
#72 = PRODUCT_DEFINITION_FORMATION('','',#73);
#73 = PRODUCT('Cut','Cut','',(#74));
#74 = PRODUCT_CONTEXT('',#2,'mechanical');
#75 = PRODUCT_DEFINITION_CONTEXT('part definition',#2,'design');
#76 = SHAPE_REPRESENTATION('',(#11,#77,#4751,#5008,#5306,#5563,#5861,
    #6118),#6416);
#77 = MANIFOLD_SOLID_BREP('',#78);
#78 = CLOSED_SHELL('',(#79,#119,#150,#181,#1278,#2375,#2387,#2409,#2426,
    #2443,#2460,#2479,#2498,#2517,#2536,#2548,#2572,#2591,#2610,#2629,
    #2648,#2667,#2686,#2700,#2722,#2739,#2756,#2773,#2790,#2807,#2824,
    #2841,#2858,#2875,#2892,#2909,#2921,#2943,#2960,#2977,#2994,#3011,
    #3028,#3045,#3062,#3079,#3096,#3113,#3125,#3149,#3168,#3187,#3206,
    #3223,#3240,#3257,#3274,#3291,#3310,#3329,#3346,#3363,#3380,#3399,
    #3413,#3435,#3454,#3473,#3492,#3511,#3530,#3549,#3568,#3587,#3604,
    #3623,#3642,#3661,#3680,#3699,#3718,#3737,#3751,#3775,#3794,#3813,
    #3832,#3851,#3870,#3889,#3903,#3925,#3942,#3959,#3976,#3993,#4010,
    #4027,#4044,#4061,#4073,#4095,#4112,#4129,#4146,#4163,#4180,#4197,
    #4209,#4233,#4252,#4271,#4290,#4307,#4324,#4341,#4358,#4375,#4394,
    #4413,#4430,#4447,#4464,#4483,#4497,#4521,#4540,#4559,#4578,#4597,
    #4616,#4635,#4649,#4671,#4688,#4705,#4722,#4739));
#79 = ADVANCED_FACE('',(#80),#114,.F.);
#80 = FACE_BOUND('',#81,.F.);
#81 = EDGE_LOOP('',(#82,#92,#100,#108));
#82 = ORIENTED_EDGE('',*,*,#83,.T.);
#83 = EDGE_CURVE('',#84,#86,#88,.T.);
#84 = VERTEX_POINT('',#85);
#85 = CARTESIAN_POINT('',(-50.,39.53,9.));
#86 = VERTEX_POINT('',#87);
#87 = CARTESIAN_POINT('',(-50.,39.53,10.));
#88 = LINE('',#89,#90);
#89 = CARTESIAN_POINT('',(-50.,39.53,9.));
#90 = VECTOR('',#91,1.);
#91 = DIRECTION('',(0.,0.,1.));
#92 = ORIENTED_EDGE('',*,*,#93,.T.);
#93 = EDGE_CURVE('',#86,#94,#96,.T.);
#94 = VERTEX_POINT('',#95);
#95 = CARTESIAN_POINT('',(-50.,26.,10.));
#96 = LINE('',#97,#98);
#97 = CARTESIAN_POINT('',(-50.,39.53,10.));
#98 = VECTOR('',#99,1.);
#99 = DIRECTION('',(0.,-1.,0.));
#100 = ORIENTED_EDGE('',*,*,#101,.F.);
#101 = EDGE_CURVE('',#102,#94,#104,.T.);
#102 = VERTEX_POINT('',#103);
#103 = CARTESIAN_POINT('',(-50.,26.,9.));
#104 = LINE('',#105,#106);
#105 = CARTESIAN_POINT('',(-50.,26.,9.));
#106 = VECTOR('',#107,1.);
#107 = DIRECTION('',(0.,0.,1.));
#108 = ORIENTED_EDGE('',*,*,#109,.F.);
#109 = EDGE_CURVE('',#84,#102,#110,.T.);
#110 = LINE('',#111,#112);
#111 = CARTESIAN_POINT('',(-50.,39.53,9.));
#112 = VECTOR('',#113,1.);
#113 = DIRECTION('',(0.,-1.,0.));
#114 = PLANE('',#115);
#115 = AXIS2_PLACEMENT_3D('',#116,#117,#118);
#116 = CARTESIAN_POINT('',(-50.,39.53,9.));
#117 = DIRECTION('',(1.,0.,0.));
#118 = DIRECTION('',(0.,-1.,0.));
#119 = ADVANCED_FACE('',(#120),#145,.F.);
#120 = FACE_BOUND('',#121,.F.);
#121 = EDGE_LOOP('',(#122,#132,#138,#139));
#122 = ORIENTED_EDGE('',*,*,#123,.T.);
#123 = EDGE_CURVE('',#124,#126,#128,.T.);
#124 = VERTEX_POINT('',#125);
#125 = CARTESIAN_POINT('',(50.,39.53,9.));
#126 = VERTEX_POINT('',#127);
#127 = CARTESIAN_POINT('',(50.,39.53,10.));
#128 = LINE('',#129,#130);
#129 = CARTESIAN_POINT('',(50.,39.53,9.));
#130 = VECTOR('',#131,1.);
#131 = DIRECTION('',(0.,0.,1.));
#132 = ORIENTED_EDGE('',*,*,#133,.T.);
#133 = EDGE_CURVE('',#126,#86,#134,.T.);
#134 = LINE('',#135,#136);
#135 = CARTESIAN_POINT('',(50.,39.53,10.));
#136 = VECTOR('',#137,1.);
#137 = DIRECTION('',(-1.,0.,0.));
#138 = ORIENTED_EDGE('',*,*,#83,.F.);
#139 = ORIENTED_EDGE('',*,*,#140,.F.);
#140 = EDGE_CURVE('',#124,#84,#141,.T.);
#141 = LINE('',#142,#143);
#142 = CARTESIAN_POINT('',(50.,39.53,9.));
#143 = VECTOR('',#144,1.);
#144 = DIRECTION('',(-1.,0.,0.));
#145 = PLANE('',#146);
#146 = AXIS2_PLACEMENT_3D('',#147,#148,#149);
#147 = CARTESIAN_POINT('',(50.,39.53,9.));
#148 = DIRECTION('',(0.,-1.,0.));
#149 = DIRECTION('',(-1.,0.,0.));
#150 = ADVANCED_FACE('',(#151),#176,.F.);
#151 = FACE_BOUND('',#152,.F.);
#152 = EDGE_LOOP('',(#153,#154,#162,#170));
#153 = ORIENTED_EDGE('',*,*,#101,.T.);
#154 = ORIENTED_EDGE('',*,*,#155,.T.);
#155 = EDGE_CURVE('',#94,#156,#158,.T.);
#156 = VERTEX_POINT('',#157);
#157 = CARTESIAN_POINT('',(50.,26.,10.));
#158 = LINE('',#159,#160);
#159 = CARTESIAN_POINT('',(-50.,26.,10.));
#160 = VECTOR('',#161,1.);
#161 = DIRECTION('',(1.,0.,0.));
#162 = ORIENTED_EDGE('',*,*,#163,.F.);
#163 = EDGE_CURVE('',#164,#156,#166,.T.);
#164 = VERTEX_POINT('',#165);
#165 = CARTESIAN_POINT('',(50.,26.,9.));
#166 = LINE('',#167,#168);
#167 = CARTESIAN_POINT('',(50.,26.,9.));
#168 = VECTOR('',#169,1.);
#169 = DIRECTION('',(0.,0.,1.));
#170 = ORIENTED_EDGE('',*,*,#171,.F.);
#171 = EDGE_CURVE('',#102,#164,#172,.T.);
#172 = LINE('',#173,#174);
#173 = CARTESIAN_POINT('',(-50.,26.,9.));
#174 = VECTOR('',#175,1.);
#175 = DIRECTION('',(1.,0.,0.));
#176 = PLANE('',#177);
#177 = AXIS2_PLACEMENT_3D('',#178,#179,#180);
#178 = CARTESIAN_POINT('',(-50.,26.,9.));
#179 = DIRECTION('',(0.,1.,0.));
#180 = DIRECTION('',(1.,0.,0.));
#181 = ADVANCED_FACE('',(#182,#193,#267,#333,#439,#537,#667,#813,#879,
    #961,#1027,#1157,#1223),#1273,.F.);
#182 = FACE_BOUND('',#183,.F.);
#183 = EDGE_LOOP('',(#184,#185,#186,#192));
#184 = ORIENTED_EDGE('',*,*,#109,.T.);
#185 = ORIENTED_EDGE('',*,*,#171,.T.);
#186 = ORIENTED_EDGE('',*,*,#187,.T.);
#187 = EDGE_CURVE('',#164,#124,#188,.T.);
#188 = LINE('',#189,#190);
#189 = CARTESIAN_POINT('',(50.,26.,9.));
#190 = VECTOR('',#191,1.);
#191 = DIRECTION('',(0.,1.,0.));
#192 = ORIENTED_EDGE('',*,*,#140,.T.);
#193 = FACE_BOUND('',#194,.F.);
#194 = EDGE_LOOP('',(#195,#205,#213,#221,#229,#237,#245,#253,#261));
#195 = ORIENTED_EDGE('',*,*,#196,.T.);
#196 = EDGE_CURVE('',#197,#199,#201,.T.);
#197 = VERTEX_POINT('',#198);
#198 = CARTESIAN_POINT('',(-42.0599999,28.9,9.));
#199 = VERTEX_POINT('',#200);
#200 = CARTESIAN_POINT('',(-42.0599999,36.9,9.));
#201 = LINE('',#202,#203);
#202 = CARTESIAN_POINT('',(-42.0599999,28.9,9.));
#203 = VECTOR('',#204,1.);
#204 = DIRECTION('',(0.,1.,0.));
#205 = ORIENTED_EDGE('',*,*,#206,.T.);
#206 = EDGE_CURVE('',#199,#207,#209,.T.);
#207 = VERTEX_POINT('',#208);
#208 = CARTESIAN_POINT('',(-39.89035704285,36.9,9.));
#209 = LINE('',#210,#211);
#210 = CARTESIAN_POINT('',(-42.0599999,36.9,9.));
#211 = VECTOR('',#212,1.);
#212 = DIRECTION('',(1.,0.,0.));
#213 = ORIENTED_EDGE('',*,*,#214,.T.);
#214 = EDGE_CURVE('',#207,#215,#217,.T.);
#215 = VERTEX_POINT('',#216);
#216 = CARTESIAN_POINT('',(-37.50928561428,36.310357142857,9.));
#217 = B_SPLINE_CURVE_WITH_KNOTS('',2,(#218,#219,#220),.UNSPECIFIED.,.F.
  ,.F.,(3,3),(0.,1.),.PIECEWISE_BEZIER_KNOTS.);
#218 = CARTESIAN_POINT('',(-39.89035704285,36.9,9.));
#219 = CARTESIAN_POINT('',(-38.2349999,36.9,9.));
#220 = CARTESIAN_POINT('',(-37.50928561428,36.310357142857,9.));
#221 = ORIENTED_EDGE('',*,*,#222,.T.);
#222 = EDGE_CURVE('',#215,#223,#225,.T.);
#223 = VERTEX_POINT('',#224);
#224 = CARTESIAN_POINT('',(-36.78321418571,34.397142857143,9.));
#225 = B_SPLINE_CURVE_WITH_KNOTS('',2,(#226,#227,#228),.UNSPECIFIED.,.F.
  ,.F.,(3,3),(0.,1.),.PIECEWISE_BEZIER_KNOTS.);
#226 = CARTESIAN_POINT('',(-37.50928561428,36.310357142857,9.));
#227 = CARTESIAN_POINT('',(-36.78321418571,35.721071428571,9.));
#228 = CARTESIAN_POINT('',(-36.78321418571,34.397142857143,9.));
#229 = ORIENTED_EDGE('',*,*,#230,.T.);
#230 = EDGE_CURVE('',#223,#231,#233,.T.);
#231 = VERTEX_POINT('',#232);
#232 = CARTESIAN_POINT('',(-37.50928561428,32.483571428571,9.));
#233 = B_SPLINE_CURVE_WITH_KNOTS('',2,(#234,#235,#236),.UNSPECIFIED.,.F.
  ,.F.,(3,3),(0.,1.),.PIECEWISE_BEZIER_KNOTS.);
#234 = CARTESIAN_POINT('',(-36.78321418571,34.397142857143,9.));
#235 = CARTESIAN_POINT('',(-36.78321418571,33.073214285714,9.));
#236 = CARTESIAN_POINT('',(-37.50928561428,32.483571428571,9.));
#237 = ORIENTED_EDGE('',*,*,#238,.T.);
#238 = EDGE_CURVE('',#231,#239,#241,.T.);
#239 = VERTEX_POINT('',#240);
#240 = CARTESIAN_POINT('',(-39.89035704285,31.894285714286,9.));
#241 = B_SPLINE_CURVE_WITH_KNOTS('',2,(#242,#243,#244),.UNSPECIFIED.,.F.
  ,.F.,(3,3),(0.,1.),.PIECEWISE_BEZIER_KNOTS.);
#242 = CARTESIAN_POINT('',(-37.50928561428,32.483571428571,9.));
#243 = CARTESIAN_POINT('',(-38.2349999,31.894285714286,9.));
#244 = CARTESIAN_POINT('',(-39.89035704285,31.894285714286,9.));
#245 = ORIENTED_EDGE('',*,*,#246,.T.);
#246 = EDGE_CURVE('',#239,#247,#249,.T.);
#247 = VERTEX_POINT('',#248);
#248 = CARTESIAN_POINT('',(-40.47964275714,31.894285714286,9.));
#249 = LINE('',#250,#251);
#250 = CARTESIAN_POINT('',(-39.89035704285,31.894285714286,9.));
#251 = VECTOR('',#252,1.);
#252 = DIRECTION('',(-1.,0.,0.));
#253 = ORIENTED_EDGE('',*,*,#254,.T.);
#254 = EDGE_CURVE('',#247,#255,#257,.T.);
#255 = VERTEX_POINT('',#256);
#256 = CARTESIAN_POINT('',(-40.47964275714,28.9,9.));
#257 = LINE('',#258,#259);
#258 = CARTESIAN_POINT('',(-40.47964275714,31.894285714286,9.));
#259 = VECTOR('',#260,1.);
#260 = DIRECTION('',(0.,-1.,0.));
#261 = ORIENTED_EDGE('',*,*,#262,.T.);
#262 = EDGE_CURVE('',#255,#197,#263,.T.);
#263 = LINE('',#264,#265);
#264 = CARTESIAN_POINT('',(-40.47964275714,28.9,9.));
#265 = VECTOR('',#266,1.);
#266 = DIRECTION('',(-1.,0.,0.));
#267 = FACE_BOUND('',#268,.F.);
#268 = EDGE_LOOP('',(#269,#279,#287,#295,#303,#311,#319,#327));
#269 = ORIENTED_EDGE('',*,*,#270,.T.);
#270 = EDGE_CURVE('',#271,#273,#275,.T.);
#271 = VERTEX_POINT('',#272);
#272 = CARTESIAN_POINT('',(-35.11964275714,29.789642857143,9.));
#273 = VERTEX_POINT('',#274);
#274 = CARTESIAN_POINT('',(-35.82928561428,32.886071428571,9.));
#275 = B_SPLINE_CURVE_WITH_KNOTS('',2,(#276,#277,#278),.UNSPECIFIED.,.F.
  ,.F.,(3,3),(0.,1.),.PIECEWISE_BEZIER_KNOTS.);
#276 = CARTESIAN_POINT('',(-35.11964275714,29.789642857143,9.));
#277 = CARTESIAN_POINT('',(-35.82928561428,30.839642857143,9.));
#278 = CARTESIAN_POINT('',(-35.82928561428,32.886071428571,9.));
#279 = ORIENTED_EDGE('',*,*,#280,.T.);
#280 = EDGE_CURVE('',#273,#281,#283,.T.);
#281 = VERTEX_POINT('',#282);
#282 = CARTESIAN_POINT('',(-35.11964275714,35.987142857143,9.));
#283 = B_SPLINE_CURVE_WITH_KNOTS('',2,(#284,#285,#286),.UNSPECIFIED.,.F.
  ,.F.,(3,3),(0.,1.),.PIECEWISE_BEZIER_KNOTS.);
#284 = CARTESIAN_POINT('',(-35.82928561428,32.886071428571,9.));
#285 = CARTESIAN_POINT('',(-35.82928561428,34.9375,9.));
#286 = CARTESIAN_POINT('',(-35.11964275714,35.987142857143,9.));
#287 = ORIENTED_EDGE('',*,*,#288,.T.);
#288 = EDGE_CURVE('',#281,#289,#291,.T.);
#289 = VERTEX_POINT('',#290);
#290 = CARTESIAN_POINT('',(-33.02214275714,37.037142857143,9.));
#291 = B_SPLINE_CURVE_WITH_KNOTS('',2,(#292,#293,#294),.UNSPECIFIED.,.F.
  ,.F.,(3,3),(0.,1.),.PIECEWISE_BEZIER_KNOTS.);
#292 = CARTESIAN_POINT('',(-35.11964275714,35.987142857143,9.));
#293 = CARTESIAN_POINT('',(-34.40964275714,37.037142857143,9.));
#294 = CARTESIAN_POINT('',(-33.02214275714,37.037142857143,9.));
#295 = ORIENTED_EDGE('',*,*,#296,.T.);
#296 = EDGE_CURVE('',#289,#297,#299,.T.);
#297 = VERTEX_POINT('',#298);
#298 = CARTESIAN_POINT('',(-30.91964275714,35.987142857143,9.));
#299 = B_SPLINE_CURVE_WITH_KNOTS('',2,(#300,#301,#302),.UNSPECIFIED.,.F.
  ,.F.,(3,3),(0.,1.),.PIECEWISE_BEZIER_KNOTS.);
#300 = CARTESIAN_POINT('',(-33.02214275714,37.037142857143,9.));
#301 = CARTESIAN_POINT('',(-31.62928561428,37.037142857143,9.));
#302 = CARTESIAN_POINT('',(-30.91964275714,35.987142857143,9.));
#303 = ORIENTED_EDGE('',*,*,#304,.T.);
#304 = EDGE_CURVE('',#297,#305,#307,.T.);
#305 = VERTEX_POINT('',#306);
#306 = CARTESIAN_POINT('',(-30.20964275714,32.886071428571,9.));
#307 = B_SPLINE_CURVE_WITH_KNOTS('',2,(#308,#309,#310),.UNSPECIFIED.,.F.
  ,.F.,(3,3),(0.,1.),.PIECEWISE_BEZIER_KNOTS.);
#308 = CARTESIAN_POINT('',(-30.91964275714,35.987142857143,9.));
#309 = CARTESIAN_POINT('',(-30.20964275714,34.9375,9.));
#310 = CARTESIAN_POINT('',(-30.20964275714,32.886071428571,9.));
#311 = ORIENTED_EDGE('',*,*,#312,.T.);
#312 = EDGE_CURVE('',#305,#313,#315,.T.);
#313 = VERTEX_POINT('',#314);
#314 = CARTESIAN_POINT('',(-30.91964275714,29.789642857143,9.));
#315 = B_SPLINE_CURVE_WITH_KNOTS('',2,(#316,#317,#318),.UNSPECIFIED.,.F.
  ,.F.,(3,3),(0.,1.),.PIECEWISE_BEZIER_KNOTS.);
#316 = CARTESIAN_POINT('',(-30.20964275714,32.886071428571,9.));
#317 = CARTESIAN_POINT('',(-30.20964275714,30.839642857143,9.));
#318 = CARTESIAN_POINT('',(-30.91964275714,29.789642857143,9.));
#319 = ORIENTED_EDGE('',*,*,#320,.T.);
#320 = EDGE_CURVE('',#313,#321,#323,.T.);
#321 = VERTEX_POINT('',#322);
#322 = CARTESIAN_POINT('',(-33.02214275714,28.74,9.));
#323 = B_SPLINE_CURVE_WITH_KNOTS('',2,(#324,#325,#326),.UNSPECIFIED.,.F.
  ,.F.,(3,3),(0.,1.),.PIECEWISE_BEZIER_KNOTS.);
#324 = CARTESIAN_POINT('',(-30.91964275714,29.789642857143,9.));
#325 = CARTESIAN_POINT('',(-31.62928561428,28.74,9.));
#326 = CARTESIAN_POINT('',(-33.02214275714,28.74,9.));
#327 = ORIENTED_EDGE('',*,*,#328,.T.);
#328 = EDGE_CURVE('',#321,#271,#329,.T.);
#329 = B_SPLINE_CURVE_WITH_KNOTS('',2,(#330,#331,#332),.UNSPECIFIED.,.F.
  ,.F.,(3,3),(0.,1.),.PIECEWISE_BEZIER_KNOTS.);
#330 = CARTESIAN_POINT('',(-33.02214275714,28.74,9.));
#331 = CARTESIAN_POINT('',(-34.40964275714,28.74,9.));
#332 = CARTESIAN_POINT('',(-35.11964275714,29.789642857143,9.));
#333 = FACE_BOUND('',#334,.F.);
#334 = EDGE_LOOP('',(#335,#345,#353,#361,#369,#377,#385,#393,#401,#409,
    #417,#425,#433));
#335 = ORIENTED_EDGE('',*,*,#336,.T.);
#336 = EDGE_CURVE('',#337,#339,#341,.T.);
#337 = VERTEX_POINT('',#338);
#338 = CARTESIAN_POINT('',(-28.73071418571,28.9,9.));
#339 = VERTEX_POINT('',#340);
#340 = CARTESIAN_POINT('',(-29.71642847142,36.9,9.));
#341 = LINE('',#342,#343);
#342 = CARTESIAN_POINT('',(-28.73071418571,28.9,9.));
#343 = VECTOR('',#344,1.);
#344 = DIRECTION('',(-0.122289497557,0.992494472925,0.));
#345 = ORIENTED_EDGE('',*,*,#346,.T.);
#346 = EDGE_CURVE('',#339,#347,#349,.T.);
#347 = VERTEX_POINT('',#348);
#348 = CARTESIAN_POINT('',(-28.33428561428,36.9,9.));
#349 = LINE('',#350,#351);
#350 = CARTESIAN_POINT('',(-29.71642847142,36.9,9.));
#351 = VECTOR('',#352,1.);
#352 = DIRECTION('',(1.,0.,0.));
#353 = ORIENTED_EDGE('',*,*,#354,.T.);
#354 = EDGE_CURVE('',#347,#355,#357,.T.);
#355 = VERTEX_POINT('',#356);
#356 = CARTESIAN_POINT('',(-27.76107132857,31.025,9.));
#357 = LINE('',#358,#359);
#358 = CARTESIAN_POINT('',(-28.33428561428,36.9,9.));
#359 = VECTOR('',#360,1.);
#360 = DIRECTION('',(9.710727312762E-02,-0.995273920841,0.));
#361 = ORIENTED_EDGE('',*,*,#362,.T.);
#362 = EDGE_CURVE('',#355,#363,#365,.T.);
#363 = VERTEX_POINT('',#364);
#364 = CARTESIAN_POINT('',(-27.0699999,34.82,9.));
#365 = LINE('',#366,#367);
#366 = CARTESIAN_POINT('',(-27.76107132857,31.025,9.));
#367 = VECTOR('',#368,1.);
#368 = DIRECTION('',(0.179154301852,0.983820987847,0.));
#369 = ORIENTED_EDGE('',*,*,#370,.T.);
#370 = EDGE_CURVE('',#363,#371,#373,.T.);
#371 = VERTEX_POINT('',#372);
#372 = CARTESIAN_POINT('',(-25.7574999,34.82,9.));
#373 = LINE('',#374,#375);
#374 = CARTESIAN_POINT('',(-27.0699999,34.82,9.));
#375 = VECTOR('',#376,1.);
#376 = DIRECTION('',(1.,0.,0.));
#377 = ORIENTED_EDGE('',*,*,#378,.T.);
#378 = EDGE_CURVE('',#371,#379,#381,.T.);
#379 = VERTEX_POINT('',#380);
#380 = CARTESIAN_POINT('',(-24.95392847142,31.025,9.));
#381 = LINE('',#382,#383);
#382 = CARTESIAN_POINT('',(-25.7574999,34.82,9.));
#383 = VECTOR('',#384,1.);
#384 = DIRECTION('',(0.207151782016,-0.978308815869,0.));
#385 = ORIENTED_EDGE('',*,*,#386,.T.);
#386 = EDGE_CURVE('',#379,#387,#389,.T.);
#387 = VERTEX_POINT('',#388);
#388 = CARTESIAN_POINT('',(-24.50392847142,36.9,9.));
#389 = LINE('',#390,#391);
#390 = CARTESIAN_POINT('',(-24.95392847142,31.025,9.));
#391 = VECTOR('',#392,1.);
#392 = DIRECTION('',(7.637203845135E-02,0.997079390893,0.));
#393 = ORIENTED_EDGE('',*,*,#394,.T.);
#394 = EDGE_CURVE('',#387,#395,#397,.T.);
#395 = VERTEX_POINT('',#396);
#396 = CARTESIAN_POINT('',(-23.11107132857,36.9,9.));
#397 = LINE('',#398,#399);
#398 = CARTESIAN_POINT('',(-24.50392847142,36.9,9.));
#399 = VECTOR('',#400,1.);
#400 = DIRECTION('',(1.,0.,0.));
#401 = ORIENTED_EDGE('',*,*,#402,.T.);
#402 = EDGE_CURVE('',#395,#403,#405,.T.);
#403 = VERTEX_POINT('',#404);
#404 = CARTESIAN_POINT('',(-24.0324999,28.9,9.));
#405 = LINE('',#406,#407);
#406 = CARTESIAN_POINT('',(-23.11107132857,36.9,9.));
#407 = VECTOR('',#408,1.);
#408 = DIRECTION('',(-0.114422104277,-0.99343222318,0.));
#409 = ORIENTED_EDGE('',*,*,#410,.T.);
#410 = EDGE_CURVE('',#403,#411,#413,.T.);
#411 = VERTEX_POINT('',#412);
#412 = CARTESIAN_POINT('',(-25.50571418571,28.9,9.));
#413 = LINE('',#414,#415);
#414 = CARTESIAN_POINT('',(-24.0324999,28.9,9.));
#415 = VECTOR('',#416,1.);
#416 = DIRECTION('',(-1.,0.,0.));
#417 = ORIENTED_EDGE('',*,*,#418,.T.);
#418 = EDGE_CURVE('',#411,#419,#421,.T.);
#419 = VERTEX_POINT('',#420);
#420 = CARTESIAN_POINT('',(-26.41642847142,33.096428571429,9.));
#421 = LINE('',#422,#423);
#422 = CARTESIAN_POINT('',(-25.50571418571,28.9,9.));
#423 = VECTOR('',#424,1.);
#424 = DIRECTION('',(-0.212084339089,0.977251366391,0.));
#425 = ORIENTED_EDGE('',*,*,#426,.T.);
#426 = EDGE_CURVE('',#419,#427,#429,.T.);
#427 = VERTEX_POINT('',#428);
#428 = CARTESIAN_POINT('',(-27.26821418571,28.9,9.));
#429 = LINE('',#430,#431);
#430 = CARTESIAN_POINT('',(-26.41642847142,33.096428571429,9.));
#431 = VECTOR('',#432,1.);
#432 = DIRECTION('',(-0.198922249381,-0.980015274729,0.));
#433 = ORIENTED_EDGE('',*,*,#434,.T.);
#434 = EDGE_CURVE('',#427,#337,#435,.T.);
#435 = LINE('',#436,#437);
#436 = CARTESIAN_POINT('',(-27.26821418571,28.9,9.));
#437 = VECTOR('',#438,1.);
#438 = DIRECTION('',(-1.,0.,0.));
#439 = FACE_BOUND('',#440,.F.);
#440 = EDGE_LOOP('',(#441,#451,#459,#467,#475,#483,#491,#499,#507,#515,
    #523,#531));
#441 = ORIENTED_EDGE('',*,*,#442,.T.);
#442 = EDGE_CURVE('',#443,#445,#447,.T.);
#443 = VERTEX_POINT('',#444);
#444 = CARTESIAN_POINT('',(-17.22857132857,30.294285714286,9.));
#445 = VERTEX_POINT('',#446);
#446 = CARTESIAN_POINT('',(-17.22857132857,28.9,9.));
#447 = LINE('',#448,#449);
#448 = CARTESIAN_POINT('',(-17.22857132857,30.294285714286,9.));
#449 = VECTOR('',#450,1.);
#450 = DIRECTION('',(0.,-1.,0.));
#451 = ORIENTED_EDGE('',*,*,#452,.T.);
#452 = EDGE_CURVE('',#445,#453,#455,.T.);
#453 = VERTEX_POINT('',#454);
#454 = CARTESIAN_POINT('',(-22.21071418571,28.9,9.));
#455 = LINE('',#456,#457);
#456 = CARTESIAN_POINT('',(-17.22857132857,28.9,9.));
#457 = VECTOR('',#458,1.);
#458 = DIRECTION('',(-1.,0.,0.));
#459 = ORIENTED_EDGE('',*,*,#460,.T.);
#460 = EDGE_CURVE('',#453,#461,#463,.T.);
#461 = VERTEX_POINT('',#462);
#462 = CARTESIAN_POINT('',(-22.21071418571,36.9,9.));
#463 = LINE('',#464,#465);
#464 = CARTESIAN_POINT('',(-22.21071418571,28.9,9.));
#465 = VECTOR('',#466,1.);
#466 = DIRECTION('',(0.,1.,0.));
#467 = ORIENTED_EDGE('',*,*,#468,.T.);
#468 = EDGE_CURVE('',#461,#469,#471,.T.);
#469 = VERTEX_POINT('',#470);
#470 = CARTESIAN_POINT('',(-17.22857132857,36.9,9.));
#471 = LINE('',#472,#473);
#472 = CARTESIAN_POINT('',(-22.21071418571,36.9,9.));
#473 = VECTOR('',#474,1.);
#474 = DIRECTION('',(1.,0.,0.));
#475 = ORIENTED_EDGE('',*,*,#476,.T.);
#476 = EDGE_CURVE('',#469,#477,#479,.T.);
#477 = VERTEX_POINT('',#478);
#478 = CARTESIAN_POINT('',(-17.22857132857,35.505714285714,9.));
#479 = LINE('',#480,#481);
#480 = CARTESIAN_POINT('',(-17.22857132857,36.9,9.));
#481 = VECTOR('',#482,1.);
#482 = DIRECTION('',(0.,-1.,0.));
#483 = ORIENTED_EDGE('',*,*,#484,.T.);
#484 = EDGE_CURVE('',#477,#485,#487,.T.);
#485 = VERTEX_POINT('',#486);
#486 = CARTESIAN_POINT('',(-20.63035704285,35.505714285714,9.));
#487 = LINE('',#488,#489);
#488 = CARTESIAN_POINT('',(-17.22857132857,35.505714285714,9.));
#489 = VECTOR('',#490,1.);
#490 = DIRECTION('',(-1.,0.,0.));
#491 = ORIENTED_EDGE('',*,*,#492,.T.);
#492 = EDGE_CURVE('',#485,#493,#495,.T.);
#493 = VERTEX_POINT('',#494);
#494 = CARTESIAN_POINT('',(-20.63035704285,33.791428571429,9.));
#495 = LINE('',#496,#497);
#496 = CARTESIAN_POINT('',(-20.63035704285,35.505714285714,9.));
#497 = VECTOR('',#498,1.);
#498 = DIRECTION('',(0.,-1.,0.));
#499 = ORIENTED_EDGE('',*,*,#500,.T.);
#500 = EDGE_CURVE('',#493,#501,#503,.T.);
#501 = VERTEX_POINT('',#502);
#502 = CARTESIAN_POINT('',(-17.5499999,33.791428571429,9.));
#503 = LINE('',#504,#505);
#504 = CARTESIAN_POINT('',(-20.63035704285,33.791428571429,9.));
#505 = VECTOR('',#506,1.);
#506 = DIRECTION('',(1.,0.,0.));
#507 = ORIENTED_EDGE('',*,*,#508,.T.);
#508 = EDGE_CURVE('',#501,#509,#511,.T.);
#509 = VERTEX_POINT('',#510);
#510 = CARTESIAN_POINT('',(-17.5499999,32.397142857143,9.));
#511 = LINE('',#512,#513);
#512 = CARTESIAN_POINT('',(-17.5499999,33.791428571429,9.));
#513 = VECTOR('',#514,1.);
#514 = DIRECTION('',(0.,-1.,0.));
#515 = ORIENTED_EDGE('',*,*,#516,.T.);
#516 = EDGE_CURVE('',#509,#517,#519,.T.);
#517 = VERTEX_POINT('',#518);
#518 = CARTESIAN_POINT('',(-20.63035704285,32.397142857143,9.));
#519 = LINE('',#520,#521);
#520 = CARTESIAN_POINT('',(-17.5499999,32.397142857143,9.));
#521 = VECTOR('',#522,1.);
#522 = DIRECTION('',(-1.,0.,0.));
#523 = ORIENTED_EDGE('',*,*,#524,.T.);
#524 = EDGE_CURVE('',#517,#525,#527,.T.);
#525 = VERTEX_POINT('',#526);
#526 = CARTESIAN_POINT('',(-20.63035704285,30.294285714286,9.));
#527 = LINE('',#528,#529);
#528 = CARTESIAN_POINT('',(-20.63035704285,32.397142857143,9.));
#529 = VECTOR('',#530,1.);
#530 = DIRECTION('',(0.,-1.,0.));
#531 = ORIENTED_EDGE('',*,*,#532,.T.);
#532 = EDGE_CURVE('',#525,#443,#533,.T.);
#533 = LINE('',#534,#535);
#534 = CARTESIAN_POINT('',(-20.63035704285,30.294285714286,9.));
#535 = VECTOR('',#536,1.);
#536 = DIRECTION('',(1.,0.,0.));
#537 = FACE_BOUND('',#538,.F.);
#538 = EDGE_LOOP('',(#539,#549,#557,#565,#573,#581,#589,#597,#605,#613,
    #621,#629,#637,#645,#653,#661));
#539 = ORIENTED_EDGE('',*,*,#540,.T.);
#540 = EDGE_CURVE('',#541,#543,#545,.T.);
#541 = VERTEX_POINT('',#542);
#542 = CARTESIAN_POINT('',(-11.02464275714,33.254285714286,9.));
#543 = VERTEX_POINT('',#544);
#544 = CARTESIAN_POINT('',(-12.18178561428,32.668928571429,9.));
#545 = B_SPLINE_CURVE_WITH_KNOTS('',2,(#546,#547,#548),.UNSPECIFIED.,.F.
  ,.F.,(3,3),(0.,1.),.PIECEWISE_BEZIER_KNOTS.);
#546 = CARTESIAN_POINT('',(-11.02464275714,33.254285714286,9.));
#547 = CARTESIAN_POINT('',(-11.42642847142,32.765714285714,9.));
#548 = CARTESIAN_POINT('',(-12.18178561428,32.668928571429,9.));
#549 = ORIENTED_EDGE('',*,*,#550,.T.);
#550 = EDGE_CURVE('',#543,#551,#553,.T.);
#551 = VERTEX_POINT('',#552);
#552 = CARTESIAN_POINT('',(-11.77214275714,32.447142857143,9.));
#553 = B_SPLINE_CURVE_WITH_KNOTS('',2,(#554,#555,#556),.UNSPECIFIED.,.F.
  ,.F.,(3,3),(0.,1.),.PIECEWISE_BEZIER_KNOTS.);
#554 = CARTESIAN_POINT('',(-12.18178561428,32.668928571429,9.));
#555 = CARTESIAN_POINT('',(-11.94607132857,32.620714285714,9.));
#556 = CARTESIAN_POINT('',(-11.77214275714,32.447142857143,9.));
#557 = ORIENTED_EDGE('',*,*,#558,.T.);
#558 = EDGE_CURVE('',#551,#559,#561,.T.);
#559 = VERTEX_POINT('',#560);
#560 = CARTESIAN_POINT('',(-11.34607132857,31.771071428571,9.));
#561 = B_SPLINE_CURVE_WITH_KNOTS('',2,(#562,#563,#564),.UNSPECIFIED.,.F.
  ,.F.,(3,3),(0.,1.),.PIECEWISE_BEZIER_KNOTS.);
#562 = CARTESIAN_POINT('',(-11.77214275714,32.447142857143,9.));
#563 = CARTESIAN_POINT('',(-11.59785704285,32.273571428571,9.));
#564 = CARTESIAN_POINT('',(-11.34607132857,31.771071428571,9.));
#565 = ORIENTED_EDGE('',*,*,#566,.T.);
#566 = EDGE_CURVE('',#559,#567,#569,.T.);
#567 = VERTEX_POINT('',#568);
#568 = CARTESIAN_POINT('',(-9.899642757143,28.9,9.));
#569 = LINE('',#570,#571);
#570 = CARTESIAN_POINT('',(-11.34607132857,31.771071428571,9.));
#571 = VECTOR('',#572,1.);
#572 = DIRECTION('',(0.449922184078,-0.89306776242,0.));
#573 = ORIENTED_EDGE('',*,*,#574,.T.);
#574 = EDGE_CURVE('',#567,#575,#577,.T.);
#575 = VERTEX_POINT('',#576);
#576 = CARTESIAN_POINT('',(-11.63535704285,28.9,9.));
#577 = LINE('',#578,#579);
#578 = CARTESIAN_POINT('',(-9.899642757143,28.9,9.));
#579 = VECTOR('',#580,1.);
#580 = DIRECTION('',(-1.,0.,0.));
#581 = ORIENTED_EDGE('',*,*,#582,.T.);
#582 = EDGE_CURVE('',#575,#583,#585,.T.);
#583 = VERTEX_POINT('',#584);
#584 = CARTESIAN_POINT('',(-12.59964275714,30.915357142857,9.));
#585 = LINE('',#586,#587);
#586 = CARTESIAN_POINT('',(-11.63535704285,28.9,9.));
#587 = VECTOR('',#588,1.);
#588 = DIRECTION('',(-0.431608214028,0.902061167318,0.));
#589 = ORIENTED_EDGE('',*,*,#590,.T.);
#590 = EDGE_CURVE('',#583,#591,#593,.T.);
#591 = VERTEX_POINT('',#592);
#592 = CARTESIAN_POINT('',(-12.71214275714,31.150714285714,9.));
#593 = B_SPLINE_CURVE_WITH_KNOTS('',2,(#594,#595,#596),.UNSPECIFIED.,.F.
  ,.F.,(3,3),(0.,1.),.PIECEWISE_BEZIER_KNOTS.);
#594 = CARTESIAN_POINT('',(-12.59964275714,30.915357142857,9.));
#595 = CARTESIAN_POINT('',(-12.6424999,31.001071428571,9.));
#596 = CARTESIAN_POINT('',(-12.71214275714,31.150714285714,9.));
#597 = ORIENTED_EDGE('',*,*,#598,.T.);
#598 = EDGE_CURVE('',#591,#599,#601,.T.);
#599 = VERTEX_POINT('',#600);
#600 = CARTESIAN_POINT('',(-13.70857132857,32.054285714286,9.));
#601 = B_SPLINE_CURVE_WITH_KNOTS('',2,(#602,#603,#604),.UNSPECIFIED.,.F.
  ,.F.,(3,3),(0.,1.),.PIECEWISE_BEZIER_KNOTS.);
#602 = CARTESIAN_POINT('',(-12.71214275714,31.150714285714,9.));
#603 = CARTESIAN_POINT('',(-13.13535704285,32.054285714286,9.));
#604 = CARTESIAN_POINT('',(-13.70857132857,32.054285714286,9.));
#605 = ORIENTED_EDGE('',*,*,#606,.T.);
#606 = EDGE_CURVE('',#599,#607,#609,.T.);
#607 = VERTEX_POINT('',#608);
#608 = CARTESIAN_POINT('',(-14.21214275714,32.054285714286,9.));
#609 = LINE('',#610,#611);
#610 = CARTESIAN_POINT('',(-13.70857132857,32.054285714286,9.));
#611 = VECTOR('',#612,1.);
#612 = DIRECTION('',(-1.,0.,0.));
#613 = ORIENTED_EDGE('',*,*,#614,.T.);
#614 = EDGE_CURVE('',#607,#615,#617,.T.);
#615 = VERTEX_POINT('',#616);
#616 = CARTESIAN_POINT('',(-14.21214275714,28.9,9.));
#617 = LINE('',#618,#619);
#618 = CARTESIAN_POINT('',(-14.21214275714,32.054285714286,9.));
#619 = VECTOR('',#620,1.);
#620 = DIRECTION('',(0.,-1.,0.));
#621 = ORIENTED_EDGE('',*,*,#622,.T.);
#622 = EDGE_CURVE('',#615,#623,#625,.T.);
#623 = VERTEX_POINT('',#624);
#624 = CARTESIAN_POINT('',(-15.7924999,28.9,9.));
#625 = LINE('',#626,#627);
#626 = CARTESIAN_POINT('',(-14.21214275714,28.9,9.));
#627 = VECTOR('',#628,1.);
#628 = DIRECTION('',(-1.,0.,0.));
#629 = ORIENTED_EDGE('',*,*,#630,.T.);
#630 = EDGE_CURVE('',#623,#631,#633,.T.);
#631 = VERTEX_POINT('',#632);
#632 = CARTESIAN_POINT('',(-15.7924999,36.9,9.));
#633 = LINE('',#634,#635);
#634 = CARTESIAN_POINT('',(-15.7924999,28.9,9.));
#635 = VECTOR('',#636,1.);
#636 = DIRECTION('',(0.,1.,0.));
#637 = ORIENTED_EDGE('',*,*,#638,.T.);
#638 = EDGE_CURVE('',#631,#639,#641,.T.);
#639 = VERTEX_POINT('',#640);
#640 = CARTESIAN_POINT('',(-13.51035704285,36.9,9.));
#641 = LINE('',#642,#643);
#642 = CARTESIAN_POINT('',(-15.7924999,36.9,9.));
#643 = VECTOR('',#644,1.);
#644 = DIRECTION('',(1.,0.,0.));
#645 = ORIENTED_EDGE('',*,*,#646,.T.);
#646 = EDGE_CURVE('',#639,#647,#649,.T.);
#647 = VERTEX_POINT('',#648);
#648 = CARTESIAN_POINT('',(-11.29535704285,36.352142857143,9.));
#649 = B_SPLINE_CURVE_WITH_KNOTS('',2,(#650,#651,#652),.UNSPECIFIED.,.F.
  ,.F.,(3,3),(0.,1.),.PIECEWISE_BEZIER_KNOTS.);
#650 = CARTESIAN_POINT('',(-13.51035704285,36.9,9.));
#651 = CARTESIAN_POINT('',(-11.9674999,36.9,9.));
#652 = CARTESIAN_POINT('',(-11.29535704285,36.352142857143,9.));
#653 = ORIENTED_EDGE('',*,*,#654,.T.);
#654 = EDGE_CURVE('',#647,#655,#657,.T.);
#655 = VERTEX_POINT('',#656);
#656 = CARTESIAN_POINT('',(-10.62285704285,34.569642857143,9.));
#657 = B_SPLINE_CURVE_WITH_KNOTS('',2,(#658,#659,#660),.UNSPECIFIED.,.F.
  ,.F.,(3,3),(0.,1.),.PIECEWISE_BEZIER_KNOTS.);
#658 = CARTESIAN_POINT('',(-11.29535704285,36.352142857143,9.));
#659 = CARTESIAN_POINT('',(-10.62285704285,35.804642857143,9.));
#660 = CARTESIAN_POINT('',(-10.62285704285,34.569642857143,9.));
#661 = ORIENTED_EDGE('',*,*,#662,.T.);
#662 = EDGE_CURVE('',#655,#541,#663,.T.);
#663 = B_SPLINE_CURVE_WITH_KNOTS('',2,(#664,#665,#666),.UNSPECIFIED.,.F.
  ,.F.,(3,3),(0.,1.),.PIECEWISE_BEZIER_KNOTS.);
#664 = CARTESIAN_POINT('',(-10.62285704285,34.569642857143,9.));
#665 = CARTESIAN_POINT('',(-10.62285704285,33.742857142857,9.));
#666 = CARTESIAN_POINT('',(-11.02464275714,33.254285714286,9.));
#667 = FACE_BOUND('',#668,.F.);
#668 = EDGE_LOOP('',(#669,#679,#687,#695,#703,#711,#719,#727,#735,#743,
    #751,#759,#767,#775,#783,#791,#799,#807));
#669 = ORIENTED_EDGE('',*,*,#670,.T.);
#670 = EDGE_CURVE('',#671,#673,#675,.T.);
#671 = VERTEX_POINT('',#672);
#672 = CARTESIAN_POINT('',(2.4975001,30.888571428571,9.));
#673 = VERTEX_POINT('',#674);
#674 = CARTESIAN_POINT('',(2.4975001,29.128571428571,9.));
#675 = LINE('',#676,#677);
#676 = CARTESIAN_POINT('',(2.4975001,30.888571428571,9.));
#677 = VECTOR('',#678,1.);
#678 = DIRECTION('',(0.,-1.,0.));
#679 = ORIENTED_EDGE('',*,*,#680,.T.);
#680 = EDGE_CURVE('',#673,#681,#683,.T.);
#681 = VERTEX_POINT('',#682);
#682 = CARTESIAN_POINT('',(1.7100001,28.837142857143,9.));
#683 = B_SPLINE_CURVE_WITH_KNOTS('',2,(#684,#685,#686),.UNSPECIFIED.,.F.
  ,.F.,(3,3),(0.,1.),.PIECEWISE_BEZIER_KNOTS.);
#684 = CARTESIAN_POINT('',(2.4975001,29.128571428571,9.));
#685 = CARTESIAN_POINT('',(2.1225001,28.934285714286,9.));
#686 = CARTESIAN_POINT('',(1.7100001,28.837142857143,9.));
#687 = ORIENTED_EDGE('',*,*,#688,.T.);
#688 = EDGE_CURVE('',#681,#689,#691,.T.);
#689 = VERTEX_POINT('',#690);
#690 = CARTESIAN_POINT('',(0.842142957143,28.74,9.));
#691 = B_SPLINE_CURVE_WITH_KNOTS('',2,(#692,#693,#694),.UNSPECIFIED.,.F.
  ,.F.,(3,3),(0.,1.),.PIECEWISE_BEZIER_KNOTS.);
#692 = CARTESIAN_POINT('',(1.7100001,28.837142857143,9.));
#693 = CARTESIAN_POINT('',(1.2975001,28.74,9.));
#694 = CARTESIAN_POINT('',(0.842142957143,28.74,9.));
#695 = ORIENTED_EDGE('',*,*,#696,.T.);
#696 = EDGE_CURVE('',#689,#697,#699,.T.);
#697 = VERTEX_POINT('',#698);
#698 = CARTESIAN_POINT('',(-1.6274999,29.805714285714,9.));
#699 = B_SPLINE_CURVE_WITH_KNOTS('',2,(#700,#701,#702),.UNSPECIFIED.,.F.
  ,.F.,(3,3),(0.,1.),.PIECEWISE_BEZIER_KNOTS.);
#700 = CARTESIAN_POINT('',(0.842142957143,28.74,9.));
#701 = CARTESIAN_POINT('',(-0.775714185714,28.74,9.));
#702 = CARTESIAN_POINT('',(-1.6274999,29.805714285714,9.));
#703 = ORIENTED_EDGE('',*,*,#704,.T.);
#704 = EDGE_CURVE('',#697,#705,#707,.T.);
#705 = VERTEX_POINT('',#706);
#706 = CARTESIAN_POINT('',(-2.479285614286,32.886071428571,9.));
#707 = B_SPLINE_CURVE_WITH_KNOTS('',2,(#708,#709,#710),.UNSPECIFIED.,.F.
  ,.F.,(3,3),(0.,1.),.PIECEWISE_BEZIER_KNOTS.);
#708 = CARTESIAN_POINT('',(-1.6274999,29.805714285714,9.));
#709 = CARTESIAN_POINT('',(-2.479285614286,30.871785714286,9.));
#710 = CARTESIAN_POINT('',(-2.479285614286,32.886071428571,9.));
#711 = ORIENTED_EDGE('',*,*,#712,.T.);
#712 = EDGE_CURVE('',#705,#713,#715,.T.);
#713 = VERTEX_POINT('',#714);
#714 = CARTESIAN_POINT('',(-1.6274999,35.971071428571,9.));
#715 = B_SPLINE_CURVE_WITH_KNOTS('',2,(#716,#717,#718),.UNSPECIFIED.,.F.
  ,.F.,(3,3),(0.,1.),.PIECEWISE_BEZIER_KNOTS.);
#716 = CARTESIAN_POINT('',(-2.479285614286,32.886071428571,9.));
#717 = CARTESIAN_POINT('',(-2.479285614286,34.905357142857,9.));
#718 = CARTESIAN_POINT('',(-1.6274999,35.971071428571,9.));
#719 = ORIENTED_EDGE('',*,*,#720,.T.);
#720 = EDGE_CURVE('',#713,#721,#723,.T.);
#721 = VERTEX_POINT('',#722);
#722 = CARTESIAN_POINT('',(0.842142957143,37.037142857143,9.));
#723 = B_SPLINE_CURVE_WITH_KNOTS('',2,(#724,#725,#726),.UNSPECIFIED.,.F.
  ,.F.,(3,3),(0.,1.),.PIECEWISE_BEZIER_KNOTS.);
#724 = CARTESIAN_POINT('',(-1.6274999,35.971071428571,9.));
#725 = CARTESIAN_POINT('',(-0.775714185714,37.037142857143,9.));
#726 = CARTESIAN_POINT('',(0.842142957143,37.037142857143,9.));
#727 = ORIENTED_EDGE('',*,*,#728,.T.);
#728 = EDGE_CURVE('',#721,#729,#731,.T.);
#729 = VERTEX_POINT('',#730);
#730 = CARTESIAN_POINT('',(1.715357242857,36.94,9.));
#731 = B_SPLINE_CURVE_WITH_KNOTS('',2,(#732,#733,#734),.UNSPECIFIED.,.F.
  ,.F.,(3,3),(0.,1.),.PIECEWISE_BEZIER_KNOTS.);
#732 = CARTESIAN_POINT('',(0.842142957143,37.037142857143,9.));
#733 = CARTESIAN_POINT('',(1.2975001,37.037142857143,9.));
#734 = CARTESIAN_POINT('',(1.715357242857,36.94,9.));
#735 = ORIENTED_EDGE('',*,*,#736,.T.);
#736 = EDGE_CURVE('',#729,#737,#739,.T.);
#737 = VERTEX_POINT('',#738);
#738 = CARTESIAN_POINT('',(2.4975001,36.648571428571,9.));
#739 = B_SPLINE_CURVE_WITH_KNOTS('',2,(#740,#741,#742),.UNSPECIFIED.,.F.
  ,.F.,(3,3),(0.,1.),.PIECEWISE_BEZIER_KNOTS.);
#740 = CARTESIAN_POINT('',(1.715357242857,36.94,9.));
#741 = CARTESIAN_POINT('',(2.133214385714,36.842857142857,9.));
#742 = CARTESIAN_POINT('',(2.4975001,36.648571428571,9.));
#743 = ORIENTED_EDGE('',*,*,#744,.T.);
#744 = EDGE_CURVE('',#737,#745,#747,.T.);
#745 = VERTEX_POINT('',#746);
#746 = CARTESIAN_POINT('',(2.4975001,34.888571428571,9.));
#747 = LINE('',#748,#749);
#748 = CARTESIAN_POINT('',(2.4975001,36.648571428571,9.));
#749 = VECTOR('',#750,1.);
#750 = DIRECTION('',(0.,-1.,0.));
#751 = ORIENTED_EDGE('',*,*,#752,.T.);
#752 = EDGE_CURVE('',#745,#753,#755,.T.);
#753 = VERTEX_POINT('',#754);
#754 = CARTESIAN_POINT('',(1.707142957143,35.443928571429,9.));
#755 = B_SPLINE_CURVE_WITH_KNOTS('',2,(#756,#757,#758),.UNSPECIFIED.,.F.
  ,.F.,(3,3),(0.,1.),.PIECEWISE_BEZIER_KNOTS.);
#756 = CARTESIAN_POINT('',(2.4975001,34.888571428571,9.));
#757 = CARTESIAN_POINT('',(2.090357242857,35.267857142857,9.));
#758 = CARTESIAN_POINT('',(1.707142957143,35.443928571429,9.));
#759 = ORIENTED_EDGE('',*,*,#760,.T.);
#760 = EDGE_CURVE('',#753,#761,#763,.T.);
#761 = VERTEX_POINT('',#762);
#762 = CARTESIAN_POINT('',(0.917142957143,35.62,9.));
#763 = B_SPLINE_CURVE_WITH_KNOTS('',2,(#764,#765,#766),.UNSPECIFIED.,.F.
  ,.F.,(3,3),(0.,1.),.PIECEWISE_BEZIER_KNOTS.);
#764 = CARTESIAN_POINT('',(1.707142957143,35.443928571429,9.));
#765 = CARTESIAN_POINT('',(1.324285814286,35.62,9.));
#766 = CARTESIAN_POINT('',(0.917142957143,35.62,9.));
#767 = ORIENTED_EDGE('',*,*,#768,.T.);
#768 = EDGE_CURVE('',#761,#769,#771,.T.);
#769 = VERTEX_POINT('',#770);
#770 = CARTESIAN_POINT('',(-0.392857042857,34.931071428571,9.));
#771 = B_SPLINE_CURVE_WITH_KNOTS('',2,(#772,#773,#774),.UNSPECIFIED.,.F.
  ,.F.,(3,3),(0.,1.),.PIECEWISE_BEZIER_KNOTS.);
#772 = CARTESIAN_POINT('',(0.917142957143,35.62,9.));
#773 = CARTESIAN_POINT('',(4.928581428571E-02,35.62,9.));
#774 = CARTESIAN_POINT('',(-0.392857042857,34.931071428571,9.));
#775 = ORIENTED_EDGE('',*,*,#776,.T.);
#776 = EDGE_CURVE('',#769,#777,#779,.T.);
#777 = VERTEX_POINT('',#778);
#778 = CARTESIAN_POINT('',(-0.834642757143,32.885714285714,9.));
#779 = B_SPLINE_CURVE_WITH_KNOTS('',2,(#780,#781,#782),.UNSPECIFIED.,.F.
  ,.F.,(3,3),(0.,1.),.PIECEWISE_BEZIER_KNOTS.);
#780 = CARTESIAN_POINT('',(-0.392857042857,34.931071428571,9.));
#781 = CARTESIAN_POINT('',(-0.834642757143,34.242142857143,9.));
#782 = CARTESIAN_POINT('',(-0.834642757143,32.885714285714,9.));
#783 = ORIENTED_EDGE('',*,*,#784,.T.);
#784 = EDGE_CURVE('',#777,#785,#787,.T.);
#785 = VERTEX_POINT('',#786);
#786 = CARTESIAN_POINT('',(-0.392857042857,30.846071428571,9.));
#787 = B_SPLINE_CURVE_WITH_KNOTS('',2,(#788,#789,#790),.UNSPECIFIED.,.F.
  ,.F.,(3,3),(0.,1.),.PIECEWISE_BEZIER_KNOTS.);
#788 = CARTESIAN_POINT('',(-0.834642757143,32.885714285714,9.));
#789 = CARTESIAN_POINT('',(-0.834642757143,31.535,9.));
#790 = CARTESIAN_POINT('',(-0.392857042857,30.846071428571,9.));
#791 = ORIENTED_EDGE('',*,*,#792,.T.);
#792 = EDGE_CURVE('',#785,#793,#795,.T.);
#793 = VERTEX_POINT('',#794);
#794 = CARTESIAN_POINT('',(0.917142957143,30.157142857143,9.));
#795 = B_SPLINE_CURVE_WITH_KNOTS('',2,(#796,#797,#798),.UNSPECIFIED.,.F.
  ,.F.,(3,3),(0.,1.),.PIECEWISE_BEZIER_KNOTS.);
#796 = CARTESIAN_POINT('',(-0.392857042857,30.846071428571,9.));
#797 = CARTESIAN_POINT('',(4.928581428571E-02,30.157142857143,9.));
#798 = CARTESIAN_POINT('',(0.917142957143,30.157142857143,9.));
#799 = ORIENTED_EDGE('',*,*,#800,.T.);
#800 = EDGE_CURVE('',#793,#801,#803,.T.);
#801 = VERTEX_POINT('',#802);
#802 = CARTESIAN_POINT('',(1.707142957143,30.333214285714,9.));
#803 = B_SPLINE_CURVE_WITH_KNOTS('',2,(#804,#805,#806),.UNSPECIFIED.,.F.
  ,.F.,(3,3),(0.,1.),.PIECEWISE_BEZIER_KNOTS.);
#804 = CARTESIAN_POINT('',(0.917142957143,30.157142857143,9.));
#805 = CARTESIAN_POINT('',(1.324285814286,30.157142857143,9.));
#806 = CARTESIAN_POINT('',(1.707142957143,30.333214285714,9.));
#807 = ORIENTED_EDGE('',*,*,#808,.T.);
#808 = EDGE_CURVE('',#801,#671,#809,.T.);
#809 = B_SPLINE_CURVE_WITH_KNOTS('',2,(#810,#811,#812),.UNSPECIFIED.,.F.
  ,.F.,(3,3),(0.,1.),.PIECEWISE_BEZIER_KNOTS.);
#810 = CARTESIAN_POINT('',(1.707142957143,30.333214285714,9.));
#811 = CARTESIAN_POINT('',(2.090357242857,30.509285714286,9.));
#812 = CARTESIAN_POINT('',(2.4975001,30.888571428571,9.));
#813 = FACE_BOUND('',#814,.F.);
#814 = EDGE_LOOP('',(#815,#825,#833,#841,#849,#857,#865,#873));
#815 = ORIENTED_EDGE('',*,*,#816,.T.);
#816 = EDGE_CURVE('',#817,#819,#821,.T.);
#817 = VERTEX_POINT('',#818);
#818 = CARTESIAN_POINT('',(4.514642957143,29.789642857143,9.));
#819 = VERTEX_POINT('',#820);
#820 = CARTESIAN_POINT('',(3.8050001,32.886071428571,9.));
#821 = B_SPLINE_CURVE_WITH_KNOTS('',2,(#822,#823,#824),.UNSPECIFIED.,.F.
  ,.F.,(3,3),(0.,1.),.PIECEWISE_BEZIER_KNOTS.);
#822 = CARTESIAN_POINT('',(4.514642957143,29.789642857143,9.));
#823 = CARTESIAN_POINT('',(3.8050001,30.839642857143,9.));
#824 = CARTESIAN_POINT('',(3.8050001,32.886071428571,9.));
#825 = ORIENTED_EDGE('',*,*,#826,.T.);
#826 = EDGE_CURVE('',#819,#827,#829,.T.);
#827 = VERTEX_POINT('',#828);
#828 = CARTESIAN_POINT('',(4.514642957143,35.987142857143,9.));
#829 = B_SPLINE_CURVE_WITH_KNOTS('',2,(#830,#831,#832),.UNSPECIFIED.,.F.
  ,.F.,(3,3),(0.,1.),.PIECEWISE_BEZIER_KNOTS.);
#830 = CARTESIAN_POINT('',(3.8050001,32.886071428571,9.));
#831 = CARTESIAN_POINT('',(3.8050001,34.9375,9.));
#832 = CARTESIAN_POINT('',(4.514642957143,35.987142857143,9.));
#833 = ORIENTED_EDGE('',*,*,#834,.T.);
#834 = EDGE_CURVE('',#827,#835,#837,.T.);
#835 = VERTEX_POINT('',#836);
#836 = CARTESIAN_POINT('',(6.612142957143,37.037142857143,9.));
#837 = B_SPLINE_CURVE_WITH_KNOTS('',2,(#838,#839,#840),.UNSPECIFIED.,.F.
  ,.F.,(3,3),(0.,1.),.PIECEWISE_BEZIER_KNOTS.);
#838 = CARTESIAN_POINT('',(4.514642957143,35.987142857143,9.));
#839 = CARTESIAN_POINT('',(5.224642957143,37.037142857143,9.));
#840 = CARTESIAN_POINT('',(6.612142957143,37.037142857143,9.));
#841 = ORIENTED_EDGE('',*,*,#842,.T.);
#842 = EDGE_CURVE('',#835,#843,#845,.T.);
#843 = VERTEX_POINT('',#844);
#844 = CARTESIAN_POINT('',(8.714642957143,35.987142857143,9.));
#845 = B_SPLINE_CURVE_WITH_KNOTS('',2,(#846,#847,#848),.UNSPECIFIED.,.F.
  ,.F.,(3,3),(0.,1.),.PIECEWISE_BEZIER_KNOTS.);
#846 = CARTESIAN_POINT('',(6.612142957143,37.037142857143,9.));
#847 = CARTESIAN_POINT('',(8.0050001,37.037142857143,9.));
#848 = CARTESIAN_POINT('',(8.714642957143,35.987142857143,9.));
#849 = ORIENTED_EDGE('',*,*,#850,.T.);
#850 = EDGE_CURVE('',#843,#851,#853,.T.);
#851 = VERTEX_POINT('',#852);
#852 = CARTESIAN_POINT('',(9.424642957143,32.886071428571,9.));
#853 = B_SPLINE_CURVE_WITH_KNOTS('',2,(#854,#855,#856),.UNSPECIFIED.,.F.
  ,.F.,(3,3),(0.,1.),.PIECEWISE_BEZIER_KNOTS.);
#854 = CARTESIAN_POINT('',(8.714642957143,35.987142857143,9.));
#855 = CARTESIAN_POINT('',(9.424642957143,34.9375,9.));
#856 = CARTESIAN_POINT('',(9.424642957143,32.886071428571,9.));
#857 = ORIENTED_EDGE('',*,*,#858,.T.);
#858 = EDGE_CURVE('',#851,#859,#861,.T.);
#859 = VERTEX_POINT('',#860);
#860 = CARTESIAN_POINT('',(8.714642957143,29.789642857143,9.));
#861 = B_SPLINE_CURVE_WITH_KNOTS('',2,(#862,#863,#864),.UNSPECIFIED.,.F.
  ,.F.,(3,3),(0.,1.),.PIECEWISE_BEZIER_KNOTS.);
#862 = CARTESIAN_POINT('',(9.424642957143,32.886071428571,9.));
#863 = CARTESIAN_POINT('',(9.424642957143,30.839642857143,9.));
#864 = CARTESIAN_POINT('',(8.714642957143,29.789642857143,9.));
#865 = ORIENTED_EDGE('',*,*,#866,.T.);
#866 = EDGE_CURVE('',#859,#867,#869,.T.);
#867 = VERTEX_POINT('',#868);
#868 = CARTESIAN_POINT('',(6.612142957143,28.74,9.));
#869 = B_SPLINE_CURVE_WITH_KNOTS('',2,(#870,#871,#872),.UNSPECIFIED.,.F.
  ,.F.,(3,3),(0.,1.),.PIECEWISE_BEZIER_KNOTS.);
#870 = CARTESIAN_POINT('',(8.714642957143,29.789642857143,9.));
#871 = CARTESIAN_POINT('',(8.0050001,28.74,9.));
#872 = CARTESIAN_POINT('',(6.612142957143,28.74,9.));
#873 = ORIENTED_EDGE('',*,*,#874,.T.);
#874 = EDGE_CURVE('',#867,#817,#875,.T.);
#875 = B_SPLINE_CURVE_WITH_KNOTS('',2,(#876,#877,#878),.UNSPECIFIED.,.F.
  ,.F.,(3,3),(0.,1.),.PIECEWISE_BEZIER_KNOTS.);
#876 = CARTESIAN_POINT('',(6.612142957143,28.74,9.));
#877 = CARTESIAN_POINT('',(5.224642957143,28.74,9.));
#878 = CARTESIAN_POINT('',(4.514642957143,29.789642857143,9.));
#879 = FACE_BOUND('',#880,.F.);
#880 = EDGE_LOOP('',(#881,#891,#899,#907,#915,#923,#931,#939,#947,#955)
  );
#881 = ORIENTED_EDGE('',*,*,#882,.T.);
#882 = EDGE_CURVE('',#883,#885,#887,.T.);
#883 = VERTEX_POINT('',#884);
#884 = CARTESIAN_POINT('',(10.555357242857,28.9,9.));
#885 = VERTEX_POINT('',#886);
#886 = CARTESIAN_POINT('',(10.555357242857,36.9,9.));
#887 = LINE('',#888,#889);
#888 = CARTESIAN_POINT('',(10.555357242857,28.9,9.));
#889 = VECTOR('',#890,1.);
#890 = DIRECTION('',(0.,1.,0.));
#891 = ORIENTED_EDGE('',*,*,#892,.T.);
#892 = EDGE_CURVE('',#885,#893,#895,.T.);
#893 = VERTEX_POINT('',#894);
#894 = CARTESIAN_POINT('',(12.253571528571,36.9,9.));
#895 = LINE('',#896,#897);
#896 = CARTESIAN_POINT('',(10.555357242857,36.9,9.));
#897 = VECTOR('',#898,1.);
#898 = DIRECTION('',(1.,0.,0.));
#899 = ORIENTED_EDGE('',*,*,#900,.T.);
#900 = EDGE_CURVE('',#893,#901,#903,.T.);
#901 = VERTEX_POINT('',#902);
#902 = CARTESIAN_POINT('',(14.482142957143,31.086071428571,9.));
#903 = LINE('',#904,#905);
#904 = CARTESIAN_POINT('',(12.253571528571,36.9,9.));
#905 = VECTOR('',#906,1.);
#906 = DIRECTION('',(0.357921841948,-0.933751548891,0.));
#907 = ORIENTED_EDGE('',*,*,#908,.T.);
#908 = EDGE_CURVE('',#901,#909,#911,.T.);
#909 = VERTEX_POINT('',#910);
#910 = CARTESIAN_POINT('',(14.482142957143,36.9,9.));
#911 = LINE('',#912,#913);
#912 = CARTESIAN_POINT('',(14.482142957143,31.086071428571,9.));
#913 = VECTOR('',#914,1.);
#914 = DIRECTION('',(0.,1.,0.));
#915 = ORIENTED_EDGE('',*,*,#916,.T.);
#916 = EDGE_CURVE('',#909,#917,#919,.T.);
#917 = VERTEX_POINT('',#918);
#918 = CARTESIAN_POINT('',(15.8750001,36.9,9.));
#919 = LINE('',#920,#921);
#920 = CARTESIAN_POINT('',(14.482142957143,36.9,9.));
#921 = VECTOR('',#922,1.);
#922 = DIRECTION('',(1.,0.,0.));
#923 = ORIENTED_EDGE('',*,*,#924,.T.);
#924 = EDGE_CURVE('',#917,#925,#927,.T.);
#925 = VERTEX_POINT('',#926);
#926 = CARTESIAN_POINT('',(15.8750001,28.9,9.));
#927 = LINE('',#928,#929);
#928 = CARTESIAN_POINT('',(15.8750001,36.9,9.));
#929 = VECTOR('',#930,1.);
#930 = DIRECTION('',(0.,-1.,0.));
#931 = ORIENTED_EDGE('',*,*,#932,.T.);
#932 = EDGE_CURVE('',#925,#933,#935,.T.);
#933 = VERTEX_POINT('',#934);
#934 = CARTESIAN_POINT('',(14.1875001,28.9,9.));
#935 = LINE('',#936,#937);
#936 = CARTESIAN_POINT('',(15.8750001,28.9,9.));
#937 = VECTOR('',#938,1.);
#938 = DIRECTION('',(-1.,0.,0.));
#939 = ORIENTED_EDGE('',*,*,#940,.T.);
#940 = EDGE_CURVE('',#933,#941,#943,.T.);
#941 = VERTEX_POINT('',#942);
#942 = CARTESIAN_POINT('',(11.948214385714,34.713928571429,9.));
#943 = LINE('',#944,#945);
#944 = CARTESIAN_POINT('',(14.1875001,28.9,9.));
#945 = VECTOR('',#946,1.);
#946 = DIRECTION('',(-0.359420787632,0.933175598383,0.));
#947 = ORIENTED_EDGE('',*,*,#948,.T.);
#948 = EDGE_CURVE('',#941,#949,#951,.T.);
#949 = VERTEX_POINT('',#950);
#950 = CARTESIAN_POINT('',(11.948214385714,28.9,9.));
#951 = LINE('',#952,#953);
#952 = CARTESIAN_POINT('',(11.948214385714,34.713928571429,9.));
#953 = VECTOR('',#954,1.);
#954 = DIRECTION('',(0.,-1.,0.));
#955 = ORIENTED_EDGE('',*,*,#956,.T.);
#956 = EDGE_CURVE('',#949,#883,#957,.T.);
#957 = LINE('',#958,#959);
#958 = CARTESIAN_POINT('',(11.948214385714,28.9,9.));
#959 = VECTOR('',#960,1.);
#960 = DIRECTION('',(-1.,0.,0.));
#961 = FACE_BOUND('',#962,.F.);
#962 = EDGE_LOOP('',(#963,#973,#981,#989,#997,#1005,#1013,#1021));
#963 = ORIENTED_EDGE('',*,*,#964,.T.);
#964 = EDGE_CURVE('',#965,#967,#969,.T.);
#965 = VERTEX_POINT('',#966);
#966 = CARTESIAN_POINT('',(20.616428671429,35.528571428571,9.));
#967 = VERTEX_POINT('',#968);
#968 = CARTESIAN_POINT('',(20.616428671429,28.9,9.));
#969 = LINE('',#970,#971);
#970 = CARTESIAN_POINT('',(20.616428671429,35.528571428571,9.));
#971 = VECTOR('',#972,1.);
#972 = DIRECTION('',(0.,-1.,0.));
#973 = ORIENTED_EDGE('',*,*,#974,.T.);
#974 = EDGE_CURVE('',#967,#975,#977,.T.);
#975 = VERTEX_POINT('',#976);
#976 = CARTESIAN_POINT('',(19.036071528571,28.9,9.));
#977 = LINE('',#978,#979);
#978 = CARTESIAN_POINT('',(20.616428671429,28.9,9.));
#979 = VECTOR('',#980,1.);
#980 = DIRECTION('',(-1.,0.,0.));
#981 = ORIENTED_EDGE('',*,*,#982,.T.);
#982 = EDGE_CURVE('',#975,#983,#985,.T.);
#983 = VERTEX_POINT('',#984);
#984 = CARTESIAN_POINT('',(19.036071528571,35.528571428571,9.));
#985 = LINE('',#986,#987);
#986 = CARTESIAN_POINT('',(19.036071528571,28.9,9.));
#987 = VECTOR('',#988,1.);
#988 = DIRECTION('',(0.,1.,0.));
#989 = ORIENTED_EDGE('',*,*,#990,.T.);
#990 = EDGE_CURVE('',#983,#991,#993,.T.);
#991 = VERTEX_POINT('',#992);
#992 = CARTESIAN_POINT('',(17.005714385714,35.528571428571,9.));
#993 = LINE('',#994,#995);
#994 = CARTESIAN_POINT('',(19.036071528571,35.528571428571,9.));
#995 = VECTOR('',#996,1.);
#996 = DIRECTION('',(-1.,0.,0.));
#997 = ORIENTED_EDGE('',*,*,#998,.T.);
#998 = EDGE_CURVE('',#991,#999,#1001,.T.);
#999 = VERTEX_POINT('',#1000);
#1000 = CARTESIAN_POINT('',(17.005714385714,36.9,9.));
#1001 = LINE('',#1002,#1003);
#1002 = CARTESIAN_POINT('',(17.005714385714,35.528571428571,9.));
#1003 = VECTOR('',#1004,1.);
#1004 = DIRECTION('',(0.,1.,0.));
#1005 = ORIENTED_EDGE('',*,*,#1006,.T.);
#1006 = EDGE_CURVE('',#999,#1007,#1009,.T.);
#1007 = VERTEX_POINT('',#1008);
#1008 = CARTESIAN_POINT('',(22.646785814286,36.9,9.));
#1009 = LINE('',#1010,#1011);
#1010 = CARTESIAN_POINT('',(17.005714385714,36.9,9.));
#1011 = VECTOR('',#1012,1.);
#1012 = DIRECTION('',(1.,0.,0.));
#1013 = ORIENTED_EDGE('',*,*,#1014,.T.);
#1014 = EDGE_CURVE('',#1007,#1015,#1017,.T.);
#1015 = VERTEX_POINT('',#1016);
#1016 = CARTESIAN_POINT('',(22.646785814286,35.528571428571,9.));
#1017 = LINE('',#1018,#1019);
#1018 = CARTESIAN_POINT('',(22.646785814286,36.9,9.));
#1019 = VECTOR('',#1020,1.);
#1020 = DIRECTION('',(0.,-1.,0.));
#1021 = ORIENTED_EDGE('',*,*,#1022,.T.);
#1022 = EDGE_CURVE('',#1015,#965,#1023,.T.);
#1023 = LINE('',#1024,#1025);
#1024 = CARTESIAN_POINT('',(22.646785814286,35.528571428571,9.));
#1025 = VECTOR('',#1026,1.);
#1026 = DIRECTION('',(-1.,0.,0.));
#1027 = FACE_BOUND('',#1028,.F.);
#1028 = EDGE_LOOP('',(#1029,#1039,#1047,#1055,#1063,#1071,#1079,#1087,
    #1095,#1103,#1111,#1119,#1127,#1135,#1143,#1151));
#1029 = ORIENTED_EDGE('',*,*,#1030,.T.);
#1030 = EDGE_CURVE('',#1031,#1033,#1035,.T.);
#1031 = VERTEX_POINT('',#1032);
#1032 = CARTESIAN_POINT('',(28.609642957143,33.254285714286,9.));
#1033 = VERTEX_POINT('',#1034);
#1034 = CARTESIAN_POINT('',(27.4525001,32.668928571429,9.));
#1035 = B_SPLINE_CURVE_WITH_KNOTS('',2,(#1036,#1037,#1038),
  .UNSPECIFIED.,.F.,.F.,(3,3),(0.,1.),.PIECEWISE_BEZIER_KNOTS.);
#1036 = CARTESIAN_POINT('',(28.609642957143,33.254285714286,9.));
#1037 = CARTESIAN_POINT('',(28.207857242857,32.765714285714,9.));
#1038 = CARTESIAN_POINT('',(27.4525001,32.668928571429,9.));
#1039 = ORIENTED_EDGE('',*,*,#1040,.T.);
#1040 = EDGE_CURVE('',#1033,#1041,#1043,.T.);
#1041 = VERTEX_POINT('',#1042);
#1042 = CARTESIAN_POINT('',(27.862142957143,32.447142857143,9.));
#1043 = B_SPLINE_CURVE_WITH_KNOTS('',2,(#1044,#1045,#1046),
  .UNSPECIFIED.,.F.,.F.,(3,3),(0.,1.),.PIECEWISE_BEZIER_KNOTS.);
#1044 = CARTESIAN_POINT('',(27.4525001,32.668928571429,9.));
#1045 = CARTESIAN_POINT('',(27.688214385714,32.620714285714,9.));
#1046 = CARTESIAN_POINT('',(27.862142957143,32.447142857143,9.));
#1047 = ORIENTED_EDGE('',*,*,#1048,.T.);
#1048 = EDGE_CURVE('',#1041,#1049,#1051,.T.);
#1049 = VERTEX_POINT('',#1050);
#1050 = CARTESIAN_POINT('',(28.288214385714,31.771071428571,9.));
#1051 = B_SPLINE_CURVE_WITH_KNOTS('',2,(#1052,#1053,#1054),
  .UNSPECIFIED.,.F.,.F.,(3,3),(0.,1.),.PIECEWISE_BEZIER_KNOTS.);
#1052 = CARTESIAN_POINT('',(27.862142957143,32.447142857143,9.));
#1053 = CARTESIAN_POINT('',(28.036428671429,32.273571428571,9.));
#1054 = CARTESIAN_POINT('',(28.288214385714,31.771071428571,9.));
#1055 = ORIENTED_EDGE('',*,*,#1056,.T.);
#1056 = EDGE_CURVE('',#1049,#1057,#1059,.T.);
#1057 = VERTEX_POINT('',#1058);
#1058 = CARTESIAN_POINT('',(29.734642957143,28.9,9.));
#1059 = LINE('',#1060,#1061);
#1060 = CARTESIAN_POINT('',(28.288214385714,31.771071428571,9.));
#1061 = VECTOR('',#1062,1.);
#1062 = DIRECTION('',(0.449922184078,-0.89306776242,0.));
#1063 = ORIENTED_EDGE('',*,*,#1064,.T.);
#1064 = EDGE_CURVE('',#1057,#1065,#1067,.T.);
#1065 = VERTEX_POINT('',#1066);
#1066 = CARTESIAN_POINT('',(27.998928671429,28.9,9.));
#1067 = LINE('',#1068,#1069);
#1068 = CARTESIAN_POINT('',(29.734642957143,28.9,9.));
#1069 = VECTOR('',#1070,1.);
#1070 = DIRECTION('',(-1.,0.,0.));
#1071 = ORIENTED_EDGE('',*,*,#1072,.T.);
#1072 = EDGE_CURVE('',#1065,#1073,#1075,.T.);
#1073 = VERTEX_POINT('',#1074);
#1074 = CARTESIAN_POINT('',(27.034642957143,30.915357142857,9.));
#1075 = LINE('',#1076,#1077);
#1076 = CARTESIAN_POINT('',(27.998928671429,28.9,9.));
#1077 = VECTOR('',#1078,1.);
#1078 = DIRECTION('',(-0.431608214028,0.902061167318,0.));
#1079 = ORIENTED_EDGE('',*,*,#1080,.T.);
#1080 = EDGE_CURVE('',#1073,#1081,#1083,.T.);
#1081 = VERTEX_POINT('',#1082);
#1082 = CARTESIAN_POINT('',(26.922142957143,31.150714285714,9.));
#1083 = B_SPLINE_CURVE_WITH_KNOTS('',2,(#1084,#1085,#1086),
  .UNSPECIFIED.,.F.,.F.,(3,3),(0.,1.),.PIECEWISE_BEZIER_KNOTS.);
#1084 = CARTESIAN_POINT('',(27.034642957143,30.915357142857,9.));
#1085 = CARTESIAN_POINT('',(26.991785814286,31.001071428571,9.));
#1086 = CARTESIAN_POINT('',(26.922142957143,31.150714285714,9.));
#1087 = ORIENTED_EDGE('',*,*,#1088,.T.);
#1088 = EDGE_CURVE('',#1081,#1089,#1091,.T.);
#1089 = VERTEX_POINT('',#1090);
#1090 = CARTESIAN_POINT('',(25.925714385714,32.054285714286,9.));
#1091 = B_SPLINE_CURVE_WITH_KNOTS('',2,(#1092,#1093,#1094),
  .UNSPECIFIED.,.F.,.F.,(3,3),(0.,1.),.PIECEWISE_BEZIER_KNOTS.);
#1092 = CARTESIAN_POINT('',(26.922142957143,31.150714285714,9.));
#1093 = CARTESIAN_POINT('',(26.498928671429,32.054285714286,9.));
#1094 = CARTESIAN_POINT('',(25.925714385714,32.054285714286,9.));
#1095 = ORIENTED_EDGE('',*,*,#1096,.T.);
#1096 = EDGE_CURVE('',#1089,#1097,#1099,.T.);
#1097 = VERTEX_POINT('',#1098);
#1098 = CARTESIAN_POINT('',(25.422142957143,32.054285714286,9.));
#1099 = LINE('',#1100,#1101);
#1100 = CARTESIAN_POINT('',(25.925714385714,32.054285714286,9.));
#1101 = VECTOR('',#1102,1.);
#1102 = DIRECTION('',(-1.,0.,0.));
#1103 = ORIENTED_EDGE('',*,*,#1104,.T.);
#1104 = EDGE_CURVE('',#1097,#1105,#1107,.T.);
#1105 = VERTEX_POINT('',#1106);
#1106 = CARTESIAN_POINT('',(25.422142957143,28.9,9.));
#1107 = LINE('',#1108,#1109);
#1108 = CARTESIAN_POINT('',(25.422142957143,32.054285714286,9.));
#1109 = VECTOR('',#1110,1.);
#1110 = DIRECTION('',(0.,-1.,0.));
#1111 = ORIENTED_EDGE('',*,*,#1112,.T.);
#1112 = EDGE_CURVE('',#1105,#1113,#1115,.T.);
#1113 = VERTEX_POINT('',#1114);
#1114 = CARTESIAN_POINT('',(23.841785814286,28.9,9.));
#1115 = LINE('',#1116,#1117);
#1116 = CARTESIAN_POINT('',(25.422142957143,28.9,9.));
#1117 = VECTOR('',#1118,1.);
#1118 = DIRECTION('',(-1.,0.,0.));
#1119 = ORIENTED_EDGE('',*,*,#1120,.T.);
#1120 = EDGE_CURVE('',#1113,#1121,#1123,.T.);
#1121 = VERTEX_POINT('',#1122);
#1122 = CARTESIAN_POINT('',(23.841785814286,36.9,9.));
#1123 = LINE('',#1124,#1125);
#1124 = CARTESIAN_POINT('',(23.841785814286,28.9,9.));
#1125 = VECTOR('',#1126,1.);
#1126 = DIRECTION('',(0.,1.,0.));
#1127 = ORIENTED_EDGE('',*,*,#1128,.T.);
#1128 = EDGE_CURVE('',#1121,#1129,#1131,.T.);
#1129 = VERTEX_POINT('',#1130);
#1130 = CARTESIAN_POINT('',(26.123928671429,36.9,9.));
#1131 = LINE('',#1132,#1133);
#1132 = CARTESIAN_POINT('',(23.841785814286,36.9,9.));
#1133 = VECTOR('',#1134,1.);
#1134 = DIRECTION('',(1.,0.,0.));
#1135 = ORIENTED_EDGE('',*,*,#1136,.T.);
#1136 = EDGE_CURVE('',#1129,#1137,#1139,.T.);
#1137 = VERTEX_POINT('',#1138);
#1138 = CARTESIAN_POINT('',(28.338928671429,36.352142857143,9.));
#1139 = B_SPLINE_CURVE_WITH_KNOTS('',2,(#1140,#1141,#1142),
  .UNSPECIFIED.,.F.,.F.,(3,3),(0.,1.),.PIECEWISE_BEZIER_KNOTS.);
#1140 = CARTESIAN_POINT('',(26.123928671429,36.9,9.));
#1141 = CARTESIAN_POINT('',(27.666785814286,36.9,9.));
#1142 = CARTESIAN_POINT('',(28.338928671429,36.352142857143,9.));
#1143 = ORIENTED_EDGE('',*,*,#1144,.T.);
#1144 = EDGE_CURVE('',#1137,#1145,#1147,.T.);
#1145 = VERTEX_POINT('',#1146);
#1146 = CARTESIAN_POINT('',(29.011428671429,34.569642857143,9.));
#1147 = B_SPLINE_CURVE_WITH_KNOTS('',2,(#1148,#1149,#1150),
  .UNSPECIFIED.,.F.,.F.,(3,3),(0.,1.),.PIECEWISE_BEZIER_KNOTS.);
#1148 = CARTESIAN_POINT('',(28.338928671429,36.352142857143,9.));
#1149 = CARTESIAN_POINT('',(29.011428671429,35.804642857143,9.));
#1150 = CARTESIAN_POINT('',(29.011428671429,34.569642857143,9.));
#1151 = ORIENTED_EDGE('',*,*,#1152,.T.);
#1152 = EDGE_CURVE('',#1145,#1031,#1153,.T.);
#1153 = B_SPLINE_CURVE_WITH_KNOTS('',2,(#1154,#1155,#1156),
  .UNSPECIFIED.,.F.,.F.,(3,3),(0.,1.),.PIECEWISE_BEZIER_KNOTS.);
#1154 = CARTESIAN_POINT('',(29.011428671429,34.569642857143,9.));
#1155 = CARTESIAN_POINT('',(29.011428671429,33.742857142857,9.));
#1156 = CARTESIAN_POINT('',(28.609642957143,33.254285714286,9.));
#1157 = FACE_BOUND('',#1158,.F.);
#1158 = EDGE_LOOP('',(#1159,#1169,#1177,#1185,#1193,#1201,#1209,#1217));
#1159 = ORIENTED_EDGE('',*,*,#1160,.T.);
#1160 = EDGE_CURVE('',#1161,#1163,#1165,.T.);
#1161 = VERTEX_POINT('',#1162);
#1162 = CARTESIAN_POINT('',(30.9375001,29.789642857143,9.));
#1163 = VERTEX_POINT('',#1164);
#1164 = CARTESIAN_POINT('',(30.227857242857,32.886071428571,9.));
#1165 = B_SPLINE_CURVE_WITH_KNOTS('',2,(#1166,#1167,#1168),
  .UNSPECIFIED.,.F.,.F.,(3,3),(0.,1.),.PIECEWISE_BEZIER_KNOTS.);
#1166 = CARTESIAN_POINT('',(30.9375001,29.789642857143,9.));
#1167 = CARTESIAN_POINT('',(30.227857242857,30.839642857143,9.));
#1168 = CARTESIAN_POINT('',(30.227857242857,32.886071428571,9.));
#1169 = ORIENTED_EDGE('',*,*,#1170,.T.);
#1170 = EDGE_CURVE('',#1163,#1171,#1173,.T.);
#1171 = VERTEX_POINT('',#1172);
#1172 = CARTESIAN_POINT('',(30.9375001,35.987142857143,9.));
#1173 = B_SPLINE_CURVE_WITH_KNOTS('',2,(#1174,#1175,#1176),
  .UNSPECIFIED.,.F.,.F.,(3,3),(0.,1.),.PIECEWISE_BEZIER_KNOTS.);
#1174 = CARTESIAN_POINT('',(30.227857242857,32.886071428571,9.));
#1175 = CARTESIAN_POINT('',(30.227857242857,34.9375,9.));
#1176 = CARTESIAN_POINT('',(30.9375001,35.987142857143,9.));
#1177 = ORIENTED_EDGE('',*,*,#1178,.T.);
#1178 = EDGE_CURVE('',#1171,#1179,#1181,.T.);
#1179 = VERTEX_POINT('',#1180);
#1180 = CARTESIAN_POINT('',(33.0350001,37.037142857143,9.));
#1181 = B_SPLINE_CURVE_WITH_KNOTS('',2,(#1182,#1183,#1184),
  .UNSPECIFIED.,.F.,.F.,(3,3),(0.,1.),.PIECEWISE_BEZIER_KNOTS.);
#1182 = CARTESIAN_POINT('',(30.9375001,35.987142857143,9.));
#1183 = CARTESIAN_POINT('',(31.6475001,37.037142857143,9.));
#1184 = CARTESIAN_POINT('',(33.0350001,37.037142857143,9.));
#1185 = ORIENTED_EDGE('',*,*,#1186,.T.);
#1186 = EDGE_CURVE('',#1179,#1187,#1189,.T.);
#1187 = VERTEX_POINT('',#1188);
#1188 = CARTESIAN_POINT('',(35.1375001,35.987142857143,9.));
#1189 = B_SPLINE_CURVE_WITH_KNOTS('',2,(#1190,#1191,#1192),
  .UNSPECIFIED.,.F.,.F.,(3,3),(0.,1.),.PIECEWISE_BEZIER_KNOTS.);
#1190 = CARTESIAN_POINT('',(33.0350001,37.037142857143,9.));
#1191 = CARTESIAN_POINT('',(34.427857242857,37.037142857143,9.));
#1192 = CARTESIAN_POINT('',(35.1375001,35.987142857143,9.));
#1193 = ORIENTED_EDGE('',*,*,#1194,.T.);
#1194 = EDGE_CURVE('',#1187,#1195,#1197,.T.);
#1195 = VERTEX_POINT('',#1196);
#1196 = CARTESIAN_POINT('',(35.8475001,32.886071428571,9.));
#1197 = B_SPLINE_CURVE_WITH_KNOTS('',2,(#1198,#1199,#1200),
  .UNSPECIFIED.,.F.,.F.,(3,3),(0.,1.),.PIECEWISE_BEZIER_KNOTS.);
#1198 = CARTESIAN_POINT('',(35.1375001,35.987142857143,9.));
#1199 = CARTESIAN_POINT('',(35.8475001,34.9375,9.));
#1200 = CARTESIAN_POINT('',(35.8475001,32.886071428571,9.));
#1201 = ORIENTED_EDGE('',*,*,#1202,.T.);
#1202 = EDGE_CURVE('',#1195,#1203,#1205,.T.);
#1203 = VERTEX_POINT('',#1204);
#1204 = CARTESIAN_POINT('',(35.1375001,29.789642857143,9.));
#1205 = B_SPLINE_CURVE_WITH_KNOTS('',2,(#1206,#1207,#1208),
  .UNSPECIFIED.,.F.,.F.,(3,3),(0.,1.),.PIECEWISE_BEZIER_KNOTS.);
#1206 = CARTESIAN_POINT('',(35.8475001,32.886071428571,9.));
#1207 = CARTESIAN_POINT('',(35.8475001,30.839642857143,9.));
#1208 = CARTESIAN_POINT('',(35.1375001,29.789642857143,9.));
#1209 = ORIENTED_EDGE('',*,*,#1210,.T.);
#1210 = EDGE_CURVE('',#1203,#1211,#1213,.T.);
#1211 = VERTEX_POINT('',#1212);
#1212 = CARTESIAN_POINT('',(33.0350001,28.74,9.));
#1213 = B_SPLINE_CURVE_WITH_KNOTS('',2,(#1214,#1215,#1216),
  .UNSPECIFIED.,.F.,.F.,(3,3),(0.,1.),.PIECEWISE_BEZIER_KNOTS.);
#1214 = CARTESIAN_POINT('',(35.1375001,29.789642857143,9.));
#1215 = CARTESIAN_POINT('',(34.427857242857,28.74,9.));
#1216 = CARTESIAN_POINT('',(33.0350001,28.74,9.));
#1217 = ORIENTED_EDGE('',*,*,#1218,.T.);
#1218 = EDGE_CURVE('',#1211,#1161,#1219,.T.);
#1219 = B_SPLINE_CURVE_WITH_KNOTS('',2,(#1220,#1221,#1222),
  .UNSPECIFIED.,.F.,.F.,(3,3),(0.,1.),.PIECEWISE_BEZIER_KNOTS.);
#1220 = CARTESIAN_POINT('',(33.0350001,28.74,9.));
#1221 = CARTESIAN_POINT('',(31.6475001,28.74,9.));
#1222 = CARTESIAN_POINT('',(30.9375001,29.789642857143,9.));
#1223 = FACE_BOUND('',#1224,.F.);
#1224 = EDGE_LOOP('',(#1225,#1235,#1243,#1251,#1259,#1267));
#1225 = ORIENTED_EDGE('',*,*,#1226,.T.);
#1226 = EDGE_CURVE('',#1227,#1229,#1231,.T.);
#1227 = VERTEX_POINT('',#1228);
#1228 = CARTESIAN_POINT('',(42.506785814286,28.9,9.));
#1229 = VERTEX_POINT('',#1230);
#1230 = CARTESIAN_POINT('',(37.546071528571,28.9,9.));
#1231 = LINE('',#1232,#1233);
#1232 = CARTESIAN_POINT('',(42.506785814286,28.9,9.));
#1233 = VECTOR('',#1234,1.);
#1234 = DIRECTION('',(-1.,0.,0.));
#1235 = ORIENTED_EDGE('',*,*,#1236,.T.);
#1236 = EDGE_CURVE('',#1229,#1237,#1239,.T.);
#1237 = VERTEX_POINT('',#1238);
#1238 = CARTESIAN_POINT('',(37.546071528571,36.9,9.));
#1239 = LINE('',#1240,#1241);
#1240 = CARTESIAN_POINT('',(37.546071528571,28.9,9.));
#1241 = VECTOR('',#1242,1.);
#1242 = DIRECTION('',(0.,1.,0.));
#1243 = ORIENTED_EDGE('',*,*,#1244,.T.);
#1244 = EDGE_CURVE('',#1237,#1245,#1247,.T.);
#1245 = VERTEX_POINT('',#1246);
#1246 = CARTESIAN_POINT('',(39.126428671429,36.9,9.));
#1247 = LINE('',#1248,#1249);
#1248 = CARTESIAN_POINT('',(37.546071528571,36.9,9.));
#1249 = VECTOR('',#1250,1.);
#1250 = DIRECTION('',(1.,0.,0.));
#1251 = ORIENTED_EDGE('',*,*,#1252,.T.);
#1252 = EDGE_CURVE('',#1245,#1253,#1255,.T.);
#1253 = VERTEX_POINT('',#1254);
#1254 = CARTESIAN_POINT('',(39.126428671429,30.294285714286,9.));
#1255 = LINE('',#1256,#1257);
#1256 = CARTESIAN_POINT('',(39.126428671429,36.9,9.));
#1257 = VECTOR('',#1258,1.);
#1258 = DIRECTION('',(0.,-1.,0.));
#1259 = ORIENTED_EDGE('',*,*,#1260,.T.);
#1260 = EDGE_CURVE('',#1253,#1261,#1263,.T.);
#1261 = VERTEX_POINT('',#1262);
#1262 = CARTESIAN_POINT('',(42.506785814286,30.294285714286,9.));
#1263 = LINE('',#1264,#1265);
#1264 = CARTESIAN_POINT('',(39.126428671429,30.294285714286,9.));
#1265 = VECTOR('',#1266,1.);
#1266 = DIRECTION('',(1.,0.,0.));
#1267 = ORIENTED_EDGE('',*,*,#1268,.T.);
#1268 = EDGE_CURVE('',#1261,#1227,#1269,.T.);
#1269 = LINE('',#1270,#1271);
#1270 = CARTESIAN_POINT('',(42.506785814286,30.294285714286,9.));
#1271 = VECTOR('',#1272,1.);
#1272 = DIRECTION('',(0.,-1.,0.));
#1273 = PLANE('',#1274);
#1274 = AXIS2_PLACEMENT_3D('',#1275,#1276,#1277);
#1275 = CARTESIAN_POINT('',(0.,32.765,9.));
#1276 = DIRECTION('',(0.,0.,1.));
#1277 = DIRECTION('',(1.,0.,0.));
#1278 = ADVANCED_FACE('',(#1279,#1290,#1364,#1430,#1536,#1634,#1764,
    #1910,#1976,#2058,#2124,#2254,#2320),#2370,.T.);
#1279 = FACE_BOUND('',#1280,.T.);
#1280 = EDGE_LOOP('',(#1281,#1282,#1283,#1289));
#1281 = ORIENTED_EDGE('',*,*,#93,.T.);
#1282 = ORIENTED_EDGE('',*,*,#155,.T.);
#1283 = ORIENTED_EDGE('',*,*,#1284,.T.);
#1284 = EDGE_CURVE('',#156,#126,#1285,.T.);
#1285 = LINE('',#1286,#1287);
#1286 = CARTESIAN_POINT('',(50.,26.,10.));
#1287 = VECTOR('',#1288,1.);
#1288 = DIRECTION('',(0.,1.,0.));
#1289 = ORIENTED_EDGE('',*,*,#133,.T.);
#1290 = FACE_BOUND('',#1291,.T.);
#1291 = EDGE_LOOP('',(#1292,#1302,#1310,#1318,#1326,#1334,#1342,#1350,
    #1358));
#1292 = ORIENTED_EDGE('',*,*,#1293,.T.);
#1293 = EDGE_CURVE('',#1294,#1296,#1298,.T.);
#1294 = VERTEX_POINT('',#1295);
#1295 = CARTESIAN_POINT('',(-42.0599999,28.9,10.));
#1296 = VERTEX_POINT('',#1297);
#1297 = CARTESIAN_POINT('',(-42.0599999,36.9,10.));
#1298 = LINE('',#1299,#1300);
#1299 = CARTESIAN_POINT('',(-42.0599999,28.9,10.));
#1300 = VECTOR('',#1301,1.);
#1301 = DIRECTION('',(0.,1.,0.));
#1302 = ORIENTED_EDGE('',*,*,#1303,.T.);
#1303 = EDGE_CURVE('',#1296,#1304,#1306,.T.);
#1304 = VERTEX_POINT('',#1305);
#1305 = CARTESIAN_POINT('',(-39.89035704285,36.9,10.));
#1306 = LINE('',#1307,#1308);
#1307 = CARTESIAN_POINT('',(-42.0599999,36.9,10.));
#1308 = VECTOR('',#1309,1.);
#1309 = DIRECTION('',(1.,0.,0.));
#1310 = ORIENTED_EDGE('',*,*,#1311,.T.);
#1311 = EDGE_CURVE('',#1304,#1312,#1314,.T.);
#1312 = VERTEX_POINT('',#1313);
#1313 = CARTESIAN_POINT('',(-37.50928561428,36.310357142857,10.));
#1314 = B_SPLINE_CURVE_WITH_KNOTS('',2,(#1315,#1316,#1317),
  .UNSPECIFIED.,.F.,.F.,(3,3),(0.,1.),.PIECEWISE_BEZIER_KNOTS.);
#1315 = CARTESIAN_POINT('',(-39.89035704285,36.9,10.));
#1316 = CARTESIAN_POINT('',(-38.2349999,36.9,10.));
#1317 = CARTESIAN_POINT('',(-37.50928561428,36.310357142857,10.));
#1318 = ORIENTED_EDGE('',*,*,#1319,.T.);
#1319 = EDGE_CURVE('',#1312,#1320,#1322,.T.);
#1320 = VERTEX_POINT('',#1321);
#1321 = CARTESIAN_POINT('',(-36.78321418571,34.397142857143,10.));
#1322 = B_SPLINE_CURVE_WITH_KNOTS('',2,(#1323,#1324,#1325),
  .UNSPECIFIED.,.F.,.F.,(3,3),(0.,1.),.PIECEWISE_BEZIER_KNOTS.);
#1323 = CARTESIAN_POINT('',(-37.50928561428,36.310357142857,10.));
#1324 = CARTESIAN_POINT('',(-36.78321418571,35.721071428571,10.));
#1325 = CARTESIAN_POINT('',(-36.78321418571,34.397142857143,10.));
#1326 = ORIENTED_EDGE('',*,*,#1327,.T.);
#1327 = EDGE_CURVE('',#1320,#1328,#1330,.T.);
#1328 = VERTEX_POINT('',#1329);
#1329 = CARTESIAN_POINT('',(-37.50928561428,32.483571428571,10.));
#1330 = B_SPLINE_CURVE_WITH_KNOTS('',2,(#1331,#1332,#1333),
  .UNSPECIFIED.,.F.,.F.,(3,3),(0.,1.),.PIECEWISE_BEZIER_KNOTS.);
#1331 = CARTESIAN_POINT('',(-36.78321418571,34.397142857143,10.));
#1332 = CARTESIAN_POINT('',(-36.78321418571,33.073214285714,10.));
#1333 = CARTESIAN_POINT('',(-37.50928561428,32.483571428571,10.));
#1334 = ORIENTED_EDGE('',*,*,#1335,.T.);
#1335 = EDGE_CURVE('',#1328,#1336,#1338,.T.);
#1336 = VERTEX_POINT('',#1337);
#1337 = CARTESIAN_POINT('',(-39.89035704285,31.894285714286,10.));
#1338 = B_SPLINE_CURVE_WITH_KNOTS('',2,(#1339,#1340,#1341),
  .UNSPECIFIED.,.F.,.F.,(3,3),(0.,1.),.PIECEWISE_BEZIER_KNOTS.);
#1339 = CARTESIAN_POINT('',(-37.50928561428,32.483571428571,10.));
#1340 = CARTESIAN_POINT('',(-38.2349999,31.894285714286,10.));
#1341 = CARTESIAN_POINT('',(-39.89035704285,31.894285714286,10.));
#1342 = ORIENTED_EDGE('',*,*,#1343,.T.);
#1343 = EDGE_CURVE('',#1336,#1344,#1346,.T.);
#1344 = VERTEX_POINT('',#1345);
#1345 = CARTESIAN_POINT('',(-40.47964275714,31.894285714286,10.));
#1346 = LINE('',#1347,#1348);
#1347 = CARTESIAN_POINT('',(-39.89035704285,31.894285714286,10.));
#1348 = VECTOR('',#1349,1.);
#1349 = DIRECTION('',(-1.,0.,0.));
#1350 = ORIENTED_EDGE('',*,*,#1351,.T.);
#1351 = EDGE_CURVE('',#1344,#1352,#1354,.T.);
#1352 = VERTEX_POINT('',#1353);
#1353 = CARTESIAN_POINT('',(-40.47964275714,28.9,10.));
#1354 = LINE('',#1355,#1356);
#1355 = CARTESIAN_POINT('',(-40.47964275714,31.894285714286,10.));
#1356 = VECTOR('',#1357,1.);
#1357 = DIRECTION('',(0.,-1.,0.));
#1358 = ORIENTED_EDGE('',*,*,#1359,.T.);
#1359 = EDGE_CURVE('',#1352,#1294,#1360,.T.);
#1360 = LINE('',#1361,#1362);
#1361 = CARTESIAN_POINT('',(-40.47964275714,28.9,10.));
#1362 = VECTOR('',#1363,1.);
#1363 = DIRECTION('',(-1.,0.,0.));
#1364 = FACE_BOUND('',#1365,.T.);
#1365 = EDGE_LOOP('',(#1366,#1376,#1384,#1392,#1400,#1408,#1416,#1424));
#1366 = ORIENTED_EDGE('',*,*,#1367,.T.);
#1367 = EDGE_CURVE('',#1368,#1370,#1372,.T.);
#1368 = VERTEX_POINT('',#1369);
#1369 = CARTESIAN_POINT('',(-35.11964275714,29.789642857143,10.));
#1370 = VERTEX_POINT('',#1371);
#1371 = CARTESIAN_POINT('',(-35.82928561428,32.886071428571,10.));
#1372 = B_SPLINE_CURVE_WITH_KNOTS('',2,(#1373,#1374,#1375),
  .UNSPECIFIED.,.F.,.F.,(3,3),(0.,1.),.PIECEWISE_BEZIER_KNOTS.);
#1373 = CARTESIAN_POINT('',(-35.11964275714,29.789642857143,10.));
#1374 = CARTESIAN_POINT('',(-35.82928561428,30.839642857143,10.));
#1375 = CARTESIAN_POINT('',(-35.82928561428,32.886071428571,10.));
#1376 = ORIENTED_EDGE('',*,*,#1377,.T.);
#1377 = EDGE_CURVE('',#1370,#1378,#1380,.T.);
#1378 = VERTEX_POINT('',#1379);
#1379 = CARTESIAN_POINT('',(-35.11964275714,35.987142857143,10.));
#1380 = B_SPLINE_CURVE_WITH_KNOTS('',2,(#1381,#1382,#1383),
  .UNSPECIFIED.,.F.,.F.,(3,3),(0.,1.),.PIECEWISE_BEZIER_KNOTS.);
#1381 = CARTESIAN_POINT('',(-35.82928561428,32.886071428571,10.));
#1382 = CARTESIAN_POINT('',(-35.82928561428,34.9375,10.));
#1383 = CARTESIAN_POINT('',(-35.11964275714,35.987142857143,10.));
#1384 = ORIENTED_EDGE('',*,*,#1385,.T.);
#1385 = EDGE_CURVE('',#1378,#1386,#1388,.T.);
#1386 = VERTEX_POINT('',#1387);
#1387 = CARTESIAN_POINT('',(-33.02214275714,37.037142857143,10.));
#1388 = B_SPLINE_CURVE_WITH_KNOTS('',2,(#1389,#1390,#1391),
  .UNSPECIFIED.,.F.,.F.,(3,3),(0.,1.),.PIECEWISE_BEZIER_KNOTS.);
#1389 = CARTESIAN_POINT('',(-35.11964275714,35.987142857143,10.));
#1390 = CARTESIAN_POINT('',(-34.40964275714,37.037142857143,10.));
#1391 = CARTESIAN_POINT('',(-33.02214275714,37.037142857143,10.));
#1392 = ORIENTED_EDGE('',*,*,#1393,.T.);
#1393 = EDGE_CURVE('',#1386,#1394,#1396,.T.);
#1394 = VERTEX_POINT('',#1395);
#1395 = CARTESIAN_POINT('',(-30.91964275714,35.987142857143,10.));
#1396 = B_SPLINE_CURVE_WITH_KNOTS('',2,(#1397,#1398,#1399),
  .UNSPECIFIED.,.F.,.F.,(3,3),(0.,1.),.PIECEWISE_BEZIER_KNOTS.);
#1397 = CARTESIAN_POINT('',(-33.02214275714,37.037142857143,10.));
#1398 = CARTESIAN_POINT('',(-31.62928561428,37.037142857143,10.));
#1399 = CARTESIAN_POINT('',(-30.91964275714,35.987142857143,10.));
#1400 = ORIENTED_EDGE('',*,*,#1401,.T.);
#1401 = EDGE_CURVE('',#1394,#1402,#1404,.T.);
#1402 = VERTEX_POINT('',#1403);
#1403 = CARTESIAN_POINT('',(-30.20964275714,32.886071428571,10.));
#1404 = B_SPLINE_CURVE_WITH_KNOTS('',2,(#1405,#1406,#1407),
  .UNSPECIFIED.,.F.,.F.,(3,3),(0.,1.),.PIECEWISE_BEZIER_KNOTS.);
#1405 = CARTESIAN_POINT('',(-30.91964275714,35.987142857143,10.));
#1406 = CARTESIAN_POINT('',(-30.20964275714,34.9375,10.));
#1407 = CARTESIAN_POINT('',(-30.20964275714,32.886071428571,10.));
#1408 = ORIENTED_EDGE('',*,*,#1409,.T.);
#1409 = EDGE_CURVE('',#1402,#1410,#1412,.T.);
#1410 = VERTEX_POINT('',#1411);
#1411 = CARTESIAN_POINT('',(-30.91964275714,29.789642857143,10.));
#1412 = B_SPLINE_CURVE_WITH_KNOTS('',2,(#1413,#1414,#1415),
  .UNSPECIFIED.,.F.,.F.,(3,3),(0.,1.),.PIECEWISE_BEZIER_KNOTS.);
#1413 = CARTESIAN_POINT('',(-30.20964275714,32.886071428571,10.));
#1414 = CARTESIAN_POINT('',(-30.20964275714,30.839642857143,10.));
#1415 = CARTESIAN_POINT('',(-30.91964275714,29.789642857143,10.));
#1416 = ORIENTED_EDGE('',*,*,#1417,.T.);
#1417 = EDGE_CURVE('',#1410,#1418,#1420,.T.);
#1418 = VERTEX_POINT('',#1419);
#1419 = CARTESIAN_POINT('',(-33.02214275714,28.74,10.));
#1420 = B_SPLINE_CURVE_WITH_KNOTS('',2,(#1421,#1422,#1423),
  .UNSPECIFIED.,.F.,.F.,(3,3),(0.,1.),.PIECEWISE_BEZIER_KNOTS.);
#1421 = CARTESIAN_POINT('',(-30.91964275714,29.789642857143,10.));
#1422 = CARTESIAN_POINT('',(-31.62928561428,28.74,10.));
#1423 = CARTESIAN_POINT('',(-33.02214275714,28.74,10.));
#1424 = ORIENTED_EDGE('',*,*,#1425,.T.);
#1425 = EDGE_CURVE('',#1418,#1368,#1426,.T.);
#1426 = B_SPLINE_CURVE_WITH_KNOTS('',2,(#1427,#1428,#1429),
  .UNSPECIFIED.,.F.,.F.,(3,3),(0.,1.),.PIECEWISE_BEZIER_KNOTS.);
#1427 = CARTESIAN_POINT('',(-33.02214275714,28.74,10.));
#1428 = CARTESIAN_POINT('',(-34.40964275714,28.74,10.));
#1429 = CARTESIAN_POINT('',(-35.11964275714,29.789642857143,10.));
#1430 = FACE_BOUND('',#1431,.T.);
#1431 = EDGE_LOOP('',(#1432,#1442,#1450,#1458,#1466,#1474,#1482,#1490,
    #1498,#1506,#1514,#1522,#1530));
#1432 = ORIENTED_EDGE('',*,*,#1433,.T.);
#1433 = EDGE_CURVE('',#1434,#1436,#1438,.T.);
#1434 = VERTEX_POINT('',#1435);
#1435 = CARTESIAN_POINT('',(-28.73071418571,28.9,10.));
#1436 = VERTEX_POINT('',#1437);
#1437 = CARTESIAN_POINT('',(-29.71642847142,36.9,10.));
#1438 = LINE('',#1439,#1440);
#1439 = CARTESIAN_POINT('',(-28.73071418571,28.9,10.));
#1440 = VECTOR('',#1441,1.);
#1441 = DIRECTION('',(-0.122289497557,0.992494472925,0.));
#1442 = ORIENTED_EDGE('',*,*,#1443,.T.);
#1443 = EDGE_CURVE('',#1436,#1444,#1446,.T.);
#1444 = VERTEX_POINT('',#1445);
#1445 = CARTESIAN_POINT('',(-28.33428561428,36.9,10.));
#1446 = LINE('',#1447,#1448);
#1447 = CARTESIAN_POINT('',(-29.71642847142,36.9,10.));
#1448 = VECTOR('',#1449,1.);
#1449 = DIRECTION('',(1.,0.,0.));
#1450 = ORIENTED_EDGE('',*,*,#1451,.T.);
#1451 = EDGE_CURVE('',#1444,#1452,#1454,.T.);
#1452 = VERTEX_POINT('',#1453);
#1453 = CARTESIAN_POINT('',(-27.76107132857,31.025,10.));
#1454 = LINE('',#1455,#1456);
#1455 = CARTESIAN_POINT('',(-28.33428561428,36.9,10.));
#1456 = VECTOR('',#1457,1.);
#1457 = DIRECTION('',(9.710727312762E-02,-0.995273920841,0.));
#1458 = ORIENTED_EDGE('',*,*,#1459,.T.);
#1459 = EDGE_CURVE('',#1452,#1460,#1462,.T.);
#1460 = VERTEX_POINT('',#1461);
#1461 = CARTESIAN_POINT('',(-27.0699999,34.82,10.));
#1462 = LINE('',#1463,#1464);
#1463 = CARTESIAN_POINT('',(-27.76107132857,31.025,10.));
#1464 = VECTOR('',#1465,1.);
#1465 = DIRECTION('',(0.179154301852,0.983820987847,0.));
#1466 = ORIENTED_EDGE('',*,*,#1467,.T.);
#1467 = EDGE_CURVE('',#1460,#1468,#1470,.T.);
#1468 = VERTEX_POINT('',#1469);
#1469 = CARTESIAN_POINT('',(-25.7574999,34.82,10.));
#1470 = LINE('',#1471,#1472);
#1471 = CARTESIAN_POINT('',(-27.0699999,34.82,10.));
#1472 = VECTOR('',#1473,1.);
#1473 = DIRECTION('',(1.,0.,0.));
#1474 = ORIENTED_EDGE('',*,*,#1475,.T.);
#1475 = EDGE_CURVE('',#1468,#1476,#1478,.T.);
#1476 = VERTEX_POINT('',#1477);
#1477 = CARTESIAN_POINT('',(-24.95392847142,31.025,10.));
#1478 = LINE('',#1479,#1480);
#1479 = CARTESIAN_POINT('',(-25.7574999,34.82,10.));
#1480 = VECTOR('',#1481,1.);
#1481 = DIRECTION('',(0.207151782016,-0.978308815869,0.));
#1482 = ORIENTED_EDGE('',*,*,#1483,.T.);
#1483 = EDGE_CURVE('',#1476,#1484,#1486,.T.);
#1484 = VERTEX_POINT('',#1485);
#1485 = CARTESIAN_POINT('',(-24.50392847142,36.9,10.));
#1486 = LINE('',#1487,#1488);
#1487 = CARTESIAN_POINT('',(-24.95392847142,31.025,10.));
#1488 = VECTOR('',#1489,1.);
#1489 = DIRECTION('',(7.637203845135E-02,0.997079390893,0.));
#1490 = ORIENTED_EDGE('',*,*,#1491,.T.);
#1491 = EDGE_CURVE('',#1484,#1492,#1494,.T.);
#1492 = VERTEX_POINT('',#1493);
#1493 = CARTESIAN_POINT('',(-23.11107132857,36.9,10.));
#1494 = LINE('',#1495,#1496);
#1495 = CARTESIAN_POINT('',(-24.50392847142,36.9,10.));
#1496 = VECTOR('',#1497,1.);
#1497 = DIRECTION('',(1.,0.,0.));
#1498 = ORIENTED_EDGE('',*,*,#1499,.T.);
#1499 = EDGE_CURVE('',#1492,#1500,#1502,.T.);
#1500 = VERTEX_POINT('',#1501);
#1501 = CARTESIAN_POINT('',(-24.0324999,28.9,10.));
#1502 = LINE('',#1503,#1504);
#1503 = CARTESIAN_POINT('',(-23.11107132857,36.9,10.));
#1504 = VECTOR('',#1505,1.);
#1505 = DIRECTION('',(-0.114422104277,-0.99343222318,0.));
#1506 = ORIENTED_EDGE('',*,*,#1507,.T.);
#1507 = EDGE_CURVE('',#1500,#1508,#1510,.T.);
#1508 = VERTEX_POINT('',#1509);
#1509 = CARTESIAN_POINT('',(-25.50571418571,28.9,10.));
#1510 = LINE('',#1511,#1512);
#1511 = CARTESIAN_POINT('',(-24.0324999,28.9,10.));
#1512 = VECTOR('',#1513,1.);
#1513 = DIRECTION('',(-1.,0.,0.));
#1514 = ORIENTED_EDGE('',*,*,#1515,.T.);
#1515 = EDGE_CURVE('',#1508,#1516,#1518,.T.);
#1516 = VERTEX_POINT('',#1517);
#1517 = CARTESIAN_POINT('',(-26.41642847142,33.096428571429,10.));
#1518 = LINE('',#1519,#1520);
#1519 = CARTESIAN_POINT('',(-25.50571418571,28.9,10.));
#1520 = VECTOR('',#1521,1.);
#1521 = DIRECTION('',(-0.212084339089,0.977251366391,0.));
#1522 = ORIENTED_EDGE('',*,*,#1523,.T.);
#1523 = EDGE_CURVE('',#1516,#1524,#1526,.T.);
#1524 = VERTEX_POINT('',#1525);
#1525 = CARTESIAN_POINT('',(-27.26821418571,28.9,10.));
#1526 = LINE('',#1527,#1528);
#1527 = CARTESIAN_POINT('',(-26.41642847142,33.096428571429,10.));
#1528 = VECTOR('',#1529,1.);
#1529 = DIRECTION('',(-0.198922249381,-0.980015274729,0.));
#1530 = ORIENTED_EDGE('',*,*,#1531,.T.);
#1531 = EDGE_CURVE('',#1524,#1434,#1532,.T.);
#1532 = LINE('',#1533,#1534);
#1533 = CARTESIAN_POINT('',(-27.26821418571,28.9,10.));
#1534 = VECTOR('',#1535,1.);
#1535 = DIRECTION('',(-1.,0.,0.));
#1536 = FACE_BOUND('',#1537,.T.);
#1537 = EDGE_LOOP('',(#1538,#1548,#1556,#1564,#1572,#1580,#1588,#1596,
    #1604,#1612,#1620,#1628));
#1538 = ORIENTED_EDGE('',*,*,#1539,.T.);
#1539 = EDGE_CURVE('',#1540,#1542,#1544,.T.);
#1540 = VERTEX_POINT('',#1541);
#1541 = CARTESIAN_POINT('',(-17.22857132857,30.294285714286,10.));
#1542 = VERTEX_POINT('',#1543);
#1543 = CARTESIAN_POINT('',(-17.22857132857,28.9,10.));
#1544 = LINE('',#1545,#1546);
#1545 = CARTESIAN_POINT('',(-17.22857132857,30.294285714286,10.));
#1546 = VECTOR('',#1547,1.);
#1547 = DIRECTION('',(0.,-1.,0.));
#1548 = ORIENTED_EDGE('',*,*,#1549,.T.);
#1549 = EDGE_CURVE('',#1542,#1550,#1552,.T.);
#1550 = VERTEX_POINT('',#1551);
#1551 = CARTESIAN_POINT('',(-22.21071418571,28.9,10.));
#1552 = LINE('',#1553,#1554);
#1553 = CARTESIAN_POINT('',(-17.22857132857,28.9,10.));
#1554 = VECTOR('',#1555,1.);
#1555 = DIRECTION('',(-1.,0.,0.));
#1556 = ORIENTED_EDGE('',*,*,#1557,.T.);
#1557 = EDGE_CURVE('',#1550,#1558,#1560,.T.);
#1558 = VERTEX_POINT('',#1559);
#1559 = CARTESIAN_POINT('',(-22.21071418571,36.9,10.));
#1560 = LINE('',#1561,#1562);
#1561 = CARTESIAN_POINT('',(-22.21071418571,28.9,10.));
#1562 = VECTOR('',#1563,1.);
#1563 = DIRECTION('',(0.,1.,0.));
#1564 = ORIENTED_EDGE('',*,*,#1565,.T.);
#1565 = EDGE_CURVE('',#1558,#1566,#1568,.T.);
#1566 = VERTEX_POINT('',#1567);
#1567 = CARTESIAN_POINT('',(-17.22857132857,36.9,10.));
#1568 = LINE('',#1569,#1570);
#1569 = CARTESIAN_POINT('',(-22.21071418571,36.9,10.));
#1570 = VECTOR('',#1571,1.);
#1571 = DIRECTION('',(1.,0.,0.));
#1572 = ORIENTED_EDGE('',*,*,#1573,.T.);
#1573 = EDGE_CURVE('',#1566,#1574,#1576,.T.);
#1574 = VERTEX_POINT('',#1575);
#1575 = CARTESIAN_POINT('',(-17.22857132857,35.505714285714,10.));
#1576 = LINE('',#1577,#1578);
#1577 = CARTESIAN_POINT('',(-17.22857132857,36.9,10.));
#1578 = VECTOR('',#1579,1.);
#1579 = DIRECTION('',(0.,-1.,0.));
#1580 = ORIENTED_EDGE('',*,*,#1581,.T.);
#1581 = EDGE_CURVE('',#1574,#1582,#1584,.T.);
#1582 = VERTEX_POINT('',#1583);
#1583 = CARTESIAN_POINT('',(-20.63035704285,35.505714285714,10.));
#1584 = LINE('',#1585,#1586);
#1585 = CARTESIAN_POINT('',(-17.22857132857,35.505714285714,10.));
#1586 = VECTOR('',#1587,1.);
#1587 = DIRECTION('',(-1.,0.,0.));
#1588 = ORIENTED_EDGE('',*,*,#1589,.T.);
#1589 = EDGE_CURVE('',#1582,#1590,#1592,.T.);
#1590 = VERTEX_POINT('',#1591);
#1591 = CARTESIAN_POINT('',(-20.63035704285,33.791428571429,10.));
#1592 = LINE('',#1593,#1594);
#1593 = CARTESIAN_POINT('',(-20.63035704285,35.505714285714,10.));
#1594 = VECTOR('',#1595,1.);
#1595 = DIRECTION('',(0.,-1.,0.));
#1596 = ORIENTED_EDGE('',*,*,#1597,.T.);
#1597 = EDGE_CURVE('',#1590,#1598,#1600,.T.);
#1598 = VERTEX_POINT('',#1599);
#1599 = CARTESIAN_POINT('',(-17.5499999,33.791428571429,10.));
#1600 = LINE('',#1601,#1602);
#1601 = CARTESIAN_POINT('',(-20.63035704285,33.791428571429,10.));
#1602 = VECTOR('',#1603,1.);
#1603 = DIRECTION('',(1.,0.,0.));
#1604 = ORIENTED_EDGE('',*,*,#1605,.T.);
#1605 = EDGE_CURVE('',#1598,#1606,#1608,.T.);
#1606 = VERTEX_POINT('',#1607);
#1607 = CARTESIAN_POINT('',(-17.5499999,32.397142857143,10.));
#1608 = LINE('',#1609,#1610);
#1609 = CARTESIAN_POINT('',(-17.5499999,33.791428571429,10.));
#1610 = VECTOR('',#1611,1.);
#1611 = DIRECTION('',(0.,-1.,0.));
#1612 = ORIENTED_EDGE('',*,*,#1613,.T.);
#1613 = EDGE_CURVE('',#1606,#1614,#1616,.T.);
#1614 = VERTEX_POINT('',#1615);
#1615 = CARTESIAN_POINT('',(-20.63035704285,32.397142857143,10.));
#1616 = LINE('',#1617,#1618);
#1617 = CARTESIAN_POINT('',(-17.5499999,32.397142857143,10.));
#1618 = VECTOR('',#1619,1.);
#1619 = DIRECTION('',(-1.,0.,0.));
#1620 = ORIENTED_EDGE('',*,*,#1621,.T.);
#1621 = EDGE_CURVE('',#1614,#1622,#1624,.T.);
#1622 = VERTEX_POINT('',#1623);
#1623 = CARTESIAN_POINT('',(-20.63035704285,30.294285714286,10.));
#1624 = LINE('',#1625,#1626);
#1625 = CARTESIAN_POINT('',(-20.63035704285,32.397142857143,10.));
#1626 = VECTOR('',#1627,1.);
#1627 = DIRECTION('',(0.,-1.,0.));
#1628 = ORIENTED_EDGE('',*,*,#1629,.T.);
#1629 = EDGE_CURVE('',#1622,#1540,#1630,.T.);
#1630 = LINE('',#1631,#1632);
#1631 = CARTESIAN_POINT('',(-20.63035704285,30.294285714286,10.));
#1632 = VECTOR('',#1633,1.);
#1633 = DIRECTION('',(1.,0.,0.));
#1634 = FACE_BOUND('',#1635,.T.);
#1635 = EDGE_LOOP('',(#1636,#1646,#1654,#1662,#1670,#1678,#1686,#1694,
    #1702,#1710,#1718,#1726,#1734,#1742,#1750,#1758));
#1636 = ORIENTED_EDGE('',*,*,#1637,.T.);
#1637 = EDGE_CURVE('',#1638,#1640,#1642,.T.);
#1638 = VERTEX_POINT('',#1639);
#1639 = CARTESIAN_POINT('',(-11.02464275714,33.254285714286,10.));
#1640 = VERTEX_POINT('',#1641);
#1641 = CARTESIAN_POINT('',(-12.18178561428,32.668928571429,10.));
#1642 = B_SPLINE_CURVE_WITH_KNOTS('',2,(#1643,#1644,#1645),
  .UNSPECIFIED.,.F.,.F.,(3,3),(0.,1.),.PIECEWISE_BEZIER_KNOTS.);
#1643 = CARTESIAN_POINT('',(-11.02464275714,33.254285714286,10.));
#1644 = CARTESIAN_POINT('',(-11.42642847142,32.765714285714,10.));
#1645 = CARTESIAN_POINT('',(-12.18178561428,32.668928571429,10.));
#1646 = ORIENTED_EDGE('',*,*,#1647,.T.);
#1647 = EDGE_CURVE('',#1640,#1648,#1650,.T.);
#1648 = VERTEX_POINT('',#1649);
#1649 = CARTESIAN_POINT('',(-11.77214275714,32.447142857143,10.));
#1650 = B_SPLINE_CURVE_WITH_KNOTS('',2,(#1651,#1652,#1653),
  .UNSPECIFIED.,.F.,.F.,(3,3),(0.,1.),.PIECEWISE_BEZIER_KNOTS.);
#1651 = CARTESIAN_POINT('',(-12.18178561428,32.668928571429,10.));
#1652 = CARTESIAN_POINT('',(-11.94607132857,32.620714285714,10.));
#1653 = CARTESIAN_POINT('',(-11.77214275714,32.447142857143,10.));
#1654 = ORIENTED_EDGE('',*,*,#1655,.T.);
#1655 = EDGE_CURVE('',#1648,#1656,#1658,.T.);
#1656 = VERTEX_POINT('',#1657);
#1657 = CARTESIAN_POINT('',(-11.34607132857,31.771071428571,10.));
#1658 = B_SPLINE_CURVE_WITH_KNOTS('',2,(#1659,#1660,#1661),
  .UNSPECIFIED.,.F.,.F.,(3,3),(0.,1.),.PIECEWISE_BEZIER_KNOTS.);
#1659 = CARTESIAN_POINT('',(-11.77214275714,32.447142857143,10.));
#1660 = CARTESIAN_POINT('',(-11.59785704285,32.273571428571,10.));
#1661 = CARTESIAN_POINT('',(-11.34607132857,31.771071428571,10.));
#1662 = ORIENTED_EDGE('',*,*,#1663,.T.);
#1663 = EDGE_CURVE('',#1656,#1664,#1666,.T.);
#1664 = VERTEX_POINT('',#1665);
#1665 = CARTESIAN_POINT('',(-9.899642757143,28.9,10.));
#1666 = LINE('',#1667,#1668);
#1667 = CARTESIAN_POINT('',(-11.34607132857,31.771071428571,10.));
#1668 = VECTOR('',#1669,1.);
#1669 = DIRECTION('',(0.449922184078,-0.89306776242,0.));
#1670 = ORIENTED_EDGE('',*,*,#1671,.T.);
#1671 = EDGE_CURVE('',#1664,#1672,#1674,.T.);
#1672 = VERTEX_POINT('',#1673);
#1673 = CARTESIAN_POINT('',(-11.63535704285,28.9,10.));
#1674 = LINE('',#1675,#1676);
#1675 = CARTESIAN_POINT('',(-9.899642757143,28.9,10.));
#1676 = VECTOR('',#1677,1.);
#1677 = DIRECTION('',(-1.,0.,0.));
#1678 = ORIENTED_EDGE('',*,*,#1679,.T.);
#1679 = EDGE_CURVE('',#1672,#1680,#1682,.T.);
#1680 = VERTEX_POINT('',#1681);
#1681 = CARTESIAN_POINT('',(-12.59964275714,30.915357142857,10.));
#1682 = LINE('',#1683,#1684);
#1683 = CARTESIAN_POINT('',(-11.63535704285,28.9,10.));
#1684 = VECTOR('',#1685,1.);
#1685 = DIRECTION('',(-0.431608214028,0.902061167318,0.));
#1686 = ORIENTED_EDGE('',*,*,#1687,.T.);
#1687 = EDGE_CURVE('',#1680,#1688,#1690,.T.);
#1688 = VERTEX_POINT('',#1689);
#1689 = CARTESIAN_POINT('',(-12.71214275714,31.150714285714,10.));
#1690 = B_SPLINE_CURVE_WITH_KNOTS('',2,(#1691,#1692,#1693),
  .UNSPECIFIED.,.F.,.F.,(3,3),(0.,1.),.PIECEWISE_BEZIER_KNOTS.);
#1691 = CARTESIAN_POINT('',(-12.59964275714,30.915357142857,10.));
#1692 = CARTESIAN_POINT('',(-12.6424999,31.001071428571,10.));
#1693 = CARTESIAN_POINT('',(-12.71214275714,31.150714285714,10.));
#1694 = ORIENTED_EDGE('',*,*,#1695,.T.);
#1695 = EDGE_CURVE('',#1688,#1696,#1698,.T.);
#1696 = VERTEX_POINT('',#1697);
#1697 = CARTESIAN_POINT('',(-13.70857132857,32.054285714286,10.));
#1698 = B_SPLINE_CURVE_WITH_KNOTS('',2,(#1699,#1700,#1701),
  .UNSPECIFIED.,.F.,.F.,(3,3),(0.,1.),.PIECEWISE_BEZIER_KNOTS.);
#1699 = CARTESIAN_POINT('',(-12.71214275714,31.150714285714,10.));
#1700 = CARTESIAN_POINT('',(-13.13535704285,32.054285714286,10.));
#1701 = CARTESIAN_POINT('',(-13.70857132857,32.054285714286,10.));
#1702 = ORIENTED_EDGE('',*,*,#1703,.T.);
#1703 = EDGE_CURVE('',#1696,#1704,#1706,.T.);
#1704 = VERTEX_POINT('',#1705);
#1705 = CARTESIAN_POINT('',(-14.21214275714,32.054285714286,10.));
#1706 = LINE('',#1707,#1708);
#1707 = CARTESIAN_POINT('',(-13.70857132857,32.054285714286,10.));
#1708 = VECTOR('',#1709,1.);
#1709 = DIRECTION('',(-1.,0.,0.));
#1710 = ORIENTED_EDGE('',*,*,#1711,.T.);
#1711 = EDGE_CURVE('',#1704,#1712,#1714,.T.);
#1712 = VERTEX_POINT('',#1713);
#1713 = CARTESIAN_POINT('',(-14.21214275714,28.9,10.));
#1714 = LINE('',#1715,#1716);
#1715 = CARTESIAN_POINT('',(-14.21214275714,32.054285714286,10.));
#1716 = VECTOR('',#1717,1.);
#1717 = DIRECTION('',(0.,-1.,0.));
#1718 = ORIENTED_EDGE('',*,*,#1719,.T.);
#1719 = EDGE_CURVE('',#1712,#1720,#1722,.T.);
#1720 = VERTEX_POINT('',#1721);
#1721 = CARTESIAN_POINT('',(-15.7924999,28.9,10.));
#1722 = LINE('',#1723,#1724);
#1723 = CARTESIAN_POINT('',(-14.21214275714,28.9,10.));
#1724 = VECTOR('',#1725,1.);
#1725 = DIRECTION('',(-1.,0.,0.));
#1726 = ORIENTED_EDGE('',*,*,#1727,.T.);
#1727 = EDGE_CURVE('',#1720,#1728,#1730,.T.);
#1728 = VERTEX_POINT('',#1729);
#1729 = CARTESIAN_POINT('',(-15.7924999,36.9,10.));
#1730 = LINE('',#1731,#1732);
#1731 = CARTESIAN_POINT('',(-15.7924999,28.9,10.));
#1732 = VECTOR('',#1733,1.);
#1733 = DIRECTION('',(0.,1.,0.));
#1734 = ORIENTED_EDGE('',*,*,#1735,.T.);
#1735 = EDGE_CURVE('',#1728,#1736,#1738,.T.);
#1736 = VERTEX_POINT('',#1737);
#1737 = CARTESIAN_POINT('',(-13.51035704285,36.9,10.));
#1738 = LINE('',#1739,#1740);
#1739 = CARTESIAN_POINT('',(-15.7924999,36.9,10.));
#1740 = VECTOR('',#1741,1.);
#1741 = DIRECTION('',(1.,0.,0.));
#1742 = ORIENTED_EDGE('',*,*,#1743,.T.);
#1743 = EDGE_CURVE('',#1736,#1744,#1746,.T.);
#1744 = VERTEX_POINT('',#1745);
#1745 = CARTESIAN_POINT('',(-11.29535704285,36.352142857143,10.));
#1746 = B_SPLINE_CURVE_WITH_KNOTS('',2,(#1747,#1748,#1749),
  .UNSPECIFIED.,.F.,.F.,(3,3),(0.,1.),.PIECEWISE_BEZIER_KNOTS.);
#1747 = CARTESIAN_POINT('',(-13.51035704285,36.9,10.));
#1748 = CARTESIAN_POINT('',(-11.9674999,36.9,10.));
#1749 = CARTESIAN_POINT('',(-11.29535704285,36.352142857143,10.));
#1750 = ORIENTED_EDGE('',*,*,#1751,.T.);
#1751 = EDGE_CURVE('',#1744,#1752,#1754,.T.);
#1752 = VERTEX_POINT('',#1753);
#1753 = CARTESIAN_POINT('',(-10.62285704285,34.569642857143,10.));
#1754 = B_SPLINE_CURVE_WITH_KNOTS('',2,(#1755,#1756,#1757),
  .UNSPECIFIED.,.F.,.F.,(3,3),(0.,1.),.PIECEWISE_BEZIER_KNOTS.);
#1755 = CARTESIAN_POINT('',(-11.29535704285,36.352142857143,10.));
#1756 = CARTESIAN_POINT('',(-10.62285704285,35.804642857143,10.));
#1757 = CARTESIAN_POINT('',(-10.62285704285,34.569642857143,10.));
#1758 = ORIENTED_EDGE('',*,*,#1759,.T.);
#1759 = EDGE_CURVE('',#1752,#1638,#1760,.T.);
#1760 = B_SPLINE_CURVE_WITH_KNOTS('',2,(#1761,#1762,#1763),
  .UNSPECIFIED.,.F.,.F.,(3,3),(0.,1.),.PIECEWISE_BEZIER_KNOTS.);
#1761 = CARTESIAN_POINT('',(-10.62285704285,34.569642857143,10.));
#1762 = CARTESIAN_POINT('',(-10.62285704285,33.742857142857,10.));
#1763 = CARTESIAN_POINT('',(-11.02464275714,33.254285714286,10.));
#1764 = FACE_BOUND('',#1765,.T.);
#1765 = EDGE_LOOP('',(#1766,#1776,#1784,#1792,#1800,#1808,#1816,#1824,
    #1832,#1840,#1848,#1856,#1864,#1872,#1880,#1888,#1896,#1904));
#1766 = ORIENTED_EDGE('',*,*,#1767,.T.);
#1767 = EDGE_CURVE('',#1768,#1770,#1772,.T.);
#1768 = VERTEX_POINT('',#1769);
#1769 = CARTESIAN_POINT('',(2.4975001,30.888571428571,10.));
#1770 = VERTEX_POINT('',#1771);
#1771 = CARTESIAN_POINT('',(2.4975001,29.128571428571,10.));
#1772 = LINE('',#1773,#1774);
#1773 = CARTESIAN_POINT('',(2.4975001,30.888571428571,10.));
#1774 = VECTOR('',#1775,1.);
#1775 = DIRECTION('',(0.,-1.,0.));
#1776 = ORIENTED_EDGE('',*,*,#1777,.T.);
#1777 = EDGE_CURVE('',#1770,#1778,#1780,.T.);
#1778 = VERTEX_POINT('',#1779);
#1779 = CARTESIAN_POINT('',(1.7100001,28.837142857143,10.));
#1780 = B_SPLINE_CURVE_WITH_KNOTS('',2,(#1781,#1782,#1783),
  .UNSPECIFIED.,.F.,.F.,(3,3),(0.,1.),.PIECEWISE_BEZIER_KNOTS.);
#1781 = CARTESIAN_POINT('',(2.4975001,29.128571428571,10.));
#1782 = CARTESIAN_POINT('',(2.1225001,28.934285714286,10.));
#1783 = CARTESIAN_POINT('',(1.7100001,28.837142857143,10.));
#1784 = ORIENTED_EDGE('',*,*,#1785,.T.);
#1785 = EDGE_CURVE('',#1778,#1786,#1788,.T.);
#1786 = VERTEX_POINT('',#1787);
#1787 = CARTESIAN_POINT('',(0.842142957143,28.74,10.));
#1788 = B_SPLINE_CURVE_WITH_KNOTS('',2,(#1789,#1790,#1791),
  .UNSPECIFIED.,.F.,.F.,(3,3),(0.,1.),.PIECEWISE_BEZIER_KNOTS.);
#1789 = CARTESIAN_POINT('',(1.7100001,28.837142857143,10.));
#1790 = CARTESIAN_POINT('',(1.2975001,28.74,10.));
#1791 = CARTESIAN_POINT('',(0.842142957143,28.74,10.));
#1792 = ORIENTED_EDGE('',*,*,#1793,.T.);
#1793 = EDGE_CURVE('',#1786,#1794,#1796,.T.);
#1794 = VERTEX_POINT('',#1795);
#1795 = CARTESIAN_POINT('',(-1.6274999,29.805714285714,10.));
#1796 = B_SPLINE_CURVE_WITH_KNOTS('',2,(#1797,#1798,#1799),
  .UNSPECIFIED.,.F.,.F.,(3,3),(0.,1.),.PIECEWISE_BEZIER_KNOTS.);
#1797 = CARTESIAN_POINT('',(0.842142957143,28.74,10.));
#1798 = CARTESIAN_POINT('',(-0.775714185714,28.74,10.));
#1799 = CARTESIAN_POINT('',(-1.6274999,29.805714285714,10.));
#1800 = ORIENTED_EDGE('',*,*,#1801,.T.);
#1801 = EDGE_CURVE('',#1794,#1802,#1804,.T.);
#1802 = VERTEX_POINT('',#1803);
#1803 = CARTESIAN_POINT('',(-2.479285614286,32.886071428571,10.));
#1804 = B_SPLINE_CURVE_WITH_KNOTS('',2,(#1805,#1806,#1807),
  .UNSPECIFIED.,.F.,.F.,(3,3),(0.,1.),.PIECEWISE_BEZIER_KNOTS.);
#1805 = CARTESIAN_POINT('',(-1.6274999,29.805714285714,10.));
#1806 = CARTESIAN_POINT('',(-2.479285614286,30.871785714286,10.));
#1807 = CARTESIAN_POINT('',(-2.479285614286,32.886071428571,10.));
#1808 = ORIENTED_EDGE('',*,*,#1809,.T.);
#1809 = EDGE_CURVE('',#1802,#1810,#1812,.T.);
#1810 = VERTEX_POINT('',#1811);
#1811 = CARTESIAN_POINT('',(-1.6274999,35.971071428571,10.));
#1812 = B_SPLINE_CURVE_WITH_KNOTS('',2,(#1813,#1814,#1815),
  .UNSPECIFIED.,.F.,.F.,(3,3),(0.,1.),.PIECEWISE_BEZIER_KNOTS.);
#1813 = CARTESIAN_POINT('',(-2.479285614286,32.886071428571,10.));
#1814 = CARTESIAN_POINT('',(-2.479285614286,34.905357142857,10.));
#1815 = CARTESIAN_POINT('',(-1.6274999,35.971071428571,10.));
#1816 = ORIENTED_EDGE('',*,*,#1817,.T.);
#1817 = EDGE_CURVE('',#1810,#1818,#1820,.T.);
#1818 = VERTEX_POINT('',#1819);
#1819 = CARTESIAN_POINT('',(0.842142957143,37.037142857143,10.));
#1820 = B_SPLINE_CURVE_WITH_KNOTS('',2,(#1821,#1822,#1823),
  .UNSPECIFIED.,.F.,.F.,(3,3),(0.,1.),.PIECEWISE_BEZIER_KNOTS.);
#1821 = CARTESIAN_POINT('',(-1.6274999,35.971071428571,10.));
#1822 = CARTESIAN_POINT('',(-0.775714185714,37.037142857143,10.));
#1823 = CARTESIAN_POINT('',(0.842142957143,37.037142857143,10.));
#1824 = ORIENTED_EDGE('',*,*,#1825,.T.);
#1825 = EDGE_CURVE('',#1818,#1826,#1828,.T.);
#1826 = VERTEX_POINT('',#1827);
#1827 = CARTESIAN_POINT('',(1.715357242857,36.94,10.));
#1828 = B_SPLINE_CURVE_WITH_KNOTS('',2,(#1829,#1830,#1831),
  .UNSPECIFIED.,.F.,.F.,(3,3),(0.,1.),.PIECEWISE_BEZIER_KNOTS.);
#1829 = CARTESIAN_POINT('',(0.842142957143,37.037142857143,10.));
#1830 = CARTESIAN_POINT('',(1.2975001,37.037142857143,10.));
#1831 = CARTESIAN_POINT('',(1.715357242857,36.94,10.));
#1832 = ORIENTED_EDGE('',*,*,#1833,.T.);
#1833 = EDGE_CURVE('',#1826,#1834,#1836,.T.);
#1834 = VERTEX_POINT('',#1835);
#1835 = CARTESIAN_POINT('',(2.4975001,36.648571428571,10.));
#1836 = B_SPLINE_CURVE_WITH_KNOTS('',2,(#1837,#1838,#1839),
  .UNSPECIFIED.,.F.,.F.,(3,3),(0.,1.),.PIECEWISE_BEZIER_KNOTS.);
#1837 = CARTESIAN_POINT('',(1.715357242857,36.94,10.));
#1838 = CARTESIAN_POINT('',(2.133214385714,36.842857142857,10.));
#1839 = CARTESIAN_POINT('',(2.4975001,36.648571428571,10.));
#1840 = ORIENTED_EDGE('',*,*,#1841,.T.);
#1841 = EDGE_CURVE('',#1834,#1842,#1844,.T.);
#1842 = VERTEX_POINT('',#1843);
#1843 = CARTESIAN_POINT('',(2.4975001,34.888571428571,10.));
#1844 = LINE('',#1845,#1846);
#1845 = CARTESIAN_POINT('',(2.4975001,36.648571428571,10.));
#1846 = VECTOR('',#1847,1.);
#1847 = DIRECTION('',(0.,-1.,0.));
#1848 = ORIENTED_EDGE('',*,*,#1849,.T.);
#1849 = EDGE_CURVE('',#1842,#1850,#1852,.T.);
#1850 = VERTEX_POINT('',#1851);
#1851 = CARTESIAN_POINT('',(1.707142957143,35.443928571429,10.));
#1852 = B_SPLINE_CURVE_WITH_KNOTS('',2,(#1853,#1854,#1855),
  .UNSPECIFIED.,.F.,.F.,(3,3),(0.,1.),.PIECEWISE_BEZIER_KNOTS.);
#1853 = CARTESIAN_POINT('',(2.4975001,34.888571428571,10.));
#1854 = CARTESIAN_POINT('',(2.090357242857,35.267857142857,10.));
#1855 = CARTESIAN_POINT('',(1.707142957143,35.443928571429,10.));
#1856 = ORIENTED_EDGE('',*,*,#1857,.T.);
#1857 = EDGE_CURVE('',#1850,#1858,#1860,.T.);
#1858 = VERTEX_POINT('',#1859);
#1859 = CARTESIAN_POINT('',(0.917142957143,35.62,10.));
#1860 = B_SPLINE_CURVE_WITH_KNOTS('',2,(#1861,#1862,#1863),
  .UNSPECIFIED.,.F.,.F.,(3,3),(0.,1.),.PIECEWISE_BEZIER_KNOTS.);
#1861 = CARTESIAN_POINT('',(1.707142957143,35.443928571429,10.));
#1862 = CARTESIAN_POINT('',(1.324285814286,35.62,10.));
#1863 = CARTESIAN_POINT('',(0.917142957143,35.62,10.));
#1864 = ORIENTED_EDGE('',*,*,#1865,.T.);
#1865 = EDGE_CURVE('',#1858,#1866,#1868,.T.);
#1866 = VERTEX_POINT('',#1867);
#1867 = CARTESIAN_POINT('',(-0.392857042857,34.931071428571,10.));
#1868 = B_SPLINE_CURVE_WITH_KNOTS('',2,(#1869,#1870,#1871),
  .UNSPECIFIED.,.F.,.F.,(3,3),(0.,1.),.PIECEWISE_BEZIER_KNOTS.);
#1869 = CARTESIAN_POINT('',(0.917142957143,35.62,10.));
#1870 = CARTESIAN_POINT('',(4.928581428571E-02,35.62,10.));
#1871 = CARTESIAN_POINT('',(-0.392857042857,34.931071428571,10.));
#1872 = ORIENTED_EDGE('',*,*,#1873,.T.);
#1873 = EDGE_CURVE('',#1866,#1874,#1876,.T.);
#1874 = VERTEX_POINT('',#1875);
#1875 = CARTESIAN_POINT('',(-0.834642757143,32.885714285714,10.));
#1876 = B_SPLINE_CURVE_WITH_KNOTS('',2,(#1877,#1878,#1879),
  .UNSPECIFIED.,.F.,.F.,(3,3),(0.,1.),.PIECEWISE_BEZIER_KNOTS.);
#1877 = CARTESIAN_POINT('',(-0.392857042857,34.931071428571,10.));
#1878 = CARTESIAN_POINT('',(-0.834642757143,34.242142857143,10.));
#1879 = CARTESIAN_POINT('',(-0.834642757143,32.885714285714,10.));
#1880 = ORIENTED_EDGE('',*,*,#1881,.T.);
#1881 = EDGE_CURVE('',#1874,#1882,#1884,.T.);
#1882 = VERTEX_POINT('',#1883);
#1883 = CARTESIAN_POINT('',(-0.392857042857,30.846071428571,10.));
#1884 = B_SPLINE_CURVE_WITH_KNOTS('',2,(#1885,#1886,#1887),
  .UNSPECIFIED.,.F.,.F.,(3,3),(0.,1.),.PIECEWISE_BEZIER_KNOTS.);
#1885 = CARTESIAN_POINT('',(-0.834642757143,32.885714285714,10.));
#1886 = CARTESIAN_POINT('',(-0.834642757143,31.535,10.));
#1887 = CARTESIAN_POINT('',(-0.392857042857,30.846071428571,10.));
#1888 = ORIENTED_EDGE('',*,*,#1889,.T.);
#1889 = EDGE_CURVE('',#1882,#1890,#1892,.T.);
#1890 = VERTEX_POINT('',#1891);
#1891 = CARTESIAN_POINT('',(0.917142957143,30.157142857143,10.));
#1892 = B_SPLINE_CURVE_WITH_KNOTS('',2,(#1893,#1894,#1895),
  .UNSPECIFIED.,.F.,.F.,(3,3),(0.,1.),.PIECEWISE_BEZIER_KNOTS.);
#1893 = CARTESIAN_POINT('',(-0.392857042857,30.846071428571,10.));
#1894 = CARTESIAN_POINT('',(4.928581428571E-02,30.157142857143,10.));
#1895 = CARTESIAN_POINT('',(0.917142957143,30.157142857143,10.));
#1896 = ORIENTED_EDGE('',*,*,#1897,.T.);
#1897 = EDGE_CURVE('',#1890,#1898,#1900,.T.);
#1898 = VERTEX_POINT('',#1899);
#1899 = CARTESIAN_POINT('',(1.707142957143,30.333214285714,10.));
#1900 = B_SPLINE_CURVE_WITH_KNOTS('',2,(#1901,#1902,#1903),
  .UNSPECIFIED.,.F.,.F.,(3,3),(0.,1.),.PIECEWISE_BEZIER_KNOTS.);
#1901 = CARTESIAN_POINT('',(0.917142957143,30.157142857143,10.));
#1902 = CARTESIAN_POINT('',(1.324285814286,30.157142857143,10.));
#1903 = CARTESIAN_POINT('',(1.707142957143,30.333214285714,10.));
#1904 = ORIENTED_EDGE('',*,*,#1905,.T.);
#1905 = EDGE_CURVE('',#1898,#1768,#1906,.T.);
#1906 = B_SPLINE_CURVE_WITH_KNOTS('',2,(#1907,#1908,#1909),
  .UNSPECIFIED.,.F.,.F.,(3,3),(0.,1.),.PIECEWISE_BEZIER_KNOTS.);
#1907 = CARTESIAN_POINT('',(1.707142957143,30.333214285714,10.));
#1908 = CARTESIAN_POINT('',(2.090357242857,30.509285714286,10.));
#1909 = CARTESIAN_POINT('',(2.4975001,30.888571428571,10.));
#1910 = FACE_BOUND('',#1911,.T.);
#1911 = EDGE_LOOP('',(#1912,#1922,#1930,#1938,#1946,#1954,#1962,#1970));
#1912 = ORIENTED_EDGE('',*,*,#1913,.T.);
#1913 = EDGE_CURVE('',#1914,#1916,#1918,.T.);
#1914 = VERTEX_POINT('',#1915);
#1915 = CARTESIAN_POINT('',(4.514642957143,29.789642857143,10.));
#1916 = VERTEX_POINT('',#1917);
#1917 = CARTESIAN_POINT('',(3.8050001,32.886071428571,10.));
#1918 = B_SPLINE_CURVE_WITH_KNOTS('',2,(#1919,#1920,#1921),
  .UNSPECIFIED.,.F.,.F.,(3,3),(0.,1.),.PIECEWISE_BEZIER_KNOTS.);
#1919 = CARTESIAN_POINT('',(4.514642957143,29.789642857143,10.));
#1920 = CARTESIAN_POINT('',(3.8050001,30.839642857143,10.));
#1921 = CARTESIAN_POINT('',(3.8050001,32.886071428571,10.));
#1922 = ORIENTED_EDGE('',*,*,#1923,.T.);
#1923 = EDGE_CURVE('',#1916,#1924,#1926,.T.);
#1924 = VERTEX_POINT('',#1925);
#1925 = CARTESIAN_POINT('',(4.514642957143,35.987142857143,10.));
#1926 = B_SPLINE_CURVE_WITH_KNOTS('',2,(#1927,#1928,#1929),
  .UNSPECIFIED.,.F.,.F.,(3,3),(0.,1.),.PIECEWISE_BEZIER_KNOTS.);
#1927 = CARTESIAN_POINT('',(3.8050001,32.886071428571,10.));
#1928 = CARTESIAN_POINT('',(3.8050001,34.9375,10.));
#1929 = CARTESIAN_POINT('',(4.514642957143,35.987142857143,10.));
#1930 = ORIENTED_EDGE('',*,*,#1931,.T.);
#1931 = EDGE_CURVE('',#1924,#1932,#1934,.T.);
#1932 = VERTEX_POINT('',#1933);
#1933 = CARTESIAN_POINT('',(6.612142957143,37.037142857143,10.));
#1934 = B_SPLINE_CURVE_WITH_KNOTS('',2,(#1935,#1936,#1937),
  .UNSPECIFIED.,.F.,.F.,(3,3),(0.,1.),.PIECEWISE_BEZIER_KNOTS.);
#1935 = CARTESIAN_POINT('',(4.514642957143,35.987142857143,10.));
#1936 = CARTESIAN_POINT('',(5.224642957143,37.037142857143,10.));
#1937 = CARTESIAN_POINT('',(6.612142957143,37.037142857143,10.));
#1938 = ORIENTED_EDGE('',*,*,#1939,.T.);
#1939 = EDGE_CURVE('',#1932,#1940,#1942,.T.);
#1940 = VERTEX_POINT('',#1941);
#1941 = CARTESIAN_POINT('',(8.714642957143,35.987142857143,10.));
#1942 = B_SPLINE_CURVE_WITH_KNOTS('',2,(#1943,#1944,#1945),
  .UNSPECIFIED.,.F.,.F.,(3,3),(0.,1.),.PIECEWISE_BEZIER_KNOTS.);
#1943 = CARTESIAN_POINT('',(6.612142957143,37.037142857143,10.));
#1944 = CARTESIAN_POINT('',(8.0050001,37.037142857143,10.));
#1945 = CARTESIAN_POINT('',(8.714642957143,35.987142857143,10.));
#1946 = ORIENTED_EDGE('',*,*,#1947,.T.);
#1947 = EDGE_CURVE('',#1940,#1948,#1950,.T.);
#1948 = VERTEX_POINT('',#1949);
#1949 = CARTESIAN_POINT('',(9.424642957143,32.886071428571,10.));
#1950 = B_SPLINE_CURVE_WITH_KNOTS('',2,(#1951,#1952,#1953),
  .UNSPECIFIED.,.F.,.F.,(3,3),(0.,1.),.PIECEWISE_BEZIER_KNOTS.);
#1951 = CARTESIAN_POINT('',(8.714642957143,35.987142857143,10.));
#1952 = CARTESIAN_POINT('',(9.424642957143,34.9375,10.));
#1953 = CARTESIAN_POINT('',(9.424642957143,32.886071428571,10.));
#1954 = ORIENTED_EDGE('',*,*,#1955,.T.);
#1955 = EDGE_CURVE('',#1948,#1956,#1958,.T.);
#1956 = VERTEX_POINT('',#1957);
#1957 = CARTESIAN_POINT('',(8.714642957143,29.789642857143,10.));
#1958 = B_SPLINE_CURVE_WITH_KNOTS('',2,(#1959,#1960,#1961),
  .UNSPECIFIED.,.F.,.F.,(3,3),(0.,1.),.PIECEWISE_BEZIER_KNOTS.);
#1959 = CARTESIAN_POINT('',(9.424642957143,32.886071428571,10.));
#1960 = CARTESIAN_POINT('',(9.424642957143,30.839642857143,10.));
#1961 = CARTESIAN_POINT('',(8.714642957143,29.789642857143,10.));
#1962 = ORIENTED_EDGE('',*,*,#1963,.T.);
#1963 = EDGE_CURVE('',#1956,#1964,#1966,.T.);
#1964 = VERTEX_POINT('',#1965);
#1965 = CARTESIAN_POINT('',(6.612142957143,28.74,10.));
#1966 = B_SPLINE_CURVE_WITH_KNOTS('',2,(#1967,#1968,#1969),
  .UNSPECIFIED.,.F.,.F.,(3,3),(0.,1.),.PIECEWISE_BEZIER_KNOTS.);
#1967 = CARTESIAN_POINT('',(8.714642957143,29.789642857143,10.));
#1968 = CARTESIAN_POINT('',(8.0050001,28.74,10.));
#1969 = CARTESIAN_POINT('',(6.612142957143,28.74,10.));
#1970 = ORIENTED_EDGE('',*,*,#1971,.T.);
#1971 = EDGE_CURVE('',#1964,#1914,#1972,.T.);
#1972 = B_SPLINE_CURVE_WITH_KNOTS('',2,(#1973,#1974,#1975),
  .UNSPECIFIED.,.F.,.F.,(3,3),(0.,1.),.PIECEWISE_BEZIER_KNOTS.);
#1973 = CARTESIAN_POINT('',(6.612142957143,28.74,10.));
#1974 = CARTESIAN_POINT('',(5.224642957143,28.74,10.));
#1975 = CARTESIAN_POINT('',(4.514642957143,29.789642857143,10.));
#1976 = FACE_BOUND('',#1977,.T.);
#1977 = EDGE_LOOP('',(#1978,#1988,#1996,#2004,#2012,#2020,#2028,#2036,
    #2044,#2052));
#1978 = ORIENTED_EDGE('',*,*,#1979,.T.);
#1979 = EDGE_CURVE('',#1980,#1982,#1984,.T.);
#1980 = VERTEX_POINT('',#1981);
#1981 = CARTESIAN_POINT('',(10.555357242857,28.9,10.));
#1982 = VERTEX_POINT('',#1983);
#1983 = CARTESIAN_POINT('',(10.555357242857,36.9,10.));
#1984 = LINE('',#1985,#1986);
#1985 = CARTESIAN_POINT('',(10.555357242857,28.9,10.));
#1986 = VECTOR('',#1987,1.);
#1987 = DIRECTION('',(0.,1.,0.));
#1988 = ORIENTED_EDGE('',*,*,#1989,.T.);
#1989 = EDGE_CURVE('',#1982,#1990,#1992,.T.);
#1990 = VERTEX_POINT('',#1991);
#1991 = CARTESIAN_POINT('',(12.253571528571,36.9,10.));
#1992 = LINE('',#1993,#1994);
#1993 = CARTESIAN_POINT('',(10.555357242857,36.9,10.));
#1994 = VECTOR('',#1995,1.);
#1995 = DIRECTION('',(1.,0.,0.));
#1996 = ORIENTED_EDGE('',*,*,#1997,.T.);
#1997 = EDGE_CURVE('',#1990,#1998,#2000,.T.);
#1998 = VERTEX_POINT('',#1999);
#1999 = CARTESIAN_POINT('',(14.482142957143,31.086071428571,10.));
#2000 = LINE('',#2001,#2002);
#2001 = CARTESIAN_POINT('',(12.253571528571,36.9,10.));
#2002 = VECTOR('',#2003,1.);
#2003 = DIRECTION('',(0.357921841948,-0.933751548891,0.));
#2004 = ORIENTED_EDGE('',*,*,#2005,.T.);
#2005 = EDGE_CURVE('',#1998,#2006,#2008,.T.);
#2006 = VERTEX_POINT('',#2007);
#2007 = CARTESIAN_POINT('',(14.482142957143,36.9,10.));
#2008 = LINE('',#2009,#2010);
#2009 = CARTESIAN_POINT('',(14.482142957143,31.086071428571,10.));
#2010 = VECTOR('',#2011,1.);
#2011 = DIRECTION('',(0.,1.,0.));
#2012 = ORIENTED_EDGE('',*,*,#2013,.T.);
#2013 = EDGE_CURVE('',#2006,#2014,#2016,.T.);
#2014 = VERTEX_POINT('',#2015);
#2015 = CARTESIAN_POINT('',(15.8750001,36.9,10.));
#2016 = LINE('',#2017,#2018);
#2017 = CARTESIAN_POINT('',(14.482142957143,36.9,10.));
#2018 = VECTOR('',#2019,1.);
#2019 = DIRECTION('',(1.,0.,0.));
#2020 = ORIENTED_EDGE('',*,*,#2021,.T.);
#2021 = EDGE_CURVE('',#2014,#2022,#2024,.T.);
#2022 = VERTEX_POINT('',#2023);
#2023 = CARTESIAN_POINT('',(15.8750001,28.9,10.));
#2024 = LINE('',#2025,#2026);
#2025 = CARTESIAN_POINT('',(15.8750001,36.9,10.));
#2026 = VECTOR('',#2027,1.);
#2027 = DIRECTION('',(0.,-1.,0.));
#2028 = ORIENTED_EDGE('',*,*,#2029,.T.);
#2029 = EDGE_CURVE('',#2022,#2030,#2032,.T.);
#2030 = VERTEX_POINT('',#2031);
#2031 = CARTESIAN_POINT('',(14.1875001,28.9,10.));
#2032 = LINE('',#2033,#2034);
#2033 = CARTESIAN_POINT('',(15.8750001,28.9,10.));
#2034 = VECTOR('',#2035,1.);
#2035 = DIRECTION('',(-1.,0.,0.));
#2036 = ORIENTED_EDGE('',*,*,#2037,.T.);
#2037 = EDGE_CURVE('',#2030,#2038,#2040,.T.);
#2038 = VERTEX_POINT('',#2039);
#2039 = CARTESIAN_POINT('',(11.948214385714,34.713928571429,10.));
#2040 = LINE('',#2041,#2042);
#2041 = CARTESIAN_POINT('',(14.1875001,28.9,10.));
#2042 = VECTOR('',#2043,1.);
#2043 = DIRECTION('',(-0.359420787632,0.933175598383,0.));
#2044 = ORIENTED_EDGE('',*,*,#2045,.T.);
#2045 = EDGE_CURVE('',#2038,#2046,#2048,.T.);
#2046 = VERTEX_POINT('',#2047);
#2047 = CARTESIAN_POINT('',(11.948214385714,28.9,10.));
#2048 = LINE('',#2049,#2050);
#2049 = CARTESIAN_POINT('',(11.948214385714,34.713928571429,10.));
#2050 = VECTOR('',#2051,1.);
#2051 = DIRECTION('',(0.,-1.,0.));
#2052 = ORIENTED_EDGE('',*,*,#2053,.T.);
#2053 = EDGE_CURVE('',#2046,#1980,#2054,.T.);
#2054 = LINE('',#2055,#2056);
#2055 = CARTESIAN_POINT('',(11.948214385714,28.9,10.));
#2056 = VECTOR('',#2057,1.);
#2057 = DIRECTION('',(-1.,0.,0.));
#2058 = FACE_BOUND('',#2059,.T.);
#2059 = EDGE_LOOP('',(#2060,#2070,#2078,#2086,#2094,#2102,#2110,#2118));
#2060 = ORIENTED_EDGE('',*,*,#2061,.T.);
#2061 = EDGE_CURVE('',#2062,#2064,#2066,.T.);
#2062 = VERTEX_POINT('',#2063);
#2063 = CARTESIAN_POINT('',(20.616428671429,35.528571428571,10.));
#2064 = VERTEX_POINT('',#2065);
#2065 = CARTESIAN_POINT('',(20.616428671429,28.9,10.));
#2066 = LINE('',#2067,#2068);
#2067 = CARTESIAN_POINT('',(20.616428671429,35.528571428571,10.));
#2068 = VECTOR('',#2069,1.);
#2069 = DIRECTION('',(0.,-1.,0.));
#2070 = ORIENTED_EDGE('',*,*,#2071,.T.);
#2071 = EDGE_CURVE('',#2064,#2072,#2074,.T.);
#2072 = VERTEX_POINT('',#2073);
#2073 = CARTESIAN_POINT('',(19.036071528571,28.9,10.));
#2074 = LINE('',#2075,#2076);
#2075 = CARTESIAN_POINT('',(20.616428671429,28.9,10.));
#2076 = VECTOR('',#2077,1.);
#2077 = DIRECTION('',(-1.,0.,0.));
#2078 = ORIENTED_EDGE('',*,*,#2079,.T.);
#2079 = EDGE_CURVE('',#2072,#2080,#2082,.T.);
#2080 = VERTEX_POINT('',#2081);
#2081 = CARTESIAN_POINT('',(19.036071528571,35.528571428571,10.));
#2082 = LINE('',#2083,#2084);
#2083 = CARTESIAN_POINT('',(19.036071528571,28.9,10.));
#2084 = VECTOR('',#2085,1.);
#2085 = DIRECTION('',(0.,1.,0.));
#2086 = ORIENTED_EDGE('',*,*,#2087,.T.);
#2087 = EDGE_CURVE('',#2080,#2088,#2090,.T.);
#2088 = VERTEX_POINT('',#2089);
#2089 = CARTESIAN_POINT('',(17.005714385714,35.528571428571,10.));
#2090 = LINE('',#2091,#2092);
#2091 = CARTESIAN_POINT('',(19.036071528571,35.528571428571,10.));
#2092 = VECTOR('',#2093,1.);
#2093 = DIRECTION('',(-1.,0.,0.));
#2094 = ORIENTED_EDGE('',*,*,#2095,.T.);
#2095 = EDGE_CURVE('',#2088,#2096,#2098,.T.);
#2096 = VERTEX_POINT('',#2097);
#2097 = CARTESIAN_POINT('',(17.005714385714,36.9,10.));
#2098 = LINE('',#2099,#2100);
#2099 = CARTESIAN_POINT('',(17.005714385714,35.528571428571,10.));
#2100 = VECTOR('',#2101,1.);
#2101 = DIRECTION('',(0.,1.,0.));
#2102 = ORIENTED_EDGE('',*,*,#2103,.T.);
#2103 = EDGE_CURVE('',#2096,#2104,#2106,.T.);
#2104 = VERTEX_POINT('',#2105);
#2105 = CARTESIAN_POINT('',(22.646785814286,36.9,10.));
#2106 = LINE('',#2107,#2108);
#2107 = CARTESIAN_POINT('',(17.005714385714,36.9,10.));
#2108 = VECTOR('',#2109,1.);
#2109 = DIRECTION('',(1.,0.,0.));
#2110 = ORIENTED_EDGE('',*,*,#2111,.T.);
#2111 = EDGE_CURVE('',#2104,#2112,#2114,.T.);
#2112 = VERTEX_POINT('',#2113);
#2113 = CARTESIAN_POINT('',(22.646785814286,35.528571428571,10.));
#2114 = LINE('',#2115,#2116);
#2115 = CARTESIAN_POINT('',(22.646785814286,36.9,10.));
#2116 = VECTOR('',#2117,1.);
#2117 = DIRECTION('',(0.,-1.,0.));
#2118 = ORIENTED_EDGE('',*,*,#2119,.T.);
#2119 = EDGE_CURVE('',#2112,#2062,#2120,.T.);
#2120 = LINE('',#2121,#2122);
#2121 = CARTESIAN_POINT('',(22.646785814286,35.528571428571,10.));
#2122 = VECTOR('',#2123,1.);
#2123 = DIRECTION('',(-1.,0.,0.));
#2124 = FACE_BOUND('',#2125,.T.);
#2125 = EDGE_LOOP('',(#2126,#2136,#2144,#2152,#2160,#2168,#2176,#2184,
    #2192,#2200,#2208,#2216,#2224,#2232,#2240,#2248));
#2126 = ORIENTED_EDGE('',*,*,#2127,.T.);
#2127 = EDGE_CURVE('',#2128,#2130,#2132,.T.);
#2128 = VERTEX_POINT('',#2129);
#2129 = CARTESIAN_POINT('',(28.609642957143,33.254285714286,10.));
#2130 = VERTEX_POINT('',#2131);
#2131 = CARTESIAN_POINT('',(27.4525001,32.668928571429,10.));
#2132 = B_SPLINE_CURVE_WITH_KNOTS('',2,(#2133,#2134,#2135),
  .UNSPECIFIED.,.F.,.F.,(3,3),(0.,1.),.PIECEWISE_BEZIER_KNOTS.);
#2133 = CARTESIAN_POINT('',(28.609642957143,33.254285714286,10.));
#2134 = CARTESIAN_POINT('',(28.207857242857,32.765714285714,10.));
#2135 = CARTESIAN_POINT('',(27.4525001,32.668928571429,10.));
#2136 = ORIENTED_EDGE('',*,*,#2137,.T.);
#2137 = EDGE_CURVE('',#2130,#2138,#2140,.T.);
#2138 = VERTEX_POINT('',#2139);
#2139 = CARTESIAN_POINT('',(27.862142957143,32.447142857143,10.));
#2140 = B_SPLINE_CURVE_WITH_KNOTS('',2,(#2141,#2142,#2143),
  .UNSPECIFIED.,.F.,.F.,(3,3),(0.,1.),.PIECEWISE_BEZIER_KNOTS.);
#2141 = CARTESIAN_POINT('',(27.4525001,32.668928571429,10.));
#2142 = CARTESIAN_POINT('',(27.688214385714,32.620714285714,10.));
#2143 = CARTESIAN_POINT('',(27.862142957143,32.447142857143,10.));
#2144 = ORIENTED_EDGE('',*,*,#2145,.T.);
#2145 = EDGE_CURVE('',#2138,#2146,#2148,.T.);
#2146 = VERTEX_POINT('',#2147);
#2147 = CARTESIAN_POINT('',(28.288214385714,31.771071428571,10.));
#2148 = B_SPLINE_CURVE_WITH_KNOTS('',2,(#2149,#2150,#2151),
  .UNSPECIFIED.,.F.,.F.,(3,3),(0.,1.),.PIECEWISE_BEZIER_KNOTS.);
#2149 = CARTESIAN_POINT('',(27.862142957143,32.447142857143,10.));
#2150 = CARTESIAN_POINT('',(28.036428671429,32.273571428571,10.));
#2151 = CARTESIAN_POINT('',(28.288214385714,31.771071428571,10.));
#2152 = ORIENTED_EDGE('',*,*,#2153,.T.);
#2153 = EDGE_CURVE('',#2146,#2154,#2156,.T.);
#2154 = VERTEX_POINT('',#2155);
#2155 = CARTESIAN_POINT('',(29.734642957143,28.9,10.));
#2156 = LINE('',#2157,#2158);
#2157 = CARTESIAN_POINT('',(28.288214385714,31.771071428571,10.));
#2158 = VECTOR('',#2159,1.);
#2159 = DIRECTION('',(0.449922184078,-0.89306776242,0.));
#2160 = ORIENTED_EDGE('',*,*,#2161,.T.);
#2161 = EDGE_CURVE('',#2154,#2162,#2164,.T.);
#2162 = VERTEX_POINT('',#2163);
#2163 = CARTESIAN_POINT('',(27.998928671429,28.9,10.));
#2164 = LINE('',#2165,#2166);
#2165 = CARTESIAN_POINT('',(29.734642957143,28.9,10.));
#2166 = VECTOR('',#2167,1.);
#2167 = DIRECTION('',(-1.,0.,0.));
#2168 = ORIENTED_EDGE('',*,*,#2169,.T.);
#2169 = EDGE_CURVE('',#2162,#2170,#2172,.T.);
#2170 = VERTEX_POINT('',#2171);
#2171 = CARTESIAN_POINT('',(27.034642957143,30.915357142857,10.));
#2172 = LINE('',#2173,#2174);
#2173 = CARTESIAN_POINT('',(27.998928671429,28.9,10.));
#2174 = VECTOR('',#2175,1.);
#2175 = DIRECTION('',(-0.431608214028,0.902061167318,0.));
#2176 = ORIENTED_EDGE('',*,*,#2177,.T.);
#2177 = EDGE_CURVE('',#2170,#2178,#2180,.T.);
#2178 = VERTEX_POINT('',#2179);
#2179 = CARTESIAN_POINT('',(26.922142957143,31.150714285714,10.));
#2180 = B_SPLINE_CURVE_WITH_KNOTS('',2,(#2181,#2182,#2183),
  .UNSPECIFIED.,.F.,.F.,(3,3),(0.,1.),.PIECEWISE_BEZIER_KNOTS.);
#2181 = CARTESIAN_POINT('',(27.034642957143,30.915357142857,10.));
#2182 = CARTESIAN_POINT('',(26.991785814286,31.001071428571,10.));
#2183 = CARTESIAN_POINT('',(26.922142957143,31.150714285714,10.));
#2184 = ORIENTED_EDGE('',*,*,#2185,.T.);
#2185 = EDGE_CURVE('',#2178,#2186,#2188,.T.);
#2186 = VERTEX_POINT('',#2187);
#2187 = CARTESIAN_POINT('',(25.925714385714,32.054285714286,10.));
#2188 = B_SPLINE_CURVE_WITH_KNOTS('',2,(#2189,#2190,#2191),
  .UNSPECIFIED.,.F.,.F.,(3,3),(0.,1.),.PIECEWISE_BEZIER_KNOTS.);
#2189 = CARTESIAN_POINT('',(26.922142957143,31.150714285714,10.));
#2190 = CARTESIAN_POINT('',(26.498928671429,32.054285714286,10.));
#2191 = CARTESIAN_POINT('',(25.925714385714,32.054285714286,10.));
#2192 = ORIENTED_EDGE('',*,*,#2193,.T.);
#2193 = EDGE_CURVE('',#2186,#2194,#2196,.T.);
#2194 = VERTEX_POINT('',#2195);
#2195 = CARTESIAN_POINT('',(25.422142957143,32.054285714286,10.));
#2196 = LINE('',#2197,#2198);
#2197 = CARTESIAN_POINT('',(25.925714385714,32.054285714286,10.));
#2198 = VECTOR('',#2199,1.);
#2199 = DIRECTION('',(-1.,0.,0.));
#2200 = ORIENTED_EDGE('',*,*,#2201,.T.);
#2201 = EDGE_CURVE('',#2194,#2202,#2204,.T.);
#2202 = VERTEX_POINT('',#2203);
#2203 = CARTESIAN_POINT('',(25.422142957143,28.9,10.));
#2204 = LINE('',#2205,#2206);
#2205 = CARTESIAN_POINT('',(25.422142957143,32.054285714286,10.));
#2206 = VECTOR('',#2207,1.);
#2207 = DIRECTION('',(0.,-1.,0.));
#2208 = ORIENTED_EDGE('',*,*,#2209,.T.);
#2209 = EDGE_CURVE('',#2202,#2210,#2212,.T.);
#2210 = VERTEX_POINT('',#2211);
#2211 = CARTESIAN_POINT('',(23.841785814286,28.9,10.));
#2212 = LINE('',#2213,#2214);
#2213 = CARTESIAN_POINT('',(25.422142957143,28.9,10.));
#2214 = VECTOR('',#2215,1.);
#2215 = DIRECTION('',(-1.,0.,0.));
#2216 = ORIENTED_EDGE('',*,*,#2217,.T.);
#2217 = EDGE_CURVE('',#2210,#2218,#2220,.T.);
#2218 = VERTEX_POINT('',#2219);
#2219 = CARTESIAN_POINT('',(23.841785814286,36.9,10.));
#2220 = LINE('',#2221,#2222);
#2221 = CARTESIAN_POINT('',(23.841785814286,28.9,10.));
#2222 = VECTOR('',#2223,1.);
#2223 = DIRECTION('',(0.,1.,0.));
#2224 = ORIENTED_EDGE('',*,*,#2225,.T.);
#2225 = EDGE_CURVE('',#2218,#2226,#2228,.T.);
#2226 = VERTEX_POINT('',#2227);
#2227 = CARTESIAN_POINT('',(26.123928671429,36.9,10.));
#2228 = LINE('',#2229,#2230);
#2229 = CARTESIAN_POINT('',(23.841785814286,36.9,10.));
#2230 = VECTOR('',#2231,1.);
#2231 = DIRECTION('',(1.,0.,0.));
#2232 = ORIENTED_EDGE('',*,*,#2233,.T.);
#2233 = EDGE_CURVE('',#2226,#2234,#2236,.T.);
#2234 = VERTEX_POINT('',#2235);
#2235 = CARTESIAN_POINT('',(28.338928671429,36.352142857143,10.));
#2236 = B_SPLINE_CURVE_WITH_KNOTS('',2,(#2237,#2238,#2239),
  .UNSPECIFIED.,.F.,.F.,(3,3),(0.,1.),.PIECEWISE_BEZIER_KNOTS.);
#2237 = CARTESIAN_POINT('',(26.123928671429,36.9,10.));
#2238 = CARTESIAN_POINT('',(27.666785814286,36.9,10.));
#2239 = CARTESIAN_POINT('',(28.338928671429,36.352142857143,10.));
#2240 = ORIENTED_EDGE('',*,*,#2241,.T.);
#2241 = EDGE_CURVE('',#2234,#2242,#2244,.T.);
#2242 = VERTEX_POINT('',#2243);
#2243 = CARTESIAN_POINT('',(29.011428671429,34.569642857143,10.));
#2244 = B_SPLINE_CURVE_WITH_KNOTS('',2,(#2245,#2246,#2247),
  .UNSPECIFIED.,.F.,.F.,(3,3),(0.,1.),.PIECEWISE_BEZIER_KNOTS.);
#2245 = CARTESIAN_POINT('',(28.338928671429,36.352142857143,10.));
#2246 = CARTESIAN_POINT('',(29.011428671429,35.804642857143,10.));
#2247 = CARTESIAN_POINT('',(29.011428671429,34.569642857143,10.));
#2248 = ORIENTED_EDGE('',*,*,#2249,.T.);
#2249 = EDGE_CURVE('',#2242,#2128,#2250,.T.);
#2250 = B_SPLINE_CURVE_WITH_KNOTS('',2,(#2251,#2252,#2253),
  .UNSPECIFIED.,.F.,.F.,(3,3),(0.,1.),.PIECEWISE_BEZIER_KNOTS.);
#2251 = CARTESIAN_POINT('',(29.011428671429,34.569642857143,10.));
#2252 = CARTESIAN_POINT('',(29.011428671429,33.742857142857,10.));
#2253 = CARTESIAN_POINT('',(28.609642957143,33.254285714286,10.));
#2254 = FACE_BOUND('',#2255,.T.);
#2255 = EDGE_LOOP('',(#2256,#2266,#2274,#2282,#2290,#2298,#2306,#2314));
#2256 = ORIENTED_EDGE('',*,*,#2257,.T.);
#2257 = EDGE_CURVE('',#2258,#2260,#2262,.T.);
#2258 = VERTEX_POINT('',#2259);
#2259 = CARTESIAN_POINT('',(30.9375001,29.789642857143,10.));
#2260 = VERTEX_POINT('',#2261);
#2261 = CARTESIAN_POINT('',(30.227857242857,32.886071428571,10.));
#2262 = B_SPLINE_CURVE_WITH_KNOTS('',2,(#2263,#2264,#2265),
  .UNSPECIFIED.,.F.,.F.,(3,3),(0.,1.),.PIECEWISE_BEZIER_KNOTS.);
#2263 = CARTESIAN_POINT('',(30.9375001,29.789642857143,10.));
#2264 = CARTESIAN_POINT('',(30.227857242857,30.839642857143,10.));
#2265 = CARTESIAN_POINT('',(30.227857242857,32.886071428571,10.));
#2266 = ORIENTED_EDGE('',*,*,#2267,.T.);
#2267 = EDGE_CURVE('',#2260,#2268,#2270,.T.);
#2268 = VERTEX_POINT('',#2269);
#2269 = CARTESIAN_POINT('',(30.9375001,35.987142857143,10.));
#2270 = B_SPLINE_CURVE_WITH_KNOTS('',2,(#2271,#2272,#2273),
  .UNSPECIFIED.,.F.,.F.,(3,3),(0.,1.),.PIECEWISE_BEZIER_KNOTS.);
#2271 = CARTESIAN_POINT('',(30.227857242857,32.886071428571,10.));
#2272 = CARTESIAN_POINT('',(30.227857242857,34.9375,10.));
#2273 = CARTESIAN_POINT('',(30.9375001,35.987142857143,10.));
#2274 = ORIENTED_EDGE('',*,*,#2275,.T.);
#2275 = EDGE_CURVE('',#2268,#2276,#2278,.T.);
#2276 = VERTEX_POINT('',#2277);
#2277 = CARTESIAN_POINT('',(33.0350001,37.037142857143,10.));
#2278 = B_SPLINE_CURVE_WITH_KNOTS('',2,(#2279,#2280,#2281),
  .UNSPECIFIED.,.F.,.F.,(3,3),(0.,1.),.PIECEWISE_BEZIER_KNOTS.);
#2279 = CARTESIAN_POINT('',(30.9375001,35.987142857143,10.));
#2280 = CARTESIAN_POINT('',(31.6475001,37.037142857143,10.));
#2281 = CARTESIAN_POINT('',(33.0350001,37.037142857143,10.));
#2282 = ORIENTED_EDGE('',*,*,#2283,.T.);
#2283 = EDGE_CURVE('',#2276,#2284,#2286,.T.);
#2284 = VERTEX_POINT('',#2285);
#2285 = CARTESIAN_POINT('',(35.1375001,35.987142857143,10.));
#2286 = B_SPLINE_CURVE_WITH_KNOTS('',2,(#2287,#2288,#2289),
  .UNSPECIFIED.,.F.,.F.,(3,3),(0.,1.),.PIECEWISE_BEZIER_KNOTS.);
#2287 = CARTESIAN_POINT('',(33.0350001,37.037142857143,10.));
#2288 = CARTESIAN_POINT('',(34.427857242857,37.037142857143,10.));
#2289 = CARTESIAN_POINT('',(35.1375001,35.987142857143,10.));
#2290 = ORIENTED_EDGE('',*,*,#2291,.T.);
#2291 = EDGE_CURVE('',#2284,#2292,#2294,.T.);
#2292 = VERTEX_POINT('',#2293);
#2293 = CARTESIAN_POINT('',(35.8475001,32.886071428571,10.));
#2294 = B_SPLINE_CURVE_WITH_KNOTS('',2,(#2295,#2296,#2297),
  .UNSPECIFIED.,.F.,.F.,(3,3),(0.,1.),.PIECEWISE_BEZIER_KNOTS.);
#2295 = CARTESIAN_POINT('',(35.1375001,35.987142857143,10.));
#2296 = CARTESIAN_POINT('',(35.8475001,34.9375,10.));
#2297 = CARTESIAN_POINT('',(35.8475001,32.886071428571,10.));
#2298 = ORIENTED_EDGE('',*,*,#2299,.T.);
#2299 = EDGE_CURVE('',#2292,#2300,#2302,.T.);
#2300 = VERTEX_POINT('',#2301);
#2301 = CARTESIAN_POINT('',(35.1375001,29.789642857143,10.));
#2302 = B_SPLINE_CURVE_WITH_KNOTS('',2,(#2303,#2304,#2305),
  .UNSPECIFIED.,.F.,.F.,(3,3),(0.,1.),.PIECEWISE_BEZIER_KNOTS.);
#2303 = CARTESIAN_POINT('',(35.8475001,32.886071428571,10.));
#2304 = CARTESIAN_POINT('',(35.8475001,30.839642857143,10.));
#2305 = CARTESIAN_POINT('',(35.1375001,29.789642857143,10.));
#2306 = ORIENTED_EDGE('',*,*,#2307,.T.);
#2307 = EDGE_CURVE('',#2300,#2308,#2310,.T.);
#2308 = VERTEX_POINT('',#2309);
#2309 = CARTESIAN_POINT('',(33.0350001,28.74,10.));
#2310 = B_SPLINE_CURVE_WITH_KNOTS('',2,(#2311,#2312,#2313),
  .UNSPECIFIED.,.F.,.F.,(3,3),(0.,1.),.PIECEWISE_BEZIER_KNOTS.);
#2311 = CARTESIAN_POINT('',(35.1375001,29.789642857143,10.));
#2312 = CARTESIAN_POINT('',(34.427857242857,28.74,10.));
#2313 = CARTESIAN_POINT('',(33.0350001,28.74,10.));
#2314 = ORIENTED_EDGE('',*,*,#2315,.T.);
#2315 = EDGE_CURVE('',#2308,#2258,#2316,.T.);
#2316 = B_SPLINE_CURVE_WITH_KNOTS('',2,(#2317,#2318,#2319),
  .UNSPECIFIED.,.F.,.F.,(3,3),(0.,1.),.PIECEWISE_BEZIER_KNOTS.);
#2317 = CARTESIAN_POINT('',(33.0350001,28.74,10.));
#2318 = CARTESIAN_POINT('',(31.6475001,28.74,10.));
#2319 = CARTESIAN_POINT('',(30.9375001,29.789642857143,10.));
#2320 = FACE_BOUND('',#2321,.T.);
#2321 = EDGE_LOOP('',(#2322,#2332,#2340,#2348,#2356,#2364));
#2322 = ORIENTED_EDGE('',*,*,#2323,.T.);
#2323 = EDGE_CURVE('',#2324,#2326,#2328,.T.);
#2324 = VERTEX_POINT('',#2325);
#2325 = CARTESIAN_POINT('',(42.506785814286,28.9,10.));
#2326 = VERTEX_POINT('',#2327);
#2327 = CARTESIAN_POINT('',(37.546071528571,28.9,10.));
#2328 = LINE('',#2329,#2330);
#2329 = CARTESIAN_POINT('',(42.506785814286,28.9,10.));
#2330 = VECTOR('',#2331,1.);
#2331 = DIRECTION('',(-1.,0.,0.));
#2332 = ORIENTED_EDGE('',*,*,#2333,.T.);
#2333 = EDGE_CURVE('',#2326,#2334,#2336,.T.);
#2334 = VERTEX_POINT('',#2335);
#2335 = CARTESIAN_POINT('',(37.546071528571,36.9,10.));
#2336 = LINE('',#2337,#2338);
#2337 = CARTESIAN_POINT('',(37.546071528571,28.9,10.));
#2338 = VECTOR('',#2339,1.);
#2339 = DIRECTION('',(0.,1.,0.));
#2340 = ORIENTED_EDGE('',*,*,#2341,.T.);
#2341 = EDGE_CURVE('',#2334,#2342,#2344,.T.);
#2342 = VERTEX_POINT('',#2343);
#2343 = CARTESIAN_POINT('',(39.126428671429,36.9,10.));
#2344 = LINE('',#2345,#2346);
#2345 = CARTESIAN_POINT('',(37.546071528571,36.9,10.));
#2346 = VECTOR('',#2347,1.);
#2347 = DIRECTION('',(1.,0.,0.));
#2348 = ORIENTED_EDGE('',*,*,#2349,.T.);
#2349 = EDGE_CURVE('',#2342,#2350,#2352,.T.);
#2350 = VERTEX_POINT('',#2351);
#2351 = CARTESIAN_POINT('',(39.126428671429,30.294285714286,10.));
#2352 = LINE('',#2353,#2354);
#2353 = CARTESIAN_POINT('',(39.126428671429,36.9,10.));
#2354 = VECTOR('',#2355,1.);
#2355 = DIRECTION('',(0.,-1.,0.));
#2356 = ORIENTED_EDGE('',*,*,#2357,.T.);
#2357 = EDGE_CURVE('',#2350,#2358,#2360,.T.);
#2358 = VERTEX_POINT('',#2359);
#2359 = CARTESIAN_POINT('',(42.506785814286,30.294285714286,10.));
#2360 = LINE('',#2361,#2362);
#2361 = CARTESIAN_POINT('',(39.126428671429,30.294285714286,10.));
#2362 = VECTOR('',#2363,1.);
#2363 = DIRECTION('',(1.,0.,0.));
#2364 = ORIENTED_EDGE('',*,*,#2365,.T.);
#2365 = EDGE_CURVE('',#2358,#2324,#2366,.T.);
#2366 = LINE('',#2367,#2368);
#2367 = CARTESIAN_POINT('',(42.506785814286,30.294285714286,10.));
#2368 = VECTOR('',#2369,1.);
#2369 = DIRECTION('',(0.,-1.,0.));
#2370 = PLANE('',#2371);
#2371 = AXIS2_PLACEMENT_3D('',#2372,#2373,#2374);
#2372 = CARTESIAN_POINT('',(0.,32.765,10.));
#2373 = DIRECTION('',(0.,0.,1.));
#2374 = DIRECTION('',(1.,0.,0.));
#2375 = ADVANCED_FACE('',(#2376),#2382,.F.);
#2376 = FACE_BOUND('',#2377,.F.);
#2377 = EDGE_LOOP('',(#2378,#2379,#2380,#2381));
#2378 = ORIENTED_EDGE('',*,*,#163,.T.);
#2379 = ORIENTED_EDGE('',*,*,#1284,.T.);
#2380 = ORIENTED_EDGE('',*,*,#123,.F.);
#2381 = ORIENTED_EDGE('',*,*,#187,.F.);
#2382 = PLANE('',#2383);
#2383 = AXIS2_PLACEMENT_3D('',#2384,#2385,#2386);
#2384 = CARTESIAN_POINT('',(50.,26.,9.));
#2385 = DIRECTION('',(-1.,0.,0.));
#2386 = DIRECTION('',(0.,1.,0.));
#2387 = ADVANCED_FACE('',(#2388),#2404,.F.);
#2388 = FACE_BOUND('',#2389,.F.);
#2389 = EDGE_LOOP('',(#2390,#2396,#2397,#2403));
#2390 = ORIENTED_EDGE('',*,*,#2391,.T.);
#2391 = EDGE_CURVE('',#197,#1294,#2392,.T.);
#2392 = LINE('',#2393,#2394);
#2393 = CARTESIAN_POINT('',(-42.0599999,28.9,9.));
#2394 = VECTOR('',#2395,1.);
#2395 = DIRECTION('',(0.,0.,1.));
#2396 = ORIENTED_EDGE('',*,*,#1293,.T.);
#2397 = ORIENTED_EDGE('',*,*,#2398,.F.);
#2398 = EDGE_CURVE('',#199,#1296,#2399,.T.);
#2399 = LINE('',#2400,#2401);
#2400 = CARTESIAN_POINT('',(-42.0599999,36.9,9.));
#2401 = VECTOR('',#2402,1.);
#2402 = DIRECTION('',(0.,0.,1.));
#2403 = ORIENTED_EDGE('',*,*,#196,.F.);
#2404 = PLANE('',#2405);
#2405 = AXIS2_PLACEMENT_3D('',#2406,#2407,#2408);
#2406 = CARTESIAN_POINT('',(-42.0599999,28.9,9.));
#2407 = DIRECTION('',(-1.,0.,0.));
#2408 = DIRECTION('',(0.,1.,0.));
#2409 = ADVANCED_FACE('',(#2410),#2421,.F.);
#2410 = FACE_BOUND('',#2411,.F.);
#2411 = EDGE_LOOP('',(#2412,#2418,#2419,#2420));
#2412 = ORIENTED_EDGE('',*,*,#2413,.T.);
#2413 = EDGE_CURVE('',#255,#1352,#2414,.T.);
#2414 = LINE('',#2415,#2416);
#2415 = CARTESIAN_POINT('',(-40.47964275714,28.9,9.));
#2416 = VECTOR('',#2417,1.);
#2417 = DIRECTION('',(0.,0.,1.));
#2418 = ORIENTED_EDGE('',*,*,#1359,.T.);
#2419 = ORIENTED_EDGE('',*,*,#2391,.F.);
#2420 = ORIENTED_EDGE('',*,*,#262,.F.);
#2421 = PLANE('',#2422);
#2422 = AXIS2_PLACEMENT_3D('',#2423,#2424,#2425);
#2423 = CARTESIAN_POINT('',(-40.47964275714,28.9,9.));
#2424 = DIRECTION('',(0.,-1.,0.));
#2425 = DIRECTION('',(-1.,0.,0.));
#2426 = ADVANCED_FACE('',(#2427),#2438,.F.);
#2427 = FACE_BOUND('',#2428,.F.);
#2428 = EDGE_LOOP('',(#2429,#2435,#2436,#2437));
#2429 = ORIENTED_EDGE('',*,*,#2430,.T.);
#2430 = EDGE_CURVE('',#247,#1344,#2431,.T.);
#2431 = LINE('',#2432,#2433);
#2432 = CARTESIAN_POINT('',(-40.47964275714,31.894285714286,9.));
#2433 = VECTOR('',#2434,1.);
#2434 = DIRECTION('',(0.,0.,1.));
#2435 = ORIENTED_EDGE('',*,*,#1351,.T.);
#2436 = ORIENTED_EDGE('',*,*,#2413,.F.);
#2437 = ORIENTED_EDGE('',*,*,#254,.F.);
#2438 = PLANE('',#2439);
#2439 = AXIS2_PLACEMENT_3D('',#2440,#2441,#2442);
#2440 = CARTESIAN_POINT('',(-40.47964275714,31.894285714286,9.));
#2441 = DIRECTION('',(1.,0.,0.));
#2442 = DIRECTION('',(0.,-1.,0.));
#2443 = ADVANCED_FACE('',(#2444),#2455,.F.);
#2444 = FACE_BOUND('',#2445,.F.);
#2445 = EDGE_LOOP('',(#2446,#2452,#2453,#2454));
#2446 = ORIENTED_EDGE('',*,*,#2447,.T.);
#2447 = EDGE_CURVE('',#239,#1336,#2448,.T.);
#2448 = LINE('',#2449,#2450);
#2449 = CARTESIAN_POINT('',(-39.89035704285,31.894285714286,9.));
#2450 = VECTOR('',#2451,1.);
#2451 = DIRECTION('',(0.,0.,1.));
#2452 = ORIENTED_EDGE('',*,*,#1343,.T.);
#2453 = ORIENTED_EDGE('',*,*,#2430,.F.);
#2454 = ORIENTED_EDGE('',*,*,#246,.F.);
#2455 = PLANE('',#2456);
#2456 = AXIS2_PLACEMENT_3D('',#2457,#2458,#2459);
#2457 = CARTESIAN_POINT('',(-39.89035704285,31.894285714286,9.));
#2458 = DIRECTION('',(0.,-1.,0.));
#2459 = DIRECTION('',(-1.,0.,0.));
#2460 = ADVANCED_FACE('',(#2461),#2472,.F.);
#2461 = FACE_BOUND('',#2462,.F.);
#2462 = EDGE_LOOP('',(#2463,#2469,#2470,#2471));
#2463 = ORIENTED_EDGE('',*,*,#2464,.T.);
#2464 = EDGE_CURVE('',#231,#1328,#2465,.T.);
#2465 = LINE('',#2466,#2467);
#2466 = CARTESIAN_POINT('',(-37.50928561428,32.483571428571,9.));
#2467 = VECTOR('',#2468,1.);
#2468 = DIRECTION('',(0.,0.,1.));
#2469 = ORIENTED_EDGE('',*,*,#1335,.T.);
#2470 = ORIENTED_EDGE('',*,*,#2447,.F.);
#2471 = ORIENTED_EDGE('',*,*,#238,.F.);
#2472 = SURFACE_OF_LINEAR_EXTRUSION('',#2473,#2477);
#2473 = B_SPLINE_CURVE_WITH_KNOTS('',2,(#2474,#2475,#2476),
  .UNSPECIFIED.,.F.,.F.,(3,3),(0.,1.),.PIECEWISE_BEZIER_KNOTS.);
#2474 = CARTESIAN_POINT('',(-37.50928561428,32.483571428571,9.));
#2475 = CARTESIAN_POINT('',(-38.2349999,31.894285714286,9.));
#2476 = CARTESIAN_POINT('',(-39.89035704285,31.894285714286,9.));
#2477 = VECTOR('',#2478,1.);
#2478 = DIRECTION('',(-0.,-0.,-1.));
#2479 = ADVANCED_FACE('',(#2480),#2491,.F.);
#2480 = FACE_BOUND('',#2481,.F.);
#2481 = EDGE_LOOP('',(#2482,#2488,#2489,#2490));
#2482 = ORIENTED_EDGE('',*,*,#2483,.T.);
#2483 = EDGE_CURVE('',#223,#1320,#2484,.T.);
#2484 = LINE('',#2485,#2486);
#2485 = CARTESIAN_POINT('',(-36.78321418571,34.397142857143,9.));
#2486 = VECTOR('',#2487,1.);
#2487 = DIRECTION('',(0.,0.,1.));
#2488 = ORIENTED_EDGE('',*,*,#1327,.T.);
#2489 = ORIENTED_EDGE('',*,*,#2464,.F.);
#2490 = ORIENTED_EDGE('',*,*,#230,.F.);
#2491 = SURFACE_OF_LINEAR_EXTRUSION('',#2492,#2496);
#2492 = B_SPLINE_CURVE_WITH_KNOTS('',2,(#2493,#2494,#2495),
  .UNSPECIFIED.,.F.,.F.,(3,3),(0.,1.),.PIECEWISE_BEZIER_KNOTS.);
#2493 = CARTESIAN_POINT('',(-36.78321418571,34.397142857143,9.));
#2494 = CARTESIAN_POINT('',(-36.78321418571,33.073214285714,9.));
#2495 = CARTESIAN_POINT('',(-37.50928561428,32.483571428571,9.));
#2496 = VECTOR('',#2497,1.);
#2497 = DIRECTION('',(-0.,-0.,-1.));
#2498 = ADVANCED_FACE('',(#2499),#2510,.F.);
#2499 = FACE_BOUND('',#2500,.F.);
#2500 = EDGE_LOOP('',(#2501,#2507,#2508,#2509));
#2501 = ORIENTED_EDGE('',*,*,#2502,.T.);
#2502 = EDGE_CURVE('',#215,#1312,#2503,.T.);
#2503 = LINE('',#2504,#2505);
#2504 = CARTESIAN_POINT('',(-37.50928561428,36.310357142857,9.));
#2505 = VECTOR('',#2506,1.);
#2506 = DIRECTION('',(0.,0.,1.));
#2507 = ORIENTED_EDGE('',*,*,#1319,.T.);
#2508 = ORIENTED_EDGE('',*,*,#2483,.F.);
#2509 = ORIENTED_EDGE('',*,*,#222,.F.);
#2510 = SURFACE_OF_LINEAR_EXTRUSION('',#2511,#2515);
#2511 = B_SPLINE_CURVE_WITH_KNOTS('',2,(#2512,#2513,#2514),
  .UNSPECIFIED.,.F.,.F.,(3,3),(0.,1.),.PIECEWISE_BEZIER_KNOTS.);
#2512 = CARTESIAN_POINT('',(-37.50928561428,36.310357142857,9.));
#2513 = CARTESIAN_POINT('',(-36.78321418571,35.721071428571,9.));
#2514 = CARTESIAN_POINT('',(-36.78321418571,34.397142857143,9.));
#2515 = VECTOR('',#2516,1.);
#2516 = DIRECTION('',(-0.,-0.,-1.));
#2517 = ADVANCED_FACE('',(#2518),#2529,.F.);
#2518 = FACE_BOUND('',#2519,.F.);
#2519 = EDGE_LOOP('',(#2520,#2526,#2527,#2528));
#2520 = ORIENTED_EDGE('',*,*,#2521,.T.);
#2521 = EDGE_CURVE('',#207,#1304,#2522,.T.);
#2522 = LINE('',#2523,#2524);
#2523 = CARTESIAN_POINT('',(-39.89035704285,36.9,9.));
#2524 = VECTOR('',#2525,1.);
#2525 = DIRECTION('',(0.,0.,1.));
#2526 = ORIENTED_EDGE('',*,*,#1311,.T.);
#2527 = ORIENTED_EDGE('',*,*,#2502,.F.);
#2528 = ORIENTED_EDGE('',*,*,#214,.F.);
#2529 = SURFACE_OF_LINEAR_EXTRUSION('',#2530,#2534);
#2530 = B_SPLINE_CURVE_WITH_KNOTS('',2,(#2531,#2532,#2533),
  .UNSPECIFIED.,.F.,.F.,(3,3),(0.,1.),.PIECEWISE_BEZIER_KNOTS.);
#2531 = CARTESIAN_POINT('',(-39.89035704285,36.9,9.));
#2532 = CARTESIAN_POINT('',(-38.2349999,36.9,9.));
#2533 = CARTESIAN_POINT('',(-37.50928561428,36.310357142857,9.));
#2534 = VECTOR('',#2535,1.);
#2535 = DIRECTION('',(-0.,-0.,-1.));
#2536 = ADVANCED_FACE('',(#2537),#2543,.F.);
#2537 = FACE_BOUND('',#2538,.F.);
#2538 = EDGE_LOOP('',(#2539,#2540,#2541,#2542));
#2539 = ORIENTED_EDGE('',*,*,#2398,.T.);
#2540 = ORIENTED_EDGE('',*,*,#1303,.T.);
#2541 = ORIENTED_EDGE('',*,*,#2521,.F.);
#2542 = ORIENTED_EDGE('',*,*,#206,.F.);
#2543 = PLANE('',#2544);
#2544 = AXIS2_PLACEMENT_3D('',#2545,#2546,#2547);
#2545 = CARTESIAN_POINT('',(-42.0599999,36.9,9.));
#2546 = DIRECTION('',(0.,1.,0.));
#2547 = DIRECTION('',(1.,0.,0.));
#2548 = ADVANCED_FACE('',(#2549),#2565,.F.);
#2549 = FACE_BOUND('',#2550,.F.);
#2550 = EDGE_LOOP('',(#2551,#2557,#2558,#2564));
#2551 = ORIENTED_EDGE('',*,*,#2552,.T.);
#2552 = EDGE_CURVE('',#271,#1368,#2553,.T.);
#2553 = LINE('',#2554,#2555);
#2554 = CARTESIAN_POINT('',(-35.11964275714,29.789642857143,9.));
#2555 = VECTOR('',#2556,1.);
#2556 = DIRECTION('',(0.,0.,1.));
#2557 = ORIENTED_EDGE('',*,*,#1367,.T.);
#2558 = ORIENTED_EDGE('',*,*,#2559,.F.);
#2559 = EDGE_CURVE('',#273,#1370,#2560,.T.);
#2560 = LINE('',#2561,#2562);
#2561 = CARTESIAN_POINT('',(-35.82928561428,32.886071428571,9.));
#2562 = VECTOR('',#2563,1.);
#2563 = DIRECTION('',(0.,0.,1.));
#2564 = ORIENTED_EDGE('',*,*,#270,.F.);
#2565 = SURFACE_OF_LINEAR_EXTRUSION('',#2566,#2570);
#2566 = B_SPLINE_CURVE_WITH_KNOTS('',2,(#2567,#2568,#2569),
  .UNSPECIFIED.,.F.,.F.,(3,3),(0.,1.),.PIECEWISE_BEZIER_KNOTS.);
#2567 = CARTESIAN_POINT('',(-35.11964275714,29.789642857143,9.));
#2568 = CARTESIAN_POINT('',(-35.82928561428,30.839642857143,9.));
#2569 = CARTESIAN_POINT('',(-35.82928561428,32.886071428571,9.));
#2570 = VECTOR('',#2571,1.);
#2571 = DIRECTION('',(-0.,-0.,-1.));
#2572 = ADVANCED_FACE('',(#2573),#2584,.F.);
#2573 = FACE_BOUND('',#2574,.F.);
#2574 = EDGE_LOOP('',(#2575,#2581,#2582,#2583));
#2575 = ORIENTED_EDGE('',*,*,#2576,.T.);
#2576 = EDGE_CURVE('',#321,#1418,#2577,.T.);
#2577 = LINE('',#2578,#2579);
#2578 = CARTESIAN_POINT('',(-33.02214275714,28.74,9.));
#2579 = VECTOR('',#2580,1.);
#2580 = DIRECTION('',(0.,0.,1.));
#2581 = ORIENTED_EDGE('',*,*,#1425,.T.);
#2582 = ORIENTED_EDGE('',*,*,#2552,.F.);
#2583 = ORIENTED_EDGE('',*,*,#328,.F.);
#2584 = SURFACE_OF_LINEAR_EXTRUSION('',#2585,#2589);
#2585 = B_SPLINE_CURVE_WITH_KNOTS('',2,(#2586,#2587,#2588),
  .UNSPECIFIED.,.F.,.F.,(3,3),(0.,1.),.PIECEWISE_BEZIER_KNOTS.);
#2586 = CARTESIAN_POINT('',(-33.02214275714,28.74,9.));
#2587 = CARTESIAN_POINT('',(-34.40964275714,28.74,9.));
#2588 = CARTESIAN_POINT('',(-35.11964275714,29.789642857143,9.));
#2589 = VECTOR('',#2590,1.);
#2590 = DIRECTION('',(-0.,-0.,-1.));
#2591 = ADVANCED_FACE('',(#2592),#2603,.F.);
#2592 = FACE_BOUND('',#2593,.F.);
#2593 = EDGE_LOOP('',(#2594,#2600,#2601,#2602));
#2594 = ORIENTED_EDGE('',*,*,#2595,.T.);
#2595 = EDGE_CURVE('',#313,#1410,#2596,.T.);
#2596 = LINE('',#2597,#2598);
#2597 = CARTESIAN_POINT('',(-30.91964275714,29.789642857143,9.));
#2598 = VECTOR('',#2599,1.);
#2599 = DIRECTION('',(0.,0.,1.));
#2600 = ORIENTED_EDGE('',*,*,#1417,.T.);
#2601 = ORIENTED_EDGE('',*,*,#2576,.F.);
#2602 = ORIENTED_EDGE('',*,*,#320,.F.);
#2603 = SURFACE_OF_LINEAR_EXTRUSION('',#2604,#2608);
#2604 = B_SPLINE_CURVE_WITH_KNOTS('',2,(#2605,#2606,#2607),
  .UNSPECIFIED.,.F.,.F.,(3,3),(0.,1.),.PIECEWISE_BEZIER_KNOTS.);
#2605 = CARTESIAN_POINT('',(-30.91964275714,29.789642857143,9.));
#2606 = CARTESIAN_POINT('',(-31.62928561428,28.74,9.));
#2607 = CARTESIAN_POINT('',(-33.02214275714,28.74,9.));
#2608 = VECTOR('',#2609,1.);
#2609 = DIRECTION('',(-0.,-0.,-1.));
#2610 = ADVANCED_FACE('',(#2611),#2622,.F.);
#2611 = FACE_BOUND('',#2612,.F.);
#2612 = EDGE_LOOP('',(#2613,#2619,#2620,#2621));
#2613 = ORIENTED_EDGE('',*,*,#2614,.T.);
#2614 = EDGE_CURVE('',#305,#1402,#2615,.T.);
#2615 = LINE('',#2616,#2617);
#2616 = CARTESIAN_POINT('',(-30.20964275714,32.886071428571,9.));
#2617 = VECTOR('',#2618,1.);
#2618 = DIRECTION('',(0.,0.,1.));
#2619 = ORIENTED_EDGE('',*,*,#1409,.T.);
#2620 = ORIENTED_EDGE('',*,*,#2595,.F.);
#2621 = ORIENTED_EDGE('',*,*,#312,.F.);
#2622 = SURFACE_OF_LINEAR_EXTRUSION('',#2623,#2627);
#2623 = B_SPLINE_CURVE_WITH_KNOTS('',2,(#2624,#2625,#2626),
  .UNSPECIFIED.,.F.,.F.,(3,3),(0.,1.),.PIECEWISE_BEZIER_KNOTS.);
#2624 = CARTESIAN_POINT('',(-30.20964275714,32.886071428571,9.));
#2625 = CARTESIAN_POINT('',(-30.20964275714,30.839642857143,9.));
#2626 = CARTESIAN_POINT('',(-30.91964275714,29.789642857143,9.));
#2627 = VECTOR('',#2628,1.);
#2628 = DIRECTION('',(-0.,-0.,-1.));
#2629 = ADVANCED_FACE('',(#2630),#2641,.F.);
#2630 = FACE_BOUND('',#2631,.F.);
#2631 = EDGE_LOOP('',(#2632,#2638,#2639,#2640));
#2632 = ORIENTED_EDGE('',*,*,#2633,.T.);
#2633 = EDGE_CURVE('',#297,#1394,#2634,.T.);
#2634 = LINE('',#2635,#2636);
#2635 = CARTESIAN_POINT('',(-30.91964275714,35.987142857143,9.));
#2636 = VECTOR('',#2637,1.);
#2637 = DIRECTION('',(0.,0.,1.));
#2638 = ORIENTED_EDGE('',*,*,#1401,.T.);
#2639 = ORIENTED_EDGE('',*,*,#2614,.F.);
#2640 = ORIENTED_EDGE('',*,*,#304,.F.);
#2641 = SURFACE_OF_LINEAR_EXTRUSION('',#2642,#2646);
#2642 = B_SPLINE_CURVE_WITH_KNOTS('',2,(#2643,#2644,#2645),
  .UNSPECIFIED.,.F.,.F.,(3,3),(0.,1.),.PIECEWISE_BEZIER_KNOTS.);
#2643 = CARTESIAN_POINT('',(-30.91964275714,35.987142857143,9.));
#2644 = CARTESIAN_POINT('',(-30.20964275714,34.9375,9.));
#2645 = CARTESIAN_POINT('',(-30.20964275714,32.886071428571,9.));
#2646 = VECTOR('',#2647,1.);
#2647 = DIRECTION('',(-0.,-0.,-1.));
#2648 = ADVANCED_FACE('',(#2649),#2660,.F.);
#2649 = FACE_BOUND('',#2650,.F.);
#2650 = EDGE_LOOP('',(#2651,#2657,#2658,#2659));
#2651 = ORIENTED_EDGE('',*,*,#2652,.T.);
#2652 = EDGE_CURVE('',#289,#1386,#2653,.T.);
#2653 = LINE('',#2654,#2655);
#2654 = CARTESIAN_POINT('',(-33.02214275714,37.037142857143,9.));
#2655 = VECTOR('',#2656,1.);
#2656 = DIRECTION('',(0.,0.,1.));
#2657 = ORIENTED_EDGE('',*,*,#1393,.T.);
#2658 = ORIENTED_EDGE('',*,*,#2633,.F.);
#2659 = ORIENTED_EDGE('',*,*,#296,.F.);
#2660 = SURFACE_OF_LINEAR_EXTRUSION('',#2661,#2665);
#2661 = B_SPLINE_CURVE_WITH_KNOTS('',2,(#2662,#2663,#2664),
  .UNSPECIFIED.,.F.,.F.,(3,3),(0.,1.),.PIECEWISE_BEZIER_KNOTS.);
#2662 = CARTESIAN_POINT('',(-33.02214275714,37.037142857143,9.));
#2663 = CARTESIAN_POINT('',(-31.62928561428,37.037142857143,9.));
#2664 = CARTESIAN_POINT('',(-30.91964275714,35.987142857143,9.));
#2665 = VECTOR('',#2666,1.);
#2666 = DIRECTION('',(-0.,-0.,-1.));
#2667 = ADVANCED_FACE('',(#2668),#2679,.F.);
#2668 = FACE_BOUND('',#2669,.F.);
#2669 = EDGE_LOOP('',(#2670,#2676,#2677,#2678));
#2670 = ORIENTED_EDGE('',*,*,#2671,.T.);
#2671 = EDGE_CURVE('',#281,#1378,#2672,.T.);
#2672 = LINE('',#2673,#2674);
#2673 = CARTESIAN_POINT('',(-35.11964275714,35.987142857143,9.));
#2674 = VECTOR('',#2675,1.);
#2675 = DIRECTION('',(0.,0.,1.));
#2676 = ORIENTED_EDGE('',*,*,#1385,.T.);
#2677 = ORIENTED_EDGE('',*,*,#2652,.F.);
#2678 = ORIENTED_EDGE('',*,*,#288,.F.);
#2679 = SURFACE_OF_LINEAR_EXTRUSION('',#2680,#2684);
#2680 = B_SPLINE_CURVE_WITH_KNOTS('',2,(#2681,#2682,#2683),
  .UNSPECIFIED.,.F.,.F.,(3,3),(0.,1.),.PIECEWISE_BEZIER_KNOTS.);
#2681 = CARTESIAN_POINT('',(-35.11964275714,35.987142857143,9.));
#2682 = CARTESIAN_POINT('',(-34.40964275714,37.037142857143,9.));
#2683 = CARTESIAN_POINT('',(-33.02214275714,37.037142857143,9.));
#2684 = VECTOR('',#2685,1.);
#2685 = DIRECTION('',(-0.,-0.,-1.));
#2686 = ADVANCED_FACE('',(#2687),#2693,.F.);
#2687 = FACE_BOUND('',#2688,.F.);
#2688 = EDGE_LOOP('',(#2689,#2690,#2691,#2692));
#2689 = ORIENTED_EDGE('',*,*,#2559,.T.);
#2690 = ORIENTED_EDGE('',*,*,#1377,.T.);
#2691 = ORIENTED_EDGE('',*,*,#2671,.F.);
#2692 = ORIENTED_EDGE('',*,*,#280,.F.);
#2693 = SURFACE_OF_LINEAR_EXTRUSION('',#2694,#2698);
#2694 = B_SPLINE_CURVE_WITH_KNOTS('',2,(#2695,#2696,#2697),
  .UNSPECIFIED.,.F.,.F.,(3,3),(0.,1.),.PIECEWISE_BEZIER_KNOTS.);
#2695 = CARTESIAN_POINT('',(-35.82928561428,32.886071428571,9.));
#2696 = CARTESIAN_POINT('',(-35.82928561428,34.9375,9.));
#2697 = CARTESIAN_POINT('',(-35.11964275714,35.987142857143,9.));
#2698 = VECTOR('',#2699,1.);
#2699 = DIRECTION('',(-0.,-0.,-1.));
#2700 = ADVANCED_FACE('',(#2701),#2717,.F.);
#2701 = FACE_BOUND('',#2702,.F.);
#2702 = EDGE_LOOP('',(#2703,#2709,#2710,#2716));
#2703 = ORIENTED_EDGE('',*,*,#2704,.T.);
#2704 = EDGE_CURVE('',#337,#1434,#2705,.T.);
#2705 = LINE('',#2706,#2707);
#2706 = CARTESIAN_POINT('',(-28.73071418571,28.9,9.));
#2707 = VECTOR('',#2708,1.);
#2708 = DIRECTION('',(0.,0.,1.));
#2709 = ORIENTED_EDGE('',*,*,#1433,.T.);
#2710 = ORIENTED_EDGE('',*,*,#2711,.F.);
#2711 = EDGE_CURVE('',#339,#1436,#2712,.T.);
#2712 = LINE('',#2713,#2714);
#2713 = CARTESIAN_POINT('',(-29.71642847142,36.9,9.));
#2714 = VECTOR('',#2715,1.);
#2715 = DIRECTION('',(0.,0.,1.));
#2716 = ORIENTED_EDGE('',*,*,#336,.F.);
#2717 = PLANE('',#2718);
#2718 = AXIS2_PLACEMENT_3D('',#2719,#2720,#2721);
#2719 = CARTESIAN_POINT('',(-28.73071418571,28.9,9.));
#2720 = DIRECTION('',(-0.992494472925,-0.122289497557,0.));
#2721 = DIRECTION('',(-0.122289497557,0.992494472925,0.));
#2722 = ADVANCED_FACE('',(#2723),#2734,.F.);
#2723 = FACE_BOUND('',#2724,.F.);
#2724 = EDGE_LOOP('',(#2725,#2731,#2732,#2733));
#2725 = ORIENTED_EDGE('',*,*,#2726,.T.);
#2726 = EDGE_CURVE('',#427,#1524,#2727,.T.);
#2727 = LINE('',#2728,#2729);
#2728 = CARTESIAN_POINT('',(-27.26821418571,28.9,9.));
#2729 = VECTOR('',#2730,1.);
#2730 = DIRECTION('',(0.,0.,1.));
#2731 = ORIENTED_EDGE('',*,*,#1531,.T.);
#2732 = ORIENTED_EDGE('',*,*,#2704,.F.);
#2733 = ORIENTED_EDGE('',*,*,#434,.F.);
#2734 = PLANE('',#2735);
#2735 = AXIS2_PLACEMENT_3D('',#2736,#2737,#2738);
#2736 = CARTESIAN_POINT('',(-27.26821418571,28.9,9.));
#2737 = DIRECTION('',(0.,-1.,0.));
#2738 = DIRECTION('',(-1.,0.,0.));
#2739 = ADVANCED_FACE('',(#2740),#2751,.F.);
#2740 = FACE_BOUND('',#2741,.F.);
#2741 = EDGE_LOOP('',(#2742,#2748,#2749,#2750));
#2742 = ORIENTED_EDGE('',*,*,#2743,.T.);
#2743 = EDGE_CURVE('',#419,#1516,#2744,.T.);
#2744 = LINE('',#2745,#2746);
#2745 = CARTESIAN_POINT('',(-26.41642847142,33.096428571429,9.));
#2746 = VECTOR('',#2747,1.);
#2747 = DIRECTION('',(0.,0.,1.));
#2748 = ORIENTED_EDGE('',*,*,#1523,.T.);
#2749 = ORIENTED_EDGE('',*,*,#2726,.F.);
#2750 = ORIENTED_EDGE('',*,*,#426,.F.);
#2751 = PLANE('',#2752);
#2752 = AXIS2_PLACEMENT_3D('',#2753,#2754,#2755);
#2753 = CARTESIAN_POINT('',(-26.41642847142,33.096428571429,9.));
#2754 = DIRECTION('',(0.980015274729,-0.198922249381,0.));
#2755 = DIRECTION('',(-0.198922249381,-0.980015274729,0.));
#2756 = ADVANCED_FACE('',(#2757),#2768,.F.);
#2757 = FACE_BOUND('',#2758,.F.);
#2758 = EDGE_LOOP('',(#2759,#2765,#2766,#2767));
#2759 = ORIENTED_EDGE('',*,*,#2760,.T.);
#2760 = EDGE_CURVE('',#411,#1508,#2761,.T.);
#2761 = LINE('',#2762,#2763);
#2762 = CARTESIAN_POINT('',(-25.50571418571,28.9,9.));
#2763 = VECTOR('',#2764,1.);
#2764 = DIRECTION('',(0.,0.,1.));
#2765 = ORIENTED_EDGE('',*,*,#1515,.T.);
#2766 = ORIENTED_EDGE('',*,*,#2743,.F.);
#2767 = ORIENTED_EDGE('',*,*,#418,.F.);
#2768 = PLANE('',#2769);
#2769 = AXIS2_PLACEMENT_3D('',#2770,#2771,#2772);
#2770 = CARTESIAN_POINT('',(-25.50571418571,28.9,9.));
#2771 = DIRECTION('',(-0.977251366391,-0.212084339089,0.));
#2772 = DIRECTION('',(-0.212084339089,0.977251366391,0.));
#2773 = ADVANCED_FACE('',(#2774),#2785,.F.);
#2774 = FACE_BOUND('',#2775,.F.);
#2775 = EDGE_LOOP('',(#2776,#2782,#2783,#2784));
#2776 = ORIENTED_EDGE('',*,*,#2777,.T.);
#2777 = EDGE_CURVE('',#403,#1500,#2778,.T.);
#2778 = LINE('',#2779,#2780);
#2779 = CARTESIAN_POINT('',(-24.0324999,28.9,9.));
#2780 = VECTOR('',#2781,1.);
#2781 = DIRECTION('',(0.,0.,1.));
#2782 = ORIENTED_EDGE('',*,*,#1507,.T.);
#2783 = ORIENTED_EDGE('',*,*,#2760,.F.);
#2784 = ORIENTED_EDGE('',*,*,#410,.F.);
#2785 = PLANE('',#2786);
#2786 = AXIS2_PLACEMENT_3D('',#2787,#2788,#2789);
#2787 = CARTESIAN_POINT('',(-24.0324999,28.9,9.));
#2788 = DIRECTION('',(0.,-1.,0.));
#2789 = DIRECTION('',(-1.,0.,0.));
#2790 = ADVANCED_FACE('',(#2791),#2802,.F.);
#2791 = FACE_BOUND('',#2792,.F.);
#2792 = EDGE_LOOP('',(#2793,#2799,#2800,#2801));
#2793 = ORIENTED_EDGE('',*,*,#2794,.T.);
#2794 = EDGE_CURVE('',#395,#1492,#2795,.T.);
#2795 = LINE('',#2796,#2797);
#2796 = CARTESIAN_POINT('',(-23.11107132857,36.9,9.));
#2797 = VECTOR('',#2798,1.);
#2798 = DIRECTION('',(0.,0.,1.));
#2799 = ORIENTED_EDGE('',*,*,#1499,.T.);
#2800 = ORIENTED_EDGE('',*,*,#2777,.F.);
#2801 = ORIENTED_EDGE('',*,*,#402,.F.);
#2802 = PLANE('',#2803);
#2803 = AXIS2_PLACEMENT_3D('',#2804,#2805,#2806);
#2804 = CARTESIAN_POINT('',(-23.11107132857,36.9,9.));
#2805 = DIRECTION('',(0.99343222318,-0.114422104277,0.));
#2806 = DIRECTION('',(-0.114422104277,-0.99343222318,0.));
#2807 = ADVANCED_FACE('',(#2808),#2819,.F.);
#2808 = FACE_BOUND('',#2809,.F.);
#2809 = EDGE_LOOP('',(#2810,#2816,#2817,#2818));
#2810 = ORIENTED_EDGE('',*,*,#2811,.T.);
#2811 = EDGE_CURVE('',#387,#1484,#2812,.T.);
#2812 = LINE('',#2813,#2814);
#2813 = CARTESIAN_POINT('',(-24.50392847142,36.9,9.));
#2814 = VECTOR('',#2815,1.);
#2815 = DIRECTION('',(0.,0.,1.));
#2816 = ORIENTED_EDGE('',*,*,#1491,.T.);
#2817 = ORIENTED_EDGE('',*,*,#2794,.F.);
#2818 = ORIENTED_EDGE('',*,*,#394,.F.);
#2819 = PLANE('',#2820);
#2820 = AXIS2_PLACEMENT_3D('',#2821,#2822,#2823);
#2821 = CARTESIAN_POINT('',(-24.50392847142,36.9,9.));
#2822 = DIRECTION('',(0.,1.,0.));
#2823 = DIRECTION('',(1.,0.,0.));
#2824 = ADVANCED_FACE('',(#2825),#2836,.F.);
#2825 = FACE_BOUND('',#2826,.F.);
#2826 = EDGE_LOOP('',(#2827,#2833,#2834,#2835));
#2827 = ORIENTED_EDGE('',*,*,#2828,.T.);
#2828 = EDGE_CURVE('',#379,#1476,#2829,.T.);
#2829 = LINE('',#2830,#2831);
#2830 = CARTESIAN_POINT('',(-24.95392847142,31.025,9.));
#2831 = VECTOR('',#2832,1.);
#2832 = DIRECTION('',(0.,0.,1.));
#2833 = ORIENTED_EDGE('',*,*,#1483,.T.);
#2834 = ORIENTED_EDGE('',*,*,#2811,.F.);
#2835 = ORIENTED_EDGE('',*,*,#386,.F.);
#2836 = PLANE('',#2837);
#2837 = AXIS2_PLACEMENT_3D('',#2838,#2839,#2840);
#2838 = CARTESIAN_POINT('',(-24.95392847142,31.025,9.));
#2839 = DIRECTION('',(-0.997079390893,7.637203845135E-02,0.));
#2840 = DIRECTION('',(7.637203845135E-02,0.997079390893,0.));
#2841 = ADVANCED_FACE('',(#2842),#2853,.F.);
#2842 = FACE_BOUND('',#2843,.F.);
#2843 = EDGE_LOOP('',(#2844,#2850,#2851,#2852));
#2844 = ORIENTED_EDGE('',*,*,#2845,.T.);
#2845 = EDGE_CURVE('',#371,#1468,#2846,.T.);
#2846 = LINE('',#2847,#2848);
#2847 = CARTESIAN_POINT('',(-25.7574999,34.82,9.));
#2848 = VECTOR('',#2849,1.);
#2849 = DIRECTION('',(0.,0.,1.));
#2850 = ORIENTED_EDGE('',*,*,#1475,.T.);
#2851 = ORIENTED_EDGE('',*,*,#2828,.F.);
#2852 = ORIENTED_EDGE('',*,*,#378,.F.);
#2853 = PLANE('',#2854);
#2854 = AXIS2_PLACEMENT_3D('',#2855,#2856,#2857);
#2855 = CARTESIAN_POINT('',(-25.7574999,34.82,9.));
#2856 = DIRECTION('',(0.978308815869,0.207151782016,0.));
#2857 = DIRECTION('',(0.207151782016,-0.978308815869,0.));
#2858 = ADVANCED_FACE('',(#2859),#2870,.F.);
#2859 = FACE_BOUND('',#2860,.F.);
#2860 = EDGE_LOOP('',(#2861,#2867,#2868,#2869));
#2861 = ORIENTED_EDGE('',*,*,#2862,.T.);
#2862 = EDGE_CURVE('',#363,#1460,#2863,.T.);
#2863 = LINE('',#2864,#2865);
#2864 = CARTESIAN_POINT('',(-27.0699999,34.82,9.));
#2865 = VECTOR('',#2866,1.);
#2866 = DIRECTION('',(0.,0.,1.));
#2867 = ORIENTED_EDGE('',*,*,#1467,.T.);
#2868 = ORIENTED_EDGE('',*,*,#2845,.F.);
#2869 = ORIENTED_EDGE('',*,*,#370,.F.);
#2870 = PLANE('',#2871);
#2871 = AXIS2_PLACEMENT_3D('',#2872,#2873,#2874);
#2872 = CARTESIAN_POINT('',(-27.0699999,34.82,9.));
#2873 = DIRECTION('',(0.,1.,0.));
#2874 = DIRECTION('',(1.,0.,0.));
#2875 = ADVANCED_FACE('',(#2876),#2887,.F.);
#2876 = FACE_BOUND('',#2877,.F.);
#2877 = EDGE_LOOP('',(#2878,#2884,#2885,#2886));
#2878 = ORIENTED_EDGE('',*,*,#2879,.T.);
#2879 = EDGE_CURVE('',#355,#1452,#2880,.T.);
#2880 = LINE('',#2881,#2882);
#2881 = CARTESIAN_POINT('',(-27.76107132857,31.025,9.));
#2882 = VECTOR('',#2883,1.);
#2883 = DIRECTION('',(0.,0.,1.));
#2884 = ORIENTED_EDGE('',*,*,#1459,.T.);
#2885 = ORIENTED_EDGE('',*,*,#2862,.F.);
#2886 = ORIENTED_EDGE('',*,*,#362,.F.);
#2887 = PLANE('',#2888);
#2888 = AXIS2_PLACEMENT_3D('',#2889,#2890,#2891);
#2889 = CARTESIAN_POINT('',(-27.76107132857,31.025,9.));
#2890 = DIRECTION('',(-0.983820987847,0.179154301852,0.));
#2891 = DIRECTION('',(0.179154301852,0.983820987847,0.));
#2892 = ADVANCED_FACE('',(#2893),#2904,.F.);
#2893 = FACE_BOUND('',#2894,.F.);
#2894 = EDGE_LOOP('',(#2895,#2901,#2902,#2903));
#2895 = ORIENTED_EDGE('',*,*,#2896,.T.);
#2896 = EDGE_CURVE('',#347,#1444,#2897,.T.);
#2897 = LINE('',#2898,#2899);
#2898 = CARTESIAN_POINT('',(-28.33428561428,36.9,9.));
#2899 = VECTOR('',#2900,1.);
#2900 = DIRECTION('',(0.,0.,1.));
#2901 = ORIENTED_EDGE('',*,*,#1451,.T.);
#2902 = ORIENTED_EDGE('',*,*,#2879,.F.);
#2903 = ORIENTED_EDGE('',*,*,#354,.F.);
#2904 = PLANE('',#2905);
#2905 = AXIS2_PLACEMENT_3D('',#2906,#2907,#2908);
#2906 = CARTESIAN_POINT('',(-28.33428561428,36.9,9.));
#2907 = DIRECTION('',(0.995273920841,9.710727312762E-02,0.));
#2908 = DIRECTION('',(9.710727312762E-02,-0.995273920841,0.));
#2909 = ADVANCED_FACE('',(#2910),#2916,.F.);
#2910 = FACE_BOUND('',#2911,.F.);
#2911 = EDGE_LOOP('',(#2912,#2913,#2914,#2915));
#2912 = ORIENTED_EDGE('',*,*,#2711,.T.);
#2913 = ORIENTED_EDGE('',*,*,#1443,.T.);
#2914 = ORIENTED_EDGE('',*,*,#2896,.F.);
#2915 = ORIENTED_EDGE('',*,*,#346,.F.);
#2916 = PLANE('',#2917);
#2917 = AXIS2_PLACEMENT_3D('',#2918,#2919,#2920);
#2918 = CARTESIAN_POINT('',(-29.71642847142,36.9,9.));
#2919 = DIRECTION('',(0.,1.,0.));
#2920 = DIRECTION('',(1.,0.,0.));
#2921 = ADVANCED_FACE('',(#2922),#2938,.F.);
#2922 = FACE_BOUND('',#2923,.F.);
#2923 = EDGE_LOOP('',(#2924,#2930,#2931,#2937));
#2924 = ORIENTED_EDGE('',*,*,#2925,.T.);
#2925 = EDGE_CURVE('',#443,#1540,#2926,.T.);
#2926 = LINE('',#2927,#2928);
#2927 = CARTESIAN_POINT('',(-17.22857132857,30.294285714286,9.));
#2928 = VECTOR('',#2929,1.);
#2929 = DIRECTION('',(0.,0.,1.));
#2930 = ORIENTED_EDGE('',*,*,#1539,.T.);
#2931 = ORIENTED_EDGE('',*,*,#2932,.F.);
#2932 = EDGE_CURVE('',#445,#1542,#2933,.T.);
#2933 = LINE('',#2934,#2935);
#2934 = CARTESIAN_POINT('',(-17.22857132857,28.9,9.));
#2935 = VECTOR('',#2936,1.);
#2936 = DIRECTION('',(0.,0.,1.));
#2937 = ORIENTED_EDGE('',*,*,#442,.F.);
#2938 = PLANE('',#2939);
#2939 = AXIS2_PLACEMENT_3D('',#2940,#2941,#2942);
#2940 = CARTESIAN_POINT('',(-17.22857132857,30.294285714286,9.));
#2941 = DIRECTION('',(1.,0.,0.));
#2942 = DIRECTION('',(0.,-1.,0.));
#2943 = ADVANCED_FACE('',(#2944),#2955,.F.);
#2944 = FACE_BOUND('',#2945,.F.);
#2945 = EDGE_LOOP('',(#2946,#2952,#2953,#2954));
#2946 = ORIENTED_EDGE('',*,*,#2947,.T.);
#2947 = EDGE_CURVE('',#525,#1622,#2948,.T.);
#2948 = LINE('',#2949,#2950);
#2949 = CARTESIAN_POINT('',(-20.63035704285,30.294285714286,9.));
#2950 = VECTOR('',#2951,1.);
#2951 = DIRECTION('',(0.,0.,1.));
#2952 = ORIENTED_EDGE('',*,*,#1629,.T.);
#2953 = ORIENTED_EDGE('',*,*,#2925,.F.);
#2954 = ORIENTED_EDGE('',*,*,#532,.F.);
#2955 = PLANE('',#2956);
#2956 = AXIS2_PLACEMENT_3D('',#2957,#2958,#2959);
#2957 = CARTESIAN_POINT('',(-20.63035704285,30.294285714286,9.));
#2958 = DIRECTION('',(0.,1.,0.));
#2959 = DIRECTION('',(1.,0.,0.));
#2960 = ADVANCED_FACE('',(#2961),#2972,.F.);
#2961 = FACE_BOUND('',#2962,.F.);
#2962 = EDGE_LOOP('',(#2963,#2969,#2970,#2971));
#2963 = ORIENTED_EDGE('',*,*,#2964,.T.);
#2964 = EDGE_CURVE('',#517,#1614,#2965,.T.);
#2965 = LINE('',#2966,#2967);
#2966 = CARTESIAN_POINT('',(-20.63035704285,32.397142857143,9.));
#2967 = VECTOR('',#2968,1.);
#2968 = DIRECTION('',(0.,0.,1.));
#2969 = ORIENTED_EDGE('',*,*,#1621,.T.);
#2970 = ORIENTED_EDGE('',*,*,#2947,.F.);
#2971 = ORIENTED_EDGE('',*,*,#524,.F.);
#2972 = PLANE('',#2973);
#2973 = AXIS2_PLACEMENT_3D('',#2974,#2975,#2976);
#2974 = CARTESIAN_POINT('',(-20.63035704285,32.397142857143,9.));
#2975 = DIRECTION('',(1.,0.,0.));
#2976 = DIRECTION('',(0.,-1.,0.));
#2977 = ADVANCED_FACE('',(#2978),#2989,.F.);
#2978 = FACE_BOUND('',#2979,.F.);
#2979 = EDGE_LOOP('',(#2980,#2986,#2987,#2988));
#2980 = ORIENTED_EDGE('',*,*,#2981,.T.);
#2981 = EDGE_CURVE('',#509,#1606,#2982,.T.);
#2982 = LINE('',#2983,#2984);
#2983 = CARTESIAN_POINT('',(-17.5499999,32.397142857143,9.));
#2984 = VECTOR('',#2985,1.);
#2985 = DIRECTION('',(0.,0.,1.));
#2986 = ORIENTED_EDGE('',*,*,#1613,.T.);
#2987 = ORIENTED_EDGE('',*,*,#2964,.F.);
#2988 = ORIENTED_EDGE('',*,*,#516,.F.);
#2989 = PLANE('',#2990);
#2990 = AXIS2_PLACEMENT_3D('',#2991,#2992,#2993);
#2991 = CARTESIAN_POINT('',(-17.5499999,32.397142857143,9.));
#2992 = DIRECTION('',(0.,-1.,0.));
#2993 = DIRECTION('',(-1.,0.,0.));
#2994 = ADVANCED_FACE('',(#2995),#3006,.F.);
#2995 = FACE_BOUND('',#2996,.F.);
#2996 = EDGE_LOOP('',(#2997,#3003,#3004,#3005));
#2997 = ORIENTED_EDGE('',*,*,#2998,.T.);
#2998 = EDGE_CURVE('',#501,#1598,#2999,.T.);
#2999 = LINE('',#3000,#3001);
#3000 = CARTESIAN_POINT('',(-17.5499999,33.791428571429,9.));
#3001 = VECTOR('',#3002,1.);
#3002 = DIRECTION('',(0.,0.,1.));
#3003 = ORIENTED_EDGE('',*,*,#1605,.T.);
#3004 = ORIENTED_EDGE('',*,*,#2981,.F.);
#3005 = ORIENTED_EDGE('',*,*,#508,.F.);
#3006 = PLANE('',#3007);
#3007 = AXIS2_PLACEMENT_3D('',#3008,#3009,#3010);
#3008 = CARTESIAN_POINT('',(-17.5499999,33.791428571429,9.));
#3009 = DIRECTION('',(1.,0.,0.));
#3010 = DIRECTION('',(0.,-1.,0.));
#3011 = ADVANCED_FACE('',(#3012),#3023,.F.);
#3012 = FACE_BOUND('',#3013,.F.);
#3013 = EDGE_LOOP('',(#3014,#3020,#3021,#3022));
#3014 = ORIENTED_EDGE('',*,*,#3015,.T.);
#3015 = EDGE_CURVE('',#493,#1590,#3016,.T.);
#3016 = LINE('',#3017,#3018);
#3017 = CARTESIAN_POINT('',(-20.63035704285,33.791428571429,9.));
#3018 = VECTOR('',#3019,1.);
#3019 = DIRECTION('',(0.,0.,1.));
#3020 = ORIENTED_EDGE('',*,*,#1597,.T.);
#3021 = ORIENTED_EDGE('',*,*,#2998,.F.);
#3022 = ORIENTED_EDGE('',*,*,#500,.F.);
#3023 = PLANE('',#3024);
#3024 = AXIS2_PLACEMENT_3D('',#3025,#3026,#3027);
#3025 = CARTESIAN_POINT('',(-20.63035704285,33.791428571429,9.));
#3026 = DIRECTION('',(0.,1.,0.));
#3027 = DIRECTION('',(1.,0.,0.));
#3028 = ADVANCED_FACE('',(#3029),#3040,.F.);
#3029 = FACE_BOUND('',#3030,.F.);
#3030 = EDGE_LOOP('',(#3031,#3037,#3038,#3039));
#3031 = ORIENTED_EDGE('',*,*,#3032,.T.);
#3032 = EDGE_CURVE('',#485,#1582,#3033,.T.);
#3033 = LINE('',#3034,#3035);
#3034 = CARTESIAN_POINT('',(-20.63035704285,35.505714285714,9.));
#3035 = VECTOR('',#3036,1.);
#3036 = DIRECTION('',(0.,0.,1.));
#3037 = ORIENTED_EDGE('',*,*,#1589,.T.);
#3038 = ORIENTED_EDGE('',*,*,#3015,.F.);
#3039 = ORIENTED_EDGE('',*,*,#492,.F.);
#3040 = PLANE('',#3041);
#3041 = AXIS2_PLACEMENT_3D('',#3042,#3043,#3044);
#3042 = CARTESIAN_POINT('',(-20.63035704285,35.505714285714,9.));
#3043 = DIRECTION('',(1.,0.,0.));
#3044 = DIRECTION('',(0.,-1.,0.));
#3045 = ADVANCED_FACE('',(#3046),#3057,.F.);
#3046 = FACE_BOUND('',#3047,.F.);
#3047 = EDGE_LOOP('',(#3048,#3054,#3055,#3056));
#3048 = ORIENTED_EDGE('',*,*,#3049,.T.);
#3049 = EDGE_CURVE('',#477,#1574,#3050,.T.);
#3050 = LINE('',#3051,#3052);
#3051 = CARTESIAN_POINT('',(-17.22857132857,35.505714285714,9.));
#3052 = VECTOR('',#3053,1.);
#3053 = DIRECTION('',(0.,0.,1.));
#3054 = ORIENTED_EDGE('',*,*,#1581,.T.);
#3055 = ORIENTED_EDGE('',*,*,#3032,.F.);
#3056 = ORIENTED_EDGE('',*,*,#484,.F.);
#3057 = PLANE('',#3058);
#3058 = AXIS2_PLACEMENT_3D('',#3059,#3060,#3061);
#3059 = CARTESIAN_POINT('',(-17.22857132857,35.505714285714,9.));
#3060 = DIRECTION('',(0.,-1.,0.));
#3061 = DIRECTION('',(-1.,0.,0.));
#3062 = ADVANCED_FACE('',(#3063),#3074,.F.);
#3063 = FACE_BOUND('',#3064,.F.);
#3064 = EDGE_LOOP('',(#3065,#3071,#3072,#3073));
#3065 = ORIENTED_EDGE('',*,*,#3066,.T.);
#3066 = EDGE_CURVE('',#469,#1566,#3067,.T.);
#3067 = LINE('',#3068,#3069);
#3068 = CARTESIAN_POINT('',(-17.22857132857,36.9,9.));
#3069 = VECTOR('',#3070,1.);
#3070 = DIRECTION('',(0.,0.,1.));
#3071 = ORIENTED_EDGE('',*,*,#1573,.T.);
#3072 = ORIENTED_EDGE('',*,*,#3049,.F.);
#3073 = ORIENTED_EDGE('',*,*,#476,.F.);
#3074 = PLANE('',#3075);
#3075 = AXIS2_PLACEMENT_3D('',#3076,#3077,#3078);
#3076 = CARTESIAN_POINT('',(-17.22857132857,36.9,9.));
#3077 = DIRECTION('',(1.,0.,0.));
#3078 = DIRECTION('',(0.,-1.,0.));
#3079 = ADVANCED_FACE('',(#3080),#3091,.F.);
#3080 = FACE_BOUND('',#3081,.F.);
#3081 = EDGE_LOOP('',(#3082,#3088,#3089,#3090));
#3082 = ORIENTED_EDGE('',*,*,#3083,.T.);
#3083 = EDGE_CURVE('',#461,#1558,#3084,.T.);
#3084 = LINE('',#3085,#3086);
#3085 = CARTESIAN_POINT('',(-22.21071418571,36.9,9.));
#3086 = VECTOR('',#3087,1.);
#3087 = DIRECTION('',(0.,0.,1.));
#3088 = ORIENTED_EDGE('',*,*,#1565,.T.);
#3089 = ORIENTED_EDGE('',*,*,#3066,.F.);
#3090 = ORIENTED_EDGE('',*,*,#468,.F.);
#3091 = PLANE('',#3092);
#3092 = AXIS2_PLACEMENT_3D('',#3093,#3094,#3095);
#3093 = CARTESIAN_POINT('',(-22.21071418571,36.9,9.));
#3094 = DIRECTION('',(0.,1.,0.));
#3095 = DIRECTION('',(1.,0.,0.));
#3096 = ADVANCED_FACE('',(#3097),#3108,.F.);
#3097 = FACE_BOUND('',#3098,.F.);
#3098 = EDGE_LOOP('',(#3099,#3105,#3106,#3107));
#3099 = ORIENTED_EDGE('',*,*,#3100,.T.);
#3100 = EDGE_CURVE('',#453,#1550,#3101,.T.);
#3101 = LINE('',#3102,#3103);
#3102 = CARTESIAN_POINT('',(-22.21071418571,28.9,9.));
#3103 = VECTOR('',#3104,1.);
#3104 = DIRECTION('',(0.,0.,1.));
#3105 = ORIENTED_EDGE('',*,*,#1557,.T.);
#3106 = ORIENTED_EDGE('',*,*,#3083,.F.);
#3107 = ORIENTED_EDGE('',*,*,#460,.F.);
#3108 = PLANE('',#3109);
#3109 = AXIS2_PLACEMENT_3D('',#3110,#3111,#3112);
#3110 = CARTESIAN_POINT('',(-22.21071418571,28.9,9.));
#3111 = DIRECTION('',(-1.,0.,0.));
#3112 = DIRECTION('',(0.,1.,0.));
#3113 = ADVANCED_FACE('',(#3114),#3120,.F.);
#3114 = FACE_BOUND('',#3115,.F.);
#3115 = EDGE_LOOP('',(#3116,#3117,#3118,#3119));
#3116 = ORIENTED_EDGE('',*,*,#2932,.T.);
#3117 = ORIENTED_EDGE('',*,*,#1549,.T.);
#3118 = ORIENTED_EDGE('',*,*,#3100,.F.);
#3119 = ORIENTED_EDGE('',*,*,#452,.F.);
#3120 = PLANE('',#3121);
#3121 = AXIS2_PLACEMENT_3D('',#3122,#3123,#3124);
#3122 = CARTESIAN_POINT('',(-17.22857132857,28.9,9.));
#3123 = DIRECTION('',(0.,-1.,0.));
#3124 = DIRECTION('',(-1.,0.,0.));
#3125 = ADVANCED_FACE('',(#3126),#3142,.F.);
#3126 = FACE_BOUND('',#3127,.F.);
#3127 = EDGE_LOOP('',(#3128,#3134,#3135,#3141));
#3128 = ORIENTED_EDGE('',*,*,#3129,.T.);
#3129 = EDGE_CURVE('',#541,#1638,#3130,.T.);
#3130 = LINE('',#3131,#3132);
#3131 = CARTESIAN_POINT('',(-11.02464275714,33.254285714286,9.));
#3132 = VECTOR('',#3133,1.);
#3133 = DIRECTION('',(0.,0.,1.));
#3134 = ORIENTED_EDGE('',*,*,#1637,.T.);
#3135 = ORIENTED_EDGE('',*,*,#3136,.F.);
#3136 = EDGE_CURVE('',#543,#1640,#3137,.T.);
#3137 = LINE('',#3138,#3139);
#3138 = CARTESIAN_POINT('',(-12.18178561428,32.668928571429,9.));
#3139 = VECTOR('',#3140,1.);
#3140 = DIRECTION('',(0.,0.,1.));
#3141 = ORIENTED_EDGE('',*,*,#540,.F.);
#3142 = SURFACE_OF_LINEAR_EXTRUSION('',#3143,#3147);
#3143 = B_SPLINE_CURVE_WITH_KNOTS('',2,(#3144,#3145,#3146),
  .UNSPECIFIED.,.F.,.F.,(3,3),(0.,1.),.PIECEWISE_BEZIER_KNOTS.);
#3144 = CARTESIAN_POINT('',(-11.02464275714,33.254285714286,9.));
#3145 = CARTESIAN_POINT('',(-11.42642847142,32.765714285714,9.));
#3146 = CARTESIAN_POINT('',(-12.18178561428,32.668928571429,9.));
#3147 = VECTOR('',#3148,1.);
#3148 = DIRECTION('',(-0.,-0.,-1.));
#3149 = ADVANCED_FACE('',(#3150),#3161,.F.);
#3150 = FACE_BOUND('',#3151,.F.);
#3151 = EDGE_LOOP('',(#3152,#3158,#3159,#3160));
#3152 = ORIENTED_EDGE('',*,*,#3153,.T.);
#3153 = EDGE_CURVE('',#655,#1752,#3154,.T.);
#3154 = LINE('',#3155,#3156);
#3155 = CARTESIAN_POINT('',(-10.62285704285,34.569642857143,9.));
#3156 = VECTOR('',#3157,1.);
#3157 = DIRECTION('',(0.,0.,1.));
#3158 = ORIENTED_EDGE('',*,*,#1759,.T.);
#3159 = ORIENTED_EDGE('',*,*,#3129,.F.);
#3160 = ORIENTED_EDGE('',*,*,#662,.F.);
#3161 = SURFACE_OF_LINEAR_EXTRUSION('',#3162,#3166);
#3162 = B_SPLINE_CURVE_WITH_KNOTS('',2,(#3163,#3164,#3165),
  .UNSPECIFIED.,.F.,.F.,(3,3),(0.,1.),.PIECEWISE_BEZIER_KNOTS.);
#3163 = CARTESIAN_POINT('',(-10.62285704285,34.569642857143,9.));
#3164 = CARTESIAN_POINT('',(-10.62285704285,33.742857142857,9.));
#3165 = CARTESIAN_POINT('',(-11.02464275714,33.254285714286,9.));
#3166 = VECTOR('',#3167,1.);
#3167 = DIRECTION('',(-0.,-0.,-1.));
#3168 = ADVANCED_FACE('',(#3169),#3180,.F.);
#3169 = FACE_BOUND('',#3170,.F.);
#3170 = EDGE_LOOP('',(#3171,#3177,#3178,#3179));
#3171 = ORIENTED_EDGE('',*,*,#3172,.T.);
#3172 = EDGE_CURVE('',#647,#1744,#3173,.T.);
#3173 = LINE('',#3174,#3175);
#3174 = CARTESIAN_POINT('',(-11.29535704285,36.352142857143,9.));
#3175 = VECTOR('',#3176,1.);
#3176 = DIRECTION('',(0.,0.,1.));
#3177 = ORIENTED_EDGE('',*,*,#1751,.T.);
#3178 = ORIENTED_EDGE('',*,*,#3153,.F.);
#3179 = ORIENTED_EDGE('',*,*,#654,.F.);
#3180 = SURFACE_OF_LINEAR_EXTRUSION('',#3181,#3185);
#3181 = B_SPLINE_CURVE_WITH_KNOTS('',2,(#3182,#3183,#3184),
  .UNSPECIFIED.,.F.,.F.,(3,3),(0.,1.),.PIECEWISE_BEZIER_KNOTS.);
#3182 = CARTESIAN_POINT('',(-11.29535704285,36.352142857143,9.));
#3183 = CARTESIAN_POINT('',(-10.62285704285,35.804642857143,9.));
#3184 = CARTESIAN_POINT('',(-10.62285704285,34.569642857143,9.));
#3185 = VECTOR('',#3186,1.);
#3186 = DIRECTION('',(-0.,-0.,-1.));
#3187 = ADVANCED_FACE('',(#3188),#3199,.F.);
#3188 = FACE_BOUND('',#3189,.F.);
#3189 = EDGE_LOOP('',(#3190,#3196,#3197,#3198));
#3190 = ORIENTED_EDGE('',*,*,#3191,.T.);
#3191 = EDGE_CURVE('',#639,#1736,#3192,.T.);
#3192 = LINE('',#3193,#3194);
#3193 = CARTESIAN_POINT('',(-13.51035704285,36.9,9.));
#3194 = VECTOR('',#3195,1.);
#3195 = DIRECTION('',(0.,0.,1.));
#3196 = ORIENTED_EDGE('',*,*,#1743,.T.);
#3197 = ORIENTED_EDGE('',*,*,#3172,.F.);
#3198 = ORIENTED_EDGE('',*,*,#646,.F.);
#3199 = SURFACE_OF_LINEAR_EXTRUSION('',#3200,#3204);
#3200 = B_SPLINE_CURVE_WITH_KNOTS('',2,(#3201,#3202,#3203),
  .UNSPECIFIED.,.F.,.F.,(3,3),(0.,1.),.PIECEWISE_BEZIER_KNOTS.);
#3201 = CARTESIAN_POINT('',(-13.51035704285,36.9,9.));
#3202 = CARTESIAN_POINT('',(-11.9674999,36.9,9.));
#3203 = CARTESIAN_POINT('',(-11.29535704285,36.352142857143,9.));
#3204 = VECTOR('',#3205,1.);
#3205 = DIRECTION('',(-0.,-0.,-1.));
#3206 = ADVANCED_FACE('',(#3207),#3218,.F.);
#3207 = FACE_BOUND('',#3208,.F.);
#3208 = EDGE_LOOP('',(#3209,#3215,#3216,#3217));
#3209 = ORIENTED_EDGE('',*,*,#3210,.T.);
#3210 = EDGE_CURVE('',#631,#1728,#3211,.T.);
#3211 = LINE('',#3212,#3213);
#3212 = CARTESIAN_POINT('',(-15.7924999,36.9,9.));
#3213 = VECTOR('',#3214,1.);
#3214 = DIRECTION('',(0.,0.,1.));
#3215 = ORIENTED_EDGE('',*,*,#1735,.T.);
#3216 = ORIENTED_EDGE('',*,*,#3191,.F.);
#3217 = ORIENTED_EDGE('',*,*,#638,.F.);
#3218 = PLANE('',#3219);
#3219 = AXIS2_PLACEMENT_3D('',#3220,#3221,#3222);
#3220 = CARTESIAN_POINT('',(-15.7924999,36.9,9.));
#3221 = DIRECTION('',(0.,1.,0.));
#3222 = DIRECTION('',(1.,0.,0.));
#3223 = ADVANCED_FACE('',(#3224),#3235,.F.);
#3224 = FACE_BOUND('',#3225,.F.);
#3225 = EDGE_LOOP('',(#3226,#3232,#3233,#3234));
#3226 = ORIENTED_EDGE('',*,*,#3227,.T.);
#3227 = EDGE_CURVE('',#623,#1720,#3228,.T.);
#3228 = LINE('',#3229,#3230);
#3229 = CARTESIAN_POINT('',(-15.7924999,28.9,9.));
#3230 = VECTOR('',#3231,1.);
#3231 = DIRECTION('',(0.,0.,1.));
#3232 = ORIENTED_EDGE('',*,*,#1727,.T.);
#3233 = ORIENTED_EDGE('',*,*,#3210,.F.);
#3234 = ORIENTED_EDGE('',*,*,#630,.F.);
#3235 = PLANE('',#3236);
#3236 = AXIS2_PLACEMENT_3D('',#3237,#3238,#3239);
#3237 = CARTESIAN_POINT('',(-15.7924999,28.9,9.));
#3238 = DIRECTION('',(-1.,0.,0.));
#3239 = DIRECTION('',(0.,1.,0.));
#3240 = ADVANCED_FACE('',(#3241),#3252,.F.);
#3241 = FACE_BOUND('',#3242,.F.);
#3242 = EDGE_LOOP('',(#3243,#3249,#3250,#3251));
#3243 = ORIENTED_EDGE('',*,*,#3244,.T.);
#3244 = EDGE_CURVE('',#615,#1712,#3245,.T.);
#3245 = LINE('',#3246,#3247);
#3246 = CARTESIAN_POINT('',(-14.21214275714,28.9,9.));
#3247 = VECTOR('',#3248,1.);
#3248 = DIRECTION('',(0.,0.,1.));
#3249 = ORIENTED_EDGE('',*,*,#1719,.T.);
#3250 = ORIENTED_EDGE('',*,*,#3227,.F.);
#3251 = ORIENTED_EDGE('',*,*,#622,.F.);
#3252 = PLANE('',#3253);
#3253 = AXIS2_PLACEMENT_3D('',#3254,#3255,#3256);
#3254 = CARTESIAN_POINT('',(-14.21214275714,28.9,9.));
#3255 = DIRECTION('',(0.,-1.,0.));
#3256 = DIRECTION('',(-1.,0.,0.));
#3257 = ADVANCED_FACE('',(#3258),#3269,.F.);
#3258 = FACE_BOUND('',#3259,.F.);
#3259 = EDGE_LOOP('',(#3260,#3266,#3267,#3268));
#3260 = ORIENTED_EDGE('',*,*,#3261,.T.);
#3261 = EDGE_CURVE('',#607,#1704,#3262,.T.);
#3262 = LINE('',#3263,#3264);
#3263 = CARTESIAN_POINT('',(-14.21214275714,32.054285714286,9.));
#3264 = VECTOR('',#3265,1.);
#3265 = DIRECTION('',(0.,0.,1.));
#3266 = ORIENTED_EDGE('',*,*,#1711,.T.);
#3267 = ORIENTED_EDGE('',*,*,#3244,.F.);
#3268 = ORIENTED_EDGE('',*,*,#614,.F.);
#3269 = PLANE('',#3270);
#3270 = AXIS2_PLACEMENT_3D('',#3271,#3272,#3273);
#3271 = CARTESIAN_POINT('',(-14.21214275714,32.054285714286,9.));
#3272 = DIRECTION('',(1.,0.,0.));
#3273 = DIRECTION('',(0.,-1.,0.));
#3274 = ADVANCED_FACE('',(#3275),#3286,.F.);
#3275 = FACE_BOUND('',#3276,.F.);
#3276 = EDGE_LOOP('',(#3277,#3283,#3284,#3285));
#3277 = ORIENTED_EDGE('',*,*,#3278,.T.);
#3278 = EDGE_CURVE('',#599,#1696,#3279,.T.);
#3279 = LINE('',#3280,#3281);
#3280 = CARTESIAN_POINT('',(-13.70857132857,32.054285714286,9.));
#3281 = VECTOR('',#3282,1.);
#3282 = DIRECTION('',(0.,0.,1.));
#3283 = ORIENTED_EDGE('',*,*,#1703,.T.);
#3284 = ORIENTED_EDGE('',*,*,#3261,.F.);
#3285 = ORIENTED_EDGE('',*,*,#606,.F.);
#3286 = PLANE('',#3287);
#3287 = AXIS2_PLACEMENT_3D('',#3288,#3289,#3290);
#3288 = CARTESIAN_POINT('',(-13.70857132857,32.054285714286,9.));
#3289 = DIRECTION('',(0.,-1.,0.));
#3290 = DIRECTION('',(-1.,0.,0.));
#3291 = ADVANCED_FACE('',(#3292),#3303,.F.);
#3292 = FACE_BOUND('',#3293,.F.);
#3293 = EDGE_LOOP('',(#3294,#3300,#3301,#3302));
#3294 = ORIENTED_EDGE('',*,*,#3295,.T.);
#3295 = EDGE_CURVE('',#591,#1688,#3296,.T.);
#3296 = LINE('',#3297,#3298);
#3297 = CARTESIAN_POINT('',(-12.71214275714,31.150714285714,9.));
#3298 = VECTOR('',#3299,1.);
#3299 = DIRECTION('',(0.,0.,1.));
#3300 = ORIENTED_EDGE('',*,*,#1695,.T.);
#3301 = ORIENTED_EDGE('',*,*,#3278,.F.);
#3302 = ORIENTED_EDGE('',*,*,#598,.F.);
#3303 = SURFACE_OF_LINEAR_EXTRUSION('',#3304,#3308);
#3304 = B_SPLINE_CURVE_WITH_KNOTS('',2,(#3305,#3306,#3307),
  .UNSPECIFIED.,.F.,.F.,(3,3),(0.,1.),.PIECEWISE_BEZIER_KNOTS.);
#3305 = CARTESIAN_POINT('',(-12.71214275714,31.150714285714,9.));
#3306 = CARTESIAN_POINT('',(-13.13535704285,32.054285714286,9.));
#3307 = CARTESIAN_POINT('',(-13.70857132857,32.054285714286,9.));
#3308 = VECTOR('',#3309,1.);
#3309 = DIRECTION('',(-0.,-0.,-1.));
#3310 = ADVANCED_FACE('',(#3311),#3322,.F.);
#3311 = FACE_BOUND('',#3312,.F.);
#3312 = EDGE_LOOP('',(#3313,#3319,#3320,#3321));
#3313 = ORIENTED_EDGE('',*,*,#3314,.T.);
#3314 = EDGE_CURVE('',#583,#1680,#3315,.T.);
#3315 = LINE('',#3316,#3317);
#3316 = CARTESIAN_POINT('',(-12.59964275714,30.915357142857,9.));
#3317 = VECTOR('',#3318,1.);
#3318 = DIRECTION('',(0.,0.,1.));
#3319 = ORIENTED_EDGE('',*,*,#1687,.T.);
#3320 = ORIENTED_EDGE('',*,*,#3295,.F.);
#3321 = ORIENTED_EDGE('',*,*,#590,.F.);
#3322 = SURFACE_OF_LINEAR_EXTRUSION('',#3323,#3327);
#3323 = B_SPLINE_CURVE_WITH_KNOTS('',2,(#3324,#3325,#3326),
  .UNSPECIFIED.,.F.,.F.,(3,3),(0.,1.),.PIECEWISE_BEZIER_KNOTS.);
#3324 = CARTESIAN_POINT('',(-12.59964275714,30.915357142857,9.));
#3325 = CARTESIAN_POINT('',(-12.6424999,31.001071428571,9.));
#3326 = CARTESIAN_POINT('',(-12.71214275714,31.150714285714,9.));
#3327 = VECTOR('',#3328,1.);
#3328 = DIRECTION('',(-0.,-0.,-1.));
#3329 = ADVANCED_FACE('',(#3330),#3341,.F.);
#3330 = FACE_BOUND('',#3331,.F.);
#3331 = EDGE_LOOP('',(#3332,#3338,#3339,#3340));
#3332 = ORIENTED_EDGE('',*,*,#3333,.T.);
#3333 = EDGE_CURVE('',#575,#1672,#3334,.T.);
#3334 = LINE('',#3335,#3336);
#3335 = CARTESIAN_POINT('',(-11.63535704285,28.9,9.));
#3336 = VECTOR('',#3337,1.);
#3337 = DIRECTION('',(0.,0.,1.));
#3338 = ORIENTED_EDGE('',*,*,#1679,.T.);
#3339 = ORIENTED_EDGE('',*,*,#3314,.F.);
#3340 = ORIENTED_EDGE('',*,*,#582,.F.);
#3341 = PLANE('',#3342);
#3342 = AXIS2_PLACEMENT_3D('',#3343,#3344,#3345);
#3343 = CARTESIAN_POINT('',(-11.63535704285,28.9,9.));
#3344 = DIRECTION('',(-0.902061167318,-0.431608214028,0.));
#3345 = DIRECTION('',(-0.431608214028,0.902061167318,0.));
#3346 = ADVANCED_FACE('',(#3347),#3358,.F.);
#3347 = FACE_BOUND('',#3348,.F.);
#3348 = EDGE_LOOP('',(#3349,#3355,#3356,#3357));
#3349 = ORIENTED_EDGE('',*,*,#3350,.T.);
#3350 = EDGE_CURVE('',#567,#1664,#3351,.T.);
#3351 = LINE('',#3352,#3353);
#3352 = CARTESIAN_POINT('',(-9.899642757143,28.9,9.));
#3353 = VECTOR('',#3354,1.);
#3354 = DIRECTION('',(0.,0.,1.));
#3355 = ORIENTED_EDGE('',*,*,#1671,.T.);
#3356 = ORIENTED_EDGE('',*,*,#3333,.F.);
#3357 = ORIENTED_EDGE('',*,*,#574,.F.);
#3358 = PLANE('',#3359);
#3359 = AXIS2_PLACEMENT_3D('',#3360,#3361,#3362);
#3360 = CARTESIAN_POINT('',(-9.899642757143,28.9,9.));
#3361 = DIRECTION('',(0.,-1.,0.));
#3362 = DIRECTION('',(-1.,0.,0.));
#3363 = ADVANCED_FACE('',(#3364),#3375,.F.);
#3364 = FACE_BOUND('',#3365,.F.);
#3365 = EDGE_LOOP('',(#3366,#3372,#3373,#3374));
#3366 = ORIENTED_EDGE('',*,*,#3367,.T.);
#3367 = EDGE_CURVE('',#559,#1656,#3368,.T.);
#3368 = LINE('',#3369,#3370);
#3369 = CARTESIAN_POINT('',(-11.34607132857,31.771071428571,9.));
#3370 = VECTOR('',#3371,1.);
#3371 = DIRECTION('',(0.,0.,1.));
#3372 = ORIENTED_EDGE('',*,*,#1663,.T.);
#3373 = ORIENTED_EDGE('',*,*,#3350,.F.);
#3374 = ORIENTED_EDGE('',*,*,#566,.F.);
#3375 = PLANE('',#3376);
#3376 = AXIS2_PLACEMENT_3D('',#3377,#3378,#3379);
#3377 = CARTESIAN_POINT('',(-11.34607132857,31.771071428571,9.));
#3378 = DIRECTION('',(0.89306776242,0.449922184078,0.));
#3379 = DIRECTION('',(0.449922184078,-0.89306776242,0.));
#3380 = ADVANCED_FACE('',(#3381),#3392,.F.);
#3381 = FACE_BOUND('',#3382,.F.);
#3382 = EDGE_LOOP('',(#3383,#3389,#3390,#3391));
#3383 = ORIENTED_EDGE('',*,*,#3384,.T.);
#3384 = EDGE_CURVE('',#551,#1648,#3385,.T.);
#3385 = LINE('',#3386,#3387);
#3386 = CARTESIAN_POINT('',(-11.77214275714,32.447142857143,9.));
#3387 = VECTOR('',#3388,1.);
#3388 = DIRECTION('',(0.,0.,1.));
#3389 = ORIENTED_EDGE('',*,*,#1655,.T.);
#3390 = ORIENTED_EDGE('',*,*,#3367,.F.);
#3391 = ORIENTED_EDGE('',*,*,#558,.F.);
#3392 = SURFACE_OF_LINEAR_EXTRUSION('',#3393,#3397);
#3393 = B_SPLINE_CURVE_WITH_KNOTS('',2,(#3394,#3395,#3396),
  .UNSPECIFIED.,.F.,.F.,(3,3),(0.,1.),.PIECEWISE_BEZIER_KNOTS.);
#3394 = CARTESIAN_POINT('',(-11.77214275714,32.447142857143,9.));
#3395 = CARTESIAN_POINT('',(-11.59785704285,32.273571428571,9.));
#3396 = CARTESIAN_POINT('',(-11.34607132857,31.771071428571,9.));
#3397 = VECTOR('',#3398,1.);
#3398 = DIRECTION('',(-0.,-0.,-1.));
#3399 = ADVANCED_FACE('',(#3400),#3406,.F.);
#3400 = FACE_BOUND('',#3401,.F.);
#3401 = EDGE_LOOP('',(#3402,#3403,#3404,#3405));
#3402 = ORIENTED_EDGE('',*,*,#3136,.T.);
#3403 = ORIENTED_EDGE('',*,*,#1647,.T.);
#3404 = ORIENTED_EDGE('',*,*,#3384,.F.);
#3405 = ORIENTED_EDGE('',*,*,#550,.F.);
#3406 = SURFACE_OF_LINEAR_EXTRUSION('',#3407,#3411);
#3407 = B_SPLINE_CURVE_WITH_KNOTS('',2,(#3408,#3409,#3410),
  .UNSPECIFIED.,.F.,.F.,(3,3),(0.,1.),.PIECEWISE_BEZIER_KNOTS.);
#3408 = CARTESIAN_POINT('',(-12.18178561428,32.668928571429,9.));
#3409 = CARTESIAN_POINT('',(-11.94607132857,32.620714285714,9.));
#3410 = CARTESIAN_POINT('',(-11.77214275714,32.447142857143,9.));
#3411 = VECTOR('',#3412,1.);
#3412 = DIRECTION('',(-0.,-0.,-1.));
#3413 = ADVANCED_FACE('',(#3414),#3430,.F.);
#3414 = FACE_BOUND('',#3415,.F.);
#3415 = EDGE_LOOP('',(#3416,#3422,#3423,#3429));
#3416 = ORIENTED_EDGE('',*,*,#3417,.T.);
#3417 = EDGE_CURVE('',#671,#1768,#3418,.T.);
#3418 = LINE('',#3419,#3420);
#3419 = CARTESIAN_POINT('',(2.4975001,30.888571428571,9.));
#3420 = VECTOR('',#3421,1.);
#3421 = DIRECTION('',(0.,0.,1.));
#3422 = ORIENTED_EDGE('',*,*,#1767,.T.);
#3423 = ORIENTED_EDGE('',*,*,#3424,.F.);
#3424 = EDGE_CURVE('',#673,#1770,#3425,.T.);
#3425 = LINE('',#3426,#3427);
#3426 = CARTESIAN_POINT('',(2.4975001,29.128571428571,9.));
#3427 = VECTOR('',#3428,1.);
#3428 = DIRECTION('',(0.,0.,1.));
#3429 = ORIENTED_EDGE('',*,*,#670,.F.);
#3430 = PLANE('',#3431);
#3431 = AXIS2_PLACEMENT_3D('',#3432,#3433,#3434);
#3432 = CARTESIAN_POINT('',(2.4975001,30.888571428571,9.));
#3433 = DIRECTION('',(1.,0.,0.));
#3434 = DIRECTION('',(0.,-1.,0.));
#3435 = ADVANCED_FACE('',(#3436),#3447,.F.);
#3436 = FACE_BOUND('',#3437,.F.);
#3437 = EDGE_LOOP('',(#3438,#3444,#3445,#3446));
#3438 = ORIENTED_EDGE('',*,*,#3439,.T.);
#3439 = EDGE_CURVE('',#801,#1898,#3440,.T.);
#3440 = LINE('',#3441,#3442);
#3441 = CARTESIAN_POINT('',(1.707142957143,30.333214285714,9.));
#3442 = VECTOR('',#3443,1.);
#3443 = DIRECTION('',(0.,0.,1.));
#3444 = ORIENTED_EDGE('',*,*,#1905,.T.);
#3445 = ORIENTED_EDGE('',*,*,#3417,.F.);
#3446 = ORIENTED_EDGE('',*,*,#808,.F.);
#3447 = SURFACE_OF_LINEAR_EXTRUSION('',#3448,#3452);
#3448 = B_SPLINE_CURVE_WITH_KNOTS('',2,(#3449,#3450,#3451),
  .UNSPECIFIED.,.F.,.F.,(3,3),(0.,1.),.PIECEWISE_BEZIER_KNOTS.);
#3449 = CARTESIAN_POINT('',(1.707142957143,30.333214285714,9.));
#3450 = CARTESIAN_POINT('',(2.090357242857,30.509285714286,9.));
#3451 = CARTESIAN_POINT('',(2.4975001,30.888571428571,9.));
#3452 = VECTOR('',#3453,1.);
#3453 = DIRECTION('',(-0.,-0.,-1.));
#3454 = ADVANCED_FACE('',(#3455),#3466,.F.);
#3455 = FACE_BOUND('',#3456,.F.);
#3456 = EDGE_LOOP('',(#3457,#3463,#3464,#3465));
#3457 = ORIENTED_EDGE('',*,*,#3458,.T.);
#3458 = EDGE_CURVE('',#793,#1890,#3459,.T.);
#3459 = LINE('',#3460,#3461);
#3460 = CARTESIAN_POINT('',(0.917142957143,30.157142857143,9.));
#3461 = VECTOR('',#3462,1.);
#3462 = DIRECTION('',(0.,0.,1.));
#3463 = ORIENTED_EDGE('',*,*,#1897,.T.);
#3464 = ORIENTED_EDGE('',*,*,#3439,.F.);
#3465 = ORIENTED_EDGE('',*,*,#800,.F.);
#3466 = SURFACE_OF_LINEAR_EXTRUSION('',#3467,#3471);
#3467 = B_SPLINE_CURVE_WITH_KNOTS('',2,(#3468,#3469,#3470),
  .UNSPECIFIED.,.F.,.F.,(3,3),(0.,1.),.PIECEWISE_BEZIER_KNOTS.);
#3468 = CARTESIAN_POINT('',(0.917142957143,30.157142857143,9.));
#3469 = CARTESIAN_POINT('',(1.324285814286,30.157142857143,9.));
#3470 = CARTESIAN_POINT('',(1.707142957143,30.333214285714,9.));
#3471 = VECTOR('',#3472,1.);
#3472 = DIRECTION('',(-0.,-0.,-1.));
#3473 = ADVANCED_FACE('',(#3474),#3485,.F.);
#3474 = FACE_BOUND('',#3475,.F.);
#3475 = EDGE_LOOP('',(#3476,#3482,#3483,#3484));
#3476 = ORIENTED_EDGE('',*,*,#3477,.T.);
#3477 = EDGE_CURVE('',#785,#1882,#3478,.T.);
#3478 = LINE('',#3479,#3480);
#3479 = CARTESIAN_POINT('',(-0.392857042857,30.846071428571,9.));
#3480 = VECTOR('',#3481,1.);
#3481 = DIRECTION('',(0.,0.,1.));
#3482 = ORIENTED_EDGE('',*,*,#1889,.T.);
#3483 = ORIENTED_EDGE('',*,*,#3458,.F.);
#3484 = ORIENTED_EDGE('',*,*,#792,.F.);
#3485 = SURFACE_OF_LINEAR_EXTRUSION('',#3486,#3490);
#3486 = B_SPLINE_CURVE_WITH_KNOTS('',2,(#3487,#3488,#3489),
  .UNSPECIFIED.,.F.,.F.,(3,3),(0.,1.),.PIECEWISE_BEZIER_KNOTS.);
#3487 = CARTESIAN_POINT('',(-0.392857042857,30.846071428571,9.));
#3488 = CARTESIAN_POINT('',(4.928581428571E-02,30.157142857143,9.));
#3489 = CARTESIAN_POINT('',(0.917142957143,30.157142857143,9.));
#3490 = VECTOR('',#3491,1.);
#3491 = DIRECTION('',(-0.,-0.,-1.));
#3492 = ADVANCED_FACE('',(#3493),#3504,.F.);
#3493 = FACE_BOUND('',#3494,.F.);
#3494 = EDGE_LOOP('',(#3495,#3501,#3502,#3503));
#3495 = ORIENTED_EDGE('',*,*,#3496,.T.);
#3496 = EDGE_CURVE('',#777,#1874,#3497,.T.);
#3497 = LINE('',#3498,#3499);
#3498 = CARTESIAN_POINT('',(-0.834642757143,32.885714285714,9.));
#3499 = VECTOR('',#3500,1.);
#3500 = DIRECTION('',(0.,0.,1.));
#3501 = ORIENTED_EDGE('',*,*,#1881,.T.);
#3502 = ORIENTED_EDGE('',*,*,#3477,.F.);
#3503 = ORIENTED_EDGE('',*,*,#784,.F.);
#3504 = SURFACE_OF_LINEAR_EXTRUSION('',#3505,#3509);
#3505 = B_SPLINE_CURVE_WITH_KNOTS('',2,(#3506,#3507,#3508),
  .UNSPECIFIED.,.F.,.F.,(3,3),(0.,1.),.PIECEWISE_BEZIER_KNOTS.);
#3506 = CARTESIAN_POINT('',(-0.834642757143,32.885714285714,9.));
#3507 = CARTESIAN_POINT('',(-0.834642757143,31.535,9.));
#3508 = CARTESIAN_POINT('',(-0.392857042857,30.846071428571,9.));
#3509 = VECTOR('',#3510,1.);
#3510 = DIRECTION('',(-0.,-0.,-1.));
#3511 = ADVANCED_FACE('',(#3512),#3523,.F.);
#3512 = FACE_BOUND('',#3513,.F.);
#3513 = EDGE_LOOP('',(#3514,#3520,#3521,#3522));
#3514 = ORIENTED_EDGE('',*,*,#3515,.T.);
#3515 = EDGE_CURVE('',#769,#1866,#3516,.T.);
#3516 = LINE('',#3517,#3518);
#3517 = CARTESIAN_POINT('',(-0.392857042857,34.931071428571,9.));
#3518 = VECTOR('',#3519,1.);
#3519 = DIRECTION('',(0.,0.,1.));
#3520 = ORIENTED_EDGE('',*,*,#1873,.T.);
#3521 = ORIENTED_EDGE('',*,*,#3496,.F.);
#3522 = ORIENTED_EDGE('',*,*,#776,.F.);
#3523 = SURFACE_OF_LINEAR_EXTRUSION('',#3524,#3528);
#3524 = B_SPLINE_CURVE_WITH_KNOTS('',2,(#3525,#3526,#3527),
  .UNSPECIFIED.,.F.,.F.,(3,3),(0.,1.),.PIECEWISE_BEZIER_KNOTS.);
#3525 = CARTESIAN_POINT('',(-0.392857042857,34.931071428571,9.));
#3526 = CARTESIAN_POINT('',(-0.834642757143,34.242142857143,9.));
#3527 = CARTESIAN_POINT('',(-0.834642757143,32.885714285714,9.));
#3528 = VECTOR('',#3529,1.);
#3529 = DIRECTION('',(-0.,-0.,-1.));
#3530 = ADVANCED_FACE('',(#3531),#3542,.F.);
#3531 = FACE_BOUND('',#3532,.F.);
#3532 = EDGE_LOOP('',(#3533,#3539,#3540,#3541));
#3533 = ORIENTED_EDGE('',*,*,#3534,.T.);
#3534 = EDGE_CURVE('',#761,#1858,#3535,.T.);
#3535 = LINE('',#3536,#3537);
#3536 = CARTESIAN_POINT('',(0.917142957143,35.62,9.));
#3537 = VECTOR('',#3538,1.);
#3538 = DIRECTION('',(0.,0.,1.));
#3539 = ORIENTED_EDGE('',*,*,#1865,.T.);
#3540 = ORIENTED_EDGE('',*,*,#3515,.F.);
#3541 = ORIENTED_EDGE('',*,*,#768,.F.);
#3542 = SURFACE_OF_LINEAR_EXTRUSION('',#3543,#3547);
#3543 = B_SPLINE_CURVE_WITH_KNOTS('',2,(#3544,#3545,#3546),
  .UNSPECIFIED.,.F.,.F.,(3,3),(0.,1.),.PIECEWISE_BEZIER_KNOTS.);
#3544 = CARTESIAN_POINT('',(0.917142957143,35.62,9.));
#3545 = CARTESIAN_POINT('',(4.928581428571E-02,35.62,9.));
#3546 = CARTESIAN_POINT('',(-0.392857042857,34.931071428571,9.));
#3547 = VECTOR('',#3548,1.);
#3548 = DIRECTION('',(-0.,-0.,-1.));
#3549 = ADVANCED_FACE('',(#3550),#3561,.F.);
#3550 = FACE_BOUND('',#3551,.F.);
#3551 = EDGE_LOOP('',(#3552,#3558,#3559,#3560));
#3552 = ORIENTED_EDGE('',*,*,#3553,.T.);
#3553 = EDGE_CURVE('',#753,#1850,#3554,.T.);
#3554 = LINE('',#3555,#3556);
#3555 = CARTESIAN_POINT('',(1.707142957143,35.443928571429,9.));
#3556 = VECTOR('',#3557,1.);
#3557 = DIRECTION('',(0.,0.,1.));
#3558 = ORIENTED_EDGE('',*,*,#1857,.T.);
#3559 = ORIENTED_EDGE('',*,*,#3534,.F.);
#3560 = ORIENTED_EDGE('',*,*,#760,.F.);
#3561 = SURFACE_OF_LINEAR_EXTRUSION('',#3562,#3566);
#3562 = B_SPLINE_CURVE_WITH_KNOTS('',2,(#3563,#3564,#3565),
  .UNSPECIFIED.,.F.,.F.,(3,3),(0.,1.),.PIECEWISE_BEZIER_KNOTS.);
#3563 = CARTESIAN_POINT('',(1.707142957143,35.443928571429,9.));
#3564 = CARTESIAN_POINT('',(1.324285814286,35.62,9.));
#3565 = CARTESIAN_POINT('',(0.917142957143,35.62,9.));
#3566 = VECTOR('',#3567,1.);
#3567 = DIRECTION('',(-0.,-0.,-1.));
#3568 = ADVANCED_FACE('',(#3569),#3580,.F.);
#3569 = FACE_BOUND('',#3570,.F.);
#3570 = EDGE_LOOP('',(#3571,#3577,#3578,#3579));
#3571 = ORIENTED_EDGE('',*,*,#3572,.T.);
#3572 = EDGE_CURVE('',#745,#1842,#3573,.T.);
#3573 = LINE('',#3574,#3575);
#3574 = CARTESIAN_POINT('',(2.4975001,34.888571428571,9.));
#3575 = VECTOR('',#3576,1.);
#3576 = DIRECTION('',(0.,0.,1.));
#3577 = ORIENTED_EDGE('',*,*,#1849,.T.);
#3578 = ORIENTED_EDGE('',*,*,#3553,.F.);
#3579 = ORIENTED_EDGE('',*,*,#752,.F.);
#3580 = SURFACE_OF_LINEAR_EXTRUSION('',#3581,#3585);
#3581 = B_SPLINE_CURVE_WITH_KNOTS('',2,(#3582,#3583,#3584),
  .UNSPECIFIED.,.F.,.F.,(3,3),(0.,1.),.PIECEWISE_BEZIER_KNOTS.);
#3582 = CARTESIAN_POINT('',(2.4975001,34.888571428571,9.));
#3583 = CARTESIAN_POINT('',(2.090357242857,35.267857142857,9.));
#3584 = CARTESIAN_POINT('',(1.707142957143,35.443928571429,9.));
#3585 = VECTOR('',#3586,1.);
#3586 = DIRECTION('',(-0.,-0.,-1.));
#3587 = ADVANCED_FACE('',(#3588),#3599,.F.);
#3588 = FACE_BOUND('',#3589,.F.);
#3589 = EDGE_LOOP('',(#3590,#3596,#3597,#3598));
#3590 = ORIENTED_EDGE('',*,*,#3591,.T.);
#3591 = EDGE_CURVE('',#737,#1834,#3592,.T.);
#3592 = LINE('',#3593,#3594);
#3593 = CARTESIAN_POINT('',(2.4975001,36.648571428571,9.));
#3594 = VECTOR('',#3595,1.);
#3595 = DIRECTION('',(0.,0.,1.));
#3596 = ORIENTED_EDGE('',*,*,#1841,.T.);
#3597 = ORIENTED_EDGE('',*,*,#3572,.F.);
#3598 = ORIENTED_EDGE('',*,*,#744,.F.);
#3599 = PLANE('',#3600);
#3600 = AXIS2_PLACEMENT_3D('',#3601,#3602,#3603);
#3601 = CARTESIAN_POINT('',(2.4975001,36.648571428571,9.));
#3602 = DIRECTION('',(1.,0.,0.));
#3603 = DIRECTION('',(0.,-1.,0.));
#3604 = ADVANCED_FACE('',(#3605),#3616,.F.);
#3605 = FACE_BOUND('',#3606,.F.);
#3606 = EDGE_LOOP('',(#3607,#3613,#3614,#3615));
#3607 = ORIENTED_EDGE('',*,*,#3608,.T.);
#3608 = EDGE_CURVE('',#729,#1826,#3609,.T.);
#3609 = LINE('',#3610,#3611);
#3610 = CARTESIAN_POINT('',(1.715357242857,36.94,9.));
#3611 = VECTOR('',#3612,1.);
#3612 = DIRECTION('',(0.,0.,1.));
#3613 = ORIENTED_EDGE('',*,*,#1833,.T.);
#3614 = ORIENTED_EDGE('',*,*,#3591,.F.);
#3615 = ORIENTED_EDGE('',*,*,#736,.F.);
#3616 = SURFACE_OF_LINEAR_EXTRUSION('',#3617,#3621);
#3617 = B_SPLINE_CURVE_WITH_KNOTS('',2,(#3618,#3619,#3620),
  .UNSPECIFIED.,.F.,.F.,(3,3),(0.,1.),.PIECEWISE_BEZIER_KNOTS.);
#3618 = CARTESIAN_POINT('',(1.715357242857,36.94,9.));
#3619 = CARTESIAN_POINT('',(2.133214385714,36.842857142857,9.));
#3620 = CARTESIAN_POINT('',(2.4975001,36.648571428571,9.));
#3621 = VECTOR('',#3622,1.);
#3622 = DIRECTION('',(-0.,-0.,-1.));
#3623 = ADVANCED_FACE('',(#3624),#3635,.F.);
#3624 = FACE_BOUND('',#3625,.F.);
#3625 = EDGE_LOOP('',(#3626,#3632,#3633,#3634));
#3626 = ORIENTED_EDGE('',*,*,#3627,.T.);
#3627 = EDGE_CURVE('',#721,#1818,#3628,.T.);
#3628 = LINE('',#3629,#3630);
#3629 = CARTESIAN_POINT('',(0.842142957143,37.037142857143,9.));
#3630 = VECTOR('',#3631,1.);
#3631 = DIRECTION('',(0.,0.,1.));
#3632 = ORIENTED_EDGE('',*,*,#1825,.T.);
#3633 = ORIENTED_EDGE('',*,*,#3608,.F.);
#3634 = ORIENTED_EDGE('',*,*,#728,.F.);
#3635 = SURFACE_OF_LINEAR_EXTRUSION('',#3636,#3640);
#3636 = B_SPLINE_CURVE_WITH_KNOTS('',2,(#3637,#3638,#3639),
  .UNSPECIFIED.,.F.,.F.,(3,3),(0.,1.),.PIECEWISE_BEZIER_KNOTS.);
#3637 = CARTESIAN_POINT('',(0.842142957143,37.037142857143,9.));
#3638 = CARTESIAN_POINT('',(1.2975001,37.037142857143,9.));
#3639 = CARTESIAN_POINT('',(1.715357242857,36.94,9.));
#3640 = VECTOR('',#3641,1.);
#3641 = DIRECTION('',(-0.,-0.,-1.));
#3642 = ADVANCED_FACE('',(#3643),#3654,.F.);
#3643 = FACE_BOUND('',#3644,.F.);
#3644 = EDGE_LOOP('',(#3645,#3651,#3652,#3653));
#3645 = ORIENTED_EDGE('',*,*,#3646,.T.);
#3646 = EDGE_CURVE('',#713,#1810,#3647,.T.);
#3647 = LINE('',#3648,#3649);
#3648 = CARTESIAN_POINT('',(-1.6274999,35.971071428571,9.));
#3649 = VECTOR('',#3650,1.);
#3650 = DIRECTION('',(0.,0.,1.));
#3651 = ORIENTED_EDGE('',*,*,#1817,.T.);
#3652 = ORIENTED_EDGE('',*,*,#3627,.F.);
#3653 = ORIENTED_EDGE('',*,*,#720,.F.);
#3654 = SURFACE_OF_LINEAR_EXTRUSION('',#3655,#3659);
#3655 = B_SPLINE_CURVE_WITH_KNOTS('',2,(#3656,#3657,#3658),
  .UNSPECIFIED.,.F.,.F.,(3,3),(0.,1.),.PIECEWISE_BEZIER_KNOTS.);
#3656 = CARTESIAN_POINT('',(-1.6274999,35.971071428571,9.));
#3657 = CARTESIAN_POINT('',(-0.775714185714,37.037142857143,9.));
#3658 = CARTESIAN_POINT('',(0.842142957143,37.037142857143,9.));
#3659 = VECTOR('',#3660,1.);
#3660 = DIRECTION('',(-0.,-0.,-1.));
#3661 = ADVANCED_FACE('',(#3662),#3673,.F.);
#3662 = FACE_BOUND('',#3663,.F.);
#3663 = EDGE_LOOP('',(#3664,#3670,#3671,#3672));
#3664 = ORIENTED_EDGE('',*,*,#3665,.T.);
#3665 = EDGE_CURVE('',#705,#1802,#3666,.T.);
#3666 = LINE('',#3667,#3668);
#3667 = CARTESIAN_POINT('',(-2.479285614286,32.886071428571,9.));
#3668 = VECTOR('',#3669,1.);
#3669 = DIRECTION('',(0.,0.,1.));
#3670 = ORIENTED_EDGE('',*,*,#1809,.T.);
#3671 = ORIENTED_EDGE('',*,*,#3646,.F.);
#3672 = ORIENTED_EDGE('',*,*,#712,.F.);
#3673 = SURFACE_OF_LINEAR_EXTRUSION('',#3674,#3678);
#3674 = B_SPLINE_CURVE_WITH_KNOTS('',2,(#3675,#3676,#3677),
  .UNSPECIFIED.,.F.,.F.,(3,3),(0.,1.),.PIECEWISE_BEZIER_KNOTS.);
#3675 = CARTESIAN_POINT('',(-2.479285614286,32.886071428571,9.));
#3676 = CARTESIAN_POINT('',(-2.479285614286,34.905357142857,9.));
#3677 = CARTESIAN_POINT('',(-1.6274999,35.971071428571,9.));
#3678 = VECTOR('',#3679,1.);
#3679 = DIRECTION('',(-0.,-0.,-1.));
#3680 = ADVANCED_FACE('',(#3681),#3692,.F.);
#3681 = FACE_BOUND('',#3682,.F.);
#3682 = EDGE_LOOP('',(#3683,#3689,#3690,#3691));
#3683 = ORIENTED_EDGE('',*,*,#3684,.T.);
#3684 = EDGE_CURVE('',#697,#1794,#3685,.T.);
#3685 = LINE('',#3686,#3687);
#3686 = CARTESIAN_POINT('',(-1.6274999,29.805714285714,9.));
#3687 = VECTOR('',#3688,1.);
#3688 = DIRECTION('',(0.,0.,1.));
#3689 = ORIENTED_EDGE('',*,*,#1801,.T.);
#3690 = ORIENTED_EDGE('',*,*,#3665,.F.);
#3691 = ORIENTED_EDGE('',*,*,#704,.F.);
#3692 = SURFACE_OF_LINEAR_EXTRUSION('',#3693,#3697);
#3693 = B_SPLINE_CURVE_WITH_KNOTS('',2,(#3694,#3695,#3696),
  .UNSPECIFIED.,.F.,.F.,(3,3),(0.,1.),.PIECEWISE_BEZIER_KNOTS.);
#3694 = CARTESIAN_POINT('',(-1.6274999,29.805714285714,9.));
#3695 = CARTESIAN_POINT('',(-2.479285614286,30.871785714286,9.));
#3696 = CARTESIAN_POINT('',(-2.479285614286,32.886071428571,9.));
#3697 = VECTOR('',#3698,1.);
#3698 = DIRECTION('',(-0.,-0.,-1.));
#3699 = ADVANCED_FACE('',(#3700),#3711,.F.);
#3700 = FACE_BOUND('',#3701,.F.);
#3701 = EDGE_LOOP('',(#3702,#3708,#3709,#3710));
#3702 = ORIENTED_EDGE('',*,*,#3703,.T.);
#3703 = EDGE_CURVE('',#689,#1786,#3704,.T.);
#3704 = LINE('',#3705,#3706);
#3705 = CARTESIAN_POINT('',(0.842142957143,28.74,9.));
#3706 = VECTOR('',#3707,1.);
#3707 = DIRECTION('',(0.,0.,1.));
#3708 = ORIENTED_EDGE('',*,*,#1793,.T.);
#3709 = ORIENTED_EDGE('',*,*,#3684,.F.);
#3710 = ORIENTED_EDGE('',*,*,#696,.F.);
#3711 = SURFACE_OF_LINEAR_EXTRUSION('',#3712,#3716);
#3712 = B_SPLINE_CURVE_WITH_KNOTS('',2,(#3713,#3714,#3715),
  .UNSPECIFIED.,.F.,.F.,(3,3),(0.,1.),.PIECEWISE_BEZIER_KNOTS.);
#3713 = CARTESIAN_POINT('',(0.842142957143,28.74,9.));
#3714 = CARTESIAN_POINT('',(-0.775714185714,28.74,9.));
#3715 = CARTESIAN_POINT('',(-1.6274999,29.805714285714,9.));
#3716 = VECTOR('',#3717,1.);
#3717 = DIRECTION('',(-0.,-0.,-1.));
#3718 = ADVANCED_FACE('',(#3719),#3730,.F.);
#3719 = FACE_BOUND('',#3720,.F.);
#3720 = EDGE_LOOP('',(#3721,#3727,#3728,#3729));
#3721 = ORIENTED_EDGE('',*,*,#3722,.T.);
#3722 = EDGE_CURVE('',#681,#1778,#3723,.T.);
#3723 = LINE('',#3724,#3725);
#3724 = CARTESIAN_POINT('',(1.7100001,28.837142857143,9.));
#3725 = VECTOR('',#3726,1.);
#3726 = DIRECTION('',(0.,0.,1.));
#3727 = ORIENTED_EDGE('',*,*,#1785,.T.);
#3728 = ORIENTED_EDGE('',*,*,#3703,.F.);
#3729 = ORIENTED_EDGE('',*,*,#688,.F.);
#3730 = SURFACE_OF_LINEAR_EXTRUSION('',#3731,#3735);
#3731 = B_SPLINE_CURVE_WITH_KNOTS('',2,(#3732,#3733,#3734),
  .UNSPECIFIED.,.F.,.F.,(3,3),(0.,1.),.PIECEWISE_BEZIER_KNOTS.);
#3732 = CARTESIAN_POINT('',(1.7100001,28.837142857143,9.));
#3733 = CARTESIAN_POINT('',(1.2975001,28.74,9.));
#3734 = CARTESIAN_POINT('',(0.842142957143,28.74,9.));
#3735 = VECTOR('',#3736,1.);
#3736 = DIRECTION('',(-0.,-0.,-1.));
#3737 = ADVANCED_FACE('',(#3738),#3744,.F.);
#3738 = FACE_BOUND('',#3739,.F.);
#3739 = EDGE_LOOP('',(#3740,#3741,#3742,#3743));
#3740 = ORIENTED_EDGE('',*,*,#3424,.T.);
#3741 = ORIENTED_EDGE('',*,*,#1777,.T.);
#3742 = ORIENTED_EDGE('',*,*,#3722,.F.);
#3743 = ORIENTED_EDGE('',*,*,#680,.F.);
#3744 = SURFACE_OF_LINEAR_EXTRUSION('',#3745,#3749);
#3745 = B_SPLINE_CURVE_WITH_KNOTS('',2,(#3746,#3747,#3748),
  .UNSPECIFIED.,.F.,.F.,(3,3),(0.,1.),.PIECEWISE_BEZIER_KNOTS.);
#3746 = CARTESIAN_POINT('',(2.4975001,29.128571428571,9.));
#3747 = CARTESIAN_POINT('',(2.1225001,28.934285714286,9.));
#3748 = CARTESIAN_POINT('',(1.7100001,28.837142857143,9.));
#3749 = VECTOR('',#3750,1.);
#3750 = DIRECTION('',(-0.,-0.,-1.));
#3751 = ADVANCED_FACE('',(#3752),#3768,.F.);
#3752 = FACE_BOUND('',#3753,.F.);
#3753 = EDGE_LOOP('',(#3754,#3760,#3761,#3767));
#3754 = ORIENTED_EDGE('',*,*,#3755,.T.);
#3755 = EDGE_CURVE('',#817,#1914,#3756,.T.);
#3756 = LINE('',#3757,#3758);
#3757 = CARTESIAN_POINT('',(4.514642957143,29.789642857143,9.));
#3758 = VECTOR('',#3759,1.);
#3759 = DIRECTION('',(0.,0.,1.));
#3760 = ORIENTED_EDGE('',*,*,#1913,.T.);
#3761 = ORIENTED_EDGE('',*,*,#3762,.F.);
#3762 = EDGE_CURVE('',#819,#1916,#3763,.T.);
#3763 = LINE('',#3764,#3765);
#3764 = CARTESIAN_POINT('',(3.8050001,32.886071428571,9.));
#3765 = VECTOR('',#3766,1.);
#3766 = DIRECTION('',(0.,0.,1.));
#3767 = ORIENTED_EDGE('',*,*,#816,.F.);
#3768 = SURFACE_OF_LINEAR_EXTRUSION('',#3769,#3773);
#3769 = B_SPLINE_CURVE_WITH_KNOTS('',2,(#3770,#3771,#3772),
  .UNSPECIFIED.,.F.,.F.,(3,3),(0.,1.),.PIECEWISE_BEZIER_KNOTS.);
#3770 = CARTESIAN_POINT('',(4.514642957143,29.789642857143,9.));
#3771 = CARTESIAN_POINT('',(3.8050001,30.839642857143,9.));
#3772 = CARTESIAN_POINT('',(3.8050001,32.886071428571,9.));
#3773 = VECTOR('',#3774,1.);
#3774 = DIRECTION('',(-0.,-0.,-1.));
#3775 = ADVANCED_FACE('',(#3776),#3787,.F.);
#3776 = FACE_BOUND('',#3777,.F.);
#3777 = EDGE_LOOP('',(#3778,#3784,#3785,#3786));
#3778 = ORIENTED_EDGE('',*,*,#3779,.T.);
#3779 = EDGE_CURVE('',#867,#1964,#3780,.T.);
#3780 = LINE('',#3781,#3782);
#3781 = CARTESIAN_POINT('',(6.612142957143,28.74,9.));
#3782 = VECTOR('',#3783,1.);
#3783 = DIRECTION('',(0.,0.,1.));
#3784 = ORIENTED_EDGE('',*,*,#1971,.T.);
#3785 = ORIENTED_EDGE('',*,*,#3755,.F.);
#3786 = ORIENTED_EDGE('',*,*,#874,.F.);
#3787 = SURFACE_OF_LINEAR_EXTRUSION('',#3788,#3792);
#3788 = B_SPLINE_CURVE_WITH_KNOTS('',2,(#3789,#3790,#3791),
  .UNSPECIFIED.,.F.,.F.,(3,3),(0.,1.),.PIECEWISE_BEZIER_KNOTS.);
#3789 = CARTESIAN_POINT('',(6.612142957143,28.74,9.));
#3790 = CARTESIAN_POINT('',(5.224642957143,28.74,9.));
#3791 = CARTESIAN_POINT('',(4.514642957143,29.789642857143,9.));
#3792 = VECTOR('',#3793,1.);
#3793 = DIRECTION('',(-0.,-0.,-1.));
#3794 = ADVANCED_FACE('',(#3795),#3806,.F.);
#3795 = FACE_BOUND('',#3796,.F.);
#3796 = EDGE_LOOP('',(#3797,#3803,#3804,#3805));
#3797 = ORIENTED_EDGE('',*,*,#3798,.T.);
#3798 = EDGE_CURVE('',#859,#1956,#3799,.T.);
#3799 = LINE('',#3800,#3801);
#3800 = CARTESIAN_POINT('',(8.714642957143,29.789642857143,9.));
#3801 = VECTOR('',#3802,1.);
#3802 = DIRECTION('',(0.,0.,1.));
#3803 = ORIENTED_EDGE('',*,*,#1963,.T.);
#3804 = ORIENTED_EDGE('',*,*,#3779,.F.);
#3805 = ORIENTED_EDGE('',*,*,#866,.F.);
#3806 = SURFACE_OF_LINEAR_EXTRUSION('',#3807,#3811);
#3807 = B_SPLINE_CURVE_WITH_KNOTS('',2,(#3808,#3809,#3810),
  .UNSPECIFIED.,.F.,.F.,(3,3),(0.,1.),.PIECEWISE_BEZIER_KNOTS.);
#3808 = CARTESIAN_POINT('',(8.714642957143,29.789642857143,9.));
#3809 = CARTESIAN_POINT('',(8.0050001,28.74,9.));
#3810 = CARTESIAN_POINT('',(6.612142957143,28.74,9.));
#3811 = VECTOR('',#3812,1.);
#3812 = DIRECTION('',(-0.,-0.,-1.));
#3813 = ADVANCED_FACE('',(#3814),#3825,.F.);
#3814 = FACE_BOUND('',#3815,.F.);
#3815 = EDGE_LOOP('',(#3816,#3822,#3823,#3824));
#3816 = ORIENTED_EDGE('',*,*,#3817,.T.);
#3817 = EDGE_CURVE('',#851,#1948,#3818,.T.);
#3818 = LINE('',#3819,#3820);
#3819 = CARTESIAN_POINT('',(9.424642957143,32.886071428571,9.));
#3820 = VECTOR('',#3821,1.);
#3821 = DIRECTION('',(0.,0.,1.));
#3822 = ORIENTED_EDGE('',*,*,#1955,.T.);
#3823 = ORIENTED_EDGE('',*,*,#3798,.F.);
#3824 = ORIENTED_EDGE('',*,*,#858,.F.);
#3825 = SURFACE_OF_LINEAR_EXTRUSION('',#3826,#3830);
#3826 = B_SPLINE_CURVE_WITH_KNOTS('',2,(#3827,#3828,#3829),
  .UNSPECIFIED.,.F.,.F.,(3,3),(0.,1.),.PIECEWISE_BEZIER_KNOTS.);
#3827 = CARTESIAN_POINT('',(9.424642957143,32.886071428571,9.));
#3828 = CARTESIAN_POINT('',(9.424642957143,30.839642857143,9.));
#3829 = CARTESIAN_POINT('',(8.714642957143,29.789642857143,9.));
#3830 = VECTOR('',#3831,1.);
#3831 = DIRECTION('',(-0.,-0.,-1.));
#3832 = ADVANCED_FACE('',(#3833),#3844,.F.);
#3833 = FACE_BOUND('',#3834,.F.);
#3834 = EDGE_LOOP('',(#3835,#3841,#3842,#3843));
#3835 = ORIENTED_EDGE('',*,*,#3836,.T.);
#3836 = EDGE_CURVE('',#843,#1940,#3837,.T.);
#3837 = LINE('',#3838,#3839);
#3838 = CARTESIAN_POINT('',(8.714642957143,35.987142857143,9.));
#3839 = VECTOR('',#3840,1.);
#3840 = DIRECTION('',(0.,0.,1.));
#3841 = ORIENTED_EDGE('',*,*,#1947,.T.);
#3842 = ORIENTED_EDGE('',*,*,#3817,.F.);
#3843 = ORIENTED_EDGE('',*,*,#850,.F.);
#3844 = SURFACE_OF_LINEAR_EXTRUSION('',#3845,#3849);
#3845 = B_SPLINE_CURVE_WITH_KNOTS('',2,(#3846,#3847,#3848),
  .UNSPECIFIED.,.F.,.F.,(3,3),(0.,1.),.PIECEWISE_BEZIER_KNOTS.);
#3846 = CARTESIAN_POINT('',(8.714642957143,35.987142857143,9.));
#3847 = CARTESIAN_POINT('',(9.424642957143,34.9375,9.));
#3848 = CARTESIAN_POINT('',(9.424642957143,32.886071428571,9.));
#3849 = VECTOR('',#3850,1.);
#3850 = DIRECTION('',(-0.,-0.,-1.));
#3851 = ADVANCED_FACE('',(#3852),#3863,.F.);
#3852 = FACE_BOUND('',#3853,.F.);
#3853 = EDGE_LOOP('',(#3854,#3860,#3861,#3862));
#3854 = ORIENTED_EDGE('',*,*,#3855,.T.);
#3855 = EDGE_CURVE('',#835,#1932,#3856,.T.);
#3856 = LINE('',#3857,#3858);
#3857 = CARTESIAN_POINT('',(6.612142957143,37.037142857143,9.));
#3858 = VECTOR('',#3859,1.);
#3859 = DIRECTION('',(0.,0.,1.));
#3860 = ORIENTED_EDGE('',*,*,#1939,.T.);
#3861 = ORIENTED_EDGE('',*,*,#3836,.F.);
#3862 = ORIENTED_EDGE('',*,*,#842,.F.);
#3863 = SURFACE_OF_LINEAR_EXTRUSION('',#3864,#3868);
#3864 = B_SPLINE_CURVE_WITH_KNOTS('',2,(#3865,#3866,#3867),
  .UNSPECIFIED.,.F.,.F.,(3,3),(0.,1.),.PIECEWISE_BEZIER_KNOTS.);
#3865 = CARTESIAN_POINT('',(6.612142957143,37.037142857143,9.));
#3866 = CARTESIAN_POINT('',(8.0050001,37.037142857143,9.));
#3867 = CARTESIAN_POINT('',(8.714642957143,35.987142857143,9.));
#3868 = VECTOR('',#3869,1.);
#3869 = DIRECTION('',(-0.,-0.,-1.));
#3870 = ADVANCED_FACE('',(#3871),#3882,.F.);
#3871 = FACE_BOUND('',#3872,.F.);
#3872 = EDGE_LOOP('',(#3873,#3879,#3880,#3881));
#3873 = ORIENTED_EDGE('',*,*,#3874,.T.);
#3874 = EDGE_CURVE('',#827,#1924,#3875,.T.);
#3875 = LINE('',#3876,#3877);
#3876 = CARTESIAN_POINT('',(4.514642957143,35.987142857143,9.));
#3877 = VECTOR('',#3878,1.);
#3878 = DIRECTION('',(0.,0.,1.));
#3879 = ORIENTED_EDGE('',*,*,#1931,.T.);
#3880 = ORIENTED_EDGE('',*,*,#3855,.F.);
#3881 = ORIENTED_EDGE('',*,*,#834,.F.);
#3882 = SURFACE_OF_LINEAR_EXTRUSION('',#3883,#3887);
#3883 = B_SPLINE_CURVE_WITH_KNOTS('',2,(#3884,#3885,#3886),
  .UNSPECIFIED.,.F.,.F.,(3,3),(0.,1.),.PIECEWISE_BEZIER_KNOTS.);
#3884 = CARTESIAN_POINT('',(4.514642957143,35.987142857143,9.));
#3885 = CARTESIAN_POINT('',(5.224642957143,37.037142857143,9.));
#3886 = CARTESIAN_POINT('',(6.612142957143,37.037142857143,9.));
#3887 = VECTOR('',#3888,1.);
#3888 = DIRECTION('',(-0.,-0.,-1.));
#3889 = ADVANCED_FACE('',(#3890),#3896,.F.);
#3890 = FACE_BOUND('',#3891,.F.);
#3891 = EDGE_LOOP('',(#3892,#3893,#3894,#3895));
#3892 = ORIENTED_EDGE('',*,*,#3762,.T.);
#3893 = ORIENTED_EDGE('',*,*,#1923,.T.);
#3894 = ORIENTED_EDGE('',*,*,#3874,.F.);
#3895 = ORIENTED_EDGE('',*,*,#826,.F.);
#3896 = SURFACE_OF_LINEAR_EXTRUSION('',#3897,#3901);
#3897 = B_SPLINE_CURVE_WITH_KNOTS('',2,(#3898,#3899,#3900),
  .UNSPECIFIED.,.F.,.F.,(3,3),(0.,1.),.PIECEWISE_BEZIER_KNOTS.);
#3898 = CARTESIAN_POINT('',(3.8050001,32.886071428571,9.));
#3899 = CARTESIAN_POINT('',(3.8050001,34.9375,9.));
#3900 = CARTESIAN_POINT('',(4.514642957143,35.987142857143,9.));
#3901 = VECTOR('',#3902,1.);
#3902 = DIRECTION('',(-0.,-0.,-1.));
#3903 = ADVANCED_FACE('',(#3904),#3920,.F.);
#3904 = FACE_BOUND('',#3905,.F.);
#3905 = EDGE_LOOP('',(#3906,#3912,#3913,#3919));
#3906 = ORIENTED_EDGE('',*,*,#3907,.T.);
#3907 = EDGE_CURVE('',#883,#1980,#3908,.T.);
#3908 = LINE('',#3909,#3910);
#3909 = CARTESIAN_POINT('',(10.555357242857,28.9,9.));
#3910 = VECTOR('',#3911,1.);
#3911 = DIRECTION('',(0.,0.,1.));
#3912 = ORIENTED_EDGE('',*,*,#1979,.T.);
#3913 = ORIENTED_EDGE('',*,*,#3914,.F.);
#3914 = EDGE_CURVE('',#885,#1982,#3915,.T.);
#3915 = LINE('',#3916,#3917);
#3916 = CARTESIAN_POINT('',(10.555357242857,36.9,9.));
#3917 = VECTOR('',#3918,1.);
#3918 = DIRECTION('',(0.,0.,1.));
#3919 = ORIENTED_EDGE('',*,*,#882,.F.);
#3920 = PLANE('',#3921);
#3921 = AXIS2_PLACEMENT_3D('',#3922,#3923,#3924);
#3922 = CARTESIAN_POINT('',(10.555357242857,28.9,9.));
#3923 = DIRECTION('',(-1.,0.,0.));
#3924 = DIRECTION('',(0.,1.,0.));
#3925 = ADVANCED_FACE('',(#3926),#3937,.F.);
#3926 = FACE_BOUND('',#3927,.F.);
#3927 = EDGE_LOOP('',(#3928,#3934,#3935,#3936));
#3928 = ORIENTED_EDGE('',*,*,#3929,.T.);
#3929 = EDGE_CURVE('',#949,#2046,#3930,.T.);
#3930 = LINE('',#3931,#3932);
#3931 = CARTESIAN_POINT('',(11.948214385714,28.9,9.));
#3932 = VECTOR('',#3933,1.);
#3933 = DIRECTION('',(0.,0.,1.));
#3934 = ORIENTED_EDGE('',*,*,#2053,.T.);
#3935 = ORIENTED_EDGE('',*,*,#3907,.F.);
#3936 = ORIENTED_EDGE('',*,*,#956,.F.);
#3937 = PLANE('',#3938);
#3938 = AXIS2_PLACEMENT_3D('',#3939,#3940,#3941);
#3939 = CARTESIAN_POINT('',(11.948214385714,28.9,9.));
#3940 = DIRECTION('',(0.,-1.,0.));
#3941 = DIRECTION('',(-1.,0.,0.));
#3942 = ADVANCED_FACE('',(#3943),#3954,.F.);
#3943 = FACE_BOUND('',#3944,.F.);
#3944 = EDGE_LOOP('',(#3945,#3951,#3952,#3953));
#3945 = ORIENTED_EDGE('',*,*,#3946,.T.);
#3946 = EDGE_CURVE('',#941,#2038,#3947,.T.);
#3947 = LINE('',#3948,#3949);
#3948 = CARTESIAN_POINT('',(11.948214385714,34.713928571429,9.));
#3949 = VECTOR('',#3950,1.);
#3950 = DIRECTION('',(0.,0.,1.));
#3951 = ORIENTED_EDGE('',*,*,#2045,.T.);
#3952 = ORIENTED_EDGE('',*,*,#3929,.F.);
#3953 = ORIENTED_EDGE('',*,*,#948,.F.);
#3954 = PLANE('',#3955);
#3955 = AXIS2_PLACEMENT_3D('',#3956,#3957,#3958);
#3956 = CARTESIAN_POINT('',(11.948214385714,34.713928571429,9.));
#3957 = DIRECTION('',(1.,0.,0.));
#3958 = DIRECTION('',(0.,-1.,0.));
#3959 = ADVANCED_FACE('',(#3960),#3971,.F.);
#3960 = FACE_BOUND('',#3961,.F.);
#3961 = EDGE_LOOP('',(#3962,#3968,#3969,#3970));
#3962 = ORIENTED_EDGE('',*,*,#3963,.T.);
#3963 = EDGE_CURVE('',#933,#2030,#3964,.T.);
#3964 = LINE('',#3965,#3966);
#3965 = CARTESIAN_POINT('',(14.1875001,28.9,9.));
#3966 = VECTOR('',#3967,1.);
#3967 = DIRECTION('',(0.,0.,1.));
#3968 = ORIENTED_EDGE('',*,*,#2037,.T.);
#3969 = ORIENTED_EDGE('',*,*,#3946,.F.);
#3970 = ORIENTED_EDGE('',*,*,#940,.F.);
#3971 = PLANE('',#3972);
#3972 = AXIS2_PLACEMENT_3D('',#3973,#3974,#3975);
#3973 = CARTESIAN_POINT('',(14.1875001,28.9,9.));
#3974 = DIRECTION('',(-0.933175598383,-0.359420787632,0.));
#3975 = DIRECTION('',(-0.359420787632,0.933175598383,0.));
#3976 = ADVANCED_FACE('',(#3977),#3988,.F.);
#3977 = FACE_BOUND('',#3978,.F.);
#3978 = EDGE_LOOP('',(#3979,#3985,#3986,#3987));
#3979 = ORIENTED_EDGE('',*,*,#3980,.T.);
#3980 = EDGE_CURVE('',#925,#2022,#3981,.T.);
#3981 = LINE('',#3982,#3983);
#3982 = CARTESIAN_POINT('',(15.8750001,28.9,9.));
#3983 = VECTOR('',#3984,1.);
#3984 = DIRECTION('',(0.,0.,1.));
#3985 = ORIENTED_EDGE('',*,*,#2029,.T.);
#3986 = ORIENTED_EDGE('',*,*,#3963,.F.);
#3987 = ORIENTED_EDGE('',*,*,#932,.F.);
#3988 = PLANE('',#3989);
#3989 = AXIS2_PLACEMENT_3D('',#3990,#3991,#3992);
#3990 = CARTESIAN_POINT('',(15.8750001,28.9,9.));
#3991 = DIRECTION('',(0.,-1.,0.));
#3992 = DIRECTION('',(-1.,0.,0.));
#3993 = ADVANCED_FACE('',(#3994),#4005,.F.);
#3994 = FACE_BOUND('',#3995,.F.);
#3995 = EDGE_LOOP('',(#3996,#4002,#4003,#4004));
#3996 = ORIENTED_EDGE('',*,*,#3997,.T.);
#3997 = EDGE_CURVE('',#917,#2014,#3998,.T.);
#3998 = LINE('',#3999,#4000);
#3999 = CARTESIAN_POINT('',(15.8750001,36.9,9.));
#4000 = VECTOR('',#4001,1.);
#4001 = DIRECTION('',(0.,0.,1.));
#4002 = ORIENTED_EDGE('',*,*,#2021,.T.);
#4003 = ORIENTED_EDGE('',*,*,#3980,.F.);
#4004 = ORIENTED_EDGE('',*,*,#924,.F.);
#4005 = PLANE('',#4006);
#4006 = AXIS2_PLACEMENT_3D('',#4007,#4008,#4009);
#4007 = CARTESIAN_POINT('',(15.8750001,36.9,9.));
#4008 = DIRECTION('',(1.,0.,0.));
#4009 = DIRECTION('',(0.,-1.,0.));
#4010 = ADVANCED_FACE('',(#4011),#4022,.F.);
#4011 = FACE_BOUND('',#4012,.F.);
#4012 = EDGE_LOOP('',(#4013,#4019,#4020,#4021));
#4013 = ORIENTED_EDGE('',*,*,#4014,.T.);
#4014 = EDGE_CURVE('',#909,#2006,#4015,.T.);
#4015 = LINE('',#4016,#4017);
#4016 = CARTESIAN_POINT('',(14.482142957143,36.9,9.));
#4017 = VECTOR('',#4018,1.);
#4018 = DIRECTION('',(0.,0.,1.));
#4019 = ORIENTED_EDGE('',*,*,#2013,.T.);
#4020 = ORIENTED_EDGE('',*,*,#3997,.F.);
#4021 = ORIENTED_EDGE('',*,*,#916,.F.);
#4022 = PLANE('',#4023);
#4023 = AXIS2_PLACEMENT_3D('',#4024,#4025,#4026);
#4024 = CARTESIAN_POINT('',(14.482142957143,36.9,9.));
#4025 = DIRECTION('',(0.,1.,0.));
#4026 = DIRECTION('',(1.,0.,0.));
#4027 = ADVANCED_FACE('',(#4028),#4039,.F.);
#4028 = FACE_BOUND('',#4029,.F.);
#4029 = EDGE_LOOP('',(#4030,#4036,#4037,#4038));
#4030 = ORIENTED_EDGE('',*,*,#4031,.T.);
#4031 = EDGE_CURVE('',#901,#1998,#4032,.T.);
#4032 = LINE('',#4033,#4034);
#4033 = CARTESIAN_POINT('',(14.482142957143,31.086071428571,9.));
#4034 = VECTOR('',#4035,1.);
#4035 = DIRECTION('',(0.,0.,1.));
#4036 = ORIENTED_EDGE('',*,*,#2005,.T.);
#4037 = ORIENTED_EDGE('',*,*,#4014,.F.);
#4038 = ORIENTED_EDGE('',*,*,#908,.F.);
#4039 = PLANE('',#4040);
#4040 = AXIS2_PLACEMENT_3D('',#4041,#4042,#4043);
#4041 = CARTESIAN_POINT('',(14.482142957143,31.086071428571,9.));
#4042 = DIRECTION('',(-1.,0.,0.));
#4043 = DIRECTION('',(0.,1.,0.));
#4044 = ADVANCED_FACE('',(#4045),#4056,.F.);
#4045 = FACE_BOUND('',#4046,.F.);
#4046 = EDGE_LOOP('',(#4047,#4053,#4054,#4055));
#4047 = ORIENTED_EDGE('',*,*,#4048,.T.);
#4048 = EDGE_CURVE('',#893,#1990,#4049,.T.);
#4049 = LINE('',#4050,#4051);
#4050 = CARTESIAN_POINT('',(12.253571528571,36.9,9.));
#4051 = VECTOR('',#4052,1.);
#4052 = DIRECTION('',(0.,0.,1.));
#4053 = ORIENTED_EDGE('',*,*,#1997,.T.);
#4054 = ORIENTED_EDGE('',*,*,#4031,.F.);
#4055 = ORIENTED_EDGE('',*,*,#900,.F.);
#4056 = PLANE('',#4057);
#4057 = AXIS2_PLACEMENT_3D('',#4058,#4059,#4060);
#4058 = CARTESIAN_POINT('',(12.253571528571,36.9,9.));
#4059 = DIRECTION('',(0.933751548891,0.357921841948,0.));
#4060 = DIRECTION('',(0.357921841948,-0.933751548891,0.));
#4061 = ADVANCED_FACE('',(#4062),#4068,.F.);
#4062 = FACE_BOUND('',#4063,.F.);
#4063 = EDGE_LOOP('',(#4064,#4065,#4066,#4067));
#4064 = ORIENTED_EDGE('',*,*,#3914,.T.);
#4065 = ORIENTED_EDGE('',*,*,#1989,.T.);
#4066 = ORIENTED_EDGE('',*,*,#4048,.F.);
#4067 = ORIENTED_EDGE('',*,*,#892,.F.);
#4068 = PLANE('',#4069);
#4069 = AXIS2_PLACEMENT_3D('',#4070,#4071,#4072);
#4070 = CARTESIAN_POINT('',(10.555357242857,36.9,9.));
#4071 = DIRECTION('',(0.,1.,0.));
#4072 = DIRECTION('',(1.,0.,0.));
#4073 = ADVANCED_FACE('',(#4074),#4090,.F.);
#4074 = FACE_BOUND('',#4075,.F.);
#4075 = EDGE_LOOP('',(#4076,#4082,#4083,#4089));
#4076 = ORIENTED_EDGE('',*,*,#4077,.T.);
#4077 = EDGE_CURVE('',#965,#2062,#4078,.T.);
#4078 = LINE('',#4079,#4080);
#4079 = CARTESIAN_POINT('',(20.616428671429,35.528571428571,9.));
#4080 = VECTOR('',#4081,1.);
#4081 = DIRECTION('',(0.,0.,1.));
#4082 = ORIENTED_EDGE('',*,*,#2061,.T.);
#4083 = ORIENTED_EDGE('',*,*,#4084,.F.);
#4084 = EDGE_CURVE('',#967,#2064,#4085,.T.);
#4085 = LINE('',#4086,#4087);
#4086 = CARTESIAN_POINT('',(20.616428671429,28.9,9.));
#4087 = VECTOR('',#4088,1.);
#4088 = DIRECTION('',(0.,0.,1.));
#4089 = ORIENTED_EDGE('',*,*,#964,.F.);
#4090 = PLANE('',#4091);
#4091 = AXIS2_PLACEMENT_3D('',#4092,#4093,#4094);
#4092 = CARTESIAN_POINT('',(20.616428671429,35.528571428571,9.));
#4093 = DIRECTION('',(1.,0.,0.));
#4094 = DIRECTION('',(0.,-1.,0.));
#4095 = ADVANCED_FACE('',(#4096),#4107,.F.);
#4096 = FACE_BOUND('',#4097,.F.);
#4097 = EDGE_LOOP('',(#4098,#4104,#4105,#4106));
#4098 = ORIENTED_EDGE('',*,*,#4099,.T.);
#4099 = EDGE_CURVE('',#1015,#2112,#4100,.T.);
#4100 = LINE('',#4101,#4102);
#4101 = CARTESIAN_POINT('',(22.646785814286,35.528571428571,9.));
#4102 = VECTOR('',#4103,1.);
#4103 = DIRECTION('',(0.,0.,1.));
#4104 = ORIENTED_EDGE('',*,*,#2119,.T.);
#4105 = ORIENTED_EDGE('',*,*,#4077,.F.);
#4106 = ORIENTED_EDGE('',*,*,#1022,.F.);
#4107 = PLANE('',#4108);
#4108 = AXIS2_PLACEMENT_3D('',#4109,#4110,#4111);
#4109 = CARTESIAN_POINT('',(22.646785814286,35.528571428571,9.));
#4110 = DIRECTION('',(0.,-1.,0.));
#4111 = DIRECTION('',(-1.,0.,0.));
#4112 = ADVANCED_FACE('',(#4113),#4124,.F.);
#4113 = FACE_BOUND('',#4114,.F.);
#4114 = EDGE_LOOP('',(#4115,#4121,#4122,#4123));
#4115 = ORIENTED_EDGE('',*,*,#4116,.T.);
#4116 = EDGE_CURVE('',#1007,#2104,#4117,.T.);
#4117 = LINE('',#4118,#4119);
#4118 = CARTESIAN_POINT('',(22.646785814286,36.9,9.));
#4119 = VECTOR('',#4120,1.);
#4120 = DIRECTION('',(0.,0.,1.));
#4121 = ORIENTED_EDGE('',*,*,#2111,.T.);
#4122 = ORIENTED_EDGE('',*,*,#4099,.F.);
#4123 = ORIENTED_EDGE('',*,*,#1014,.F.);
#4124 = PLANE('',#4125);
#4125 = AXIS2_PLACEMENT_3D('',#4126,#4127,#4128);
#4126 = CARTESIAN_POINT('',(22.646785814286,36.9,9.));
#4127 = DIRECTION('',(1.,0.,0.));
#4128 = DIRECTION('',(0.,-1.,0.));
#4129 = ADVANCED_FACE('',(#4130),#4141,.F.);
#4130 = FACE_BOUND('',#4131,.F.);
#4131 = EDGE_LOOP('',(#4132,#4138,#4139,#4140));
#4132 = ORIENTED_EDGE('',*,*,#4133,.T.);
#4133 = EDGE_CURVE('',#999,#2096,#4134,.T.);
#4134 = LINE('',#4135,#4136);
#4135 = CARTESIAN_POINT('',(17.005714385714,36.9,9.));
#4136 = VECTOR('',#4137,1.);
#4137 = DIRECTION('',(0.,0.,1.));
#4138 = ORIENTED_EDGE('',*,*,#2103,.T.);
#4139 = ORIENTED_EDGE('',*,*,#4116,.F.);
#4140 = ORIENTED_EDGE('',*,*,#1006,.F.);
#4141 = PLANE('',#4142);
#4142 = AXIS2_PLACEMENT_3D('',#4143,#4144,#4145);
#4143 = CARTESIAN_POINT('',(17.005714385714,36.9,9.));
#4144 = DIRECTION('',(0.,1.,0.));
#4145 = DIRECTION('',(1.,0.,0.));
#4146 = ADVANCED_FACE('',(#4147),#4158,.F.);
#4147 = FACE_BOUND('',#4148,.F.);
#4148 = EDGE_LOOP('',(#4149,#4155,#4156,#4157));
#4149 = ORIENTED_EDGE('',*,*,#4150,.T.);
#4150 = EDGE_CURVE('',#991,#2088,#4151,.T.);
#4151 = LINE('',#4152,#4153);
#4152 = CARTESIAN_POINT('',(17.005714385714,35.528571428571,9.));
#4153 = VECTOR('',#4154,1.);
#4154 = DIRECTION('',(0.,0.,1.));
#4155 = ORIENTED_EDGE('',*,*,#2095,.T.);
#4156 = ORIENTED_EDGE('',*,*,#4133,.F.);
#4157 = ORIENTED_EDGE('',*,*,#998,.F.);
#4158 = PLANE('',#4159);
#4159 = AXIS2_PLACEMENT_3D('',#4160,#4161,#4162);
#4160 = CARTESIAN_POINT('',(17.005714385714,35.528571428571,9.));
#4161 = DIRECTION('',(-1.,0.,0.));
#4162 = DIRECTION('',(0.,1.,0.));
#4163 = ADVANCED_FACE('',(#4164),#4175,.F.);
#4164 = FACE_BOUND('',#4165,.F.);
#4165 = EDGE_LOOP('',(#4166,#4172,#4173,#4174));
#4166 = ORIENTED_EDGE('',*,*,#4167,.T.);
#4167 = EDGE_CURVE('',#983,#2080,#4168,.T.);
#4168 = LINE('',#4169,#4170);
#4169 = CARTESIAN_POINT('',(19.036071528571,35.528571428571,9.));
#4170 = VECTOR('',#4171,1.);
#4171 = DIRECTION('',(0.,0.,1.));
#4172 = ORIENTED_EDGE('',*,*,#2087,.T.);
#4173 = ORIENTED_EDGE('',*,*,#4150,.F.);
#4174 = ORIENTED_EDGE('',*,*,#990,.F.);
#4175 = PLANE('',#4176);
#4176 = AXIS2_PLACEMENT_3D('',#4177,#4178,#4179);
#4177 = CARTESIAN_POINT('',(19.036071528571,35.528571428571,9.));
#4178 = DIRECTION('',(0.,-1.,0.));
#4179 = DIRECTION('',(-1.,0.,0.));
#4180 = ADVANCED_FACE('',(#4181),#4192,.F.);
#4181 = FACE_BOUND('',#4182,.F.);
#4182 = EDGE_LOOP('',(#4183,#4189,#4190,#4191));
#4183 = ORIENTED_EDGE('',*,*,#4184,.T.);
#4184 = EDGE_CURVE('',#975,#2072,#4185,.T.);
#4185 = LINE('',#4186,#4187);
#4186 = CARTESIAN_POINT('',(19.036071528571,28.9,9.));
#4187 = VECTOR('',#4188,1.);
#4188 = DIRECTION('',(0.,0.,1.));
#4189 = ORIENTED_EDGE('',*,*,#2079,.T.);
#4190 = ORIENTED_EDGE('',*,*,#4167,.F.);
#4191 = ORIENTED_EDGE('',*,*,#982,.F.);
#4192 = PLANE('',#4193);
#4193 = AXIS2_PLACEMENT_3D('',#4194,#4195,#4196);
#4194 = CARTESIAN_POINT('',(19.036071528571,28.9,9.));
#4195 = DIRECTION('',(-1.,0.,0.));
#4196 = DIRECTION('',(0.,1.,0.));
#4197 = ADVANCED_FACE('',(#4198),#4204,.F.);
#4198 = FACE_BOUND('',#4199,.F.);
#4199 = EDGE_LOOP('',(#4200,#4201,#4202,#4203));
#4200 = ORIENTED_EDGE('',*,*,#4084,.T.);
#4201 = ORIENTED_EDGE('',*,*,#2071,.T.);
#4202 = ORIENTED_EDGE('',*,*,#4184,.F.);
#4203 = ORIENTED_EDGE('',*,*,#974,.F.);
#4204 = PLANE('',#4205);
#4205 = AXIS2_PLACEMENT_3D('',#4206,#4207,#4208);
#4206 = CARTESIAN_POINT('',(20.616428671429,28.9,9.));
#4207 = DIRECTION('',(0.,-1.,0.));
#4208 = DIRECTION('',(-1.,0.,0.));
#4209 = ADVANCED_FACE('',(#4210),#4226,.F.);
#4210 = FACE_BOUND('',#4211,.F.);
#4211 = EDGE_LOOP('',(#4212,#4218,#4219,#4225));
#4212 = ORIENTED_EDGE('',*,*,#4213,.T.);
#4213 = EDGE_CURVE('',#1031,#2128,#4214,.T.);
#4214 = LINE('',#4215,#4216);
#4215 = CARTESIAN_POINT('',(28.609642957143,33.254285714286,9.));
#4216 = VECTOR('',#4217,1.);
#4217 = DIRECTION('',(0.,0.,1.));
#4218 = ORIENTED_EDGE('',*,*,#2127,.T.);
#4219 = ORIENTED_EDGE('',*,*,#4220,.F.);
#4220 = EDGE_CURVE('',#1033,#2130,#4221,.T.);
#4221 = LINE('',#4222,#4223);
#4222 = CARTESIAN_POINT('',(27.4525001,32.668928571429,9.));
#4223 = VECTOR('',#4224,1.);
#4224 = DIRECTION('',(0.,0.,1.));
#4225 = ORIENTED_EDGE('',*,*,#1030,.F.);
#4226 = SURFACE_OF_LINEAR_EXTRUSION('',#4227,#4231);
#4227 = B_SPLINE_CURVE_WITH_KNOTS('',2,(#4228,#4229,#4230),
  .UNSPECIFIED.,.F.,.F.,(3,3),(0.,1.),.PIECEWISE_BEZIER_KNOTS.);
#4228 = CARTESIAN_POINT('',(28.609642957143,33.254285714286,9.));
#4229 = CARTESIAN_POINT('',(28.207857242857,32.765714285714,9.));
#4230 = CARTESIAN_POINT('',(27.4525001,32.668928571429,9.));
#4231 = VECTOR('',#4232,1.);
#4232 = DIRECTION('',(-0.,-0.,-1.));
#4233 = ADVANCED_FACE('',(#4234),#4245,.F.);
#4234 = FACE_BOUND('',#4235,.F.);
#4235 = EDGE_LOOP('',(#4236,#4242,#4243,#4244));
#4236 = ORIENTED_EDGE('',*,*,#4237,.T.);
#4237 = EDGE_CURVE('',#1145,#2242,#4238,.T.);
#4238 = LINE('',#4239,#4240);
#4239 = CARTESIAN_POINT('',(29.011428671429,34.569642857143,9.));
#4240 = VECTOR('',#4241,1.);
#4241 = DIRECTION('',(0.,0.,1.));
#4242 = ORIENTED_EDGE('',*,*,#2249,.T.);
#4243 = ORIENTED_EDGE('',*,*,#4213,.F.);
#4244 = ORIENTED_EDGE('',*,*,#1152,.F.);
#4245 = SURFACE_OF_LINEAR_EXTRUSION('',#4246,#4250);
#4246 = B_SPLINE_CURVE_WITH_KNOTS('',2,(#4247,#4248,#4249),
  .UNSPECIFIED.,.F.,.F.,(3,3),(0.,1.),.PIECEWISE_BEZIER_KNOTS.);
#4247 = CARTESIAN_POINT('',(29.011428671429,34.569642857143,9.));
#4248 = CARTESIAN_POINT('',(29.011428671429,33.742857142857,9.));
#4249 = CARTESIAN_POINT('',(28.609642957143,33.254285714286,9.));
#4250 = VECTOR('',#4251,1.);
#4251 = DIRECTION('',(-0.,-0.,-1.));
#4252 = ADVANCED_FACE('',(#4253),#4264,.F.);
#4253 = FACE_BOUND('',#4254,.F.);
#4254 = EDGE_LOOP('',(#4255,#4261,#4262,#4263));
#4255 = ORIENTED_EDGE('',*,*,#4256,.T.);
#4256 = EDGE_CURVE('',#1137,#2234,#4257,.T.);
#4257 = LINE('',#4258,#4259);
#4258 = CARTESIAN_POINT('',(28.338928671429,36.352142857143,9.));
#4259 = VECTOR('',#4260,1.);
#4260 = DIRECTION('',(0.,0.,1.));
#4261 = ORIENTED_EDGE('',*,*,#2241,.T.);
#4262 = ORIENTED_EDGE('',*,*,#4237,.F.);
#4263 = ORIENTED_EDGE('',*,*,#1144,.F.);
#4264 = SURFACE_OF_LINEAR_EXTRUSION('',#4265,#4269);
#4265 = B_SPLINE_CURVE_WITH_KNOTS('',2,(#4266,#4267,#4268),
  .UNSPECIFIED.,.F.,.F.,(3,3),(0.,1.),.PIECEWISE_BEZIER_KNOTS.);
#4266 = CARTESIAN_POINT('',(28.338928671429,36.352142857143,9.));
#4267 = CARTESIAN_POINT('',(29.011428671429,35.804642857143,9.));
#4268 = CARTESIAN_POINT('',(29.011428671429,34.569642857143,9.));
#4269 = VECTOR('',#4270,1.);
#4270 = DIRECTION('',(-0.,-0.,-1.));
#4271 = ADVANCED_FACE('',(#4272),#4283,.F.);
#4272 = FACE_BOUND('',#4273,.F.);
#4273 = EDGE_LOOP('',(#4274,#4280,#4281,#4282));
#4274 = ORIENTED_EDGE('',*,*,#4275,.T.);
#4275 = EDGE_CURVE('',#1129,#2226,#4276,.T.);
#4276 = LINE('',#4277,#4278);
#4277 = CARTESIAN_POINT('',(26.123928671429,36.9,9.));
#4278 = VECTOR('',#4279,1.);
#4279 = DIRECTION('',(0.,0.,1.));
#4280 = ORIENTED_EDGE('',*,*,#2233,.T.);
#4281 = ORIENTED_EDGE('',*,*,#4256,.F.);
#4282 = ORIENTED_EDGE('',*,*,#1136,.F.);
#4283 = SURFACE_OF_LINEAR_EXTRUSION('',#4284,#4288);
#4284 = B_SPLINE_CURVE_WITH_KNOTS('',2,(#4285,#4286,#4287),
  .UNSPECIFIED.,.F.,.F.,(3,3),(0.,1.),.PIECEWISE_BEZIER_KNOTS.);
#4285 = CARTESIAN_POINT('',(26.123928671429,36.9,9.));
#4286 = CARTESIAN_POINT('',(27.666785814286,36.9,9.));
#4287 = CARTESIAN_POINT('',(28.338928671429,36.352142857143,9.));
#4288 = VECTOR('',#4289,1.);
#4289 = DIRECTION('',(-0.,-0.,-1.));
#4290 = ADVANCED_FACE('',(#4291),#4302,.F.);
#4291 = FACE_BOUND('',#4292,.F.);
#4292 = EDGE_LOOP('',(#4293,#4299,#4300,#4301));
#4293 = ORIENTED_EDGE('',*,*,#4294,.T.);
#4294 = EDGE_CURVE('',#1121,#2218,#4295,.T.);
#4295 = LINE('',#4296,#4297);
#4296 = CARTESIAN_POINT('',(23.841785814286,36.9,9.));
#4297 = VECTOR('',#4298,1.);
#4298 = DIRECTION('',(0.,0.,1.));
#4299 = ORIENTED_EDGE('',*,*,#2225,.T.);
#4300 = ORIENTED_EDGE('',*,*,#4275,.F.);
#4301 = ORIENTED_EDGE('',*,*,#1128,.F.);
#4302 = PLANE('',#4303);
#4303 = AXIS2_PLACEMENT_3D('',#4304,#4305,#4306);
#4304 = CARTESIAN_POINT('',(23.841785814286,36.9,9.));
#4305 = DIRECTION('',(0.,1.,0.));
#4306 = DIRECTION('',(1.,0.,0.));
#4307 = ADVANCED_FACE('',(#4308),#4319,.F.);
#4308 = FACE_BOUND('',#4309,.F.);
#4309 = EDGE_LOOP('',(#4310,#4316,#4317,#4318));
#4310 = ORIENTED_EDGE('',*,*,#4311,.T.);
#4311 = EDGE_CURVE('',#1113,#2210,#4312,.T.);
#4312 = LINE('',#4313,#4314);
#4313 = CARTESIAN_POINT('',(23.841785814286,28.9,9.));
#4314 = VECTOR('',#4315,1.);
#4315 = DIRECTION('',(0.,0.,1.));
#4316 = ORIENTED_EDGE('',*,*,#2217,.T.);
#4317 = ORIENTED_EDGE('',*,*,#4294,.F.);
#4318 = ORIENTED_EDGE('',*,*,#1120,.F.);
#4319 = PLANE('',#4320);
#4320 = AXIS2_PLACEMENT_3D('',#4321,#4322,#4323);
#4321 = CARTESIAN_POINT('',(23.841785814286,28.9,9.));
#4322 = DIRECTION('',(-1.,0.,0.));
#4323 = DIRECTION('',(0.,1.,0.));
#4324 = ADVANCED_FACE('',(#4325),#4336,.F.);
#4325 = FACE_BOUND('',#4326,.F.);
#4326 = EDGE_LOOP('',(#4327,#4333,#4334,#4335));
#4327 = ORIENTED_EDGE('',*,*,#4328,.T.);
#4328 = EDGE_CURVE('',#1105,#2202,#4329,.T.);
#4329 = LINE('',#4330,#4331);
#4330 = CARTESIAN_POINT('',(25.422142957143,28.9,9.));
#4331 = VECTOR('',#4332,1.);
#4332 = DIRECTION('',(0.,0.,1.));
#4333 = ORIENTED_EDGE('',*,*,#2209,.T.);
#4334 = ORIENTED_EDGE('',*,*,#4311,.F.);
#4335 = ORIENTED_EDGE('',*,*,#1112,.F.);
#4336 = PLANE('',#4337);
#4337 = AXIS2_PLACEMENT_3D('',#4338,#4339,#4340);
#4338 = CARTESIAN_POINT('',(25.422142957143,28.9,9.));
#4339 = DIRECTION('',(0.,-1.,0.));
#4340 = DIRECTION('',(-1.,0.,0.));
#4341 = ADVANCED_FACE('',(#4342),#4353,.F.);
#4342 = FACE_BOUND('',#4343,.F.);
#4343 = EDGE_LOOP('',(#4344,#4350,#4351,#4352));
#4344 = ORIENTED_EDGE('',*,*,#4345,.T.);
#4345 = EDGE_CURVE('',#1097,#2194,#4346,.T.);
#4346 = LINE('',#4347,#4348);
#4347 = CARTESIAN_POINT('',(25.422142957143,32.054285714286,9.));
#4348 = VECTOR('',#4349,1.);
#4349 = DIRECTION('',(0.,0.,1.));
#4350 = ORIENTED_EDGE('',*,*,#2201,.T.);
#4351 = ORIENTED_EDGE('',*,*,#4328,.F.);
#4352 = ORIENTED_EDGE('',*,*,#1104,.F.);
#4353 = PLANE('',#4354);
#4354 = AXIS2_PLACEMENT_3D('',#4355,#4356,#4357);
#4355 = CARTESIAN_POINT('',(25.422142957143,32.054285714286,9.));
#4356 = DIRECTION('',(1.,0.,0.));
#4357 = DIRECTION('',(0.,-1.,0.));
#4358 = ADVANCED_FACE('',(#4359),#4370,.F.);
#4359 = FACE_BOUND('',#4360,.F.);
#4360 = EDGE_LOOP('',(#4361,#4367,#4368,#4369));
#4361 = ORIENTED_EDGE('',*,*,#4362,.T.);
#4362 = EDGE_CURVE('',#1089,#2186,#4363,.T.);
#4363 = LINE('',#4364,#4365);
#4364 = CARTESIAN_POINT('',(25.925714385714,32.054285714286,9.));
#4365 = VECTOR('',#4366,1.);
#4366 = DIRECTION('',(0.,0.,1.));
#4367 = ORIENTED_EDGE('',*,*,#2193,.T.);
#4368 = ORIENTED_EDGE('',*,*,#4345,.F.);
#4369 = ORIENTED_EDGE('',*,*,#1096,.F.);
#4370 = PLANE('',#4371);
#4371 = AXIS2_PLACEMENT_3D('',#4372,#4373,#4374);
#4372 = CARTESIAN_POINT('',(25.925714385714,32.054285714286,9.));
#4373 = DIRECTION('',(0.,-1.,0.));
#4374 = DIRECTION('',(-1.,0.,0.));
#4375 = ADVANCED_FACE('',(#4376),#4387,.F.);
#4376 = FACE_BOUND('',#4377,.F.);
#4377 = EDGE_LOOP('',(#4378,#4384,#4385,#4386));
#4378 = ORIENTED_EDGE('',*,*,#4379,.T.);
#4379 = EDGE_CURVE('',#1081,#2178,#4380,.T.);
#4380 = LINE('',#4381,#4382);
#4381 = CARTESIAN_POINT('',(26.922142957143,31.150714285714,9.));
#4382 = VECTOR('',#4383,1.);
#4383 = DIRECTION('',(0.,0.,1.));
#4384 = ORIENTED_EDGE('',*,*,#2185,.T.);
#4385 = ORIENTED_EDGE('',*,*,#4362,.F.);
#4386 = ORIENTED_EDGE('',*,*,#1088,.F.);
#4387 = SURFACE_OF_LINEAR_EXTRUSION('',#4388,#4392);
#4388 = B_SPLINE_CURVE_WITH_KNOTS('',2,(#4389,#4390,#4391),
  .UNSPECIFIED.,.F.,.F.,(3,3),(0.,1.),.PIECEWISE_BEZIER_KNOTS.);
#4389 = CARTESIAN_POINT('',(26.922142957143,31.150714285714,9.));
#4390 = CARTESIAN_POINT('',(26.498928671429,32.054285714286,9.));
#4391 = CARTESIAN_POINT('',(25.925714385714,32.054285714286,9.));
#4392 = VECTOR('',#4393,1.);
#4393 = DIRECTION('',(-0.,-0.,-1.));
#4394 = ADVANCED_FACE('',(#4395),#4406,.F.);
#4395 = FACE_BOUND('',#4396,.F.);
#4396 = EDGE_LOOP('',(#4397,#4403,#4404,#4405));
#4397 = ORIENTED_EDGE('',*,*,#4398,.T.);
#4398 = EDGE_CURVE('',#1073,#2170,#4399,.T.);
#4399 = LINE('',#4400,#4401);
#4400 = CARTESIAN_POINT('',(27.034642957143,30.915357142857,9.));
#4401 = VECTOR('',#4402,1.);
#4402 = DIRECTION('',(0.,0.,1.));
#4403 = ORIENTED_EDGE('',*,*,#2177,.T.);
#4404 = ORIENTED_EDGE('',*,*,#4379,.F.);
#4405 = ORIENTED_EDGE('',*,*,#1080,.F.);
#4406 = SURFACE_OF_LINEAR_EXTRUSION('',#4407,#4411);
#4407 = B_SPLINE_CURVE_WITH_KNOTS('',2,(#4408,#4409,#4410),
  .UNSPECIFIED.,.F.,.F.,(3,3),(0.,1.),.PIECEWISE_BEZIER_KNOTS.);
#4408 = CARTESIAN_POINT('',(27.034642957143,30.915357142857,9.));
#4409 = CARTESIAN_POINT('',(26.991785814286,31.001071428571,9.));
#4410 = CARTESIAN_POINT('',(26.922142957143,31.150714285714,9.));
#4411 = VECTOR('',#4412,1.);
#4412 = DIRECTION('',(-0.,-0.,-1.));
#4413 = ADVANCED_FACE('',(#4414),#4425,.F.);
#4414 = FACE_BOUND('',#4415,.F.);
#4415 = EDGE_LOOP('',(#4416,#4422,#4423,#4424));
#4416 = ORIENTED_EDGE('',*,*,#4417,.T.);
#4417 = EDGE_CURVE('',#1065,#2162,#4418,.T.);
#4418 = LINE('',#4419,#4420);
#4419 = CARTESIAN_POINT('',(27.998928671429,28.9,9.));
#4420 = VECTOR('',#4421,1.);
#4421 = DIRECTION('',(0.,0.,1.));
#4422 = ORIENTED_EDGE('',*,*,#2169,.T.);
#4423 = ORIENTED_EDGE('',*,*,#4398,.F.);
#4424 = ORIENTED_EDGE('',*,*,#1072,.F.);
#4425 = PLANE('',#4426);
#4426 = AXIS2_PLACEMENT_3D('',#4427,#4428,#4429);
#4427 = CARTESIAN_POINT('',(27.998928671429,28.9,9.));
#4428 = DIRECTION('',(-0.902061167318,-0.431608214028,0.));
#4429 = DIRECTION('',(-0.431608214028,0.902061167318,0.));
#4430 = ADVANCED_FACE('',(#4431),#4442,.F.);
#4431 = FACE_BOUND('',#4432,.F.);
#4432 = EDGE_LOOP('',(#4433,#4439,#4440,#4441));
#4433 = ORIENTED_EDGE('',*,*,#4434,.T.);
#4434 = EDGE_CURVE('',#1057,#2154,#4435,.T.);
#4435 = LINE('',#4436,#4437);
#4436 = CARTESIAN_POINT('',(29.734642957143,28.9,9.));
#4437 = VECTOR('',#4438,1.);
#4438 = DIRECTION('',(0.,0.,1.));
#4439 = ORIENTED_EDGE('',*,*,#2161,.T.);
#4440 = ORIENTED_EDGE('',*,*,#4417,.F.);
#4441 = ORIENTED_EDGE('',*,*,#1064,.F.);
#4442 = PLANE('',#4443);
#4443 = AXIS2_PLACEMENT_3D('',#4444,#4445,#4446);
#4444 = CARTESIAN_POINT('',(29.734642957143,28.9,9.));
#4445 = DIRECTION('',(0.,-1.,0.));
#4446 = DIRECTION('',(-1.,0.,0.));
#4447 = ADVANCED_FACE('',(#4448),#4459,.F.);
#4448 = FACE_BOUND('',#4449,.F.);
#4449 = EDGE_LOOP('',(#4450,#4456,#4457,#4458));
#4450 = ORIENTED_EDGE('',*,*,#4451,.T.);
#4451 = EDGE_CURVE('',#1049,#2146,#4452,.T.);
#4452 = LINE('',#4453,#4454);
#4453 = CARTESIAN_POINT('',(28.288214385714,31.771071428571,9.));
#4454 = VECTOR('',#4455,1.);
#4455 = DIRECTION('',(0.,0.,1.));
#4456 = ORIENTED_EDGE('',*,*,#2153,.T.);
#4457 = ORIENTED_EDGE('',*,*,#4434,.F.);
#4458 = ORIENTED_EDGE('',*,*,#1056,.F.);
#4459 = PLANE('',#4460);
#4460 = AXIS2_PLACEMENT_3D('',#4461,#4462,#4463);
#4461 = CARTESIAN_POINT('',(28.288214385714,31.771071428571,9.));
#4462 = DIRECTION('',(0.89306776242,0.449922184078,0.));
#4463 = DIRECTION('',(0.449922184078,-0.89306776242,0.));
#4464 = ADVANCED_FACE('',(#4465),#4476,.F.);
#4465 = FACE_BOUND('',#4466,.F.);
#4466 = EDGE_LOOP('',(#4467,#4473,#4474,#4475));
#4467 = ORIENTED_EDGE('',*,*,#4468,.T.);
#4468 = EDGE_CURVE('',#1041,#2138,#4469,.T.);
#4469 = LINE('',#4470,#4471);
#4470 = CARTESIAN_POINT('',(27.862142957143,32.447142857143,9.));
#4471 = VECTOR('',#4472,1.);
#4472 = DIRECTION('',(0.,0.,1.));
#4473 = ORIENTED_EDGE('',*,*,#2145,.T.);
#4474 = ORIENTED_EDGE('',*,*,#4451,.F.);
#4475 = ORIENTED_EDGE('',*,*,#1048,.F.);
#4476 = SURFACE_OF_LINEAR_EXTRUSION('',#4477,#4481);
#4477 = B_SPLINE_CURVE_WITH_KNOTS('',2,(#4478,#4479,#4480),
  .UNSPECIFIED.,.F.,.F.,(3,3),(0.,1.),.PIECEWISE_BEZIER_KNOTS.);
#4478 = CARTESIAN_POINT('',(27.862142957143,32.447142857143,9.));
#4479 = CARTESIAN_POINT('',(28.036428671429,32.273571428571,9.));
#4480 = CARTESIAN_POINT('',(28.288214385714,31.771071428571,9.));
#4481 = VECTOR('',#4482,1.);
#4482 = DIRECTION('',(-0.,-0.,-1.));
#4483 = ADVANCED_FACE('',(#4484),#4490,.F.);
#4484 = FACE_BOUND('',#4485,.F.);
#4485 = EDGE_LOOP('',(#4486,#4487,#4488,#4489));
#4486 = ORIENTED_EDGE('',*,*,#4220,.T.);
#4487 = ORIENTED_EDGE('',*,*,#2137,.T.);
#4488 = ORIENTED_EDGE('',*,*,#4468,.F.);
#4489 = ORIENTED_EDGE('',*,*,#1040,.F.);
#4490 = SURFACE_OF_LINEAR_EXTRUSION('',#4491,#4495);
#4491 = B_SPLINE_CURVE_WITH_KNOTS('',2,(#4492,#4493,#4494),
  .UNSPECIFIED.,.F.,.F.,(3,3),(0.,1.),.PIECEWISE_BEZIER_KNOTS.);
#4492 = CARTESIAN_POINT('',(27.4525001,32.668928571429,9.));
#4493 = CARTESIAN_POINT('',(27.688214385714,32.620714285714,9.));
#4494 = CARTESIAN_POINT('',(27.862142957143,32.447142857143,9.));
#4495 = VECTOR('',#4496,1.);
#4496 = DIRECTION('',(-0.,-0.,-1.));
#4497 = ADVANCED_FACE('',(#4498),#4514,.F.);
#4498 = FACE_BOUND('',#4499,.F.);
#4499 = EDGE_LOOP('',(#4500,#4506,#4507,#4513));
#4500 = ORIENTED_EDGE('',*,*,#4501,.T.);
#4501 = EDGE_CURVE('',#1161,#2258,#4502,.T.);
#4502 = LINE('',#4503,#4504);
#4503 = CARTESIAN_POINT('',(30.9375001,29.789642857143,9.));
#4504 = VECTOR('',#4505,1.);
#4505 = DIRECTION('',(0.,0.,1.));
#4506 = ORIENTED_EDGE('',*,*,#2257,.T.);
#4507 = ORIENTED_EDGE('',*,*,#4508,.F.);
#4508 = EDGE_CURVE('',#1163,#2260,#4509,.T.);
#4509 = LINE('',#4510,#4511);
#4510 = CARTESIAN_POINT('',(30.227857242857,32.886071428571,9.));
#4511 = VECTOR('',#4512,1.);
#4512 = DIRECTION('',(0.,0.,1.));
#4513 = ORIENTED_EDGE('',*,*,#1160,.F.);
#4514 = SURFACE_OF_LINEAR_EXTRUSION('',#4515,#4519);
#4515 = B_SPLINE_CURVE_WITH_KNOTS('',2,(#4516,#4517,#4518),
  .UNSPECIFIED.,.F.,.F.,(3,3),(0.,1.),.PIECEWISE_BEZIER_KNOTS.);
#4516 = CARTESIAN_POINT('',(30.9375001,29.789642857143,9.));
#4517 = CARTESIAN_POINT('',(30.227857242857,30.839642857143,9.));
#4518 = CARTESIAN_POINT('',(30.227857242857,32.886071428571,9.));
#4519 = VECTOR('',#4520,1.);
#4520 = DIRECTION('',(-0.,-0.,-1.));
#4521 = ADVANCED_FACE('',(#4522),#4533,.F.);
#4522 = FACE_BOUND('',#4523,.F.);
#4523 = EDGE_LOOP('',(#4524,#4530,#4531,#4532));
#4524 = ORIENTED_EDGE('',*,*,#4525,.T.);
#4525 = EDGE_CURVE('',#1211,#2308,#4526,.T.);
#4526 = LINE('',#4527,#4528);
#4527 = CARTESIAN_POINT('',(33.0350001,28.74,9.));
#4528 = VECTOR('',#4529,1.);
#4529 = DIRECTION('',(0.,0.,1.));
#4530 = ORIENTED_EDGE('',*,*,#2315,.T.);
#4531 = ORIENTED_EDGE('',*,*,#4501,.F.);
#4532 = ORIENTED_EDGE('',*,*,#1218,.F.);
#4533 = SURFACE_OF_LINEAR_EXTRUSION('',#4534,#4538);
#4534 = B_SPLINE_CURVE_WITH_KNOTS('',2,(#4535,#4536,#4537),
  .UNSPECIFIED.,.F.,.F.,(3,3),(0.,1.),.PIECEWISE_BEZIER_KNOTS.);
#4535 = CARTESIAN_POINT('',(33.0350001,28.74,9.));
#4536 = CARTESIAN_POINT('',(31.6475001,28.74,9.));
#4537 = CARTESIAN_POINT('',(30.9375001,29.789642857143,9.));
#4538 = VECTOR('',#4539,1.);
#4539 = DIRECTION('',(-0.,-0.,-1.));
#4540 = ADVANCED_FACE('',(#4541),#4552,.F.);
#4541 = FACE_BOUND('',#4542,.F.);
#4542 = EDGE_LOOP('',(#4543,#4549,#4550,#4551));
#4543 = ORIENTED_EDGE('',*,*,#4544,.T.);
#4544 = EDGE_CURVE('',#1203,#2300,#4545,.T.);
#4545 = LINE('',#4546,#4547);
#4546 = CARTESIAN_POINT('',(35.1375001,29.789642857143,9.));
#4547 = VECTOR('',#4548,1.);
#4548 = DIRECTION('',(0.,0.,1.));
#4549 = ORIENTED_EDGE('',*,*,#2307,.T.);
#4550 = ORIENTED_EDGE('',*,*,#4525,.F.);
#4551 = ORIENTED_EDGE('',*,*,#1210,.F.);
#4552 = SURFACE_OF_LINEAR_EXTRUSION('',#4553,#4557);
#4553 = B_SPLINE_CURVE_WITH_KNOTS('',2,(#4554,#4555,#4556),
  .UNSPECIFIED.,.F.,.F.,(3,3),(0.,1.),.PIECEWISE_BEZIER_KNOTS.);
#4554 = CARTESIAN_POINT('',(35.1375001,29.789642857143,9.));
#4555 = CARTESIAN_POINT('',(34.427857242857,28.74,9.));
#4556 = CARTESIAN_POINT('',(33.0350001,28.74,9.));
#4557 = VECTOR('',#4558,1.);
#4558 = DIRECTION('',(-0.,-0.,-1.));
#4559 = ADVANCED_FACE('',(#4560),#4571,.F.);
#4560 = FACE_BOUND('',#4561,.F.);
#4561 = EDGE_LOOP('',(#4562,#4568,#4569,#4570));
#4562 = ORIENTED_EDGE('',*,*,#4563,.T.);
#4563 = EDGE_CURVE('',#1195,#2292,#4564,.T.);
#4564 = LINE('',#4565,#4566);
#4565 = CARTESIAN_POINT('',(35.8475001,32.886071428571,9.));
#4566 = VECTOR('',#4567,1.);
#4567 = DIRECTION('',(0.,0.,1.));
#4568 = ORIENTED_EDGE('',*,*,#2299,.T.);
#4569 = ORIENTED_EDGE('',*,*,#4544,.F.);
#4570 = ORIENTED_EDGE('',*,*,#1202,.F.);
#4571 = SURFACE_OF_LINEAR_EXTRUSION('',#4572,#4576);
#4572 = B_SPLINE_CURVE_WITH_KNOTS('',2,(#4573,#4574,#4575),
  .UNSPECIFIED.,.F.,.F.,(3,3),(0.,1.),.PIECEWISE_BEZIER_KNOTS.);
#4573 = CARTESIAN_POINT('',(35.8475001,32.886071428571,9.));
#4574 = CARTESIAN_POINT('',(35.8475001,30.839642857143,9.));
#4575 = CARTESIAN_POINT('',(35.1375001,29.789642857143,9.));
#4576 = VECTOR('',#4577,1.);
#4577 = DIRECTION('',(-0.,-0.,-1.));
#4578 = ADVANCED_FACE('',(#4579),#4590,.F.);
#4579 = FACE_BOUND('',#4580,.F.);
#4580 = EDGE_LOOP('',(#4581,#4587,#4588,#4589));
#4581 = ORIENTED_EDGE('',*,*,#4582,.T.);
#4582 = EDGE_CURVE('',#1187,#2284,#4583,.T.);
#4583 = LINE('',#4584,#4585);
#4584 = CARTESIAN_POINT('',(35.1375001,35.987142857143,9.));
#4585 = VECTOR('',#4586,1.);
#4586 = DIRECTION('',(0.,0.,1.));
#4587 = ORIENTED_EDGE('',*,*,#2291,.T.);
#4588 = ORIENTED_EDGE('',*,*,#4563,.F.);
#4589 = ORIENTED_EDGE('',*,*,#1194,.F.);
#4590 = SURFACE_OF_LINEAR_EXTRUSION('',#4591,#4595);
#4591 = B_SPLINE_CURVE_WITH_KNOTS('',2,(#4592,#4593,#4594),
  .UNSPECIFIED.,.F.,.F.,(3,3),(0.,1.),.PIECEWISE_BEZIER_KNOTS.);
#4592 = CARTESIAN_POINT('',(35.1375001,35.987142857143,9.));
#4593 = CARTESIAN_POINT('',(35.8475001,34.9375,9.));
#4594 = CARTESIAN_POINT('',(35.8475001,32.886071428571,9.));
#4595 = VECTOR('',#4596,1.);
#4596 = DIRECTION('',(-0.,-0.,-1.));
#4597 = ADVANCED_FACE('',(#4598),#4609,.F.);
#4598 = FACE_BOUND('',#4599,.F.);
#4599 = EDGE_LOOP('',(#4600,#4606,#4607,#4608));
#4600 = ORIENTED_EDGE('',*,*,#4601,.T.);
#4601 = EDGE_CURVE('',#1179,#2276,#4602,.T.);
#4602 = LINE('',#4603,#4604);
#4603 = CARTESIAN_POINT('',(33.0350001,37.037142857143,9.));
#4604 = VECTOR('',#4605,1.);
#4605 = DIRECTION('',(0.,0.,1.));
#4606 = ORIENTED_EDGE('',*,*,#2283,.T.);
#4607 = ORIENTED_EDGE('',*,*,#4582,.F.);
#4608 = ORIENTED_EDGE('',*,*,#1186,.F.);
#4609 = SURFACE_OF_LINEAR_EXTRUSION('',#4610,#4614);
#4610 = B_SPLINE_CURVE_WITH_KNOTS('',2,(#4611,#4612,#4613),
  .UNSPECIFIED.,.F.,.F.,(3,3),(0.,1.),.PIECEWISE_BEZIER_KNOTS.);
#4611 = CARTESIAN_POINT('',(33.0350001,37.037142857143,9.));
#4612 = CARTESIAN_POINT('',(34.427857242857,37.037142857143,9.));
#4613 = CARTESIAN_POINT('',(35.1375001,35.987142857143,9.));
#4614 = VECTOR('',#4615,1.);
#4615 = DIRECTION('',(-0.,-0.,-1.));
#4616 = ADVANCED_FACE('',(#4617),#4628,.F.);
#4617 = FACE_BOUND('',#4618,.F.);
#4618 = EDGE_LOOP('',(#4619,#4625,#4626,#4627));
#4619 = ORIENTED_EDGE('',*,*,#4620,.T.);
#4620 = EDGE_CURVE('',#1171,#2268,#4621,.T.);
#4621 = LINE('',#4622,#4623);
#4622 = CARTESIAN_POINT('',(30.9375001,35.987142857143,9.));
#4623 = VECTOR('',#4624,1.);
#4624 = DIRECTION('',(0.,0.,1.));
#4625 = ORIENTED_EDGE('',*,*,#2275,.T.);
#4626 = ORIENTED_EDGE('',*,*,#4601,.F.);
#4627 = ORIENTED_EDGE('',*,*,#1178,.F.);
#4628 = SURFACE_OF_LINEAR_EXTRUSION('',#4629,#4633);
#4629 = B_SPLINE_CURVE_WITH_KNOTS('',2,(#4630,#4631,#4632),
  .UNSPECIFIED.,.F.,.F.,(3,3),(0.,1.),.PIECEWISE_BEZIER_KNOTS.);
#4630 = CARTESIAN_POINT('',(30.9375001,35.987142857143,9.));
#4631 = CARTESIAN_POINT('',(31.6475001,37.037142857143,9.));
#4632 = CARTESIAN_POINT('',(33.0350001,37.037142857143,9.));
#4633 = VECTOR('',#4634,1.);
#4634 = DIRECTION('',(-0.,-0.,-1.));
#4635 = ADVANCED_FACE('',(#4636),#4642,.F.);
#4636 = FACE_BOUND('',#4637,.F.);
#4637 = EDGE_LOOP('',(#4638,#4639,#4640,#4641));
#4638 = ORIENTED_EDGE('',*,*,#4508,.T.);
#4639 = ORIENTED_EDGE('',*,*,#2267,.T.);
#4640 = ORIENTED_EDGE('',*,*,#4620,.F.);
#4641 = ORIENTED_EDGE('',*,*,#1170,.F.);
#4642 = SURFACE_OF_LINEAR_EXTRUSION('',#4643,#4647);
#4643 = B_SPLINE_CURVE_WITH_KNOTS('',2,(#4644,#4645,#4646),
  .UNSPECIFIED.,.F.,.F.,(3,3),(0.,1.),.PIECEWISE_BEZIER_KNOTS.);
#4644 = CARTESIAN_POINT('',(30.227857242857,32.886071428571,9.));
#4645 = CARTESIAN_POINT('',(30.227857242857,34.9375,9.));
#4646 = CARTESIAN_POINT('',(30.9375001,35.987142857143,9.));
#4647 = VECTOR('',#4648,1.);
#4648 = DIRECTION('',(-0.,-0.,-1.));
#4649 = ADVANCED_FACE('',(#4650),#4666,.F.);
#4650 = FACE_BOUND('',#4651,.F.);
#4651 = EDGE_LOOP('',(#4652,#4658,#4659,#4665));
#4652 = ORIENTED_EDGE('',*,*,#4653,.T.);
#4653 = EDGE_CURVE('',#1227,#2324,#4654,.T.);
#4654 = LINE('',#4655,#4656);
#4655 = CARTESIAN_POINT('',(42.506785814286,28.9,9.));
#4656 = VECTOR('',#4657,1.);
#4657 = DIRECTION('',(0.,0.,1.));
#4658 = ORIENTED_EDGE('',*,*,#2323,.T.);
#4659 = ORIENTED_EDGE('',*,*,#4660,.F.);
#4660 = EDGE_CURVE('',#1229,#2326,#4661,.T.);
#4661 = LINE('',#4662,#4663);
#4662 = CARTESIAN_POINT('',(37.546071528571,28.9,9.));
#4663 = VECTOR('',#4664,1.);
#4664 = DIRECTION('',(0.,0.,1.));
#4665 = ORIENTED_EDGE('',*,*,#1226,.F.);
#4666 = PLANE('',#4667);
#4667 = AXIS2_PLACEMENT_3D('',#4668,#4669,#4670);
#4668 = CARTESIAN_POINT('',(42.506785814286,28.9,9.));
#4669 = DIRECTION('',(0.,-1.,0.));
#4670 = DIRECTION('',(-1.,0.,0.));
#4671 = ADVANCED_FACE('',(#4672),#4683,.F.);
#4672 = FACE_BOUND('',#4673,.F.);
#4673 = EDGE_LOOP('',(#4674,#4680,#4681,#4682));
#4674 = ORIENTED_EDGE('',*,*,#4675,.T.);
#4675 = EDGE_CURVE('',#1261,#2358,#4676,.T.);
#4676 = LINE('',#4677,#4678);
#4677 = CARTESIAN_POINT('',(42.506785814286,30.294285714286,9.));
#4678 = VECTOR('',#4679,1.);
#4679 = DIRECTION('',(0.,0.,1.));
#4680 = ORIENTED_EDGE('',*,*,#2365,.T.);
#4681 = ORIENTED_EDGE('',*,*,#4653,.F.);
#4682 = ORIENTED_EDGE('',*,*,#1268,.F.);
#4683 = PLANE('',#4684);
#4684 = AXIS2_PLACEMENT_3D('',#4685,#4686,#4687);
#4685 = CARTESIAN_POINT('',(42.506785814286,30.294285714286,9.));
#4686 = DIRECTION('',(1.,0.,0.));
#4687 = DIRECTION('',(0.,-1.,0.));
#4688 = ADVANCED_FACE('',(#4689),#4700,.F.);
#4689 = FACE_BOUND('',#4690,.F.);
#4690 = EDGE_LOOP('',(#4691,#4697,#4698,#4699));
#4691 = ORIENTED_EDGE('',*,*,#4692,.T.);
#4692 = EDGE_CURVE('',#1253,#2350,#4693,.T.);
#4693 = LINE('',#4694,#4695);
#4694 = CARTESIAN_POINT('',(39.126428671429,30.294285714286,9.));
#4695 = VECTOR('',#4696,1.);
#4696 = DIRECTION('',(0.,0.,1.));
#4697 = ORIENTED_EDGE('',*,*,#2357,.T.);
#4698 = ORIENTED_EDGE('',*,*,#4675,.F.);
#4699 = ORIENTED_EDGE('',*,*,#1260,.F.);
#4700 = PLANE('',#4701);
#4701 = AXIS2_PLACEMENT_3D('',#4702,#4703,#4704);
#4702 = CARTESIAN_POINT('',(39.126428671429,30.294285714286,9.));
#4703 = DIRECTION('',(0.,1.,0.));
#4704 = DIRECTION('',(1.,0.,0.));
#4705 = ADVANCED_FACE('',(#4706),#4717,.F.);
#4706 = FACE_BOUND('',#4707,.F.);
#4707 = EDGE_LOOP('',(#4708,#4714,#4715,#4716));
#4708 = ORIENTED_EDGE('',*,*,#4709,.T.);
#4709 = EDGE_CURVE('',#1245,#2342,#4710,.T.);
#4710 = LINE('',#4711,#4712);
#4711 = CARTESIAN_POINT('',(39.126428671429,36.9,9.));
#4712 = VECTOR('',#4713,1.);
#4713 = DIRECTION('',(0.,0.,1.));
#4714 = ORIENTED_EDGE('',*,*,#2349,.T.);
#4715 = ORIENTED_EDGE('',*,*,#4692,.F.);
#4716 = ORIENTED_EDGE('',*,*,#1252,.F.);
#4717 = PLANE('',#4718);
#4718 = AXIS2_PLACEMENT_3D('',#4719,#4720,#4721);
#4719 = CARTESIAN_POINT('',(39.126428671429,36.9,9.));
#4720 = DIRECTION('',(1.,0.,0.));
#4721 = DIRECTION('',(0.,-1.,0.));
#4722 = ADVANCED_FACE('',(#4723),#4734,.F.);
#4723 = FACE_BOUND('',#4724,.F.);
#4724 = EDGE_LOOP('',(#4725,#4731,#4732,#4733));
#4725 = ORIENTED_EDGE('',*,*,#4726,.T.);
#4726 = EDGE_CURVE('',#1237,#2334,#4727,.T.);
#4727 = LINE('',#4728,#4729);
#4728 = CARTESIAN_POINT('',(37.546071528571,36.9,9.));
#4729 = VECTOR('',#4730,1.);
#4730 = DIRECTION('',(0.,0.,1.));
#4731 = ORIENTED_EDGE('',*,*,#2341,.T.);
#4732 = ORIENTED_EDGE('',*,*,#4709,.F.);
#4733 = ORIENTED_EDGE('',*,*,#1244,.F.);
#4734 = PLANE('',#4735);
#4735 = AXIS2_PLACEMENT_3D('',#4736,#4737,#4738);
#4736 = CARTESIAN_POINT('',(37.546071528571,36.9,9.));
#4737 = DIRECTION('',(0.,1.,0.));
#4738 = DIRECTION('',(1.,0.,0.));
#4739 = ADVANCED_FACE('',(#4740),#4746,.F.);
#4740 = FACE_BOUND('',#4741,.F.);
#4741 = EDGE_LOOP('',(#4742,#4743,#4744,#4745));
#4742 = ORIENTED_EDGE('',*,*,#4660,.T.);
#4743 = ORIENTED_EDGE('',*,*,#2333,.T.);
#4744 = ORIENTED_EDGE('',*,*,#4726,.F.);
#4745 = ORIENTED_EDGE('',*,*,#1236,.F.);
#4746 = PLANE('',#4747);
#4747 = AXIS2_PLACEMENT_3D('',#4748,#4749,#4750);
#4748 = CARTESIAN_POINT('',(37.546071528571,28.9,9.));
#4749 = DIRECTION('',(-1.,0.,0.));
#4750 = DIRECTION('',(0.,1.,0.));
#4751 = MANIFOLD_SOLID_BREP('',#4752);
#4752 = CLOSED_SHELL('',(#4753,#4817,#4848,#4874,#4900,#4926,#4952,#4976
    ,#4993));
#4753 = ADVANCED_FACE('',(#4754),#4812,.F.);
#4754 = FACE_BOUND('',#4755,.F.);
#4755 = EDGE_LOOP('',(#4756,#4766,#4774,#4782,#4790,#4798,#4806));
#4756 = ORIENTED_EDGE('',*,*,#4757,.T.);
#4757 = EDGE_CURVE('',#4758,#4760,#4762,.T.);
#4758 = VERTEX_POINT('',#4759);
#4759 = CARTESIAN_POINT('',(-39.83142847142,35.574285714286,9.));
#4760 = VERTEX_POINT('',#4761);
#4761 = CARTESIAN_POINT('',(-40.47964275714,35.574285714286,9.));
#4762 = LINE('',#4763,#4764);
#4763 = CARTESIAN_POINT('',(-39.83142847142,35.574285714286,9.));
#4764 = VECTOR('',#4765,1.);
#4765 = DIRECTION('',(-1.,0.,0.));
#4766 = ORIENTED_EDGE('',*,*,#4767,.T.);
#4767 = EDGE_CURVE('',#4760,#4768,#4770,.T.);
#4768 = VERTEX_POINT('',#4769);
#4769 = CARTESIAN_POINT('',(-40.47964275714,33.22,9.));
#4770 = LINE('',#4771,#4772);
#4771 = CARTESIAN_POINT('',(-40.47964275714,35.574285714286,9.));
#4772 = VECTOR('',#4773,1.);
#4773 = DIRECTION('',(0.,-1.,0.));
#4774 = ORIENTED_EDGE('',*,*,#4775,.T.);
#4775 = EDGE_CURVE('',#4768,#4776,#4778,.T.);
#4776 = VERTEX_POINT('',#4777);
#4777 = CARTESIAN_POINT('',(-39.83142847142,33.22,9.));
#4778 = LINE('',#4779,#4780);
#4779 = CARTESIAN_POINT('',(-40.47964275714,33.22,9.));
#4780 = VECTOR('',#4781,1.);
#4781 = DIRECTION('',(1.,0.,0.));
#4782 = ORIENTED_EDGE('',*,*,#4783,.T.);
#4783 = EDGE_CURVE('',#4776,#4784,#4786,.T.);
#4784 = VERTEX_POINT('',#4785);
#4785 = CARTESIAN_POINT('',(-38.74142847142,33.483214285714,9.));
#4786 = B_SPLINE_CURVE_WITH_KNOTS('',2,(#4787,#4788,#4789),
  .UNSPECIFIED.,.F.,.F.,(3,3),(0.,1.),.PIECEWISE_BEZIER_KNOTS.);
#4787 = CARTESIAN_POINT('',(-39.83142847142,33.22,9.));
#4788 = CARTESIAN_POINT('',(-39.05464275714,33.22,9.));
#4789 = CARTESIAN_POINT('',(-38.74142847142,33.483214285714,9.));
#4790 = ORIENTED_EDGE('',*,*,#4791,.T.);
#4791 = EDGE_CURVE('',#4784,#4792,#4794,.T.);
#4792 = VERTEX_POINT('',#4793);
#4793 = CARTESIAN_POINT('',(-38.42785704285,34.397142857143,9.));
#4794 = B_SPLINE_CURVE_WITH_KNOTS('',2,(#4795,#4796,#4797),
  .UNSPECIFIED.,.F.,.F.,(3,3),(0.,1.),.PIECEWISE_BEZIER_KNOTS.);
#4795 = CARTESIAN_POINT('',(-38.74142847142,33.483214285714,9.));
#4796 = CARTESIAN_POINT('',(-38.42785704285,33.746785714286,9.));
#4797 = CARTESIAN_POINT('',(-38.42785704285,34.397142857143,9.));
#4798 = ORIENTED_EDGE('',*,*,#4799,.T.);
#4799 = EDGE_CURVE('',#4792,#4800,#4802,.T.);
#4800 = VERTEX_POINT('',#4801);
#4801 = CARTESIAN_POINT('',(-38.74142847142,35.310714285714,9.));
#4802 = B_SPLINE_CURVE_WITH_KNOTS('',2,(#4803,#4804,#4805),
  .UNSPECIFIED.,.F.,.F.,(3,3),(0.,1.),.PIECEWISE_BEZIER_KNOTS.);
#4803 = CARTESIAN_POINT('',(-38.42785704285,34.397142857143,9.));
#4804 = CARTESIAN_POINT('',(-38.42785704285,35.0475,9.));
#4805 = CARTESIAN_POINT('',(-38.74142847142,35.310714285714,9.));
#4806 = ORIENTED_EDGE('',*,*,#4807,.T.);
#4807 = EDGE_CURVE('',#4800,#4758,#4808,.T.);
#4808 = B_SPLINE_CURVE_WITH_KNOTS('',2,(#4809,#4810,#4811),
  .UNSPECIFIED.,.F.,.F.,(3,3),(0.,1.),.PIECEWISE_BEZIER_KNOTS.);
#4809 = CARTESIAN_POINT('',(-38.74142847142,35.310714285714,9.));
#4810 = CARTESIAN_POINT('',(-39.05464275714,35.574285714286,9.));
#4811 = CARTESIAN_POINT('',(-39.83142847142,35.574285714286,9.));
#4812 = PLANE('',#4813);
#4813 = AXIS2_PLACEMENT_3D('',#4814,#4815,#4816);
#4814 = CARTESIAN_POINT('',(0.,32.765,9.));
#4815 = DIRECTION('',(0.,0.,1.));
#4816 = DIRECTION('',(1.,0.,0.));
#4817 = ADVANCED_FACE('',(#4818),#4843,.F.);
#4818 = FACE_BOUND('',#4819,.F.);
#4819 = EDGE_LOOP('',(#4820,#4828,#4836,#4842));
#4820 = ORIENTED_EDGE('',*,*,#4821,.T.);
#4821 = EDGE_CURVE('',#4758,#4822,#4824,.T.);
#4822 = VERTEX_POINT('',#4823);
#4823 = CARTESIAN_POINT('',(-39.83142847142,35.574285714286,10.));
#4824 = LINE('',#4825,#4826);
#4825 = CARTESIAN_POINT('',(-39.83142847142,35.574285714286,9.));
#4826 = VECTOR('',#4827,1.);
#4827 = DIRECTION('',(0.,0.,1.));
#4828 = ORIENTED_EDGE('',*,*,#4829,.T.);
#4829 = EDGE_CURVE('',#4822,#4830,#4832,.T.);
#4830 = VERTEX_POINT('',#4831);
#4831 = CARTESIAN_POINT('',(-40.47964275714,35.574285714286,10.));
#4832 = LINE('',#4833,#4834);
#4833 = CARTESIAN_POINT('',(-39.83142847142,35.574285714286,10.));
#4834 = VECTOR('',#4835,1.);
#4835 = DIRECTION('',(-1.,0.,0.));
#4836 = ORIENTED_EDGE('',*,*,#4837,.F.);
#4837 = EDGE_CURVE('',#4760,#4830,#4838,.T.);
#4838 = LINE('',#4839,#4840);
#4839 = CARTESIAN_POINT('',(-40.47964275714,35.574285714286,9.));
#4840 = VECTOR('',#4841,1.);
#4841 = DIRECTION('',(0.,0.,1.));
#4842 = ORIENTED_EDGE('',*,*,#4757,.F.);
#4843 = PLANE('',#4844);
#4844 = AXIS2_PLACEMENT_3D('',#4845,#4846,#4847);
#4845 = CARTESIAN_POINT('',(-39.83142847142,35.574285714286,9.));
#4846 = DIRECTION('',(0.,-1.,0.));
#4847 = DIRECTION('',(-1.,0.,0.));
#4848 = ADVANCED_FACE('',(#4849),#4867,.F.);
#4849 = FACE_BOUND('',#4850,.F.);
#4850 = EDGE_LOOP('',(#4851,#4859,#4865,#4866));
#4851 = ORIENTED_EDGE('',*,*,#4852,.T.);
#4852 = EDGE_CURVE('',#4800,#4853,#4855,.T.);
#4853 = VERTEX_POINT('',#4854);
#4854 = CARTESIAN_POINT('',(-38.74142847142,35.310714285714,10.));
#4855 = LINE('',#4856,#4857);
#4856 = CARTESIAN_POINT('',(-38.74142847142,35.310714285714,9.));
#4857 = VECTOR('',#4858,1.);
#4858 = DIRECTION('',(0.,0.,1.));
#4859 = ORIENTED_EDGE('',*,*,#4860,.T.);
#4860 = EDGE_CURVE('',#4853,#4822,#4861,.T.);
#4861 = B_SPLINE_CURVE_WITH_KNOTS('',2,(#4862,#4863,#4864),
  .UNSPECIFIED.,.F.,.F.,(3,3),(0.,1.),.PIECEWISE_BEZIER_KNOTS.);
#4862 = CARTESIAN_POINT('',(-38.74142847142,35.310714285714,10.));
#4863 = CARTESIAN_POINT('',(-39.05464275714,35.574285714286,10.));
#4864 = CARTESIAN_POINT('',(-39.83142847142,35.574285714286,10.));
#4865 = ORIENTED_EDGE('',*,*,#4821,.F.);
#4866 = ORIENTED_EDGE('',*,*,#4807,.F.);
#4867 = SURFACE_OF_LINEAR_EXTRUSION('',#4868,#4872);
#4868 = B_SPLINE_CURVE_WITH_KNOTS('',2,(#4869,#4870,#4871),
  .UNSPECIFIED.,.F.,.F.,(3,3),(0.,1.),.PIECEWISE_BEZIER_KNOTS.);
#4869 = CARTESIAN_POINT('',(-38.74142847142,35.310714285714,9.));
#4870 = CARTESIAN_POINT('',(-39.05464275714,35.574285714286,9.));
#4871 = CARTESIAN_POINT('',(-39.83142847142,35.574285714286,9.));
#4872 = VECTOR('',#4873,1.);
#4873 = DIRECTION('',(-0.,-0.,-1.));
#4874 = ADVANCED_FACE('',(#4875),#4893,.F.);
#4875 = FACE_BOUND('',#4876,.F.);
#4876 = EDGE_LOOP('',(#4877,#4885,#4891,#4892));
#4877 = ORIENTED_EDGE('',*,*,#4878,.T.);
#4878 = EDGE_CURVE('',#4792,#4879,#4881,.T.);
#4879 = VERTEX_POINT('',#4880);
#4880 = CARTESIAN_POINT('',(-38.42785704285,34.397142857143,10.));
#4881 = LINE('',#4882,#4883);
#4882 = CARTESIAN_POINT('',(-38.42785704285,34.397142857143,9.));
#4883 = VECTOR('',#4884,1.);
#4884 = DIRECTION('',(0.,0.,1.));
#4885 = ORIENTED_EDGE('',*,*,#4886,.T.);
#4886 = EDGE_CURVE('',#4879,#4853,#4887,.T.);
#4887 = B_SPLINE_CURVE_WITH_KNOTS('',2,(#4888,#4889,#4890),
  .UNSPECIFIED.,.F.,.F.,(3,3),(0.,1.),.PIECEWISE_BEZIER_KNOTS.);
#4888 = CARTESIAN_POINT('',(-38.42785704285,34.397142857143,10.));
#4889 = CARTESIAN_POINT('',(-38.42785704285,35.0475,10.));
#4890 = CARTESIAN_POINT('',(-38.74142847142,35.310714285714,10.));
#4891 = ORIENTED_EDGE('',*,*,#4852,.F.);
#4892 = ORIENTED_EDGE('',*,*,#4799,.F.);
#4893 = SURFACE_OF_LINEAR_EXTRUSION('',#4894,#4898);
#4894 = B_SPLINE_CURVE_WITH_KNOTS('',2,(#4895,#4896,#4897),
  .UNSPECIFIED.,.F.,.F.,(3,3),(0.,1.),.PIECEWISE_BEZIER_KNOTS.);
#4895 = CARTESIAN_POINT('',(-38.42785704285,34.397142857143,9.));
#4896 = CARTESIAN_POINT('',(-38.42785704285,35.0475,9.));
#4897 = CARTESIAN_POINT('',(-38.74142847142,35.310714285714,9.));
#4898 = VECTOR('',#4899,1.);
#4899 = DIRECTION('',(-0.,-0.,-1.));
#4900 = ADVANCED_FACE('',(#4901),#4919,.F.);
#4901 = FACE_BOUND('',#4902,.F.);
#4902 = EDGE_LOOP('',(#4903,#4911,#4917,#4918));
#4903 = ORIENTED_EDGE('',*,*,#4904,.T.);
#4904 = EDGE_CURVE('',#4784,#4905,#4907,.T.);
#4905 = VERTEX_POINT('',#4906);
#4906 = CARTESIAN_POINT('',(-38.74142847142,33.483214285714,10.));
#4907 = LINE('',#4908,#4909);
#4908 = CARTESIAN_POINT('',(-38.74142847142,33.483214285714,9.));
#4909 = VECTOR('',#4910,1.);
#4910 = DIRECTION('',(0.,0.,1.));
#4911 = ORIENTED_EDGE('',*,*,#4912,.T.);
#4912 = EDGE_CURVE('',#4905,#4879,#4913,.T.);
#4913 = B_SPLINE_CURVE_WITH_KNOTS('',2,(#4914,#4915,#4916),
  .UNSPECIFIED.,.F.,.F.,(3,3),(0.,1.),.PIECEWISE_BEZIER_KNOTS.);
#4914 = CARTESIAN_POINT('',(-38.74142847142,33.483214285714,10.));
#4915 = CARTESIAN_POINT('',(-38.42785704285,33.746785714286,10.));
#4916 = CARTESIAN_POINT('',(-38.42785704285,34.397142857143,10.));
#4917 = ORIENTED_EDGE('',*,*,#4878,.F.);
#4918 = ORIENTED_EDGE('',*,*,#4791,.F.);
#4919 = SURFACE_OF_LINEAR_EXTRUSION('',#4920,#4924);
#4920 = B_SPLINE_CURVE_WITH_KNOTS('',2,(#4921,#4922,#4923),
  .UNSPECIFIED.,.F.,.F.,(3,3),(0.,1.),.PIECEWISE_BEZIER_KNOTS.);
#4921 = CARTESIAN_POINT('',(-38.74142847142,33.483214285714,9.));
#4922 = CARTESIAN_POINT('',(-38.42785704285,33.746785714286,9.));
#4923 = CARTESIAN_POINT('',(-38.42785704285,34.397142857143,9.));
#4924 = VECTOR('',#4925,1.);
#4925 = DIRECTION('',(-0.,-0.,-1.));
#4926 = ADVANCED_FACE('',(#4927),#4945,.F.);
#4927 = FACE_BOUND('',#4928,.F.);
#4928 = EDGE_LOOP('',(#4929,#4937,#4943,#4944));
#4929 = ORIENTED_EDGE('',*,*,#4930,.T.);
#4930 = EDGE_CURVE('',#4776,#4931,#4933,.T.);
#4931 = VERTEX_POINT('',#4932);
#4932 = CARTESIAN_POINT('',(-39.83142847142,33.22,10.));
#4933 = LINE('',#4934,#4935);
#4934 = CARTESIAN_POINT('',(-39.83142847142,33.22,9.));
#4935 = VECTOR('',#4936,1.);
#4936 = DIRECTION('',(0.,0.,1.));
#4937 = ORIENTED_EDGE('',*,*,#4938,.T.);
#4938 = EDGE_CURVE('',#4931,#4905,#4939,.T.);
#4939 = B_SPLINE_CURVE_WITH_KNOTS('',2,(#4940,#4941,#4942),
  .UNSPECIFIED.,.F.,.F.,(3,3),(0.,1.),.PIECEWISE_BEZIER_KNOTS.);
#4940 = CARTESIAN_POINT('',(-39.83142847142,33.22,10.));
#4941 = CARTESIAN_POINT('',(-39.05464275714,33.22,10.));
#4942 = CARTESIAN_POINT('',(-38.74142847142,33.483214285714,10.));
#4943 = ORIENTED_EDGE('',*,*,#4904,.F.);
#4944 = ORIENTED_EDGE('',*,*,#4783,.F.);
#4945 = SURFACE_OF_LINEAR_EXTRUSION('',#4946,#4950);
#4946 = B_SPLINE_CURVE_WITH_KNOTS('',2,(#4947,#4948,#4949),
  .UNSPECIFIED.,.F.,.F.,(3,3),(0.,1.),.PIECEWISE_BEZIER_KNOTS.);
#4947 = CARTESIAN_POINT('',(-39.83142847142,33.22,9.));
#4948 = CARTESIAN_POINT('',(-39.05464275714,33.22,9.));
#4949 = CARTESIAN_POINT('',(-38.74142847142,33.483214285714,9.));
#4950 = VECTOR('',#4951,1.);
#4951 = DIRECTION('',(-0.,-0.,-1.));
#4952 = ADVANCED_FACE('',(#4953),#4971,.F.);
#4953 = FACE_BOUND('',#4954,.F.);
#4954 = EDGE_LOOP('',(#4955,#4963,#4969,#4970));
#4955 = ORIENTED_EDGE('',*,*,#4956,.T.);
#4956 = EDGE_CURVE('',#4768,#4957,#4959,.T.);
#4957 = VERTEX_POINT('',#4958);
#4958 = CARTESIAN_POINT('',(-40.47964275714,33.22,10.));
#4959 = LINE('',#4960,#4961);
#4960 = CARTESIAN_POINT('',(-40.47964275714,33.22,9.));
#4961 = VECTOR('',#4962,1.);
#4962 = DIRECTION('',(0.,0.,1.));
#4963 = ORIENTED_EDGE('',*,*,#4964,.T.);
#4964 = EDGE_CURVE('',#4957,#4931,#4965,.T.);
#4965 = LINE('',#4966,#4967);
#4966 = CARTESIAN_POINT('',(-40.47964275714,33.22,10.));
#4967 = VECTOR('',#4968,1.);
#4968 = DIRECTION('',(1.,0.,0.));
#4969 = ORIENTED_EDGE('',*,*,#4930,.F.);
#4970 = ORIENTED_EDGE('',*,*,#4775,.F.);
#4971 = PLANE('',#4972);
#4972 = AXIS2_PLACEMENT_3D('',#4973,#4974,#4975);
#4973 = CARTESIAN_POINT('',(-40.47964275714,33.22,9.));
#4974 = DIRECTION('',(0.,1.,0.));
#4975 = DIRECTION('',(1.,0.,0.));
#4976 = ADVANCED_FACE('',(#4977),#4988,.F.);
#4977 = FACE_BOUND('',#4978,.F.);
#4978 = EDGE_LOOP('',(#4979,#4980,#4986,#4987));
#4979 = ORIENTED_EDGE('',*,*,#4837,.T.);
#4980 = ORIENTED_EDGE('',*,*,#4981,.T.);
#4981 = EDGE_CURVE('',#4830,#4957,#4982,.T.);
#4982 = LINE('',#4983,#4984);
#4983 = CARTESIAN_POINT('',(-40.47964275714,35.574285714286,10.));
#4984 = VECTOR('',#4985,1.);
#4985 = DIRECTION('',(0.,-1.,0.));
#4986 = ORIENTED_EDGE('',*,*,#4956,.F.);
#4987 = ORIENTED_EDGE('',*,*,#4767,.F.);
#4988 = PLANE('',#4989);
#4989 = AXIS2_PLACEMENT_3D('',#4990,#4991,#4992);
#4990 = CARTESIAN_POINT('',(-40.47964275714,35.574285714286,9.));
#4991 = DIRECTION('',(1.,0.,0.));
#4992 = DIRECTION('',(0.,-1.,0.));
#4993 = ADVANCED_FACE('',(#4994),#5003,.T.);
#4994 = FACE_BOUND('',#4995,.T.);
#4995 = EDGE_LOOP('',(#4996,#4997,#4998,#4999,#5000,#5001,#5002));
#4996 = ORIENTED_EDGE('',*,*,#4829,.T.);
#4997 = ORIENTED_EDGE('',*,*,#4981,.T.);
#4998 = ORIENTED_EDGE('',*,*,#4964,.T.);
#4999 = ORIENTED_EDGE('',*,*,#4938,.T.);
#5000 = ORIENTED_EDGE('',*,*,#4912,.T.);
#5001 = ORIENTED_EDGE('',*,*,#4886,.T.);
#5002 = ORIENTED_EDGE('',*,*,#4860,.T.);
#5003 = PLANE('',#5004);
#5004 = AXIS2_PLACEMENT_3D('',#5005,#5006,#5007);
#5005 = CARTESIAN_POINT('',(0.,32.765,10.));
#5006 = DIRECTION('',(0.,0.,1.));
#5007 = DIRECTION('',(1.,0.,0.));
#5008 = MANIFOLD_SOLID_BREP('',#5009);
#5009 = CLOSED_SHELL('',(#5010,#5082,#5115,#5141,#5167,#5193,#5219,#5245
    ,#5271,#5290));
#5010 = ADVANCED_FACE('',(#5011),#5077,.F.);
#5011 = FACE_BOUND('',#5012,.F.);
#5012 = EDGE_LOOP('',(#5013,#5023,#5031,#5039,#5047,#5055,#5063,#5071));
#5013 = ORIENTED_EDGE('',*,*,#5014,.T.);
#5014 = EDGE_CURVE('',#5015,#5017,#5019,.T.);
#5015 = VERTEX_POINT('',#5016);
#5016 = CARTESIAN_POINT('',(-32.13285704285,34.973928571429,9.));
#5017 = VERTEX_POINT('',#5018);
#5018 = CARTESIAN_POINT('',(-33.02214275714,35.62,9.));
#5019 = B_SPLINE_CURVE_WITH_KNOTS('',2,(#5020,#5021,#5022),
  .UNSPECIFIED.,.F.,.F.,(3,3),(0.,1.),.PIECEWISE_BEZIER_KNOTS.);
#5020 = CARTESIAN_POINT('',(-32.13285704285,34.973928571429,9.));
#5021 = CARTESIAN_POINT('',(-32.41142847142,35.62,9.));
#5022 = CARTESIAN_POINT('',(-33.02214275714,35.62,9.));
#5023 = ORIENTED_EDGE('',*,*,#5024,.T.);
#5024 = EDGE_CURVE('',#5017,#5025,#5027,.T.);
#5025 = VERTEX_POINT('',#5026);
#5026 = CARTESIAN_POINT('',(-33.90607132857,34.973928571429,9.));
#5027 = B_SPLINE_CURVE_WITH_KNOTS('',2,(#5028,#5029,#5030),
  .UNSPECIFIED.,.F.,.F.,(3,3),(0.,1.),.PIECEWISE_BEZIER_KNOTS.);
#5028 = CARTESIAN_POINT('',(-33.02214275714,35.62,9.));
#5029 = CARTESIAN_POINT('',(-33.6274999,35.62,9.));
#5030 = CARTESIAN_POINT('',(-33.90607132857,34.973928571429,9.));
#5031 = ORIENTED_EDGE('',*,*,#5032,.T.);
#5032 = EDGE_CURVE('',#5025,#5033,#5035,.T.);
#5033 = VERTEX_POINT('',#5034);
#5034 = CARTESIAN_POINT('',(-34.18464275714,32.885714285714,9.));
#5035 = B_SPLINE_CURVE_WITH_KNOTS('',2,(#5036,#5037,#5038),
  .UNSPECIFIED.,.F.,.F.,(3,3),(0.,1.),.PIECEWISE_BEZIER_KNOTS.);
#5036 = CARTESIAN_POINT('',(-33.90607132857,34.973928571429,9.));
#5037 = CARTESIAN_POINT('',(-34.18464275714,34.327857142857,9.));
#5038 = CARTESIAN_POINT('',(-34.18464275714,32.885714285714,9.));
#5039 = ORIENTED_EDGE('',*,*,#5040,.T.);
#5040 = EDGE_CURVE('',#5033,#5041,#5043,.T.);
#5041 = VERTEX_POINT('',#5042);
#5042 = CARTESIAN_POINT('',(-33.90607132857,30.803214285714,9.));
#5043 = B_SPLINE_CURVE_WITH_KNOTS('',2,(#5044,#5045,#5046),
  .UNSPECIFIED.,.F.,.F.,(3,3),(0.,1.),.PIECEWISE_BEZIER_KNOTS.);
#5044 = CARTESIAN_POINT('',(-34.18464275714,32.885714285714,9.));
#5045 = CARTESIAN_POINT('',(-34.18464275714,31.449285714286,9.));
#5046 = CARTESIAN_POINT('',(-33.90607132857,30.803214285714,9.));
#5047 = ORIENTED_EDGE('',*,*,#5048,.T.);
#5048 = EDGE_CURVE('',#5041,#5049,#5051,.T.);
#5049 = VERTEX_POINT('',#5050);
#5050 = CARTESIAN_POINT('',(-33.02214275714,30.157142857143,9.));
#5051 = B_SPLINE_CURVE_WITH_KNOTS('',2,(#5052,#5053,#5054),
  .UNSPECIFIED.,.F.,.F.,(3,3),(0.,1.),.PIECEWISE_BEZIER_KNOTS.);
#5052 = CARTESIAN_POINT('',(-33.90607132857,30.803214285714,9.));
#5053 = CARTESIAN_POINT('',(-33.6274999,30.157142857143,9.));
#5054 = CARTESIAN_POINT('',(-33.02214275714,30.157142857143,9.));
#5055 = ORIENTED_EDGE('',*,*,#5056,.T.);
#5056 = EDGE_CURVE('',#5049,#5057,#5059,.T.);
#5057 = VERTEX_POINT('',#5058);
#5058 = CARTESIAN_POINT('',(-32.13285704285,30.803214285714,9.));
#5059 = B_SPLINE_CURVE_WITH_KNOTS('',2,(#5060,#5061,#5062),
  .UNSPECIFIED.,.F.,.F.,(3,3),(0.,1.),.PIECEWISE_BEZIER_KNOTS.);
#5060 = CARTESIAN_POINT('',(-33.02214275714,30.157142857143,9.));
#5061 = CARTESIAN_POINT('',(-32.41142847142,30.157142857143,9.));
#5062 = CARTESIAN_POINT('',(-32.13285704285,30.803214285714,9.));
#5063 = ORIENTED_EDGE('',*,*,#5064,.T.);
#5064 = EDGE_CURVE('',#5057,#5065,#5067,.T.);
#5065 = VERTEX_POINT('',#5066);
#5066 = CARTESIAN_POINT('',(-31.85428561428,32.885714285714,9.));
#5067 = B_SPLINE_CURVE_WITH_KNOTS('',2,(#5068,#5069,#5070),
  .UNSPECIFIED.,.F.,.F.,(3,3),(0.,1.),.PIECEWISE_BEZIER_KNOTS.);
#5068 = CARTESIAN_POINT('',(-32.13285704285,30.803214285714,9.));
#5069 = CARTESIAN_POINT('',(-31.85428561428,31.449285714286,9.));
#5070 = CARTESIAN_POINT('',(-31.85428561428,32.885714285714,9.));
#5071 = ORIENTED_EDGE('',*,*,#5072,.T.);
#5072 = EDGE_CURVE('',#5065,#5015,#5073,.T.);
#5073 = B_SPLINE_CURVE_WITH_KNOTS('',2,(#5074,#5075,#5076),
  .UNSPECIFIED.,.F.,.F.,(3,3),(0.,1.),.PIECEWISE_BEZIER_KNOTS.);
#5074 = CARTESIAN_POINT('',(-31.85428561428,32.885714285714,9.));
#5075 = CARTESIAN_POINT('',(-31.85428561428,34.327857142857,9.));
#5076 = CARTESIAN_POINT('',(-32.13285704285,34.973928571429,9.));
#5077 = PLANE('',#5078);
#5078 = AXIS2_PLACEMENT_3D('',#5079,#5080,#5081);
#5079 = CARTESIAN_POINT('',(0.,32.765,9.));
#5080 = DIRECTION('',(0.,0.,1.));
#5081 = DIRECTION('',(1.,0.,0.));
#5082 = ADVANCED_FACE('',(#5083),#5108,.F.);
#5083 = FACE_BOUND('',#5084,.F.);
#5084 = EDGE_LOOP('',(#5085,#5093,#5101,#5107));
#5085 = ORIENTED_EDGE('',*,*,#5086,.T.);
#5086 = EDGE_CURVE('',#5015,#5087,#5089,.T.);
#5087 = VERTEX_POINT('',#5088);
#5088 = CARTESIAN_POINT('',(-32.13285704285,34.973928571429,10.));
#5089 = LINE('',#5090,#5091);
#5090 = CARTESIAN_POINT('',(-32.13285704285,34.973928571429,9.));
#5091 = VECTOR('',#5092,1.);
#5092 = DIRECTION('',(0.,0.,1.));
#5093 = ORIENTED_EDGE('',*,*,#5094,.T.);
#5094 = EDGE_CURVE('',#5087,#5095,#5097,.T.);
#5095 = VERTEX_POINT('',#5096);
#5096 = CARTESIAN_POINT('',(-33.02214275714,35.62,10.));
#5097 = B_SPLINE_CURVE_WITH_KNOTS('',2,(#5098,#5099,#5100),
  .UNSPECIFIED.,.F.,.F.,(3,3),(0.,1.),.PIECEWISE_BEZIER_KNOTS.);
#5098 = CARTESIAN_POINT('',(-32.13285704285,34.973928571429,10.));
#5099 = CARTESIAN_POINT('',(-32.41142847142,35.62,10.));
#5100 = CARTESIAN_POINT('',(-33.02214275714,35.62,10.));
#5101 = ORIENTED_EDGE('',*,*,#5102,.F.);
#5102 = EDGE_CURVE('',#5017,#5095,#5103,.T.);
#5103 = LINE('',#5104,#5105);
#5104 = CARTESIAN_POINT('',(-33.02214275714,35.62,9.));
#5105 = VECTOR('',#5106,1.);
#5106 = DIRECTION('',(0.,0.,1.));
#5107 = ORIENTED_EDGE('',*,*,#5014,.F.);
#5108 = SURFACE_OF_LINEAR_EXTRUSION('',#5109,#5113);
#5109 = B_SPLINE_CURVE_WITH_KNOTS('',2,(#5110,#5111,#5112),
  .UNSPECIFIED.,.F.,.F.,(3,3),(0.,1.),.PIECEWISE_BEZIER_KNOTS.);
#5110 = CARTESIAN_POINT('',(-32.13285704285,34.973928571429,9.));
#5111 = CARTESIAN_POINT('',(-32.41142847142,35.62,9.));
#5112 = CARTESIAN_POINT('',(-33.02214275714,35.62,9.));
#5113 = VECTOR('',#5114,1.);
#5114 = DIRECTION('',(-0.,-0.,-1.));
#5115 = ADVANCED_FACE('',(#5116),#5134,.F.);
#5116 = FACE_BOUND('',#5117,.F.);
#5117 = EDGE_LOOP('',(#5118,#5126,#5132,#5133));
#5118 = ORIENTED_EDGE('',*,*,#5119,.T.);
#5119 = EDGE_CURVE('',#5065,#5120,#5122,.T.);
#5120 = VERTEX_POINT('',#5121);
#5121 = CARTESIAN_POINT('',(-31.85428561428,32.885714285714,10.));
#5122 = LINE('',#5123,#5124);
#5123 = CARTESIAN_POINT('',(-31.85428561428,32.885714285714,9.));
#5124 = VECTOR('',#5125,1.);
#5125 = DIRECTION('',(0.,0.,1.));
#5126 = ORIENTED_EDGE('',*,*,#5127,.T.);
#5127 = EDGE_CURVE('',#5120,#5087,#5128,.T.);
#5128 = B_SPLINE_CURVE_WITH_KNOTS('',2,(#5129,#5130,#5131),
  .UNSPECIFIED.,.F.,.F.,(3,3),(0.,1.),.PIECEWISE_BEZIER_KNOTS.);
#5129 = CARTESIAN_POINT('',(-31.85428561428,32.885714285714,10.));
#5130 = CARTESIAN_POINT('',(-31.85428561428,34.327857142857,10.));
#5131 = CARTESIAN_POINT('',(-32.13285704285,34.973928571429,10.));
#5132 = ORIENTED_EDGE('',*,*,#5086,.F.);
#5133 = ORIENTED_EDGE('',*,*,#5072,.F.);
#5134 = SURFACE_OF_LINEAR_EXTRUSION('',#5135,#5139);
#5135 = B_SPLINE_CURVE_WITH_KNOTS('',2,(#5136,#5137,#5138),
  .UNSPECIFIED.,.F.,.F.,(3,3),(0.,1.),.PIECEWISE_BEZIER_KNOTS.);
#5136 = CARTESIAN_POINT('',(-31.85428561428,32.885714285714,9.));
#5137 = CARTESIAN_POINT('',(-31.85428561428,34.327857142857,9.));
#5138 = CARTESIAN_POINT('',(-32.13285704285,34.973928571429,9.));
#5139 = VECTOR('',#5140,1.);
#5140 = DIRECTION('',(-0.,-0.,-1.));
#5141 = ADVANCED_FACE('',(#5142),#5160,.F.);
#5142 = FACE_BOUND('',#5143,.F.);
#5143 = EDGE_LOOP('',(#5144,#5152,#5158,#5159));
#5144 = ORIENTED_EDGE('',*,*,#5145,.T.);
#5145 = EDGE_CURVE('',#5057,#5146,#5148,.T.);
#5146 = VERTEX_POINT('',#5147);
#5147 = CARTESIAN_POINT('',(-32.13285704285,30.803214285714,10.));
#5148 = LINE('',#5149,#5150);
#5149 = CARTESIAN_POINT('',(-32.13285704285,30.803214285714,9.));
#5150 = VECTOR('',#5151,1.);
#5151 = DIRECTION('',(0.,0.,1.));
#5152 = ORIENTED_EDGE('',*,*,#5153,.T.);
#5153 = EDGE_CURVE('',#5146,#5120,#5154,.T.);
#5154 = B_SPLINE_CURVE_WITH_KNOTS('',2,(#5155,#5156,#5157),
  .UNSPECIFIED.,.F.,.F.,(3,3),(0.,1.),.PIECEWISE_BEZIER_KNOTS.);
#5155 = CARTESIAN_POINT('',(-32.13285704285,30.803214285714,10.));
#5156 = CARTESIAN_POINT('',(-31.85428561428,31.449285714286,10.));
#5157 = CARTESIAN_POINT('',(-31.85428561428,32.885714285714,10.));
#5158 = ORIENTED_EDGE('',*,*,#5119,.F.);
#5159 = ORIENTED_EDGE('',*,*,#5064,.F.);
#5160 = SURFACE_OF_LINEAR_EXTRUSION('',#5161,#5165);
#5161 = B_SPLINE_CURVE_WITH_KNOTS('',2,(#5162,#5163,#5164),
  .UNSPECIFIED.,.F.,.F.,(3,3),(0.,1.),.PIECEWISE_BEZIER_KNOTS.);
#5162 = CARTESIAN_POINT('',(-32.13285704285,30.803214285714,9.));
#5163 = CARTESIAN_POINT('',(-31.85428561428,31.449285714286,9.));
#5164 = CARTESIAN_POINT('',(-31.85428561428,32.885714285714,9.));
#5165 = VECTOR('',#5166,1.);
#5166 = DIRECTION('',(-0.,-0.,-1.));
#5167 = ADVANCED_FACE('',(#5168),#5186,.F.);
#5168 = FACE_BOUND('',#5169,.F.);
#5169 = EDGE_LOOP('',(#5170,#5178,#5184,#5185));
#5170 = ORIENTED_EDGE('',*,*,#5171,.T.);
#5171 = EDGE_CURVE('',#5049,#5172,#5174,.T.);
#5172 = VERTEX_POINT('',#5173);
#5173 = CARTESIAN_POINT('',(-33.02214275714,30.157142857143,10.));
#5174 = LINE('',#5175,#5176);
#5175 = CARTESIAN_POINT('',(-33.02214275714,30.157142857143,9.));
#5176 = VECTOR('',#5177,1.);
#5177 = DIRECTION('',(0.,0.,1.));
#5178 = ORIENTED_EDGE('',*,*,#5179,.T.);
#5179 = EDGE_CURVE('',#5172,#5146,#5180,.T.);
#5180 = B_SPLINE_CURVE_WITH_KNOTS('',2,(#5181,#5182,#5183),
  .UNSPECIFIED.,.F.,.F.,(3,3),(0.,1.),.PIECEWISE_BEZIER_KNOTS.);
#5181 = CARTESIAN_POINT('',(-33.02214275714,30.157142857143,10.));
#5182 = CARTESIAN_POINT('',(-32.41142847142,30.157142857143,10.));
#5183 = CARTESIAN_POINT('',(-32.13285704285,30.803214285714,10.));
#5184 = ORIENTED_EDGE('',*,*,#5145,.F.);
#5185 = ORIENTED_EDGE('',*,*,#5056,.F.);
#5186 = SURFACE_OF_LINEAR_EXTRUSION('',#5187,#5191);
#5187 = B_SPLINE_CURVE_WITH_KNOTS('',2,(#5188,#5189,#5190),
  .UNSPECIFIED.,.F.,.F.,(3,3),(0.,1.),.PIECEWISE_BEZIER_KNOTS.);
#5188 = CARTESIAN_POINT('',(-33.02214275714,30.157142857143,9.));
#5189 = CARTESIAN_POINT('',(-32.41142847142,30.157142857143,9.));
#5190 = CARTESIAN_POINT('',(-32.13285704285,30.803214285714,9.));
#5191 = VECTOR('',#5192,1.);
#5192 = DIRECTION('',(-0.,-0.,-1.));
#5193 = ADVANCED_FACE('',(#5194),#5212,.F.);
#5194 = FACE_BOUND('',#5195,.F.);
#5195 = EDGE_LOOP('',(#5196,#5204,#5210,#5211));
#5196 = ORIENTED_EDGE('',*,*,#5197,.T.);
#5197 = EDGE_CURVE('',#5041,#5198,#5200,.T.);
#5198 = VERTEX_POINT('',#5199);
#5199 = CARTESIAN_POINT('',(-33.90607132857,30.803214285714,10.));
#5200 = LINE('',#5201,#5202);
#5201 = CARTESIAN_POINT('',(-33.90607132857,30.803214285714,9.));
#5202 = VECTOR('',#5203,1.);
#5203 = DIRECTION('',(0.,0.,1.));
#5204 = ORIENTED_EDGE('',*,*,#5205,.T.);
#5205 = EDGE_CURVE('',#5198,#5172,#5206,.T.);
#5206 = B_SPLINE_CURVE_WITH_KNOTS('',2,(#5207,#5208,#5209),
  .UNSPECIFIED.,.F.,.F.,(3,3),(0.,1.),.PIECEWISE_BEZIER_KNOTS.);
#5207 = CARTESIAN_POINT('',(-33.90607132857,30.803214285714,10.));
#5208 = CARTESIAN_POINT('',(-33.6274999,30.157142857143,10.));
#5209 = CARTESIAN_POINT('',(-33.02214275714,30.157142857143,10.));
#5210 = ORIENTED_EDGE('',*,*,#5171,.F.);
#5211 = ORIENTED_EDGE('',*,*,#5048,.F.);
#5212 = SURFACE_OF_LINEAR_EXTRUSION('',#5213,#5217);
#5213 = B_SPLINE_CURVE_WITH_KNOTS('',2,(#5214,#5215,#5216),
  .UNSPECIFIED.,.F.,.F.,(3,3),(0.,1.),.PIECEWISE_BEZIER_KNOTS.);
#5214 = CARTESIAN_POINT('',(-33.90607132857,30.803214285714,9.));
#5215 = CARTESIAN_POINT('',(-33.6274999,30.157142857143,9.));
#5216 = CARTESIAN_POINT('',(-33.02214275714,30.157142857143,9.));
#5217 = VECTOR('',#5218,1.);
#5218 = DIRECTION('',(-0.,-0.,-1.));
#5219 = ADVANCED_FACE('',(#5220),#5238,.F.);
#5220 = FACE_BOUND('',#5221,.F.);
#5221 = EDGE_LOOP('',(#5222,#5230,#5236,#5237));
#5222 = ORIENTED_EDGE('',*,*,#5223,.T.);
#5223 = EDGE_CURVE('',#5033,#5224,#5226,.T.);
#5224 = VERTEX_POINT('',#5225);
#5225 = CARTESIAN_POINT('',(-34.18464275714,32.885714285714,10.));
#5226 = LINE('',#5227,#5228);
#5227 = CARTESIAN_POINT('',(-34.18464275714,32.885714285714,9.));
#5228 = VECTOR('',#5229,1.);
#5229 = DIRECTION('',(0.,0.,1.));
#5230 = ORIENTED_EDGE('',*,*,#5231,.T.);
#5231 = EDGE_CURVE('',#5224,#5198,#5232,.T.);
#5232 = B_SPLINE_CURVE_WITH_KNOTS('',2,(#5233,#5234,#5235),
  .UNSPECIFIED.,.F.,.F.,(3,3),(0.,1.),.PIECEWISE_BEZIER_KNOTS.);
#5233 = CARTESIAN_POINT('',(-34.18464275714,32.885714285714,10.));
#5234 = CARTESIAN_POINT('',(-34.18464275714,31.449285714286,10.));
#5235 = CARTESIAN_POINT('',(-33.90607132857,30.803214285714,10.));
#5236 = ORIENTED_EDGE('',*,*,#5197,.F.);
#5237 = ORIENTED_EDGE('',*,*,#5040,.F.);
#5238 = SURFACE_OF_LINEAR_EXTRUSION('',#5239,#5243);
#5239 = B_SPLINE_CURVE_WITH_KNOTS('',2,(#5240,#5241,#5242),
  .UNSPECIFIED.,.F.,.F.,(3,3),(0.,1.),.PIECEWISE_BEZIER_KNOTS.);
#5240 = CARTESIAN_POINT('',(-34.18464275714,32.885714285714,9.));
#5241 = CARTESIAN_POINT('',(-34.18464275714,31.449285714286,9.));
#5242 = CARTESIAN_POINT('',(-33.90607132857,30.803214285714,9.));
#5243 = VECTOR('',#5244,1.);
#5244 = DIRECTION('',(-0.,-0.,-1.));
#5245 = ADVANCED_FACE('',(#5246),#5264,.F.);
#5246 = FACE_BOUND('',#5247,.F.);
#5247 = EDGE_LOOP('',(#5248,#5256,#5262,#5263));
#5248 = ORIENTED_EDGE('',*,*,#5249,.T.);
#5249 = EDGE_CURVE('',#5025,#5250,#5252,.T.);
#5250 = VERTEX_POINT('',#5251);
#5251 = CARTESIAN_POINT('',(-33.90607132857,34.973928571429,10.));
#5252 = LINE('',#5253,#5254);
#5253 = CARTESIAN_POINT('',(-33.90607132857,34.973928571429,9.));
#5254 = VECTOR('',#5255,1.);
#5255 = DIRECTION('',(0.,0.,1.));
#5256 = ORIENTED_EDGE('',*,*,#5257,.T.);
#5257 = EDGE_CURVE('',#5250,#5224,#5258,.T.);
#5258 = B_SPLINE_CURVE_WITH_KNOTS('',2,(#5259,#5260,#5261),
  .UNSPECIFIED.,.F.,.F.,(3,3),(0.,1.),.PIECEWISE_BEZIER_KNOTS.);
#5259 = CARTESIAN_POINT('',(-33.90607132857,34.973928571429,10.));
#5260 = CARTESIAN_POINT('',(-34.18464275714,34.327857142857,10.));
#5261 = CARTESIAN_POINT('',(-34.18464275714,32.885714285714,10.));
#5262 = ORIENTED_EDGE('',*,*,#5223,.F.);
#5263 = ORIENTED_EDGE('',*,*,#5032,.F.);
#5264 = SURFACE_OF_LINEAR_EXTRUSION('',#5265,#5269);
#5265 = B_SPLINE_CURVE_WITH_KNOTS('',2,(#5266,#5267,#5268),
  .UNSPECIFIED.,.F.,.F.,(3,3),(0.,1.),.PIECEWISE_BEZIER_KNOTS.);
#5266 = CARTESIAN_POINT('',(-33.90607132857,34.973928571429,9.));
#5267 = CARTESIAN_POINT('',(-34.18464275714,34.327857142857,9.));
#5268 = CARTESIAN_POINT('',(-34.18464275714,32.885714285714,9.));
#5269 = VECTOR('',#5270,1.);
#5270 = DIRECTION('',(-0.,-0.,-1.));
#5271 = ADVANCED_FACE('',(#5272),#5283,.F.);
#5272 = FACE_BOUND('',#5273,.F.);
#5273 = EDGE_LOOP('',(#5274,#5275,#5281,#5282));
#5274 = ORIENTED_EDGE('',*,*,#5102,.T.);
#5275 = ORIENTED_EDGE('',*,*,#5276,.T.);
#5276 = EDGE_CURVE('',#5095,#5250,#5277,.T.);
#5277 = B_SPLINE_CURVE_WITH_KNOTS('',2,(#5278,#5279,#5280),
  .UNSPECIFIED.,.F.,.F.,(3,3),(0.,1.),.PIECEWISE_BEZIER_KNOTS.);
#5278 = CARTESIAN_POINT('',(-33.02214275714,35.62,10.));
#5279 = CARTESIAN_POINT('',(-33.6274999,35.62,10.));
#5280 = CARTESIAN_POINT('',(-33.90607132857,34.973928571429,10.));
#5281 = ORIENTED_EDGE('',*,*,#5249,.F.);
#5282 = ORIENTED_EDGE('',*,*,#5024,.F.);
#5283 = SURFACE_OF_LINEAR_EXTRUSION('',#5284,#5288);
#5284 = B_SPLINE_CURVE_WITH_KNOTS('',2,(#5285,#5286,#5287),
  .UNSPECIFIED.,.F.,.F.,(3,3),(0.,1.),.PIECEWISE_BEZIER_KNOTS.);
#5285 = CARTESIAN_POINT('',(-33.02214275714,35.62,9.));
#5286 = CARTESIAN_POINT('',(-33.6274999,35.62,9.));
#5287 = CARTESIAN_POINT('',(-33.90607132857,34.973928571429,9.));
#5288 = VECTOR('',#5289,1.);
#5289 = DIRECTION('',(-0.,-0.,-1.));
#5290 = ADVANCED_FACE('',(#5291),#5301,.T.);
#5291 = FACE_BOUND('',#5292,.T.);
#5292 = EDGE_LOOP('',(#5293,#5294,#5295,#5296,#5297,#5298,#5299,#5300));
#5293 = ORIENTED_EDGE('',*,*,#5094,.T.);
#5294 = ORIENTED_EDGE('',*,*,#5276,.T.);
#5295 = ORIENTED_EDGE('',*,*,#5257,.T.);
#5296 = ORIENTED_EDGE('',*,*,#5231,.T.);
#5297 = ORIENTED_EDGE('',*,*,#5205,.T.);
#5298 = ORIENTED_EDGE('',*,*,#5179,.T.);
#5299 = ORIENTED_EDGE('',*,*,#5153,.T.);
#5300 = ORIENTED_EDGE('',*,*,#5127,.T.);
#5301 = PLANE('',#5302);
#5302 = AXIS2_PLACEMENT_3D('',#5303,#5304,#5305);
#5303 = CARTESIAN_POINT('',(0.,32.765,10.));
#5304 = DIRECTION('',(0.,0.,1.));
#5305 = DIRECTION('',(1.,0.,0.));
#5306 = MANIFOLD_SOLID_BREP('',#5307);
#5307 = CLOSED_SHELL('',(#5308,#5372,#5403,#5429,#5455,#5481,#5507,#5531
    ,#5548));
#5308 = ADVANCED_FACE('',(#5309),#5367,.F.);
#5309 = FACE_BOUND('',#5310,.F.);
#5310 = EDGE_LOOP('',(#5311,#5321,#5329,#5337,#5345,#5353,#5361));
#5311 = ORIENTED_EDGE('',*,*,#5312,.T.);
#5312 = EDGE_CURVE('',#5313,#5315,#5317,.T.);
#5313 = VERTEX_POINT('',#5314);
#5314 = CARTESIAN_POINT('',(-13.4674999,35.574285714286,9.));
#5315 = VERTEX_POINT('',#5316);
#5316 = CARTESIAN_POINT('',(-14.21214275714,35.574285714286,9.));
#5317 = LINE('',#5318,#5319);
#5318 = CARTESIAN_POINT('',(-13.4674999,35.574285714286,9.));
#5319 = VECTOR('',#5320,1.);
#5320 = DIRECTION('',(-1.,0.,0.));
#5321 = ORIENTED_EDGE('',*,*,#5322,.T.);
#5322 = EDGE_CURVE('',#5315,#5323,#5325,.T.);
#5323 = VERTEX_POINT('',#5324);
#5324 = CARTESIAN_POINT('',(-14.21214275714,33.38,9.));
#5325 = LINE('',#5326,#5327);
#5326 = CARTESIAN_POINT('',(-14.21214275714,35.574285714286,9.));
#5327 = VECTOR('',#5328,1.);
#5328 = DIRECTION('',(0.,-1.,0.));
#5329 = ORIENTED_EDGE('',*,*,#5330,.T.);
#5330 = EDGE_CURVE('',#5323,#5331,#5333,.T.);
#5331 = VERTEX_POINT('',#5332);
#5332 = CARTESIAN_POINT('',(-13.4674999,33.38,9.));
#5333 = LINE('',#5334,#5335);
#5334 = CARTESIAN_POINT('',(-14.21214275714,33.38,9.));
#5335 = VECTOR('',#5336,1.);
#5336 = DIRECTION('',(1.,0.,0.));
#5337 = ORIENTED_EDGE('',*,*,#5338,.T.);
#5338 = EDGE_CURVE('',#5331,#5339,#5341,.T.);
#5339 = VERTEX_POINT('',#5340);
#5340 = CARTESIAN_POINT('',(-12.53821418571,33.636071428571,9.));
#5341 = B_SPLINE_CURVE_WITH_KNOTS('',2,(#5342,#5343,#5344),
  .UNSPECIFIED.,.F.,.F.,(3,3),(0.,1.),.PIECEWISE_BEZIER_KNOTS.);
#5342 = CARTESIAN_POINT('',(-13.4674999,33.38,9.));
#5343 = CARTESIAN_POINT('',(-12.81928561428,33.38,9.));
#5344 = CARTESIAN_POINT('',(-12.53821418571,33.636071428571,9.));
#5345 = ORIENTED_EDGE('',*,*,#5346,.T.);
#5346 = EDGE_CURVE('',#5339,#5347,#5349,.T.);
#5347 = VERTEX_POINT('',#5348);
#5348 = CARTESIAN_POINT('',(-12.25678561428,34.48,9.));
#5349 = B_SPLINE_CURVE_WITH_KNOTS('',2,(#5350,#5351,#5352),
  .UNSPECIFIED.,.F.,.F.,(3,3),(0.,1.),.PIECEWISE_BEZIER_KNOTS.);
#5350 = CARTESIAN_POINT('',(-12.53821418571,33.636071428571,9.));
#5351 = CARTESIAN_POINT('',(-12.25678561428,33.892142857143,9.));
#5352 = CARTESIAN_POINT('',(-12.25678561428,34.48,9.));
#5353 = ORIENTED_EDGE('',*,*,#5354,.T.);
#5354 = EDGE_CURVE('',#5347,#5355,#5357,.T.);
#5355 = VERTEX_POINT('',#5356);
#5356 = CARTESIAN_POINT('',(-12.53535704285,35.320714285714,9.));
#5357 = B_SPLINE_CURVE_WITH_KNOTS('',2,(#5358,#5359,#5360),
  .UNSPECIFIED.,.F.,.F.,(3,3),(0.,1.),.PIECEWISE_BEZIER_KNOTS.);
#5358 = CARTESIAN_POINT('',(-12.25678561428,34.48,9.));
#5359 = CARTESIAN_POINT('',(-12.25678561428,35.0675,9.));
#5360 = CARTESIAN_POINT('',(-12.53535704285,35.320714285714,9.));
#5361 = ORIENTED_EDGE('',*,*,#5362,.T.);
#5362 = EDGE_CURVE('',#5355,#5313,#5363,.T.);
#5363 = B_SPLINE_CURVE_WITH_KNOTS('',2,(#5364,#5365,#5366),
  .UNSPECIFIED.,.F.,.F.,(3,3),(0.,1.),.PIECEWISE_BEZIER_KNOTS.);
#5364 = CARTESIAN_POINT('',(-12.53535704285,35.320714285714,9.));
#5365 = CARTESIAN_POINT('',(-12.81392847142,35.574285714286,9.));
#5366 = CARTESIAN_POINT('',(-13.4674999,35.574285714286,9.));
#5367 = PLANE('',#5368);
#5368 = AXIS2_PLACEMENT_3D('',#5369,#5370,#5371);
#5369 = CARTESIAN_POINT('',(0.,32.765,9.));
#5370 = DIRECTION('',(0.,0.,1.));
#5371 = DIRECTION('',(1.,0.,0.));
#5372 = ADVANCED_FACE('',(#5373),#5398,.F.);
#5373 = FACE_BOUND('',#5374,.F.);
#5374 = EDGE_LOOP('',(#5375,#5383,#5391,#5397));
#5375 = ORIENTED_EDGE('',*,*,#5376,.T.);
#5376 = EDGE_CURVE('',#5313,#5377,#5379,.T.);
#5377 = VERTEX_POINT('',#5378);
#5378 = CARTESIAN_POINT('',(-13.4674999,35.574285714286,10.));
#5379 = LINE('',#5380,#5381);
#5380 = CARTESIAN_POINT('',(-13.4674999,35.574285714286,9.));
#5381 = VECTOR('',#5382,1.);
#5382 = DIRECTION('',(0.,0.,1.));
#5383 = ORIENTED_EDGE('',*,*,#5384,.T.);
#5384 = EDGE_CURVE('',#5377,#5385,#5387,.T.);
#5385 = VERTEX_POINT('',#5386);
#5386 = CARTESIAN_POINT('',(-14.21214275714,35.574285714286,10.));
#5387 = LINE('',#5388,#5389);
#5388 = CARTESIAN_POINT('',(-13.4674999,35.574285714286,10.));
#5389 = VECTOR('',#5390,1.);
#5390 = DIRECTION('',(-1.,0.,0.));
#5391 = ORIENTED_EDGE('',*,*,#5392,.F.);
#5392 = EDGE_CURVE('',#5315,#5385,#5393,.T.);
#5393 = LINE('',#5394,#5395);
#5394 = CARTESIAN_POINT('',(-14.21214275714,35.574285714286,9.));
#5395 = VECTOR('',#5396,1.);
#5396 = DIRECTION('',(0.,0.,1.));
#5397 = ORIENTED_EDGE('',*,*,#5312,.F.);
#5398 = PLANE('',#5399);
#5399 = AXIS2_PLACEMENT_3D('',#5400,#5401,#5402);
#5400 = CARTESIAN_POINT('',(-13.4674999,35.574285714286,9.));
#5401 = DIRECTION('',(0.,-1.,0.));
#5402 = DIRECTION('',(-1.,0.,0.));
#5403 = ADVANCED_FACE('',(#5404),#5422,.F.);
#5404 = FACE_BOUND('',#5405,.F.);
#5405 = EDGE_LOOP('',(#5406,#5414,#5420,#5421));
#5406 = ORIENTED_EDGE('',*,*,#5407,.T.);
#5407 = EDGE_CURVE('',#5355,#5408,#5410,.T.);
#5408 = VERTEX_POINT('',#5409);
#5409 = CARTESIAN_POINT('',(-12.53535704285,35.320714285714,10.));
#5410 = LINE('',#5411,#5412);
#5411 = CARTESIAN_POINT('',(-12.53535704285,35.320714285714,9.));
#5412 = VECTOR('',#5413,1.);
#5413 = DIRECTION('',(0.,0.,1.));
#5414 = ORIENTED_EDGE('',*,*,#5415,.T.);
#5415 = EDGE_CURVE('',#5408,#5377,#5416,.T.);
#5416 = B_SPLINE_CURVE_WITH_KNOTS('',2,(#5417,#5418,#5419),
  .UNSPECIFIED.,.F.,.F.,(3,3),(0.,1.),.PIECEWISE_BEZIER_KNOTS.);
#5417 = CARTESIAN_POINT('',(-12.53535704285,35.320714285714,10.));
#5418 = CARTESIAN_POINT('',(-12.81392847142,35.574285714286,10.));
#5419 = CARTESIAN_POINT('',(-13.4674999,35.574285714286,10.));
#5420 = ORIENTED_EDGE('',*,*,#5376,.F.);
#5421 = ORIENTED_EDGE('',*,*,#5362,.F.);
#5422 = SURFACE_OF_LINEAR_EXTRUSION('',#5423,#5427);
#5423 = B_SPLINE_CURVE_WITH_KNOTS('',2,(#5424,#5425,#5426),
  .UNSPECIFIED.,.F.,.F.,(3,3),(0.,1.),.PIECEWISE_BEZIER_KNOTS.);
#5424 = CARTESIAN_POINT('',(-12.53535704285,35.320714285714,9.));
#5425 = CARTESIAN_POINT('',(-12.81392847142,35.574285714286,9.));
#5426 = CARTESIAN_POINT('',(-13.4674999,35.574285714286,9.));
#5427 = VECTOR('',#5428,1.);
#5428 = DIRECTION('',(-0.,-0.,-1.));
#5429 = ADVANCED_FACE('',(#5430),#5448,.F.);
#5430 = FACE_BOUND('',#5431,.F.);
#5431 = EDGE_LOOP('',(#5432,#5440,#5446,#5447));
#5432 = ORIENTED_EDGE('',*,*,#5433,.T.);
#5433 = EDGE_CURVE('',#5347,#5434,#5436,.T.);
#5434 = VERTEX_POINT('',#5435);
#5435 = CARTESIAN_POINT('',(-12.25678561428,34.48,10.));
#5436 = LINE('',#5437,#5438);
#5437 = CARTESIAN_POINT('',(-12.25678561428,34.48,9.));
#5438 = VECTOR('',#5439,1.);
#5439 = DIRECTION('',(0.,0.,1.));
#5440 = ORIENTED_EDGE('',*,*,#5441,.T.);
#5441 = EDGE_CURVE('',#5434,#5408,#5442,.T.);
#5442 = B_SPLINE_CURVE_WITH_KNOTS('',2,(#5443,#5444,#5445),
  .UNSPECIFIED.,.F.,.F.,(3,3),(0.,1.),.PIECEWISE_BEZIER_KNOTS.);
#5443 = CARTESIAN_POINT('',(-12.25678561428,34.48,10.));
#5444 = CARTESIAN_POINT('',(-12.25678561428,35.0675,10.));
#5445 = CARTESIAN_POINT('',(-12.53535704285,35.320714285714,10.));
#5446 = ORIENTED_EDGE('',*,*,#5407,.F.);
#5447 = ORIENTED_EDGE('',*,*,#5354,.F.);
#5448 = SURFACE_OF_LINEAR_EXTRUSION('',#5449,#5453);
#5449 = B_SPLINE_CURVE_WITH_KNOTS('',2,(#5450,#5451,#5452),
  .UNSPECIFIED.,.F.,.F.,(3,3),(0.,1.),.PIECEWISE_BEZIER_KNOTS.);
#5450 = CARTESIAN_POINT('',(-12.25678561428,34.48,9.));
#5451 = CARTESIAN_POINT('',(-12.25678561428,35.0675,9.));
#5452 = CARTESIAN_POINT('',(-12.53535704285,35.320714285714,9.));
#5453 = VECTOR('',#5454,1.);
#5454 = DIRECTION('',(-0.,-0.,-1.));
#5455 = ADVANCED_FACE('',(#5456),#5474,.F.);
#5456 = FACE_BOUND('',#5457,.F.);
#5457 = EDGE_LOOP('',(#5458,#5466,#5472,#5473));
#5458 = ORIENTED_EDGE('',*,*,#5459,.T.);
#5459 = EDGE_CURVE('',#5339,#5460,#5462,.T.);
#5460 = VERTEX_POINT('',#5461);
#5461 = CARTESIAN_POINT('',(-12.53821418571,33.636071428571,10.));
#5462 = LINE('',#5463,#5464);
#5463 = CARTESIAN_POINT('',(-12.53821418571,33.636071428571,9.));
#5464 = VECTOR('',#5465,1.);
#5465 = DIRECTION('',(0.,0.,1.));
#5466 = ORIENTED_EDGE('',*,*,#5467,.T.);
#5467 = EDGE_CURVE('',#5460,#5434,#5468,.T.);
#5468 = B_SPLINE_CURVE_WITH_KNOTS('',2,(#5469,#5470,#5471),
  .UNSPECIFIED.,.F.,.F.,(3,3),(0.,1.),.PIECEWISE_BEZIER_KNOTS.);
#5469 = CARTESIAN_POINT('',(-12.53821418571,33.636071428571,10.));
#5470 = CARTESIAN_POINT('',(-12.25678561428,33.892142857143,10.));
#5471 = CARTESIAN_POINT('',(-12.25678561428,34.48,10.));
#5472 = ORIENTED_EDGE('',*,*,#5433,.F.);
#5473 = ORIENTED_EDGE('',*,*,#5346,.F.);
#5474 = SURFACE_OF_LINEAR_EXTRUSION('',#5475,#5479);
#5475 = B_SPLINE_CURVE_WITH_KNOTS('',2,(#5476,#5477,#5478),
  .UNSPECIFIED.,.F.,.F.,(3,3),(0.,1.),.PIECEWISE_BEZIER_KNOTS.);
#5476 = CARTESIAN_POINT('',(-12.53821418571,33.636071428571,9.));
#5477 = CARTESIAN_POINT('',(-12.25678561428,33.892142857143,9.));
#5478 = CARTESIAN_POINT('',(-12.25678561428,34.48,9.));
#5479 = VECTOR('',#5480,1.);
#5480 = DIRECTION('',(-0.,-0.,-1.));
#5481 = ADVANCED_FACE('',(#5482),#5500,.F.);
#5482 = FACE_BOUND('',#5483,.F.);
#5483 = EDGE_LOOP('',(#5484,#5492,#5498,#5499));
#5484 = ORIENTED_EDGE('',*,*,#5485,.T.);
#5485 = EDGE_CURVE('',#5331,#5486,#5488,.T.);
#5486 = VERTEX_POINT('',#5487);
#5487 = CARTESIAN_POINT('',(-13.4674999,33.38,10.));
#5488 = LINE('',#5489,#5490);
#5489 = CARTESIAN_POINT('',(-13.4674999,33.38,9.));
#5490 = VECTOR('',#5491,1.);
#5491 = DIRECTION('',(0.,0.,1.));
#5492 = ORIENTED_EDGE('',*,*,#5493,.T.);
#5493 = EDGE_CURVE('',#5486,#5460,#5494,.T.);
#5494 = B_SPLINE_CURVE_WITH_KNOTS('',2,(#5495,#5496,#5497),
  .UNSPECIFIED.,.F.,.F.,(3,3),(0.,1.),.PIECEWISE_BEZIER_KNOTS.);
#5495 = CARTESIAN_POINT('',(-13.4674999,33.38,10.));
#5496 = CARTESIAN_POINT('',(-12.81928561428,33.38,10.));
#5497 = CARTESIAN_POINT('',(-12.53821418571,33.636071428571,10.));
#5498 = ORIENTED_EDGE('',*,*,#5459,.F.);
#5499 = ORIENTED_EDGE('',*,*,#5338,.F.);
#5500 = SURFACE_OF_LINEAR_EXTRUSION('',#5501,#5505);
#5501 = B_SPLINE_CURVE_WITH_KNOTS('',2,(#5502,#5503,#5504),
  .UNSPECIFIED.,.F.,.F.,(3,3),(0.,1.),.PIECEWISE_BEZIER_KNOTS.);
#5502 = CARTESIAN_POINT('',(-13.4674999,33.38,9.));
#5503 = CARTESIAN_POINT('',(-12.81928561428,33.38,9.));
#5504 = CARTESIAN_POINT('',(-12.53821418571,33.636071428571,9.));
#5505 = VECTOR('',#5506,1.);
#5506 = DIRECTION('',(-0.,-0.,-1.));
#5507 = ADVANCED_FACE('',(#5508),#5526,.F.);
#5508 = FACE_BOUND('',#5509,.F.);
#5509 = EDGE_LOOP('',(#5510,#5518,#5524,#5525));
#5510 = ORIENTED_EDGE('',*,*,#5511,.T.);
#5511 = EDGE_CURVE('',#5323,#5512,#5514,.T.);
#5512 = VERTEX_POINT('',#5513);
#5513 = CARTESIAN_POINT('',(-14.21214275714,33.38,10.));
#5514 = LINE('',#5515,#5516);
#5515 = CARTESIAN_POINT('',(-14.21214275714,33.38,9.));
#5516 = VECTOR('',#5517,1.);
#5517 = DIRECTION('',(0.,0.,1.));
#5518 = ORIENTED_EDGE('',*,*,#5519,.T.);
#5519 = EDGE_CURVE('',#5512,#5486,#5520,.T.);
#5520 = LINE('',#5521,#5522);
#5521 = CARTESIAN_POINT('',(-14.21214275714,33.38,10.));
#5522 = VECTOR('',#5523,1.);
#5523 = DIRECTION('',(1.,0.,0.));
#5524 = ORIENTED_EDGE('',*,*,#5485,.F.);
#5525 = ORIENTED_EDGE('',*,*,#5330,.F.);
#5526 = PLANE('',#5527);
#5527 = AXIS2_PLACEMENT_3D('',#5528,#5529,#5530);
#5528 = CARTESIAN_POINT('',(-14.21214275714,33.38,9.));
#5529 = DIRECTION('',(0.,1.,0.));
#5530 = DIRECTION('',(1.,0.,0.));
#5531 = ADVANCED_FACE('',(#5532),#5543,.F.);
#5532 = FACE_BOUND('',#5533,.F.);
#5533 = EDGE_LOOP('',(#5534,#5535,#5541,#5542));
#5534 = ORIENTED_EDGE('',*,*,#5392,.T.);
#5535 = ORIENTED_EDGE('',*,*,#5536,.T.);
#5536 = EDGE_CURVE('',#5385,#5512,#5537,.T.);
#5537 = LINE('',#5538,#5539);
#5538 = CARTESIAN_POINT('',(-14.21214275714,35.574285714286,10.));
#5539 = VECTOR('',#5540,1.);
#5540 = DIRECTION('',(0.,-1.,0.));
#5541 = ORIENTED_EDGE('',*,*,#5511,.F.);
#5542 = ORIENTED_EDGE('',*,*,#5322,.F.);
#5543 = PLANE('',#5544);
#5544 = AXIS2_PLACEMENT_3D('',#5545,#5546,#5547);
#5545 = CARTESIAN_POINT('',(-14.21214275714,35.574285714286,9.));
#5546 = DIRECTION('',(1.,0.,0.));
#5547 = DIRECTION('',(0.,-1.,0.));
#5548 = ADVANCED_FACE('',(#5549),#5558,.T.);
#5549 = FACE_BOUND('',#5550,.T.);
#5550 = EDGE_LOOP('',(#5551,#5552,#5553,#5554,#5555,#5556,#5557));
#5551 = ORIENTED_EDGE('',*,*,#5384,.T.);
#5552 = ORIENTED_EDGE('',*,*,#5536,.T.);
#5553 = ORIENTED_EDGE('',*,*,#5519,.T.);
#5554 = ORIENTED_EDGE('',*,*,#5493,.T.);
#5555 = ORIENTED_EDGE('',*,*,#5467,.T.);
#5556 = ORIENTED_EDGE('',*,*,#5441,.T.);
#5557 = ORIENTED_EDGE('',*,*,#5415,.T.);
#5558 = PLANE('',#5559);
#5559 = AXIS2_PLACEMENT_3D('',#5560,#5561,#5562);
#5560 = CARTESIAN_POINT('',(0.,32.765,10.));
#5561 = DIRECTION('',(0.,0.,1.));
#5562 = DIRECTION('',(1.,0.,0.));
#5563 = MANIFOLD_SOLID_BREP('',#5564);
#5564 = CLOSED_SHELL('',(#5565,#5637,#5670,#5696,#5722,#5748,#5774,#5800
    ,#5826,#5845));
#5565 = ADVANCED_FACE('',(#5566),#5632,.F.);
#5566 = FACE_BOUND('',#5567,.F.);
#5567 = EDGE_LOOP('',(#5568,#5578,#5586,#5594,#5602,#5610,#5618,#5626));
#5568 = ORIENTED_EDGE('',*,*,#5569,.T.);
#5569 = EDGE_CURVE('',#5570,#5572,#5574,.T.);
#5570 = VERTEX_POINT('',#5571);
#5571 = CARTESIAN_POINT('',(7.501428671429,34.973928571429,9.));
#5572 = VERTEX_POINT('',#5573);
#5573 = CARTESIAN_POINT('',(6.612142957143,35.62,9.));
#5574 = B_SPLINE_CURVE_WITH_KNOTS('',2,(#5575,#5576,#5577),
  .UNSPECIFIED.,.F.,.F.,(3,3),(0.,1.),.PIECEWISE_BEZIER_KNOTS.);
#5575 = CARTESIAN_POINT('',(7.501428671429,34.973928571429,9.));
#5576 = CARTESIAN_POINT('',(7.222857242857,35.62,9.));
#5577 = CARTESIAN_POINT('',(6.612142957143,35.62,9.));
#5578 = ORIENTED_EDGE('',*,*,#5579,.T.);
#5579 = EDGE_CURVE('',#5572,#5580,#5582,.T.);
#5580 = VERTEX_POINT('',#5581);
#5581 = CARTESIAN_POINT('',(5.728214385714,34.973928571429,9.));
#5582 = B_SPLINE_CURVE_WITH_KNOTS('',2,(#5583,#5584,#5585),
  .UNSPECIFIED.,.F.,.F.,(3,3),(0.,1.),.PIECEWISE_BEZIER_KNOTS.);
#5583 = CARTESIAN_POINT('',(6.612142957143,35.62,9.));
#5584 = CARTESIAN_POINT('',(6.006785814286,35.62,9.));
#5585 = CARTESIAN_POINT('',(5.728214385714,34.973928571429,9.));
#5586 = ORIENTED_EDGE('',*,*,#5587,.T.);
#5587 = EDGE_CURVE('',#5580,#5588,#5590,.T.);
#5588 = VERTEX_POINT('',#5589);
#5589 = CARTESIAN_POINT('',(5.449642957143,32.885714285714,9.));
#5590 = B_SPLINE_CURVE_WITH_KNOTS('',2,(#5591,#5592,#5593),
  .UNSPECIFIED.,.F.,.F.,(3,3),(0.,1.),.PIECEWISE_BEZIER_KNOTS.);
#5591 = CARTESIAN_POINT('',(5.728214385714,34.973928571429,9.));
#5592 = CARTESIAN_POINT('',(5.449642957143,34.327857142857,9.));
#5593 = CARTESIAN_POINT('',(5.449642957143,32.885714285714,9.));
#5594 = ORIENTED_EDGE('',*,*,#5595,.T.);
#5595 = EDGE_CURVE('',#5588,#5596,#5598,.T.);
#5596 = VERTEX_POINT('',#5597);
#5597 = CARTESIAN_POINT('',(5.728214385714,30.803214285714,9.));
#5598 = B_SPLINE_CURVE_WITH_KNOTS('',2,(#5599,#5600,#5601),
  .UNSPECIFIED.,.F.,.F.,(3,3),(0.,1.),.PIECEWISE_BEZIER_KNOTS.);
#5599 = CARTESIAN_POINT('',(5.449642957143,32.885714285714,9.));
#5600 = CARTESIAN_POINT('',(5.449642957143,31.449285714286,9.));
#5601 = CARTESIAN_POINT('',(5.728214385714,30.803214285714,9.));
#5602 = ORIENTED_EDGE('',*,*,#5603,.T.);
#5603 = EDGE_CURVE('',#5596,#5604,#5606,.T.);
#5604 = VERTEX_POINT('',#5605);
#5605 = CARTESIAN_POINT('',(6.612142957143,30.157142857143,9.));
#5606 = B_SPLINE_CURVE_WITH_KNOTS('',2,(#5607,#5608,#5609),
  .UNSPECIFIED.,.F.,.F.,(3,3),(0.,1.),.PIECEWISE_BEZIER_KNOTS.);
#5607 = CARTESIAN_POINT('',(5.728214385714,30.803214285714,9.));
#5608 = CARTESIAN_POINT('',(6.006785814286,30.157142857143,9.));
#5609 = CARTESIAN_POINT('',(6.612142957143,30.157142857143,9.));
#5610 = ORIENTED_EDGE('',*,*,#5611,.T.);
#5611 = EDGE_CURVE('',#5604,#5612,#5614,.T.);
#5612 = VERTEX_POINT('',#5613);
#5613 = CARTESIAN_POINT('',(7.501428671429,30.803214285714,9.));
#5614 = B_SPLINE_CURVE_WITH_KNOTS('',2,(#5615,#5616,#5617),
  .UNSPECIFIED.,.F.,.F.,(3,3),(0.,1.),.PIECEWISE_BEZIER_KNOTS.);
#5615 = CARTESIAN_POINT('',(6.612142957143,30.157142857143,9.));
#5616 = CARTESIAN_POINT('',(7.222857242857,30.157142857143,9.));
#5617 = CARTESIAN_POINT('',(7.501428671429,30.803214285714,9.));
#5618 = ORIENTED_EDGE('',*,*,#5619,.T.);
#5619 = EDGE_CURVE('',#5612,#5620,#5622,.T.);
#5620 = VERTEX_POINT('',#5621);
#5621 = CARTESIAN_POINT('',(7.7800001,32.885714285714,9.));
#5622 = B_SPLINE_CURVE_WITH_KNOTS('',2,(#5623,#5624,#5625),
  .UNSPECIFIED.,.F.,.F.,(3,3),(0.,1.),.PIECEWISE_BEZIER_KNOTS.);
#5623 = CARTESIAN_POINT('',(7.501428671429,30.803214285714,9.));
#5624 = CARTESIAN_POINT('',(7.7800001,31.449285714286,9.));
#5625 = CARTESIAN_POINT('',(7.7800001,32.885714285714,9.));
#5626 = ORIENTED_EDGE('',*,*,#5627,.T.);
#5627 = EDGE_CURVE('',#5620,#5570,#5628,.T.);
#5628 = B_SPLINE_CURVE_WITH_KNOTS('',2,(#5629,#5630,#5631),
  .UNSPECIFIED.,.F.,.F.,(3,3),(0.,1.),.PIECEWISE_BEZIER_KNOTS.);
#5629 = CARTESIAN_POINT('',(7.7800001,32.885714285714,9.));
#5630 = CARTESIAN_POINT('',(7.7800001,34.327857142857,9.));
#5631 = CARTESIAN_POINT('',(7.501428671429,34.973928571429,9.));
#5632 = PLANE('',#5633);
#5633 = AXIS2_PLACEMENT_3D('',#5634,#5635,#5636);
#5634 = CARTESIAN_POINT('',(0.,32.765,9.));
#5635 = DIRECTION('',(0.,0.,1.));
#5636 = DIRECTION('',(1.,0.,0.));
#5637 = ADVANCED_FACE('',(#5638),#5663,.F.);
#5638 = FACE_BOUND('',#5639,.F.);
#5639 = EDGE_LOOP('',(#5640,#5648,#5656,#5662));
#5640 = ORIENTED_EDGE('',*,*,#5641,.T.);
#5641 = EDGE_CURVE('',#5570,#5642,#5644,.T.);
#5642 = VERTEX_POINT('',#5643);
#5643 = CARTESIAN_POINT('',(7.501428671429,34.973928571429,10.));
#5644 = LINE('',#5645,#5646);
#5645 = CARTESIAN_POINT('',(7.501428671429,34.973928571429,9.));
#5646 = VECTOR('',#5647,1.);
#5647 = DIRECTION('',(0.,0.,1.));
#5648 = ORIENTED_EDGE('',*,*,#5649,.T.);
#5649 = EDGE_CURVE('',#5642,#5650,#5652,.T.);
#5650 = VERTEX_POINT('',#5651);
#5651 = CARTESIAN_POINT('',(6.612142957143,35.62,10.));
#5652 = B_SPLINE_CURVE_WITH_KNOTS('',2,(#5653,#5654,#5655),
  .UNSPECIFIED.,.F.,.F.,(3,3),(0.,1.),.PIECEWISE_BEZIER_KNOTS.);
#5653 = CARTESIAN_POINT('',(7.501428671429,34.973928571429,10.));
#5654 = CARTESIAN_POINT('',(7.222857242857,35.62,10.));
#5655 = CARTESIAN_POINT('',(6.612142957143,35.62,10.));
#5656 = ORIENTED_EDGE('',*,*,#5657,.F.);
#5657 = EDGE_CURVE('',#5572,#5650,#5658,.T.);
#5658 = LINE('',#5659,#5660);
#5659 = CARTESIAN_POINT('',(6.612142957143,35.62,9.));
#5660 = VECTOR('',#5661,1.);
#5661 = DIRECTION('',(0.,0.,1.));
#5662 = ORIENTED_EDGE('',*,*,#5569,.F.);
#5663 = SURFACE_OF_LINEAR_EXTRUSION('',#5664,#5668);
#5664 = B_SPLINE_CURVE_WITH_KNOTS('',2,(#5665,#5666,#5667),
  .UNSPECIFIED.,.F.,.F.,(3,3),(0.,1.),.PIECEWISE_BEZIER_KNOTS.);
#5665 = CARTESIAN_POINT('',(7.501428671429,34.973928571429,9.));
#5666 = CARTESIAN_POINT('',(7.222857242857,35.62,9.));
#5667 = CARTESIAN_POINT('',(6.612142957143,35.62,9.));
#5668 = VECTOR('',#5669,1.);
#5669 = DIRECTION('',(-0.,-0.,-1.));
#5670 = ADVANCED_FACE('',(#5671),#5689,.F.);
#5671 = FACE_BOUND('',#5672,.F.);
#5672 = EDGE_LOOP('',(#5673,#5681,#5687,#5688));
#5673 = ORIENTED_EDGE('',*,*,#5674,.T.);
#5674 = EDGE_CURVE('',#5620,#5675,#5677,.T.);
#5675 = VERTEX_POINT('',#5676);
#5676 = CARTESIAN_POINT('',(7.7800001,32.885714285714,10.));
#5677 = LINE('',#5678,#5679);
#5678 = CARTESIAN_POINT('',(7.7800001,32.885714285714,9.));
#5679 = VECTOR('',#5680,1.);
#5680 = DIRECTION('',(0.,0.,1.));
#5681 = ORIENTED_EDGE('',*,*,#5682,.T.);
#5682 = EDGE_CURVE('',#5675,#5642,#5683,.T.);
#5683 = B_SPLINE_CURVE_WITH_KNOTS('',2,(#5684,#5685,#5686),
  .UNSPECIFIED.,.F.,.F.,(3,3),(0.,1.),.PIECEWISE_BEZIER_KNOTS.);
#5684 = CARTESIAN_POINT('',(7.7800001,32.885714285714,10.));
#5685 = CARTESIAN_POINT('',(7.7800001,34.327857142857,10.));
#5686 = CARTESIAN_POINT('',(7.501428671429,34.973928571429,10.));
#5687 = ORIENTED_EDGE('',*,*,#5641,.F.);
#5688 = ORIENTED_EDGE('',*,*,#5627,.F.);
#5689 = SURFACE_OF_LINEAR_EXTRUSION('',#5690,#5694);
#5690 = B_SPLINE_CURVE_WITH_KNOTS('',2,(#5691,#5692,#5693),
  .UNSPECIFIED.,.F.,.F.,(3,3),(0.,1.),.PIECEWISE_BEZIER_KNOTS.);
#5691 = CARTESIAN_POINT('',(7.7800001,32.885714285714,9.));
#5692 = CARTESIAN_POINT('',(7.7800001,34.327857142857,9.));
#5693 = CARTESIAN_POINT('',(7.501428671429,34.973928571429,9.));
#5694 = VECTOR('',#5695,1.);
#5695 = DIRECTION('',(-0.,-0.,-1.));
#5696 = ADVANCED_FACE('',(#5697),#5715,.F.);
#5697 = FACE_BOUND('',#5698,.F.);
#5698 = EDGE_LOOP('',(#5699,#5707,#5713,#5714));
#5699 = ORIENTED_EDGE('',*,*,#5700,.T.);
#5700 = EDGE_CURVE('',#5612,#5701,#5703,.T.);
#5701 = VERTEX_POINT('',#5702);
#5702 = CARTESIAN_POINT('',(7.501428671429,30.803214285714,10.));
#5703 = LINE('',#5704,#5705);
#5704 = CARTESIAN_POINT('',(7.501428671429,30.803214285714,9.));
#5705 = VECTOR('',#5706,1.);
#5706 = DIRECTION('',(0.,0.,1.));
#5707 = ORIENTED_EDGE('',*,*,#5708,.T.);
#5708 = EDGE_CURVE('',#5701,#5675,#5709,.T.);
#5709 = B_SPLINE_CURVE_WITH_KNOTS('',2,(#5710,#5711,#5712),
  .UNSPECIFIED.,.F.,.F.,(3,3),(0.,1.),.PIECEWISE_BEZIER_KNOTS.);
#5710 = CARTESIAN_POINT('',(7.501428671429,30.803214285714,10.));
#5711 = CARTESIAN_POINT('',(7.7800001,31.449285714286,10.));
#5712 = CARTESIAN_POINT('',(7.7800001,32.885714285714,10.));
#5713 = ORIENTED_EDGE('',*,*,#5674,.F.);
#5714 = ORIENTED_EDGE('',*,*,#5619,.F.);
#5715 = SURFACE_OF_LINEAR_EXTRUSION('',#5716,#5720);
#5716 = B_SPLINE_CURVE_WITH_KNOTS('',2,(#5717,#5718,#5719),
  .UNSPECIFIED.,.F.,.F.,(3,3),(0.,1.),.PIECEWISE_BEZIER_KNOTS.);
#5717 = CARTESIAN_POINT('',(7.501428671429,30.803214285714,9.));
#5718 = CARTESIAN_POINT('',(7.7800001,31.449285714286,9.));
#5719 = CARTESIAN_POINT('',(7.7800001,32.885714285714,9.));
#5720 = VECTOR('',#5721,1.);
#5721 = DIRECTION('',(-0.,-0.,-1.));
#5722 = ADVANCED_FACE('',(#5723),#5741,.F.);
#5723 = FACE_BOUND('',#5724,.F.);
#5724 = EDGE_LOOP('',(#5725,#5733,#5739,#5740));
#5725 = ORIENTED_EDGE('',*,*,#5726,.T.);
#5726 = EDGE_CURVE('',#5604,#5727,#5729,.T.);
#5727 = VERTEX_POINT('',#5728);
#5728 = CARTESIAN_POINT('',(6.612142957143,30.157142857143,10.));
#5729 = LINE('',#5730,#5731);
#5730 = CARTESIAN_POINT('',(6.612142957143,30.157142857143,9.));
#5731 = VECTOR('',#5732,1.);
#5732 = DIRECTION('',(0.,0.,1.));
#5733 = ORIENTED_EDGE('',*,*,#5734,.T.);
#5734 = EDGE_CURVE('',#5727,#5701,#5735,.T.);
#5735 = B_SPLINE_CURVE_WITH_KNOTS('',2,(#5736,#5737,#5738),
  .UNSPECIFIED.,.F.,.F.,(3,3),(0.,1.),.PIECEWISE_BEZIER_KNOTS.);
#5736 = CARTESIAN_POINT('',(6.612142957143,30.157142857143,10.));
#5737 = CARTESIAN_POINT('',(7.222857242857,30.157142857143,10.));
#5738 = CARTESIAN_POINT('',(7.501428671429,30.803214285714,10.));
#5739 = ORIENTED_EDGE('',*,*,#5700,.F.);
#5740 = ORIENTED_EDGE('',*,*,#5611,.F.);
#5741 = SURFACE_OF_LINEAR_EXTRUSION('',#5742,#5746);
#5742 = B_SPLINE_CURVE_WITH_KNOTS('',2,(#5743,#5744,#5745),
  .UNSPECIFIED.,.F.,.F.,(3,3),(0.,1.),.PIECEWISE_BEZIER_KNOTS.);
#5743 = CARTESIAN_POINT('',(6.612142957143,30.157142857143,9.));
#5744 = CARTESIAN_POINT('',(7.222857242857,30.157142857143,9.));
#5745 = CARTESIAN_POINT('',(7.501428671429,30.803214285714,9.));
#5746 = VECTOR('',#5747,1.);
#5747 = DIRECTION('',(-0.,-0.,-1.));
#5748 = ADVANCED_FACE('',(#5749),#5767,.F.);
#5749 = FACE_BOUND('',#5750,.F.);
#5750 = EDGE_LOOP('',(#5751,#5759,#5765,#5766));
#5751 = ORIENTED_EDGE('',*,*,#5752,.T.);
#5752 = EDGE_CURVE('',#5596,#5753,#5755,.T.);
#5753 = VERTEX_POINT('',#5754);
#5754 = CARTESIAN_POINT('',(5.728214385714,30.803214285714,10.));
#5755 = LINE('',#5756,#5757);
#5756 = CARTESIAN_POINT('',(5.728214385714,30.803214285714,9.));
#5757 = VECTOR('',#5758,1.);
#5758 = DIRECTION('',(0.,0.,1.));
#5759 = ORIENTED_EDGE('',*,*,#5760,.T.);
#5760 = EDGE_CURVE('',#5753,#5727,#5761,.T.);
#5761 = B_SPLINE_CURVE_WITH_KNOTS('',2,(#5762,#5763,#5764),
  .UNSPECIFIED.,.F.,.F.,(3,3),(0.,1.),.PIECEWISE_BEZIER_KNOTS.);
#5762 = CARTESIAN_POINT('',(5.728214385714,30.803214285714,10.));
#5763 = CARTESIAN_POINT('',(6.006785814286,30.157142857143,10.));
#5764 = CARTESIAN_POINT('',(6.612142957143,30.157142857143,10.));
#5765 = ORIENTED_EDGE('',*,*,#5726,.F.);
#5766 = ORIENTED_EDGE('',*,*,#5603,.F.);
#5767 = SURFACE_OF_LINEAR_EXTRUSION('',#5768,#5772);
#5768 = B_SPLINE_CURVE_WITH_KNOTS('',2,(#5769,#5770,#5771),
  .UNSPECIFIED.,.F.,.F.,(3,3),(0.,1.),.PIECEWISE_BEZIER_KNOTS.);
#5769 = CARTESIAN_POINT('',(5.728214385714,30.803214285714,9.));
#5770 = CARTESIAN_POINT('',(6.006785814286,30.157142857143,9.));
#5771 = CARTESIAN_POINT('',(6.612142957143,30.157142857143,9.));
#5772 = VECTOR('',#5773,1.);
#5773 = DIRECTION('',(-0.,-0.,-1.));
#5774 = ADVANCED_FACE('',(#5775),#5793,.F.);
#5775 = FACE_BOUND('',#5776,.F.);
#5776 = EDGE_LOOP('',(#5777,#5785,#5791,#5792));
#5777 = ORIENTED_EDGE('',*,*,#5778,.T.);
#5778 = EDGE_CURVE('',#5588,#5779,#5781,.T.);
#5779 = VERTEX_POINT('',#5780);
#5780 = CARTESIAN_POINT('',(5.449642957143,32.885714285714,10.));
#5781 = LINE('',#5782,#5783);
#5782 = CARTESIAN_POINT('',(5.449642957143,32.885714285714,9.));
#5783 = VECTOR('',#5784,1.);
#5784 = DIRECTION('',(0.,0.,1.));
#5785 = ORIENTED_EDGE('',*,*,#5786,.T.);
#5786 = EDGE_CURVE('',#5779,#5753,#5787,.T.);
#5787 = B_SPLINE_CURVE_WITH_KNOTS('',2,(#5788,#5789,#5790),
  .UNSPECIFIED.,.F.,.F.,(3,3),(0.,1.),.PIECEWISE_BEZIER_KNOTS.);
#5788 = CARTESIAN_POINT('',(5.449642957143,32.885714285714,10.));
#5789 = CARTESIAN_POINT('',(5.449642957143,31.449285714286,10.));
#5790 = CARTESIAN_POINT('',(5.728214385714,30.803214285714,10.));
#5791 = ORIENTED_EDGE('',*,*,#5752,.F.);
#5792 = ORIENTED_EDGE('',*,*,#5595,.F.);
#5793 = SURFACE_OF_LINEAR_EXTRUSION('',#5794,#5798);
#5794 = B_SPLINE_CURVE_WITH_KNOTS('',2,(#5795,#5796,#5797),
  .UNSPECIFIED.,.F.,.F.,(3,3),(0.,1.),.PIECEWISE_BEZIER_KNOTS.);
#5795 = CARTESIAN_POINT('',(5.449642957143,32.885714285714,9.));
#5796 = CARTESIAN_POINT('',(5.449642957143,31.449285714286,9.));
#5797 = CARTESIAN_POINT('',(5.728214385714,30.803214285714,9.));
#5798 = VECTOR('',#5799,1.);
#5799 = DIRECTION('',(-0.,-0.,-1.));
#5800 = ADVANCED_FACE('',(#5801),#5819,.F.);
#5801 = FACE_BOUND('',#5802,.F.);
#5802 = EDGE_LOOP('',(#5803,#5811,#5817,#5818));
#5803 = ORIENTED_EDGE('',*,*,#5804,.T.);
#5804 = EDGE_CURVE('',#5580,#5805,#5807,.T.);
#5805 = VERTEX_POINT('',#5806);
#5806 = CARTESIAN_POINT('',(5.728214385714,34.973928571429,10.));
#5807 = LINE('',#5808,#5809);
#5808 = CARTESIAN_POINT('',(5.728214385714,34.973928571429,9.));
#5809 = VECTOR('',#5810,1.);
#5810 = DIRECTION('',(0.,0.,1.));
#5811 = ORIENTED_EDGE('',*,*,#5812,.T.);
#5812 = EDGE_CURVE('',#5805,#5779,#5813,.T.);
#5813 = B_SPLINE_CURVE_WITH_KNOTS('',2,(#5814,#5815,#5816),
  .UNSPECIFIED.,.F.,.F.,(3,3),(0.,1.),.PIECEWISE_BEZIER_KNOTS.);
#5814 = CARTESIAN_POINT('',(5.728214385714,34.973928571429,10.));
#5815 = CARTESIAN_POINT('',(5.449642957143,34.327857142857,10.));
#5816 = CARTESIAN_POINT('',(5.449642957143,32.885714285714,10.));
#5817 = ORIENTED_EDGE('',*,*,#5778,.F.);
#5818 = ORIENTED_EDGE('',*,*,#5587,.F.);
#5819 = SURFACE_OF_LINEAR_EXTRUSION('',#5820,#5824);
#5820 = B_SPLINE_CURVE_WITH_KNOTS('',2,(#5821,#5822,#5823),
  .UNSPECIFIED.,.F.,.F.,(3,3),(0.,1.),.PIECEWISE_BEZIER_KNOTS.);
#5821 = CARTESIAN_POINT('',(5.728214385714,34.973928571429,9.));
#5822 = CARTESIAN_POINT('',(5.449642957143,34.327857142857,9.));
#5823 = CARTESIAN_POINT('',(5.449642957143,32.885714285714,9.));
#5824 = VECTOR('',#5825,1.);
#5825 = DIRECTION('',(-0.,-0.,-1.));
#5826 = ADVANCED_FACE('',(#5827),#5838,.F.);
#5827 = FACE_BOUND('',#5828,.F.);
#5828 = EDGE_LOOP('',(#5829,#5830,#5836,#5837));
#5829 = ORIENTED_EDGE('',*,*,#5657,.T.);
#5830 = ORIENTED_EDGE('',*,*,#5831,.T.);
#5831 = EDGE_CURVE('',#5650,#5805,#5832,.T.);
#5832 = B_SPLINE_CURVE_WITH_KNOTS('',2,(#5833,#5834,#5835),
  .UNSPECIFIED.,.F.,.F.,(3,3),(0.,1.),.PIECEWISE_BEZIER_KNOTS.);
#5833 = CARTESIAN_POINT('',(6.612142957143,35.62,10.));
#5834 = CARTESIAN_POINT('',(6.006785814286,35.62,10.));
#5835 = CARTESIAN_POINT('',(5.728214385714,34.973928571429,10.));
#5836 = ORIENTED_EDGE('',*,*,#5804,.F.);
#5837 = ORIENTED_EDGE('',*,*,#5579,.F.);
#5838 = SURFACE_OF_LINEAR_EXTRUSION('',#5839,#5843);
#5839 = B_SPLINE_CURVE_WITH_KNOTS('',2,(#5840,#5841,#5842),
  .UNSPECIFIED.,.F.,.F.,(3,3),(0.,1.),.PIECEWISE_BEZIER_KNOTS.);
#5840 = CARTESIAN_POINT('',(6.612142957143,35.62,9.));
#5841 = CARTESIAN_POINT('',(6.006785814286,35.62,9.));
#5842 = CARTESIAN_POINT('',(5.728214385714,34.973928571429,9.));
#5843 = VECTOR('',#5844,1.);
#5844 = DIRECTION('',(-0.,-0.,-1.));
#5845 = ADVANCED_FACE('',(#5846),#5856,.T.);
#5846 = FACE_BOUND('',#5847,.T.);
#5847 = EDGE_LOOP('',(#5848,#5849,#5850,#5851,#5852,#5853,#5854,#5855));
#5848 = ORIENTED_EDGE('',*,*,#5649,.T.);
#5849 = ORIENTED_EDGE('',*,*,#5831,.T.);
#5850 = ORIENTED_EDGE('',*,*,#5812,.T.);
#5851 = ORIENTED_EDGE('',*,*,#5786,.T.);
#5852 = ORIENTED_EDGE('',*,*,#5760,.T.);
#5853 = ORIENTED_EDGE('',*,*,#5734,.T.);
#5854 = ORIENTED_EDGE('',*,*,#5708,.T.);
#5855 = ORIENTED_EDGE('',*,*,#5682,.T.);
#5856 = PLANE('',#5857);
#5857 = AXIS2_PLACEMENT_3D('',#5858,#5859,#5860);
#5858 = CARTESIAN_POINT('',(0.,32.765,10.));
#5859 = DIRECTION('',(0.,0.,1.));
#5860 = DIRECTION('',(1.,0.,0.));
#5861 = MANIFOLD_SOLID_BREP('',#5862);
#5862 = CLOSED_SHELL('',(#5863,#5927,#5958,#5984,#6010,#6036,#6062,#6086
    ,#6103));
#5863 = ADVANCED_FACE('',(#5864),#5922,.F.);
#5864 = FACE_BOUND('',#5865,.F.);
#5865 = EDGE_LOOP('',(#5866,#5876,#5884,#5892,#5900,#5908,#5916));
#5866 = ORIENTED_EDGE('',*,*,#5867,.T.);
#5867 = EDGE_CURVE('',#5868,#5870,#5872,.T.);
#5868 = VERTEX_POINT('',#5869);
#5869 = CARTESIAN_POINT('',(26.166785814286,35.574285714286,9.));
#5870 = VERTEX_POINT('',#5871);
#5871 = CARTESIAN_POINT('',(25.422142957143,35.574285714286,9.));
#5872 = LINE('',#5873,#5874);
#5873 = CARTESIAN_POINT('',(26.166785814286,35.574285714286,9.));
#5874 = VECTOR('',#5875,1.);
#5875 = DIRECTION('',(-1.,0.,0.));
#5876 = ORIENTED_EDGE('',*,*,#5877,.T.);
#5877 = EDGE_CURVE('',#5870,#5878,#5880,.T.);
#5878 = VERTEX_POINT('',#5879);
#5879 = CARTESIAN_POINT('',(25.422142957143,33.38,9.));
#5880 = LINE('',#5881,#5882);
#5881 = CARTESIAN_POINT('',(25.422142957143,35.574285714286,9.));
#5882 = VECTOR('',#5883,1.);
#5883 = DIRECTION('',(0.,-1.,0.));
#5884 = ORIENTED_EDGE('',*,*,#5885,.T.);
#5885 = EDGE_CURVE('',#5878,#5886,#5888,.T.);
#5886 = VERTEX_POINT('',#5887);
#5887 = CARTESIAN_POINT('',(26.166785814286,33.38,9.));
#5888 = LINE('',#5889,#5890);
#5889 = CARTESIAN_POINT('',(25.422142957143,33.38,9.));
#5890 = VECTOR('',#5891,1.);
#5891 = DIRECTION('',(1.,0.,0.));
#5892 = ORIENTED_EDGE('',*,*,#5893,.T.);
#5893 = EDGE_CURVE('',#5886,#5894,#5896,.T.);
#5894 = VERTEX_POINT('',#5895);
#5895 = CARTESIAN_POINT('',(27.096071528571,33.636071428571,9.));
#5896 = B_SPLINE_CURVE_WITH_KNOTS('',2,(#5897,#5898,#5899),
  .UNSPECIFIED.,.F.,.F.,(3,3),(0.,1.),.PIECEWISE_BEZIER_KNOTS.);
#5897 = CARTESIAN_POINT('',(26.166785814286,33.38,9.));
#5898 = CARTESIAN_POINT('',(26.8150001,33.38,9.));
#5899 = CARTESIAN_POINT('',(27.096071528571,33.636071428571,9.));
#5900 = ORIENTED_EDGE('',*,*,#5901,.T.);
#5901 = EDGE_CURVE('',#5894,#5902,#5904,.T.);
#5902 = VERTEX_POINT('',#5903);
#5903 = CARTESIAN_POINT('',(27.3775001,34.48,9.));
#5904 = B_SPLINE_CURVE_WITH_KNOTS('',2,(#5905,#5906,#5907),
  .UNSPECIFIED.,.F.,.F.,(3,3),(0.,1.),.PIECEWISE_BEZIER_KNOTS.);
#5905 = CARTESIAN_POINT('',(27.096071528571,33.636071428571,9.));
#5906 = CARTESIAN_POINT('',(27.3775001,33.892142857143,9.));
#5907 = CARTESIAN_POINT('',(27.3775001,34.48,9.));
#5908 = ORIENTED_EDGE('',*,*,#5909,.T.);
#5909 = EDGE_CURVE('',#5902,#5910,#5912,.T.);
#5910 = VERTEX_POINT('',#5911);
#5911 = CARTESIAN_POINT('',(27.098928671429,35.320714285714,9.));
#5912 = B_SPLINE_CURVE_WITH_KNOTS('',2,(#5913,#5914,#5915),
  .UNSPECIFIED.,.F.,.F.,(3,3),(0.,1.),.PIECEWISE_BEZIER_KNOTS.);
#5913 = CARTESIAN_POINT('',(27.3775001,34.48,9.));
#5914 = CARTESIAN_POINT('',(27.3775001,35.0675,9.));
#5915 = CARTESIAN_POINT('',(27.098928671429,35.320714285714,9.));
#5916 = ORIENTED_EDGE('',*,*,#5917,.T.);
#5917 = EDGE_CURVE('',#5910,#5868,#5918,.T.);
#5918 = B_SPLINE_CURVE_WITH_KNOTS('',2,(#5919,#5920,#5921),
  .UNSPECIFIED.,.F.,.F.,(3,3),(0.,1.),.PIECEWISE_BEZIER_KNOTS.);
#5919 = CARTESIAN_POINT('',(27.098928671429,35.320714285714,9.));
#5920 = CARTESIAN_POINT('',(26.820357242857,35.574285714286,9.));
#5921 = CARTESIAN_POINT('',(26.166785814286,35.574285714286,9.));
#5922 = PLANE('',#5923);
#5923 = AXIS2_PLACEMENT_3D('',#5924,#5925,#5926);
#5924 = CARTESIAN_POINT('',(0.,32.765,9.));
#5925 = DIRECTION('',(0.,0.,1.));
#5926 = DIRECTION('',(1.,0.,0.));
#5927 = ADVANCED_FACE('',(#5928),#5953,.F.);
#5928 = FACE_BOUND('',#5929,.F.);
#5929 = EDGE_LOOP('',(#5930,#5938,#5946,#5952));
#5930 = ORIENTED_EDGE('',*,*,#5931,.T.);
#5931 = EDGE_CURVE('',#5868,#5932,#5934,.T.);
#5932 = VERTEX_POINT('',#5933);
#5933 = CARTESIAN_POINT('',(26.166785814286,35.574285714286,10.));
#5934 = LINE('',#5935,#5936);
#5935 = CARTESIAN_POINT('',(26.166785814286,35.574285714286,9.));
#5936 = VECTOR('',#5937,1.);
#5937 = DIRECTION('',(0.,0.,1.));
#5938 = ORIENTED_EDGE('',*,*,#5939,.T.);
#5939 = EDGE_CURVE('',#5932,#5940,#5942,.T.);
#5940 = VERTEX_POINT('',#5941);
#5941 = CARTESIAN_POINT('',(25.422142957143,35.574285714286,10.));
#5942 = LINE('',#5943,#5944);
#5943 = CARTESIAN_POINT('',(26.166785814286,35.574285714286,10.));
#5944 = VECTOR('',#5945,1.);
#5945 = DIRECTION('',(-1.,0.,0.));
#5946 = ORIENTED_EDGE('',*,*,#5947,.F.);
#5947 = EDGE_CURVE('',#5870,#5940,#5948,.T.);
#5948 = LINE('',#5949,#5950);
#5949 = CARTESIAN_POINT('',(25.422142957143,35.574285714286,9.));
#5950 = VECTOR('',#5951,1.);
#5951 = DIRECTION('',(0.,0.,1.));
#5952 = ORIENTED_EDGE('',*,*,#5867,.F.);
#5953 = PLANE('',#5954);
#5954 = AXIS2_PLACEMENT_3D('',#5955,#5956,#5957);
#5955 = CARTESIAN_POINT('',(26.166785814286,35.574285714286,9.));
#5956 = DIRECTION('',(0.,-1.,0.));
#5957 = DIRECTION('',(-1.,0.,0.));
#5958 = ADVANCED_FACE('',(#5959),#5977,.F.);
#5959 = FACE_BOUND('',#5960,.F.);
#5960 = EDGE_LOOP('',(#5961,#5969,#5975,#5976));
#5961 = ORIENTED_EDGE('',*,*,#5962,.T.);
#5962 = EDGE_CURVE('',#5910,#5963,#5965,.T.);
#5963 = VERTEX_POINT('',#5964);
#5964 = CARTESIAN_POINT('',(27.098928671429,35.320714285714,10.));
#5965 = LINE('',#5966,#5967);
#5966 = CARTESIAN_POINT('',(27.098928671429,35.320714285714,9.));
#5967 = VECTOR('',#5968,1.);
#5968 = DIRECTION('',(0.,0.,1.));
#5969 = ORIENTED_EDGE('',*,*,#5970,.T.);
#5970 = EDGE_CURVE('',#5963,#5932,#5971,.T.);
#5971 = B_SPLINE_CURVE_WITH_KNOTS('',2,(#5972,#5973,#5974),
  .UNSPECIFIED.,.F.,.F.,(3,3),(0.,1.),.PIECEWISE_BEZIER_KNOTS.);
#5972 = CARTESIAN_POINT('',(27.098928671429,35.320714285714,10.));
#5973 = CARTESIAN_POINT('',(26.820357242857,35.574285714286,10.));
#5974 = CARTESIAN_POINT('',(26.166785814286,35.574285714286,10.));
#5975 = ORIENTED_EDGE('',*,*,#5931,.F.);
#5976 = ORIENTED_EDGE('',*,*,#5917,.F.);
#5977 = SURFACE_OF_LINEAR_EXTRUSION('',#5978,#5982);
#5978 = B_SPLINE_CURVE_WITH_KNOTS('',2,(#5979,#5980,#5981),
  .UNSPECIFIED.,.F.,.F.,(3,3),(0.,1.),.PIECEWISE_BEZIER_KNOTS.);
#5979 = CARTESIAN_POINT('',(27.098928671429,35.320714285714,9.));
#5980 = CARTESIAN_POINT('',(26.820357242857,35.574285714286,9.));
#5981 = CARTESIAN_POINT('',(26.166785814286,35.574285714286,9.));
#5982 = VECTOR('',#5983,1.);
#5983 = DIRECTION('',(-0.,-0.,-1.));
#5984 = ADVANCED_FACE('',(#5985),#6003,.F.);
#5985 = FACE_BOUND('',#5986,.F.);
#5986 = EDGE_LOOP('',(#5987,#5995,#6001,#6002));
#5987 = ORIENTED_EDGE('',*,*,#5988,.T.);
#5988 = EDGE_CURVE('',#5902,#5989,#5991,.T.);
#5989 = VERTEX_POINT('',#5990);
#5990 = CARTESIAN_POINT('',(27.3775001,34.48,10.));
#5991 = LINE('',#5992,#5993);
#5992 = CARTESIAN_POINT('',(27.3775001,34.48,9.));
#5993 = VECTOR('',#5994,1.);
#5994 = DIRECTION('',(0.,0.,1.));
#5995 = ORIENTED_EDGE('',*,*,#5996,.T.);
#5996 = EDGE_CURVE('',#5989,#5963,#5997,.T.);
#5997 = B_SPLINE_CURVE_WITH_KNOTS('',2,(#5998,#5999,#6000),
  .UNSPECIFIED.,.F.,.F.,(3,3),(0.,1.),.PIECEWISE_BEZIER_KNOTS.);
#5998 = CARTESIAN_POINT('',(27.3775001,34.48,10.));
#5999 = CARTESIAN_POINT('',(27.3775001,35.0675,10.));
#6000 = CARTESIAN_POINT('',(27.098928671429,35.320714285714,10.));
#6001 = ORIENTED_EDGE('',*,*,#5962,.F.);
#6002 = ORIENTED_EDGE('',*,*,#5909,.F.);
#6003 = SURFACE_OF_LINEAR_EXTRUSION('',#6004,#6008);
#6004 = B_SPLINE_CURVE_WITH_KNOTS('',2,(#6005,#6006,#6007),
  .UNSPECIFIED.,.F.,.F.,(3,3),(0.,1.),.PIECEWISE_BEZIER_KNOTS.);
#6005 = CARTESIAN_POINT('',(27.3775001,34.48,9.));
#6006 = CARTESIAN_POINT('',(27.3775001,35.0675,9.));
#6007 = CARTESIAN_POINT('',(27.098928671429,35.320714285714,9.));
#6008 = VECTOR('',#6009,1.);
#6009 = DIRECTION('',(-0.,-0.,-1.));
#6010 = ADVANCED_FACE('',(#6011),#6029,.F.);
#6011 = FACE_BOUND('',#6012,.F.);
#6012 = EDGE_LOOP('',(#6013,#6021,#6027,#6028));
#6013 = ORIENTED_EDGE('',*,*,#6014,.T.);
#6014 = EDGE_CURVE('',#5894,#6015,#6017,.T.);
#6015 = VERTEX_POINT('',#6016);
#6016 = CARTESIAN_POINT('',(27.096071528571,33.636071428571,10.));
#6017 = LINE('',#6018,#6019);
#6018 = CARTESIAN_POINT('',(27.096071528571,33.636071428571,9.));
#6019 = VECTOR('',#6020,1.);
#6020 = DIRECTION('',(0.,0.,1.));
#6021 = ORIENTED_EDGE('',*,*,#6022,.T.);
#6022 = EDGE_CURVE('',#6015,#5989,#6023,.T.);
#6023 = B_SPLINE_CURVE_WITH_KNOTS('',2,(#6024,#6025,#6026),
  .UNSPECIFIED.,.F.,.F.,(3,3),(0.,1.),.PIECEWISE_BEZIER_KNOTS.);
#6024 = CARTESIAN_POINT('',(27.096071528571,33.636071428571,10.));
#6025 = CARTESIAN_POINT('',(27.3775001,33.892142857143,10.));
#6026 = CARTESIAN_POINT('',(27.3775001,34.48,10.));
#6027 = ORIENTED_EDGE('',*,*,#5988,.F.);
#6028 = ORIENTED_EDGE('',*,*,#5901,.F.);
#6029 = SURFACE_OF_LINEAR_EXTRUSION('',#6030,#6034);
#6030 = B_SPLINE_CURVE_WITH_KNOTS('',2,(#6031,#6032,#6033),
  .UNSPECIFIED.,.F.,.F.,(3,3),(0.,1.),.PIECEWISE_BEZIER_KNOTS.);
#6031 = CARTESIAN_POINT('',(27.096071528571,33.636071428571,9.));
#6032 = CARTESIAN_POINT('',(27.3775001,33.892142857143,9.));
#6033 = CARTESIAN_POINT('',(27.3775001,34.48,9.));
#6034 = VECTOR('',#6035,1.);
#6035 = DIRECTION('',(-0.,-0.,-1.));
#6036 = ADVANCED_FACE('',(#6037),#6055,.F.);
#6037 = FACE_BOUND('',#6038,.F.);
#6038 = EDGE_LOOP('',(#6039,#6047,#6053,#6054));
#6039 = ORIENTED_EDGE('',*,*,#6040,.T.);
#6040 = EDGE_CURVE('',#5886,#6041,#6043,.T.);
#6041 = VERTEX_POINT('',#6042);
#6042 = CARTESIAN_POINT('',(26.166785814286,33.38,10.));
#6043 = LINE('',#6044,#6045);
#6044 = CARTESIAN_POINT('',(26.166785814286,33.38,9.));
#6045 = VECTOR('',#6046,1.);
#6046 = DIRECTION('',(0.,0.,1.));
#6047 = ORIENTED_EDGE('',*,*,#6048,.T.);
#6048 = EDGE_CURVE('',#6041,#6015,#6049,.T.);
#6049 = B_SPLINE_CURVE_WITH_KNOTS('',2,(#6050,#6051,#6052),
  .UNSPECIFIED.,.F.,.F.,(3,3),(0.,1.),.PIECEWISE_BEZIER_KNOTS.);
#6050 = CARTESIAN_POINT('',(26.166785814286,33.38,10.));
#6051 = CARTESIAN_POINT('',(26.8150001,33.38,10.));
#6052 = CARTESIAN_POINT('',(27.096071528571,33.636071428571,10.));
#6053 = ORIENTED_EDGE('',*,*,#6014,.F.);
#6054 = ORIENTED_EDGE('',*,*,#5893,.F.);
#6055 = SURFACE_OF_LINEAR_EXTRUSION('',#6056,#6060);
#6056 = B_SPLINE_CURVE_WITH_KNOTS('',2,(#6057,#6058,#6059),
  .UNSPECIFIED.,.F.,.F.,(3,3),(0.,1.),.PIECEWISE_BEZIER_KNOTS.);
#6057 = CARTESIAN_POINT('',(26.166785814286,33.38,9.));
#6058 = CARTESIAN_POINT('',(26.8150001,33.38,9.));
#6059 = CARTESIAN_POINT('',(27.096071528571,33.636071428571,9.));
#6060 = VECTOR('',#6061,1.);
#6061 = DIRECTION('',(-0.,-0.,-1.));
#6062 = ADVANCED_FACE('',(#6063),#6081,.F.);
#6063 = FACE_BOUND('',#6064,.F.);
#6064 = EDGE_LOOP('',(#6065,#6073,#6079,#6080));
#6065 = ORIENTED_EDGE('',*,*,#6066,.T.);
#6066 = EDGE_CURVE('',#5878,#6067,#6069,.T.);
#6067 = VERTEX_POINT('',#6068);
#6068 = CARTESIAN_POINT('',(25.422142957143,33.38,10.));
#6069 = LINE('',#6070,#6071);
#6070 = CARTESIAN_POINT('',(25.422142957143,33.38,9.));
#6071 = VECTOR('',#6072,1.);
#6072 = DIRECTION('',(0.,0.,1.));
#6073 = ORIENTED_EDGE('',*,*,#6074,.T.);
#6074 = EDGE_CURVE('',#6067,#6041,#6075,.T.);
#6075 = LINE('',#6076,#6077);
#6076 = CARTESIAN_POINT('',(25.422142957143,33.38,10.));
#6077 = VECTOR('',#6078,1.);
#6078 = DIRECTION('',(1.,0.,0.));
#6079 = ORIENTED_EDGE('',*,*,#6040,.F.);
#6080 = ORIENTED_EDGE('',*,*,#5885,.F.);
#6081 = PLANE('',#6082);
#6082 = AXIS2_PLACEMENT_3D('',#6083,#6084,#6085);
#6083 = CARTESIAN_POINT('',(25.422142957143,33.38,9.));
#6084 = DIRECTION('',(0.,1.,0.));
#6085 = DIRECTION('',(1.,0.,0.));
#6086 = ADVANCED_FACE('',(#6087),#6098,.F.);
#6087 = FACE_BOUND('',#6088,.F.);
#6088 = EDGE_LOOP('',(#6089,#6090,#6096,#6097));
#6089 = ORIENTED_EDGE('',*,*,#5947,.T.);
#6090 = ORIENTED_EDGE('',*,*,#6091,.T.);
#6091 = EDGE_CURVE('',#5940,#6067,#6092,.T.);
#6092 = LINE('',#6093,#6094);
#6093 = CARTESIAN_POINT('',(25.422142957143,35.574285714286,10.));
#6094 = VECTOR('',#6095,1.);
#6095 = DIRECTION('',(0.,-1.,0.));
#6096 = ORIENTED_EDGE('',*,*,#6066,.F.);
#6097 = ORIENTED_EDGE('',*,*,#5877,.F.);
#6098 = PLANE('',#6099);
#6099 = AXIS2_PLACEMENT_3D('',#6100,#6101,#6102);
#6100 = CARTESIAN_POINT('',(25.422142957143,35.574285714286,9.));
#6101 = DIRECTION('',(1.,0.,0.));
#6102 = DIRECTION('',(0.,-1.,0.));
#6103 = ADVANCED_FACE('',(#6104),#6113,.T.);
#6104 = FACE_BOUND('',#6105,.T.);
#6105 = EDGE_LOOP('',(#6106,#6107,#6108,#6109,#6110,#6111,#6112));
#6106 = ORIENTED_EDGE('',*,*,#5939,.T.);
#6107 = ORIENTED_EDGE('',*,*,#6091,.T.);
#6108 = ORIENTED_EDGE('',*,*,#6074,.T.);
#6109 = ORIENTED_EDGE('',*,*,#6048,.T.);
#6110 = ORIENTED_EDGE('',*,*,#6022,.T.);
#6111 = ORIENTED_EDGE('',*,*,#5996,.T.);
#6112 = ORIENTED_EDGE('',*,*,#5970,.T.);
#6113 = PLANE('',#6114);
#6114 = AXIS2_PLACEMENT_3D('',#6115,#6116,#6117);
#6115 = CARTESIAN_POINT('',(0.,32.765,10.));
#6116 = DIRECTION('',(0.,0.,1.));
#6117 = DIRECTION('',(1.,0.,0.));
#6118 = MANIFOLD_SOLID_BREP('',#6119);
#6119 = CLOSED_SHELL('',(#6120,#6192,#6225,#6251,#6277,#6303,#6329,#6355
    ,#6381,#6400));
#6120 = ADVANCED_FACE('',(#6121),#6187,.F.);
#6121 = FACE_BOUND('',#6122,.F.);
#6122 = EDGE_LOOP('',(#6123,#6133,#6141,#6149,#6157,#6165,#6173,#6181));
#6123 = ORIENTED_EDGE('',*,*,#6124,.T.);
#6124 = EDGE_CURVE('',#6125,#6127,#6129,.T.);
#6125 = VERTEX_POINT('',#6126);
#6126 = CARTESIAN_POINT('',(33.924285814286,34.973928571429,9.));
#6127 = VERTEX_POINT('',#6128);
#6128 = CARTESIAN_POINT('',(33.0350001,35.62,9.));
#6129 = B_SPLINE_CURVE_WITH_KNOTS('',2,(#6130,#6131,#6132),
  .UNSPECIFIED.,.F.,.F.,(3,3),(0.,1.),.PIECEWISE_BEZIER_KNOTS.);
#6130 = CARTESIAN_POINT('',(33.924285814286,34.973928571429,9.));
#6131 = CARTESIAN_POINT('',(33.645714385714,35.62,9.));
#6132 = CARTESIAN_POINT('',(33.0350001,35.62,9.));
#6133 = ORIENTED_EDGE('',*,*,#6134,.T.);
#6134 = EDGE_CURVE('',#6127,#6135,#6137,.T.);
#6135 = VERTEX_POINT('',#6136);
#6136 = CARTESIAN_POINT('',(32.151071528571,34.973928571429,9.));
#6137 = B_SPLINE_CURVE_WITH_KNOTS('',2,(#6138,#6139,#6140),
  .UNSPECIFIED.,.F.,.F.,(3,3),(0.,1.),.PIECEWISE_BEZIER_KNOTS.);
#6138 = CARTESIAN_POINT('',(33.0350001,35.62,9.));
#6139 = CARTESIAN_POINT('',(32.429642957143,35.62,9.));
#6140 = CARTESIAN_POINT('',(32.151071528571,34.973928571429,9.));
#6141 = ORIENTED_EDGE('',*,*,#6142,.T.);
#6142 = EDGE_CURVE('',#6135,#6143,#6145,.T.);
#6143 = VERTEX_POINT('',#6144);
#6144 = CARTESIAN_POINT('',(31.8725001,32.885714285714,9.));
#6145 = B_SPLINE_CURVE_WITH_KNOTS('',2,(#6146,#6147,#6148),
  .UNSPECIFIED.,.F.,.F.,(3,3),(0.,1.),.PIECEWISE_BEZIER_KNOTS.);
#6146 = CARTESIAN_POINT('',(32.151071528571,34.973928571429,9.));
#6147 = CARTESIAN_POINT('',(31.8725001,34.327857142857,9.));
#6148 = CARTESIAN_POINT('',(31.8725001,32.885714285714,9.));
#6149 = ORIENTED_EDGE('',*,*,#6150,.T.);
#6150 = EDGE_CURVE('',#6143,#6151,#6153,.T.);
#6151 = VERTEX_POINT('',#6152);
#6152 = CARTESIAN_POINT('',(32.151071528571,30.803214285714,9.));
#6153 = B_SPLINE_CURVE_WITH_KNOTS('',2,(#6154,#6155,#6156),
  .UNSPECIFIED.,.F.,.F.,(3,3),(0.,1.),.PIECEWISE_BEZIER_KNOTS.);
#6154 = CARTESIAN_POINT('',(31.8725001,32.885714285714,9.));
#6155 = CARTESIAN_POINT('',(31.8725001,31.449285714286,9.));
#6156 = CARTESIAN_POINT('',(32.151071528571,30.803214285714,9.));
#6157 = ORIENTED_EDGE('',*,*,#6158,.T.);
#6158 = EDGE_CURVE('',#6151,#6159,#6161,.T.);
#6159 = VERTEX_POINT('',#6160);
#6160 = CARTESIAN_POINT('',(33.0350001,30.157142857143,9.));
#6161 = B_SPLINE_CURVE_WITH_KNOTS('',2,(#6162,#6163,#6164),
  .UNSPECIFIED.,.F.,.F.,(3,3),(0.,1.),.PIECEWISE_BEZIER_KNOTS.);
#6162 = CARTESIAN_POINT('',(32.151071528571,30.803214285714,9.));
#6163 = CARTESIAN_POINT('',(32.429642957143,30.157142857143,9.));
#6164 = CARTESIAN_POINT('',(33.0350001,30.157142857143,9.));
#6165 = ORIENTED_EDGE('',*,*,#6166,.T.);
#6166 = EDGE_CURVE('',#6159,#6167,#6169,.T.);
#6167 = VERTEX_POINT('',#6168);
#6168 = CARTESIAN_POINT('',(33.924285814286,30.803214285714,9.));
#6169 = B_SPLINE_CURVE_WITH_KNOTS('',2,(#6170,#6171,#6172),
  .UNSPECIFIED.,.F.,.F.,(3,3),(0.,1.),.PIECEWISE_BEZIER_KNOTS.);
#6170 = CARTESIAN_POINT('',(33.0350001,30.157142857143,9.));
#6171 = CARTESIAN_POINT('',(33.645714385714,30.157142857143,9.));
#6172 = CARTESIAN_POINT('',(33.924285814286,30.803214285714,9.));
#6173 = ORIENTED_EDGE('',*,*,#6174,.T.);
#6174 = EDGE_CURVE('',#6167,#6175,#6177,.T.);
#6175 = VERTEX_POINT('',#6176);
#6176 = CARTESIAN_POINT('',(34.202857242857,32.885714285714,9.));
#6177 = B_SPLINE_CURVE_WITH_KNOTS('',2,(#6178,#6179,#6180),
  .UNSPECIFIED.,.F.,.F.,(3,3),(0.,1.),.PIECEWISE_BEZIER_KNOTS.);
#6178 = CARTESIAN_POINT('',(33.924285814286,30.803214285714,9.));
#6179 = CARTESIAN_POINT('',(34.202857242857,31.449285714286,9.));
#6180 = CARTESIAN_POINT('',(34.202857242857,32.885714285714,9.));
#6181 = ORIENTED_EDGE('',*,*,#6182,.T.);
#6182 = EDGE_CURVE('',#6175,#6125,#6183,.T.);
#6183 = B_SPLINE_CURVE_WITH_KNOTS('',2,(#6184,#6185,#6186),
  .UNSPECIFIED.,.F.,.F.,(3,3),(0.,1.),.PIECEWISE_BEZIER_KNOTS.);
#6184 = CARTESIAN_POINT('',(34.202857242857,32.885714285714,9.));
#6185 = CARTESIAN_POINT('',(34.202857242857,34.327857142857,9.));
#6186 = CARTESIAN_POINT('',(33.924285814286,34.973928571429,9.));
#6187 = PLANE('',#6188);
#6188 = AXIS2_PLACEMENT_3D('',#6189,#6190,#6191);
#6189 = CARTESIAN_POINT('',(0.,32.765,9.));
#6190 = DIRECTION('',(0.,0.,1.));
#6191 = DIRECTION('',(1.,0.,0.));
#6192 = ADVANCED_FACE('',(#6193),#6218,.F.);
#6193 = FACE_BOUND('',#6194,.F.);
#6194 = EDGE_LOOP('',(#6195,#6203,#6211,#6217));
#6195 = ORIENTED_EDGE('',*,*,#6196,.T.);
#6196 = EDGE_CURVE('',#6125,#6197,#6199,.T.);
#6197 = VERTEX_POINT('',#6198);
#6198 = CARTESIAN_POINT('',(33.924285814286,34.973928571429,10.));
#6199 = LINE('',#6200,#6201);
#6200 = CARTESIAN_POINT('',(33.924285814286,34.973928571429,9.));
#6201 = VECTOR('',#6202,1.);
#6202 = DIRECTION('',(0.,0.,1.));
#6203 = ORIENTED_EDGE('',*,*,#6204,.T.);
#6204 = EDGE_CURVE('',#6197,#6205,#6207,.T.);
#6205 = VERTEX_POINT('',#6206);
#6206 = CARTESIAN_POINT('',(33.0350001,35.62,10.));
#6207 = B_SPLINE_CURVE_WITH_KNOTS('',2,(#6208,#6209,#6210),
  .UNSPECIFIED.,.F.,.F.,(3,3),(0.,1.),.PIECEWISE_BEZIER_KNOTS.);
#6208 = CARTESIAN_POINT('',(33.924285814286,34.973928571429,10.));
#6209 = CARTESIAN_POINT('',(33.645714385714,35.62,10.));
#6210 = CARTESIAN_POINT('',(33.0350001,35.62,10.));
#6211 = ORIENTED_EDGE('',*,*,#6212,.F.);
#6212 = EDGE_CURVE('',#6127,#6205,#6213,.T.);
#6213 = LINE('',#6214,#6215);
#6214 = CARTESIAN_POINT('',(33.0350001,35.62,9.));
#6215 = VECTOR('',#6216,1.);
#6216 = DIRECTION('',(0.,0.,1.));
#6217 = ORIENTED_EDGE('',*,*,#6124,.F.);
#6218 = SURFACE_OF_LINEAR_EXTRUSION('',#6219,#6223);
#6219 = B_SPLINE_CURVE_WITH_KNOTS('',2,(#6220,#6221,#6222),
  .UNSPECIFIED.,.F.,.F.,(3,3),(0.,1.),.PIECEWISE_BEZIER_KNOTS.);
#6220 = CARTESIAN_POINT('',(33.924285814286,34.973928571429,9.));
#6221 = CARTESIAN_POINT('',(33.645714385714,35.62,9.));
#6222 = CARTESIAN_POINT('',(33.0350001,35.62,9.));
#6223 = VECTOR('',#6224,1.);
#6224 = DIRECTION('',(-0.,-0.,-1.));
#6225 = ADVANCED_FACE('',(#6226),#6244,.F.);
#6226 = FACE_BOUND('',#6227,.F.);
#6227 = EDGE_LOOP('',(#6228,#6236,#6242,#6243));
#6228 = ORIENTED_EDGE('',*,*,#6229,.T.);
#6229 = EDGE_CURVE('',#6175,#6230,#6232,.T.);
#6230 = VERTEX_POINT('',#6231);
#6231 = CARTESIAN_POINT('',(34.202857242857,32.885714285714,10.));
#6232 = LINE('',#6233,#6234);
#6233 = CARTESIAN_POINT('',(34.202857242857,32.885714285714,9.));
#6234 = VECTOR('',#6235,1.);
#6235 = DIRECTION('',(0.,0.,1.));
#6236 = ORIENTED_EDGE('',*,*,#6237,.T.);
#6237 = EDGE_CURVE('',#6230,#6197,#6238,.T.);
#6238 = B_SPLINE_CURVE_WITH_KNOTS('',2,(#6239,#6240,#6241),
  .UNSPECIFIED.,.F.,.F.,(3,3),(0.,1.),.PIECEWISE_BEZIER_KNOTS.);
#6239 = CARTESIAN_POINT('',(34.202857242857,32.885714285714,10.));
#6240 = CARTESIAN_POINT('',(34.202857242857,34.327857142857,10.));
#6241 = CARTESIAN_POINT('',(33.924285814286,34.973928571429,10.));
#6242 = ORIENTED_EDGE('',*,*,#6196,.F.);
#6243 = ORIENTED_EDGE('',*,*,#6182,.F.);
#6244 = SURFACE_OF_LINEAR_EXTRUSION('',#6245,#6249);
#6245 = B_SPLINE_CURVE_WITH_KNOTS('',2,(#6246,#6247,#6248),
  .UNSPECIFIED.,.F.,.F.,(3,3),(0.,1.),.PIECEWISE_BEZIER_KNOTS.);
#6246 = CARTESIAN_POINT('',(34.202857242857,32.885714285714,9.));
#6247 = CARTESIAN_POINT('',(34.202857242857,34.327857142857,9.));
#6248 = CARTESIAN_POINT('',(33.924285814286,34.973928571429,9.));
#6249 = VECTOR('',#6250,1.);
#6250 = DIRECTION('',(-0.,-0.,-1.));
#6251 = ADVANCED_FACE('',(#6252),#6270,.F.);
#6252 = FACE_BOUND('',#6253,.F.);
#6253 = EDGE_LOOP('',(#6254,#6262,#6268,#6269));
#6254 = ORIENTED_EDGE('',*,*,#6255,.T.);
#6255 = EDGE_CURVE('',#6167,#6256,#6258,.T.);
#6256 = VERTEX_POINT('',#6257);
#6257 = CARTESIAN_POINT('',(33.924285814286,30.803214285714,10.));
#6258 = LINE('',#6259,#6260);
#6259 = CARTESIAN_POINT('',(33.924285814286,30.803214285714,9.));
#6260 = VECTOR('',#6261,1.);
#6261 = DIRECTION('',(0.,0.,1.));
#6262 = ORIENTED_EDGE('',*,*,#6263,.T.);
#6263 = EDGE_CURVE('',#6256,#6230,#6264,.T.);
#6264 = B_SPLINE_CURVE_WITH_KNOTS('',2,(#6265,#6266,#6267),
  .UNSPECIFIED.,.F.,.F.,(3,3),(0.,1.),.PIECEWISE_BEZIER_KNOTS.);
#6265 = CARTESIAN_POINT('',(33.924285814286,30.803214285714,10.));
#6266 = CARTESIAN_POINT('',(34.202857242857,31.449285714286,10.));
#6267 = CARTESIAN_POINT('',(34.202857242857,32.885714285714,10.));
#6268 = ORIENTED_EDGE('',*,*,#6229,.F.);
#6269 = ORIENTED_EDGE('',*,*,#6174,.F.);
#6270 = SURFACE_OF_LINEAR_EXTRUSION('',#6271,#6275);
#6271 = B_SPLINE_CURVE_WITH_KNOTS('',2,(#6272,#6273,#6274),
  .UNSPECIFIED.,.F.,.F.,(3,3),(0.,1.),.PIECEWISE_BEZIER_KNOTS.);
#6272 = CARTESIAN_POINT('',(33.924285814286,30.803214285714,9.));
#6273 = CARTESIAN_POINT('',(34.202857242857,31.449285714286,9.));
#6274 = CARTESIAN_POINT('',(34.202857242857,32.885714285714,9.));
#6275 = VECTOR('',#6276,1.);
#6276 = DIRECTION('',(-0.,-0.,-1.));
#6277 = ADVANCED_FACE('',(#6278),#6296,.F.);
#6278 = FACE_BOUND('',#6279,.F.);
#6279 = EDGE_LOOP('',(#6280,#6288,#6294,#6295));
#6280 = ORIENTED_EDGE('',*,*,#6281,.T.);
#6281 = EDGE_CURVE('',#6159,#6282,#6284,.T.);
#6282 = VERTEX_POINT('',#6283);
#6283 = CARTESIAN_POINT('',(33.0350001,30.157142857143,10.));
#6284 = LINE('',#6285,#6286);
#6285 = CARTESIAN_POINT('',(33.0350001,30.157142857143,9.));
#6286 = VECTOR('',#6287,1.);
#6287 = DIRECTION('',(0.,0.,1.));
#6288 = ORIENTED_EDGE('',*,*,#6289,.T.);
#6289 = EDGE_CURVE('',#6282,#6256,#6290,.T.);
#6290 = B_SPLINE_CURVE_WITH_KNOTS('',2,(#6291,#6292,#6293),
  .UNSPECIFIED.,.F.,.F.,(3,3),(0.,1.),.PIECEWISE_BEZIER_KNOTS.);
#6291 = CARTESIAN_POINT('',(33.0350001,30.157142857143,10.));
#6292 = CARTESIAN_POINT('',(33.645714385714,30.157142857143,10.));
#6293 = CARTESIAN_POINT('',(33.924285814286,30.803214285714,10.));
#6294 = ORIENTED_EDGE('',*,*,#6255,.F.);
#6295 = ORIENTED_EDGE('',*,*,#6166,.F.);
#6296 = SURFACE_OF_LINEAR_EXTRUSION('',#6297,#6301);
#6297 = B_SPLINE_CURVE_WITH_KNOTS('',2,(#6298,#6299,#6300),
  .UNSPECIFIED.,.F.,.F.,(3,3),(0.,1.),.PIECEWISE_BEZIER_KNOTS.);
#6298 = CARTESIAN_POINT('',(33.0350001,30.157142857143,9.));
#6299 = CARTESIAN_POINT('',(33.645714385714,30.157142857143,9.));
#6300 = CARTESIAN_POINT('',(33.924285814286,30.803214285714,9.));
#6301 = VECTOR('',#6302,1.);
#6302 = DIRECTION('',(-0.,-0.,-1.));
#6303 = ADVANCED_FACE('',(#6304),#6322,.F.);
#6304 = FACE_BOUND('',#6305,.F.);
#6305 = EDGE_LOOP('',(#6306,#6314,#6320,#6321));
#6306 = ORIENTED_EDGE('',*,*,#6307,.T.);
#6307 = EDGE_CURVE('',#6151,#6308,#6310,.T.);
#6308 = VERTEX_POINT('',#6309);
#6309 = CARTESIAN_POINT('',(32.151071528571,30.803214285714,10.));
#6310 = LINE('',#6311,#6312);
#6311 = CARTESIAN_POINT('',(32.151071528571,30.803214285714,9.));
#6312 = VECTOR('',#6313,1.);
#6313 = DIRECTION('',(0.,0.,1.));
#6314 = ORIENTED_EDGE('',*,*,#6315,.T.);
#6315 = EDGE_CURVE('',#6308,#6282,#6316,.T.);
#6316 = B_SPLINE_CURVE_WITH_KNOTS('',2,(#6317,#6318,#6319),
  .UNSPECIFIED.,.F.,.F.,(3,3),(0.,1.),.PIECEWISE_BEZIER_KNOTS.);
#6317 = CARTESIAN_POINT('',(32.151071528571,30.803214285714,10.));
#6318 = CARTESIAN_POINT('',(32.429642957143,30.157142857143,10.));
#6319 = CARTESIAN_POINT('',(33.0350001,30.157142857143,10.));
#6320 = ORIENTED_EDGE('',*,*,#6281,.F.);
#6321 = ORIENTED_EDGE('',*,*,#6158,.F.);
#6322 = SURFACE_OF_LINEAR_EXTRUSION('',#6323,#6327);
#6323 = B_SPLINE_CURVE_WITH_KNOTS('',2,(#6324,#6325,#6326),
  .UNSPECIFIED.,.F.,.F.,(3,3),(0.,1.),.PIECEWISE_BEZIER_KNOTS.);
#6324 = CARTESIAN_POINT('',(32.151071528571,30.803214285714,9.));
#6325 = CARTESIAN_POINT('',(32.429642957143,30.157142857143,9.));
#6326 = CARTESIAN_POINT('',(33.0350001,30.157142857143,9.));
#6327 = VECTOR('',#6328,1.);
#6328 = DIRECTION('',(-0.,-0.,-1.));
#6329 = ADVANCED_FACE('',(#6330),#6348,.F.);
#6330 = FACE_BOUND('',#6331,.F.);
#6331 = EDGE_LOOP('',(#6332,#6340,#6346,#6347));
#6332 = ORIENTED_EDGE('',*,*,#6333,.T.);
#6333 = EDGE_CURVE('',#6143,#6334,#6336,.T.);
#6334 = VERTEX_POINT('',#6335);
#6335 = CARTESIAN_POINT('',(31.8725001,32.885714285714,10.));
#6336 = LINE('',#6337,#6338);
#6337 = CARTESIAN_POINT('',(31.8725001,32.885714285714,9.));
#6338 = VECTOR('',#6339,1.);
#6339 = DIRECTION('',(0.,0.,1.));
#6340 = ORIENTED_EDGE('',*,*,#6341,.T.);
#6341 = EDGE_CURVE('',#6334,#6308,#6342,.T.);
#6342 = B_SPLINE_CURVE_WITH_KNOTS('',2,(#6343,#6344,#6345),
  .UNSPECIFIED.,.F.,.F.,(3,3),(0.,1.),.PIECEWISE_BEZIER_KNOTS.);
#6343 = CARTESIAN_POINT('',(31.8725001,32.885714285714,10.));
#6344 = CARTESIAN_POINT('',(31.8725001,31.449285714286,10.));
#6345 = CARTESIAN_POINT('',(32.151071528571,30.803214285714,10.));
#6346 = ORIENTED_EDGE('',*,*,#6307,.F.);
#6347 = ORIENTED_EDGE('',*,*,#6150,.F.);
#6348 = SURFACE_OF_LINEAR_EXTRUSION('',#6349,#6353);
#6349 = B_SPLINE_CURVE_WITH_KNOTS('',2,(#6350,#6351,#6352),
  .UNSPECIFIED.,.F.,.F.,(3,3),(0.,1.),.PIECEWISE_BEZIER_KNOTS.);
#6350 = CARTESIAN_POINT('',(31.8725001,32.885714285714,9.));
#6351 = CARTESIAN_POINT('',(31.8725001,31.449285714286,9.));
#6352 = CARTESIAN_POINT('',(32.151071528571,30.803214285714,9.));
#6353 = VECTOR('',#6354,1.);
#6354 = DIRECTION('',(-0.,-0.,-1.));
#6355 = ADVANCED_FACE('',(#6356),#6374,.F.);
#6356 = FACE_BOUND('',#6357,.F.);
#6357 = EDGE_LOOP('',(#6358,#6366,#6372,#6373));
#6358 = ORIENTED_EDGE('',*,*,#6359,.T.);
#6359 = EDGE_CURVE('',#6135,#6360,#6362,.T.);
#6360 = VERTEX_POINT('',#6361);
#6361 = CARTESIAN_POINT('',(32.151071528571,34.973928571429,10.));
#6362 = LINE('',#6363,#6364);
#6363 = CARTESIAN_POINT('',(32.151071528571,34.973928571429,9.));
#6364 = VECTOR('',#6365,1.);
#6365 = DIRECTION('',(0.,0.,1.));
#6366 = ORIENTED_EDGE('',*,*,#6367,.T.);
#6367 = EDGE_CURVE('',#6360,#6334,#6368,.T.);
#6368 = B_SPLINE_CURVE_WITH_KNOTS('',2,(#6369,#6370,#6371),
  .UNSPECIFIED.,.F.,.F.,(3,3),(0.,1.),.PIECEWISE_BEZIER_KNOTS.);
#6369 = CARTESIAN_POINT('',(32.151071528571,34.973928571429,10.));
#6370 = CARTESIAN_POINT('',(31.8725001,34.327857142857,10.));
#6371 = CARTESIAN_POINT('',(31.8725001,32.885714285714,10.));
#6372 = ORIENTED_EDGE('',*,*,#6333,.F.);
#6373 = ORIENTED_EDGE('',*,*,#6142,.F.);
#6374 = SURFACE_OF_LINEAR_EXTRUSION('',#6375,#6379);
#6375 = B_SPLINE_CURVE_WITH_KNOTS('',2,(#6376,#6377,#6378),
  .UNSPECIFIED.,.F.,.F.,(3,3),(0.,1.),.PIECEWISE_BEZIER_KNOTS.);
#6376 = CARTESIAN_POINT('',(32.151071528571,34.973928571429,9.));
#6377 = CARTESIAN_POINT('',(31.8725001,34.327857142857,9.));
#6378 = CARTESIAN_POINT('',(31.8725001,32.885714285714,9.));
#6379 = VECTOR('',#6380,1.);
#6380 = DIRECTION('',(-0.,-0.,-1.));
#6381 = ADVANCED_FACE('',(#6382),#6393,.F.);
#6382 = FACE_BOUND('',#6383,.F.);
#6383 = EDGE_LOOP('',(#6384,#6385,#6391,#6392));
#6384 = ORIENTED_EDGE('',*,*,#6212,.T.);
#6385 = ORIENTED_EDGE('',*,*,#6386,.T.);
#6386 = EDGE_CURVE('',#6205,#6360,#6387,.T.);
#6387 = B_SPLINE_CURVE_WITH_KNOTS('',2,(#6388,#6389,#6390),
  .UNSPECIFIED.,.F.,.F.,(3,3),(0.,1.),.PIECEWISE_BEZIER_KNOTS.);
#6388 = CARTESIAN_POINT('',(33.0350001,35.62,10.));
#6389 = CARTESIAN_POINT('',(32.429642957143,35.62,10.));
#6390 = CARTESIAN_POINT('',(32.151071528571,34.973928571429,10.));
#6391 = ORIENTED_EDGE('',*,*,#6359,.F.);
#6392 = ORIENTED_EDGE('',*,*,#6134,.F.);
#6393 = SURFACE_OF_LINEAR_EXTRUSION('',#6394,#6398);
#6394 = B_SPLINE_CURVE_WITH_KNOTS('',2,(#6395,#6396,#6397),
  .UNSPECIFIED.,.F.,.F.,(3,3),(0.,1.),.PIECEWISE_BEZIER_KNOTS.);
#6395 = CARTESIAN_POINT('',(33.0350001,35.62,9.));
#6396 = CARTESIAN_POINT('',(32.429642957143,35.62,9.));
#6397 = CARTESIAN_POINT('',(32.151071528571,34.973928571429,9.));
#6398 = VECTOR('',#6399,1.);
#6399 = DIRECTION('',(-0.,-0.,-1.));
#6400 = ADVANCED_FACE('',(#6401),#6411,.T.);
#6401 = FACE_BOUND('',#6402,.T.);
#6402 = EDGE_LOOP('',(#6403,#6404,#6405,#6406,#6407,#6408,#6409,#6410));
#6403 = ORIENTED_EDGE('',*,*,#6204,.T.);
#6404 = ORIENTED_EDGE('',*,*,#6386,.T.);
#6405 = ORIENTED_EDGE('',*,*,#6367,.T.);
#6406 = ORIENTED_EDGE('',*,*,#6341,.T.);
#6407 = ORIENTED_EDGE('',*,*,#6315,.T.);
#6408 = ORIENTED_EDGE('',*,*,#6289,.T.);
#6409 = ORIENTED_EDGE('',*,*,#6263,.T.);
#6410 = ORIENTED_EDGE('',*,*,#6237,.T.);
#6411 = PLANE('',#6412);
#6412 = AXIS2_PLACEMENT_3D('',#6413,#6414,#6415);
#6413 = CARTESIAN_POINT('',(0.,32.765,10.));
#6414 = DIRECTION('',(0.,0.,1.));
#6415 = DIRECTION('',(1.,0.,0.));
#6416 = ( GEOMETRIC_REPRESENTATION_CONTEXT(3) 
GLOBAL_UNCERTAINTY_ASSIGNED_CONTEXT((#6420)) 
GLOBAL_UNIT_ASSIGNED_CONTEXT((#6417,#6418,#6419)) REPRESENTATION_CONTEXT
('Context #1','3D Context with UNIT and UNCERTAINTY') );
#6417 = ( LENGTH_UNIT() NAMED_UNIT(*) SI_UNIT(.MILLI.,.METRE.) );
#6418 = ( NAMED_UNIT(*) PLANE_ANGLE_UNIT() SI_UNIT($,.RADIAN.) );
#6419 = ( NAMED_UNIT(*) SI_UNIT($,.STERADIAN.) SOLID_ANGLE_UNIT() );
#6420 = UNCERTAINTY_MEASURE_WITH_UNIT(LENGTH_MEASURE(1.E-07),#6417,
  'distance_accuracy_value','confusion accuracy');
#6421 = CONTEXT_DEPENDENT_SHAPE_REPRESENTATION(#6422,#6424);
#6422 = ( REPRESENTATION_RELATIONSHIP('','',#76,#10) 
REPRESENTATION_RELATIONSHIP_WITH_TRANSFORMATION(#6423) 
SHAPE_REPRESENTATION_RELATIONSHIP() );
#6423 = ITEM_DEFINED_TRANSFORMATION('','',#11,#15);
#6424 = PRODUCT_DEFINITION_SHAPE('Placement','Placement of an item',
  #6425);
#6425 = NEXT_ASSEMBLY_USAGE_OCCURRENCE('1','Cut','',#5,#71,$);
#6426 = PRODUCT_RELATED_PRODUCT_CATEGORY('part',$,(#73));
#6427 = SHAPE_DEFINITION_REPRESENTATION(#6428,#6434);
#6428 = PRODUCT_DEFINITION_SHAPE('','',#6429);
#6429 = PRODUCT_DEFINITION('design','',#6430,#6433);
#6430 = PRODUCT_DEFINITION_FORMATION('','',#6431);
#6431 = PRODUCT('Body','Body','',(#6432));
#6432 = PRODUCT_CONTEXT('',#2,'mechanical');
#6433 = PRODUCT_DEFINITION_CONTEXT('part definition',#2,'design');
#6434 = ADVANCED_BREP_SHAPE_REPRESENTATION('',(#11,#6435),#7303);
#6435 = MANIFOLD_SOLID_BREP('',#6436);
#6436 = CLOSED_SHELL('',(#6437,#6477,#6508,#6539,#6626,#6711,#6723,#6755
    ,#6779,#6804,#6828,#6853,#6877,#6902,#6919,#6950,#6974,#6998,#7015,
    #7046,#7070,#7094,#7111,#7136,#7161,#7178,#7203,#7220,#7245,#7262,
    #7279));
#6437 = ADVANCED_FACE('',(#6438),#6472,.T.);
#6438 = FACE_BOUND('',#6439,.T.);
#6439 = EDGE_LOOP('',(#6440,#6450,#6458,#6466));
#6440 = ORIENTED_EDGE('',*,*,#6441,.T.);
#6441 = EDGE_CURVE('',#6442,#6444,#6446,.T.);
#6442 = VERTEX_POINT('',#6443);
#6443 = CARTESIAN_POINT('',(-80.5,42.5,9.));
#6444 = VERTEX_POINT('',#6445);
#6445 = CARTESIAN_POINT('',(-80.5,42.5,16.));
#6446 = LINE('',#6447,#6448);
#6447 = CARTESIAN_POINT('',(-80.5,42.5,9.));
#6448 = VECTOR('',#6449,1.);
#6449 = DIRECTION('',(0.,0.,1.));
#6450 = ORIENTED_EDGE('',*,*,#6451,.T.);
#6451 = EDGE_CURVE('',#6444,#6452,#6454,.T.);
#6452 = VERTEX_POINT('',#6453);
#6453 = CARTESIAN_POINT('',(-80.5,-42.5,16.));
#6454 = LINE('',#6455,#6456);
#6455 = CARTESIAN_POINT('',(-80.5,42.5,16.));
#6456 = VECTOR('',#6457,1.);
#6457 = DIRECTION('',(0.,-1.,0.));
#6458 = ORIENTED_EDGE('',*,*,#6459,.F.);
#6459 = EDGE_CURVE('',#6460,#6452,#6462,.T.);
#6460 = VERTEX_POINT('',#6461);
#6461 = CARTESIAN_POINT('',(-80.5,-42.5,9.));
#6462 = LINE('',#6463,#6464);
#6463 = CARTESIAN_POINT('',(-80.5,-42.5,9.));
#6464 = VECTOR('',#6465,1.);
#6465 = DIRECTION('',(0.,0.,1.));
#6466 = ORIENTED_EDGE('',*,*,#6467,.F.);
#6467 = EDGE_CURVE('',#6442,#6460,#6468,.T.);
#6468 = LINE('',#6469,#6470);
#6469 = CARTESIAN_POINT('',(-80.5,42.5,9.));
#6470 = VECTOR('',#6471,1.);
#6471 = DIRECTION('',(0.,-1.,0.));
#6472 = PLANE('',#6473);
#6473 = AXIS2_PLACEMENT_3D('',#6474,#6475,#6476);
#6474 = CARTESIAN_POINT('',(-80.5,42.5,9.));
#6475 = DIRECTION('',(1.,0.,0.));
#6476 = DIRECTION('',(0.,-1.,0.));
#6477 = ADVANCED_FACE('',(#6478),#6503,.T.);
#6478 = FACE_BOUND('',#6479,.T.);
#6479 = EDGE_LOOP('',(#6480,#6490,#6496,#6497));
#6480 = ORIENTED_EDGE('',*,*,#6481,.T.);
#6481 = EDGE_CURVE('',#6482,#6484,#6486,.T.);
#6482 = VERTEX_POINT('',#6483);
#6483 = CARTESIAN_POINT('',(80.5,42.5,9.));
#6484 = VERTEX_POINT('',#6485);
#6485 = CARTESIAN_POINT('',(80.5,42.5,16.));
#6486 = LINE('',#6487,#6488);
#6487 = CARTESIAN_POINT('',(80.5,42.5,9.));
#6488 = VECTOR('',#6489,1.);
#6489 = DIRECTION('',(0.,0.,1.));
#6490 = ORIENTED_EDGE('',*,*,#6491,.T.);
#6491 = EDGE_CURVE('',#6484,#6444,#6492,.T.);
#6492 = LINE('',#6493,#6494);
#6493 = CARTESIAN_POINT('',(80.5,42.5,16.));
#6494 = VECTOR('',#6495,1.);
#6495 = DIRECTION('',(-1.,0.,0.));
#6496 = ORIENTED_EDGE('',*,*,#6441,.F.);
#6497 = ORIENTED_EDGE('',*,*,#6498,.F.);
#6498 = EDGE_CURVE('',#6482,#6442,#6499,.T.);
#6499 = LINE('',#6500,#6501);
#6500 = CARTESIAN_POINT('',(80.5,42.5,9.));
#6501 = VECTOR('',#6502,1.);
#6502 = DIRECTION('',(-1.,0.,0.));
#6503 = PLANE('',#6504);
#6504 = AXIS2_PLACEMENT_3D('',#6505,#6506,#6507);
#6505 = CARTESIAN_POINT('',(80.5,42.5,9.));
#6506 = DIRECTION('',(0.,-1.,0.));
#6507 = DIRECTION('',(-1.,0.,0.));
#6508 = ADVANCED_FACE('',(#6509),#6534,.T.);
#6509 = FACE_BOUND('',#6510,.T.);
#6510 = EDGE_LOOP('',(#6511,#6512,#6520,#6528));
#6511 = ORIENTED_EDGE('',*,*,#6459,.T.);
#6512 = ORIENTED_EDGE('',*,*,#6513,.T.);
#6513 = EDGE_CURVE('',#6452,#6514,#6516,.T.);
#6514 = VERTEX_POINT('',#6515);
#6515 = CARTESIAN_POINT('',(80.5,-42.5,16.));
#6516 = LINE('',#6517,#6518);
#6517 = CARTESIAN_POINT('',(-80.5,-42.5,16.));
#6518 = VECTOR('',#6519,1.);
#6519 = DIRECTION('',(1.,0.,0.));
#6520 = ORIENTED_EDGE('',*,*,#6521,.F.);
#6521 = EDGE_CURVE('',#6522,#6514,#6524,.T.);
#6522 = VERTEX_POINT('',#6523);
#6523 = CARTESIAN_POINT('',(80.5,-42.5,9.));
#6524 = LINE('',#6525,#6526);
#6525 = CARTESIAN_POINT('',(80.5,-42.5,9.));
#6526 = VECTOR('',#6527,1.);
#6527 = DIRECTION('',(0.,0.,1.));
#6528 = ORIENTED_EDGE('',*,*,#6529,.F.);
#6529 = EDGE_CURVE('',#6460,#6522,#6530,.T.);
#6530 = LINE('',#6531,#6532);
#6531 = CARTESIAN_POINT('',(-80.5,-42.5,9.));
#6532 = VECTOR('',#6533,1.);
#6533 = DIRECTION('',(1.,0.,0.));
#6534 = PLANE('',#6535);
#6535 = AXIS2_PLACEMENT_3D('',#6536,#6537,#6538);
#6536 = CARTESIAN_POINT('',(-80.5,-42.5,9.));
#6537 = DIRECTION('',(0.,1.,0.));
#6538 = DIRECTION('',(1.,0.,0.));
#6539 = ADVANCED_FACE('',(#6540,#6551),#6621,.F.);
#6540 = FACE_BOUND('',#6541,.F.);
#6541 = EDGE_LOOP('',(#6542,#6543,#6544,#6550));
#6542 = ORIENTED_EDGE('',*,*,#6467,.F.);
#6543 = ORIENTED_EDGE('',*,*,#6498,.F.);
#6544 = ORIENTED_EDGE('',*,*,#6545,.F.);
#6545 = EDGE_CURVE('',#6522,#6482,#6546,.T.);
#6546 = LINE('',#6547,#6548);
#6547 = CARTESIAN_POINT('',(80.5,-42.5,9.));
#6548 = VECTOR('',#6549,1.);
#6549 = DIRECTION('',(0.,1.,0.));
#6550 = ORIENTED_EDGE('',*,*,#6529,.F.);
#6551 = FACE_BOUND('',#6552,.F.);
#6552 = EDGE_LOOP('',(#6553,#6564,#6572,#6581,#6589,#6598,#6606,#6615));
#6553 = ORIENTED_EDGE('',*,*,#6554,.T.);
#6554 = EDGE_CURVE('',#6555,#6557,#6559,.T.);
#6555 = VERTEX_POINT('',#6556);
#6556 = CARTESIAN_POINT('',(83.5,42.5,9.));
#6557 = VERTEX_POINT('',#6558);
#6558 = CARTESIAN_POINT('',(80.5,45.5,9.));
#6559 = CIRCLE('',#6560,3.);
#6560 = AXIS2_PLACEMENT_3D('',#6561,#6562,#6563);
#6561 = CARTESIAN_POINT('',(80.5,42.5,9.));
#6562 = DIRECTION('',(-0.,0.,1.));
#6563 = DIRECTION('',(1.1E-16,-1.,0.));
#6564 = ORIENTED_EDGE('',*,*,#6565,.T.);
#6565 = EDGE_CURVE('',#6557,#6566,#6568,.T.);
#6566 = VERTEX_POINT('',#6567);
#6567 = CARTESIAN_POINT('',(-80.5,45.5,9.));
#6568 = LINE('',#6569,#6570);
#6569 = CARTESIAN_POINT('',(80.5,45.5,9.));
#6570 = VECTOR('',#6571,1.);
#6571 = DIRECTION('',(-1.,0.,0.));
#6572 = ORIENTED_EDGE('',*,*,#6573,.F.);
#6573 = EDGE_CURVE('',#6574,#6566,#6576,.T.);
#6574 = VERTEX_POINT('',#6575);
#6575 = CARTESIAN_POINT('',(-83.5,42.5,9.));
#6576 = CIRCLE('',#6577,3.);
#6577 = AXIS2_PLACEMENT_3D('',#6578,#6579,#6580);
#6578 = CARTESIAN_POINT('',(-80.5,42.5,9.));
#6579 = DIRECTION('',(-0.,0.,-1.));
#6580 = DIRECTION('',(-1.1E-16,-1.,0.));
#6581 = ORIENTED_EDGE('',*,*,#6582,.T.);
#6582 = EDGE_CURVE('',#6574,#6583,#6585,.T.);
#6583 = VERTEX_POINT('',#6584);
#6584 = CARTESIAN_POINT('',(-83.5,-42.5,9.));
#6585 = LINE('',#6586,#6587);
#6586 = CARTESIAN_POINT('',(-83.5,42.5,9.));
#6587 = VECTOR('',#6588,1.);
#6588 = DIRECTION('',(0.,-1.,0.));
#6589 = ORIENTED_EDGE('',*,*,#6590,.T.);
#6590 = EDGE_CURVE('',#6583,#6591,#6593,.T.);
#6591 = VERTEX_POINT('',#6592);
#6592 = CARTESIAN_POINT('',(-80.5,-45.5,9.));
#6593 = CIRCLE('',#6594,3.);
#6594 = AXIS2_PLACEMENT_3D('',#6595,#6596,#6597);
#6595 = CARTESIAN_POINT('',(-80.5,-42.5,9.));
#6596 = DIRECTION('',(0.,0.,1.));
#6597 = DIRECTION('',(-1.1E-16,1.,0.));
#6598 = ORIENTED_EDGE('',*,*,#6599,.T.);
#6599 = EDGE_CURVE('',#6591,#6600,#6602,.T.);
#6600 = VERTEX_POINT('',#6601);
#6601 = CARTESIAN_POINT('',(80.5,-45.5,9.));
#6602 = LINE('',#6603,#6604);
#6603 = CARTESIAN_POINT('',(-80.5,-45.5,9.));
#6604 = VECTOR('',#6605,1.);
#6605 = DIRECTION('',(1.,0.,0.));
#6606 = ORIENTED_EDGE('',*,*,#6607,.T.);
#6607 = EDGE_CURVE('',#6600,#6608,#6610,.T.);
#6608 = VERTEX_POINT('',#6609);
#6609 = CARTESIAN_POINT('',(83.5,-42.5,9.));
#6610 = CIRCLE('',#6611,3.);
#6611 = AXIS2_PLACEMENT_3D('',#6612,#6613,#6614);
#6612 = CARTESIAN_POINT('',(80.5,-42.5,9.));
#6613 = DIRECTION('',(0.,0.,1.));
#6614 = DIRECTION('',(-1.,-1.1E-16,0.));
#6615 = ORIENTED_EDGE('',*,*,#6616,.T.);
#6616 = EDGE_CURVE('',#6608,#6555,#6617,.T.);
#6617 = LINE('',#6618,#6619);
#6618 = CARTESIAN_POINT('',(83.5,-42.5,9.));
#6619 = VECTOR('',#6620,1.);
#6620 = DIRECTION('',(0.,1.,0.));
#6621 = PLANE('',#6622);
#6622 = AXIS2_PLACEMENT_3D('',#6623,#6624,#6625);
#6623 = CARTESIAN_POINT('',(0.,0.,9.));
#6624 = DIRECTION('',(0.,0.,1.));
#6625 = DIRECTION('',(1.,0.,0.));
#6626 = ADVANCED_FACE('',(#6627,#6638,#6672),#6706,.F.);
#6627 = FACE_BOUND('',#6628,.F.);
#6628 = EDGE_LOOP('',(#6629,#6630,#6631,#6637));
#6629 = ORIENTED_EDGE('',*,*,#6451,.T.);
#6630 = ORIENTED_EDGE('',*,*,#6513,.T.);
#6631 = ORIENTED_EDGE('',*,*,#6632,.T.);
#6632 = EDGE_CURVE('',#6514,#6484,#6633,.T.);
#6633 = LINE('',#6634,#6635);
#6634 = CARTESIAN_POINT('',(80.5,-42.5,16.));
#6635 = VECTOR('',#6636,1.);
#6636 = DIRECTION('',(0.,1.,0.));
#6637 = ORIENTED_EDGE('',*,*,#6491,.T.);
#6638 = FACE_BOUND('',#6639,.F.);
#6639 = EDGE_LOOP('',(#6640,#6650,#6658,#6666));
#6640 = ORIENTED_EDGE('',*,*,#6641,.F.);
#6641 = EDGE_CURVE('',#6642,#6644,#6646,.T.);
#6642 = VERTEX_POINT('',#6643);
#6643 = CARTESIAN_POINT('',(-58.5,23.,16.));
#6644 = VERTEX_POINT('',#6645);
#6645 = CARTESIAN_POINT('',(-58.5,-23.,16.));
#6646 = LINE('',#6647,#6648);
#6647 = CARTESIAN_POINT('',(-58.5,11.5,16.));
#6648 = VECTOR('',#6649,1.);
#6649 = DIRECTION('',(0.,-1.,0.));
#6650 = ORIENTED_EDGE('',*,*,#6651,.F.);
#6651 = EDGE_CURVE('',#6652,#6642,#6654,.T.);
#6652 = VERTEX_POINT('',#6653);
#6653 = CARTESIAN_POINT('',(-12.5,23.,16.));
#6654 = LINE('',#6655,#6656);
#6655 = CARTESIAN_POINT('',(-6.25,23.,16.));
#6656 = VECTOR('',#6657,1.);
#6657 = DIRECTION('',(-1.,0.,0.));
#6658 = ORIENTED_EDGE('',*,*,#6659,.F.);
#6659 = EDGE_CURVE('',#6660,#6652,#6662,.T.);
#6660 = VERTEX_POINT('',#6661);
#6661 = CARTESIAN_POINT('',(-12.5,-23.,16.));
#6662 = LINE('',#6663,#6664);
#6663 = CARTESIAN_POINT('',(-12.5,-11.5,16.));
#6664 = VECTOR('',#6665,1.);
#6665 = DIRECTION('',(0.,1.,0.));
#6666 = ORIENTED_EDGE('',*,*,#6667,.F.);
#6667 = EDGE_CURVE('',#6644,#6660,#6668,.T.);
#6668 = LINE('',#6669,#6670);
#6669 = CARTESIAN_POINT('',(-29.25,-23.,16.));
#6670 = VECTOR('',#6671,1.);
#6671 = DIRECTION('',(1.,0.,0.));
#6672 = FACE_BOUND('',#6673,.F.);
#6673 = EDGE_LOOP('',(#6674,#6684,#6692,#6700));
#6674 = ORIENTED_EDGE('',*,*,#6675,.F.);
#6675 = EDGE_CURVE('',#6676,#6678,#6680,.T.);
#6676 = VERTEX_POINT('',#6677);
#6677 = CARTESIAN_POINT('',(12.5,23.,16.));
#6678 = VERTEX_POINT('',#6679);
#6679 = CARTESIAN_POINT('',(12.5,-23.,16.));
#6680 = LINE('',#6681,#6682);
#6681 = CARTESIAN_POINT('',(12.5,11.5,16.));
#6682 = VECTOR('',#6683,1.);
#6683 = DIRECTION('',(0.,-1.,0.));
#6684 = ORIENTED_EDGE('',*,*,#6685,.F.);
#6685 = EDGE_CURVE('',#6686,#6676,#6688,.T.);
#6686 = VERTEX_POINT('',#6687);
#6687 = CARTESIAN_POINT('',(58.5,23.,16.));
#6688 = LINE('',#6689,#6690);
#6689 = CARTESIAN_POINT('',(29.25,23.,16.));
#6690 = VECTOR('',#6691,1.);
#6691 = DIRECTION('',(-1.,0.,0.));
#6692 = ORIENTED_EDGE('',*,*,#6693,.F.);
#6693 = EDGE_CURVE('',#6694,#6686,#6696,.T.);
#6694 = VERTEX_POINT('',#6695);
#6695 = CARTESIAN_POINT('',(58.5,-23.,16.));
#6696 = LINE('',#6697,#6698);
#6697 = CARTESIAN_POINT('',(58.5,-11.5,16.));
#6698 = VECTOR('',#6699,1.);
#6699 = DIRECTION('',(0.,1.,0.));
#6700 = ORIENTED_EDGE('',*,*,#6701,.F.);
#6701 = EDGE_CURVE('',#6678,#6694,#6702,.T.);
#6702 = LINE('',#6703,#6704);
#6703 = CARTESIAN_POINT('',(6.25,-23.,16.));
#6704 = VECTOR('',#6705,1.);
#6705 = DIRECTION('',(1.,0.,0.));
#6706 = PLANE('',#6707);
#6707 = AXIS2_PLACEMENT_3D('',#6708,#6709,#6710);
#6708 = CARTESIAN_POINT('',(0.,0.,16.));
#6709 = DIRECTION('',(0.,0.,1.));
#6710 = DIRECTION('',(1.,0.,0.));
#6711 = ADVANCED_FACE('',(#6712),#6718,.T.);
#6712 = FACE_BOUND('',#6713,.T.);
#6713 = EDGE_LOOP('',(#6714,#6715,#6716,#6717));
#6714 = ORIENTED_EDGE('',*,*,#6521,.T.);
#6715 = ORIENTED_EDGE('',*,*,#6632,.T.);
#6716 = ORIENTED_EDGE('',*,*,#6481,.F.);
#6717 = ORIENTED_EDGE('',*,*,#6545,.F.);
#6718 = PLANE('',#6719);
#6719 = AXIS2_PLACEMENT_3D('',#6720,#6721,#6722);
#6720 = CARTESIAN_POINT('',(80.5,-42.5,9.));
#6721 = DIRECTION('',(-1.,0.,0.));
#6722 = DIRECTION('',(0.,1.,0.));
#6723 = ADVANCED_FACE('',(#6724),#6750,.T.);
#6724 = FACE_BOUND('',#6725,.T.);
#6725 = EDGE_LOOP('',(#6726,#6734,#6743,#6749));
#6726 = ORIENTED_EDGE('',*,*,#6727,.T.);
#6727 = EDGE_CURVE('',#6557,#6728,#6730,.T.);
#6728 = VERTEX_POINT('',#6729);
#6729 = CARTESIAN_POINT('',(80.5,45.5,16.));
#6730 = LINE('',#6731,#6732);
#6731 = CARTESIAN_POINT('',(80.5,45.5,9.));
#6732 = VECTOR('',#6733,1.);
#6733 = DIRECTION('',(0.,0.,1.));
#6734 = ORIENTED_EDGE('',*,*,#6735,.F.);
#6735 = EDGE_CURVE('',#6736,#6728,#6738,.T.);
#6736 = VERTEX_POINT('',#6737);
#6737 = CARTESIAN_POINT('',(83.5,42.5,16.));
#6738 = CIRCLE('',#6739,3.);
#6739 = AXIS2_PLACEMENT_3D('',#6740,#6741,#6742);
#6740 = CARTESIAN_POINT('',(80.5,42.5,16.));
#6741 = DIRECTION('',(-0.,0.,1.));
#6742 = DIRECTION('',(1.1E-16,-1.,0.));
#6743 = ORIENTED_EDGE('',*,*,#6744,.F.);
#6744 = EDGE_CURVE('',#6555,#6736,#6745,.T.);
#6745 = LINE('',#6746,#6747);
#6746 = CARTESIAN_POINT('',(83.5,42.5,9.));
#6747 = VECTOR('',#6748,1.);
#6748 = DIRECTION('',(0.,0.,1.));
#6749 = ORIENTED_EDGE('',*,*,#6554,.T.);
#6750 = CYLINDRICAL_SURFACE('',#6751,3.);
#6751 = AXIS2_PLACEMENT_3D('',#6752,#6753,#6754);
#6752 = CARTESIAN_POINT('',(80.5,42.5,9.));
#6753 = DIRECTION('',(0.,0.,1.));
#6754 = DIRECTION('',(1.1E-16,-1.,0.));
#6755 = ADVANCED_FACE('',(#6756),#6774,.F.);
#6756 = FACE_BOUND('',#6757,.F.);
#6757 = EDGE_LOOP('',(#6758,#6759,#6760,#6768));
#6758 = ORIENTED_EDGE('',*,*,#6565,.F.);
#6759 = ORIENTED_EDGE('',*,*,#6727,.T.);
#6760 = ORIENTED_EDGE('',*,*,#6761,.T.);
#6761 = EDGE_CURVE('',#6728,#6762,#6764,.T.);
#6762 = VERTEX_POINT('',#6763);
#6763 = CARTESIAN_POINT('',(-80.5,45.5,16.));
#6764 = LINE('',#6765,#6766);
#6765 = CARTESIAN_POINT('',(80.5,45.5,16.));
#6766 = VECTOR('',#6767,1.);
#6767 = DIRECTION('',(-1.,0.,0.));
#6768 = ORIENTED_EDGE('',*,*,#6769,.F.);
#6769 = EDGE_CURVE('',#6566,#6762,#6770,.T.);
#6770 = LINE('',#6771,#6772);
#6771 = CARTESIAN_POINT('',(-80.5,45.5,9.));
#6772 = VECTOR('',#6773,1.);
#6773 = DIRECTION('',(0.,0.,1.));
#6774 = PLANE('',#6775);
#6775 = AXIS2_PLACEMENT_3D('',#6776,#6777,#6778);
#6776 = CARTESIAN_POINT('',(80.5,45.5,9.));
#6777 = DIRECTION('',(0.,-1.,0.));
#6778 = DIRECTION('',(-1.,0.,0.));
#6779 = ADVANCED_FACE('',(#6780),#6799,.T.);
#6780 = FACE_BOUND('',#6781,.F.);
#6781 = EDGE_LOOP('',(#6782,#6783,#6792,#6798));
#6782 = ORIENTED_EDGE('',*,*,#6769,.T.);
#6783 = ORIENTED_EDGE('',*,*,#6784,.F.);
#6784 = EDGE_CURVE('',#6785,#6762,#6787,.T.);
#6785 = VERTEX_POINT('',#6786);
#6786 = CARTESIAN_POINT('',(-83.5,42.5,16.));
#6787 = CIRCLE('',#6788,3.);
#6788 = AXIS2_PLACEMENT_3D('',#6789,#6790,#6791);
#6789 = CARTESIAN_POINT('',(-80.5,42.5,16.));
#6790 = DIRECTION('',(-0.,0.,-1.));
#6791 = DIRECTION('',(-1.1E-16,-1.,0.));
#6792 = ORIENTED_EDGE('',*,*,#6793,.F.);
#6793 = EDGE_CURVE('',#6574,#6785,#6794,.T.);
#6794 = LINE('',#6795,#6796);
#6795 = CARTESIAN_POINT('',(-83.5,42.5,9.));
#6796 = VECTOR('',#6797,1.);
#6797 = DIRECTION('',(0.,0.,1.));
#6798 = ORIENTED_EDGE('',*,*,#6573,.T.);
#6799 = CYLINDRICAL_SURFACE('',#6800,3.);
#6800 = AXIS2_PLACEMENT_3D('',#6801,#6802,#6803);
#6801 = CARTESIAN_POINT('',(-80.5,42.5,9.));
#6802 = DIRECTION('',(0.,0.,1.));
#6803 = DIRECTION('',(-1.1E-16,-1.,0.));
#6804 = ADVANCED_FACE('',(#6805),#6823,.F.);
#6805 = FACE_BOUND('',#6806,.F.);
#6806 = EDGE_LOOP('',(#6807,#6808,#6816,#6822));
#6807 = ORIENTED_EDGE('',*,*,#6793,.T.);
#6808 = ORIENTED_EDGE('',*,*,#6809,.T.);
#6809 = EDGE_CURVE('',#6785,#6810,#6812,.T.);
#6810 = VERTEX_POINT('',#6811);
#6811 = CARTESIAN_POINT('',(-83.5,-42.5,16.));
#6812 = LINE('',#6813,#6814);
#6813 = CARTESIAN_POINT('',(-83.5,42.5,16.));
#6814 = VECTOR('',#6815,1.);
#6815 = DIRECTION('',(0.,-1.,0.));
#6816 = ORIENTED_EDGE('',*,*,#6817,.F.);
#6817 = EDGE_CURVE('',#6583,#6810,#6818,.T.);
#6818 = LINE('',#6819,#6820);
#6819 = CARTESIAN_POINT('',(-83.5,-42.5,9.));
#6820 = VECTOR('',#6821,1.);
#6821 = DIRECTION('',(0.,0.,1.));
#6822 = ORIENTED_EDGE('',*,*,#6582,.F.);
#6823 = PLANE('',#6824);
#6824 = AXIS2_PLACEMENT_3D('',#6825,#6826,#6827);
#6825 = CARTESIAN_POINT('',(-83.5,42.5,9.));
#6826 = DIRECTION('',(1.,0.,0.));
#6827 = DIRECTION('',(0.,-1.,0.));
#6828 = ADVANCED_FACE('',(#6829),#6848,.T.);
#6829 = FACE_BOUND('',#6830,.T.);
#6830 = EDGE_LOOP('',(#6831,#6839,#6846,#6847));
#6831 = ORIENTED_EDGE('',*,*,#6832,.T.);
#6832 = EDGE_CURVE('',#6591,#6833,#6835,.T.);
#6833 = VERTEX_POINT('',#6834);
#6834 = CARTESIAN_POINT('',(-80.5,-45.5,16.));
#6835 = LINE('',#6836,#6837);
#6836 = CARTESIAN_POINT('',(-80.5,-45.5,9.));
#6837 = VECTOR('',#6838,1.);
#6838 = DIRECTION('',(0.,0.,1.));
#6839 = ORIENTED_EDGE('',*,*,#6840,.F.);
#6840 = EDGE_CURVE('',#6810,#6833,#6841,.T.);
#6841 = CIRCLE('',#6842,3.);
#6842 = AXIS2_PLACEMENT_3D('',#6843,#6844,#6845);
#6843 = CARTESIAN_POINT('',(-80.5,-42.5,16.));
#6844 = DIRECTION('',(0.,0.,1.));
#6845 = DIRECTION('',(-1.1E-16,1.,0.));
#6846 = ORIENTED_EDGE('',*,*,#6817,.F.);
#6847 = ORIENTED_EDGE('',*,*,#6590,.T.);
#6848 = CYLINDRICAL_SURFACE('',#6849,3.);
#6849 = AXIS2_PLACEMENT_3D('',#6850,#6851,#6852);
#6850 = CARTESIAN_POINT('',(-80.5,-42.5,9.));
#6851 = DIRECTION('',(0.,0.,1.));
#6852 = DIRECTION('',(-1.1E-16,1.,0.));
#6853 = ADVANCED_FACE('',(#6854),#6872,.F.);
#6854 = FACE_BOUND('',#6855,.F.);
#6855 = EDGE_LOOP('',(#6856,#6864,#6865,#6866));
#6856 = ORIENTED_EDGE('',*,*,#6857,.F.);
#6857 = EDGE_CURVE('',#6600,#6858,#6860,.T.);
#6858 = VERTEX_POINT('',#6859);
#6859 = CARTESIAN_POINT('',(80.5,-45.5,16.));
#6860 = LINE('',#6861,#6862);
#6861 = CARTESIAN_POINT('',(80.5,-45.5,9.));
#6862 = VECTOR('',#6863,1.);
#6863 = DIRECTION('',(0.,0.,1.));
#6864 = ORIENTED_EDGE('',*,*,#6599,.F.);
#6865 = ORIENTED_EDGE('',*,*,#6832,.T.);
#6866 = ORIENTED_EDGE('',*,*,#6867,.T.);
#6867 = EDGE_CURVE('',#6833,#6858,#6868,.T.);
#6868 = LINE('',#6869,#6870);
#6869 = CARTESIAN_POINT('',(-80.5,-45.5,16.));
#6870 = VECTOR('',#6871,1.);
#6871 = DIRECTION('',(1.,0.,0.));
#6872 = PLANE('',#6873);
#6873 = AXIS2_PLACEMENT_3D('',#6874,#6875,#6876);
#6874 = CARTESIAN_POINT('',(-80.5,-45.5,9.));
#6875 = DIRECTION('',(0.,1.,0.));
#6876 = DIRECTION('',(1.,0.,0.));
#6877 = ADVANCED_FACE('',(#6878),#6897,.T.);
#6878 = FACE_BOUND('',#6879,.T.);
#6879 = EDGE_LOOP('',(#6880,#6888,#6895,#6896));
#6880 = ORIENTED_EDGE('',*,*,#6881,.T.);
#6881 = EDGE_CURVE('',#6608,#6882,#6884,.T.);
#6882 = VERTEX_POINT('',#6883);
#6883 = CARTESIAN_POINT('',(83.5,-42.5,16.));
#6884 = LINE('',#6885,#6886);
#6885 = CARTESIAN_POINT('',(83.5,-42.5,9.));
#6886 = VECTOR('',#6887,1.);
#6887 = DIRECTION('',(0.,0.,1.));
#6888 = ORIENTED_EDGE('',*,*,#6889,.F.);
#6889 = EDGE_CURVE('',#6858,#6882,#6890,.T.);
#6890 = CIRCLE('',#6891,3.);
#6891 = AXIS2_PLACEMENT_3D('',#6892,#6893,#6894);
#6892 = CARTESIAN_POINT('',(80.5,-42.5,16.));
#6893 = DIRECTION('',(0.,0.,1.));
#6894 = DIRECTION('',(-1.,-1.1E-16,0.));
#6895 = ORIENTED_EDGE('',*,*,#6857,.F.);
#6896 = ORIENTED_EDGE('',*,*,#6607,.T.);
#6897 = CYLINDRICAL_SURFACE('',#6898,3.);
#6898 = AXIS2_PLACEMENT_3D('',#6899,#6900,#6901);
#6899 = CARTESIAN_POINT('',(80.5,-42.5,9.));
#6900 = DIRECTION('',(0.,0.,1.));
#6901 = DIRECTION('',(-1.,-1.1E-16,0.));
#6902 = ADVANCED_FACE('',(#6903),#6914,.F.);
#6903 = FACE_BOUND('',#6904,.F.);
#6904 = EDGE_LOOP('',(#6905,#6906,#6907,#6908));
#6905 = ORIENTED_EDGE('',*,*,#6744,.F.);
#6906 = ORIENTED_EDGE('',*,*,#6616,.F.);
#6907 = ORIENTED_EDGE('',*,*,#6881,.T.);
#6908 = ORIENTED_EDGE('',*,*,#6909,.T.);
#6909 = EDGE_CURVE('',#6882,#6736,#6910,.T.);
#6910 = LINE('',#6911,#6912);
#6911 = CARTESIAN_POINT('',(83.5,-42.5,16.));
#6912 = VECTOR('',#6913,1.);
#6913 = DIRECTION('',(0.,1.,0.));
#6914 = PLANE('',#6915);
#6915 = AXIS2_PLACEMENT_3D('',#6916,#6917,#6918);
#6916 = CARTESIAN_POINT('',(83.5,-42.5,9.));
#6917 = DIRECTION('',(-1.,0.,0.));
#6918 = DIRECTION('',(0.,1.,0.));
#6919 = ADVANCED_FACE('',(#6920),#6945,.F.);
#6920 = FACE_BOUND('',#6921,.F.);
#6921 = EDGE_LOOP('',(#6922,#6932,#6938,#6939));
#6922 = ORIENTED_EDGE('',*,*,#6923,.F.);
#6923 = EDGE_CURVE('',#6924,#6926,#6928,.T.);
#6924 = VERTEX_POINT('',#6925);
#6925 = CARTESIAN_POINT('',(-58.5,23.,19.));
#6926 = VERTEX_POINT('',#6927);
#6927 = CARTESIAN_POINT('',(-58.5,-23.,19.));
#6928 = LINE('',#6929,#6930);
#6929 = CARTESIAN_POINT('',(-58.5,23.,19.));
#6930 = VECTOR('',#6931,1.);
#6931 = DIRECTION('',(0.,-1.,0.));
#6932 = ORIENTED_EDGE('',*,*,#6933,.T.);
#6933 = EDGE_CURVE('',#6924,#6642,#6934,.T.);
#6934 = LINE('',#6935,#6936);
#6935 = CARTESIAN_POINT('',(-58.5,23.,19.));
#6936 = VECTOR('',#6937,1.);
#6937 = DIRECTION('',(-0.,-0.,-1.));
#6938 = ORIENTED_EDGE('',*,*,#6641,.T.);
#6939 = ORIENTED_EDGE('',*,*,#6940,.F.);
#6940 = EDGE_CURVE('',#6926,#6644,#6941,.T.);
#6941 = LINE('',#6942,#6943);
#6942 = CARTESIAN_POINT('',(-58.5,-23.,19.));
#6943 = VECTOR('',#6944,1.);
#6944 = DIRECTION('',(-0.,-0.,-1.));
#6945 = PLANE('',#6946);
#6946 = AXIS2_PLACEMENT_3D('',#6947,#6948,#6949);
#6947 = CARTESIAN_POINT('',(-58.5,23.,19.));
#6948 = DIRECTION('',(-1.,0.,0.));
#6949 = DIRECTION('',(0.,-1.,0.));
#6950 = ADVANCED_FACE('',(#6951),#6969,.F.);
#6951 = FACE_BOUND('',#6952,.F.);
#6952 = EDGE_LOOP('',(#6953,#6961,#6962,#6963));
#6953 = ORIENTED_EDGE('',*,*,#6954,.F.);
#6954 = EDGE_CURVE('',#6926,#6955,#6957,.T.);
#6955 = VERTEX_POINT('',#6956);
#6956 = CARTESIAN_POINT('',(-12.5,-23.,19.));
#6957 = LINE('',#6958,#6959);
#6958 = CARTESIAN_POINT('',(-58.5,-23.,19.));
#6959 = VECTOR('',#6960,1.);
#6960 = DIRECTION('',(1.,0.,0.));
#6961 = ORIENTED_EDGE('',*,*,#6940,.T.);
#6962 = ORIENTED_EDGE('',*,*,#6667,.T.);
#6963 = ORIENTED_EDGE('',*,*,#6964,.F.);
#6964 = EDGE_CURVE('',#6955,#6660,#6965,.T.);
#6965 = LINE('',#6966,#6967);
#6966 = CARTESIAN_POINT('',(-12.5,-23.,19.));
#6967 = VECTOR('',#6968,1.);
#6968 = DIRECTION('',(-0.,-0.,-1.));
#6969 = PLANE('',#6970);
#6970 = AXIS2_PLACEMENT_3D('',#6971,#6972,#6973);
#6971 = CARTESIAN_POINT('',(-58.5,-23.,19.));
#6972 = DIRECTION('',(0.,-1.,0.));
#6973 = DIRECTION('',(1.,0.,0.));
#6974 = ADVANCED_FACE('',(#6975),#6993,.F.);
#6975 = FACE_BOUND('',#6976,.F.);
#6976 = EDGE_LOOP('',(#6977,#6985,#6986,#6987));
#6977 = ORIENTED_EDGE('',*,*,#6978,.F.);
#6978 = EDGE_CURVE('',#6955,#6979,#6981,.T.);
#6979 = VERTEX_POINT('',#6980);
#6980 = CARTESIAN_POINT('',(-12.5,23.,19.));
#6981 = LINE('',#6982,#6983);
#6982 = CARTESIAN_POINT('',(-12.5,-23.,19.));
#6983 = VECTOR('',#6984,1.);
#6984 = DIRECTION('',(0.,1.,0.));
#6985 = ORIENTED_EDGE('',*,*,#6964,.T.);
#6986 = ORIENTED_EDGE('',*,*,#6659,.T.);
#6987 = ORIENTED_EDGE('',*,*,#6988,.F.);
#6988 = EDGE_CURVE('',#6979,#6652,#6989,.T.);
#6989 = LINE('',#6990,#6991);
#6990 = CARTESIAN_POINT('',(-12.5,23.,19.));
#6991 = VECTOR('',#6992,1.);
#6992 = DIRECTION('',(-0.,-0.,-1.));
#6993 = PLANE('',#6994);
#6994 = AXIS2_PLACEMENT_3D('',#6995,#6996,#6997);
#6995 = CARTESIAN_POINT('',(-12.5,-23.,19.));
#6996 = DIRECTION('',(1.,0.,0.));
#6997 = DIRECTION('',(-0.,1.,0.));
#6998 = ADVANCED_FACE('',(#6999),#7010,.F.);
#6999 = FACE_BOUND('',#7000,.F.);
#7000 = EDGE_LOOP('',(#7001,#7007,#7008,#7009));
#7001 = ORIENTED_EDGE('',*,*,#7002,.F.);
#7002 = EDGE_CURVE('',#6979,#6924,#7003,.T.);
#7003 = LINE('',#7004,#7005);
#7004 = CARTESIAN_POINT('',(-12.5,23.,19.));
#7005 = VECTOR('',#7006,1.);
#7006 = DIRECTION('',(-1.,0.,0.));
#7007 = ORIENTED_EDGE('',*,*,#6988,.T.);
#7008 = ORIENTED_EDGE('',*,*,#6651,.T.);
#7009 = ORIENTED_EDGE('',*,*,#6933,.F.);
#7010 = PLANE('',#7011);
#7011 = AXIS2_PLACEMENT_3D('',#7012,#7013,#7014);
#7012 = CARTESIAN_POINT('',(-12.5,23.,19.));
#7013 = DIRECTION('',(0.,1.,0.));
#7014 = DIRECTION('',(-1.,0.,0.));
#7015 = ADVANCED_FACE('',(#7016),#7041,.F.);
#7016 = FACE_BOUND('',#7017,.F.);
#7017 = EDGE_LOOP('',(#7018,#7028,#7034,#7035));
#7018 = ORIENTED_EDGE('',*,*,#7019,.F.);
#7019 = EDGE_CURVE('',#7020,#7022,#7024,.T.);
#7020 = VERTEX_POINT('',#7021);
#7021 = CARTESIAN_POINT('',(12.5,23.,19.));
#7022 = VERTEX_POINT('',#7023);
#7023 = CARTESIAN_POINT('',(12.5,-23.,19.));
#7024 = LINE('',#7025,#7026);
#7025 = CARTESIAN_POINT('',(12.5,23.,19.));
#7026 = VECTOR('',#7027,1.);
#7027 = DIRECTION('',(0.,-1.,0.));
#7028 = ORIENTED_EDGE('',*,*,#7029,.T.);
#7029 = EDGE_CURVE('',#7020,#6676,#7030,.T.);
#7030 = LINE('',#7031,#7032);
#7031 = CARTESIAN_POINT('',(12.5,23.,19.));
#7032 = VECTOR('',#7033,1.);
#7033 = DIRECTION('',(-0.,-0.,-1.));
#7034 = ORIENTED_EDGE('',*,*,#6675,.T.);
#7035 = ORIENTED_EDGE('',*,*,#7036,.F.);
#7036 = EDGE_CURVE('',#7022,#6678,#7037,.T.);
#7037 = LINE('',#7038,#7039);
#7038 = CARTESIAN_POINT('',(12.5,-23.,19.));
#7039 = VECTOR('',#7040,1.);
#7040 = DIRECTION('',(-0.,-0.,-1.));
#7041 = PLANE('',#7042);
#7042 = AXIS2_PLACEMENT_3D('',#7043,#7044,#7045);
#7043 = CARTESIAN_POINT('',(12.5,23.,19.));
#7044 = DIRECTION('',(-1.,0.,0.));
#7045 = DIRECTION('',(0.,-1.,0.));
#7046 = ADVANCED_FACE('',(#7047),#7065,.F.);
#7047 = FACE_BOUND('',#7048,.F.);
#7048 = EDGE_LOOP('',(#7049,#7057,#7058,#7059));
#7049 = ORIENTED_EDGE('',*,*,#7050,.F.);
#7050 = EDGE_CURVE('',#7022,#7051,#7053,.T.);
#7051 = VERTEX_POINT('',#7052);
#7052 = CARTESIAN_POINT('',(58.5,-23.,19.));
#7053 = LINE('',#7054,#7055);
#7054 = CARTESIAN_POINT('',(12.5,-23.,19.));
#7055 = VECTOR('',#7056,1.);
#7056 = DIRECTION('',(1.,0.,0.));
#7057 = ORIENTED_EDGE('',*,*,#7036,.T.);
#7058 = ORIENTED_EDGE('',*,*,#6701,.T.);
#7059 = ORIENTED_EDGE('',*,*,#7060,.F.);
#7060 = EDGE_CURVE('',#7051,#6694,#7061,.T.);
#7061 = LINE('',#7062,#7063);
#7062 = CARTESIAN_POINT('',(58.5,-23.,19.));
#7063 = VECTOR('',#7064,1.);
#7064 = DIRECTION('',(-0.,-0.,-1.));
#7065 = PLANE('',#7066);
#7066 = AXIS2_PLACEMENT_3D('',#7067,#7068,#7069);
#7067 = CARTESIAN_POINT('',(12.5,-23.,19.));
#7068 = DIRECTION('',(0.,-1.,0.));
#7069 = DIRECTION('',(1.,0.,0.));
#7070 = ADVANCED_FACE('',(#7071),#7089,.F.);
#7071 = FACE_BOUND('',#7072,.F.);
#7072 = EDGE_LOOP('',(#7073,#7081,#7082,#7083));
#7073 = ORIENTED_EDGE('',*,*,#7074,.F.);
#7074 = EDGE_CURVE('',#7051,#7075,#7077,.T.);
#7075 = VERTEX_POINT('',#7076);
#7076 = CARTESIAN_POINT('',(58.5,23.,19.));
#7077 = LINE('',#7078,#7079);
#7078 = CARTESIAN_POINT('',(58.5,-23.,19.));
#7079 = VECTOR('',#7080,1.);
#7080 = DIRECTION('',(0.,1.,0.));
#7081 = ORIENTED_EDGE('',*,*,#7060,.T.);
#7082 = ORIENTED_EDGE('',*,*,#6693,.T.);
#7083 = ORIENTED_EDGE('',*,*,#7084,.F.);
#7084 = EDGE_CURVE('',#7075,#6686,#7085,.T.);
#7085 = LINE('',#7086,#7087);
#7086 = CARTESIAN_POINT('',(58.5,23.,19.));
#7087 = VECTOR('',#7088,1.);
#7088 = DIRECTION('',(-0.,-0.,-1.));
#7089 = PLANE('',#7090);
#7090 = AXIS2_PLACEMENT_3D('',#7091,#7092,#7093);
#7091 = CARTESIAN_POINT('',(58.5,-23.,19.));
#7092 = DIRECTION('',(1.,0.,0.));
#7093 = DIRECTION('',(-0.,1.,0.));
#7094 = ADVANCED_FACE('',(#7095),#7106,.F.);
#7095 = FACE_BOUND('',#7096,.F.);
#7096 = EDGE_LOOP('',(#7097,#7103,#7104,#7105));
#7097 = ORIENTED_EDGE('',*,*,#7098,.F.);
#7098 = EDGE_CURVE('',#7075,#7020,#7099,.T.);
#7099 = LINE('',#7100,#7101);
#7100 = CARTESIAN_POINT('',(58.5,23.,19.));
#7101 = VECTOR('',#7102,1.);
#7102 = DIRECTION('',(-1.,0.,0.));
#7103 = ORIENTED_EDGE('',*,*,#7084,.T.);
#7104 = ORIENTED_EDGE('',*,*,#6685,.T.);
#7105 = ORIENTED_EDGE('',*,*,#7029,.F.);
#7106 = PLANE('',#7107);
#7107 = AXIS2_PLACEMENT_3D('',#7108,#7109,#7110);
#7108 = CARTESIAN_POINT('',(58.5,23.,19.));
#7109 = DIRECTION('',(0.,1.,0.));
#7110 = DIRECTION('',(-1.,0.,0.));
#7111 = ADVANCED_FACE('',(#7112),#7131,.T.);
#7112 = FACE_BOUND('',#7113,.T.);
#7113 = EDGE_LOOP('',(#7114,#7115,#7124));
#7114 = ORIENTED_EDGE('',*,*,#6735,.T.);
#7115 = ORIENTED_EDGE('',*,*,#7116,.T.);
#7116 = EDGE_CURVE('',#6728,#7117,#7119,.T.);
#7117 = VERTEX_POINT('',#7118);
#7118 = CARTESIAN_POINT('',(80.5,42.5,19.));
#7119 = CIRCLE('',#7120,3.);
#7120 = AXIS2_PLACEMENT_3D('',#7121,#7122,#7123);
#7121 = CARTESIAN_POINT('',(80.5,42.5,16.));
#7122 = DIRECTION('',(1.,-0.,0.));
#7123 = DIRECTION('',(0.,1.1E-16,-1.));
#7124 = ORIENTED_EDGE('',*,*,#7125,.F.);
#7125 = EDGE_CURVE('',#6736,#7117,#7126,.T.);
#7126 = CIRCLE('',#7127,3.);
#7127 = AXIS2_PLACEMENT_3D('',#7128,#7129,#7130);
#7128 = CARTESIAN_POINT('',(80.5,42.5,16.));
#7129 = DIRECTION('',(0.,-1.,0.));
#7130 = DIRECTION('',(1.1E-16,0.,-1.));
#7131 = SPHERICAL_SURFACE('',#7132,3.);
#7132 = AXIS2_PLACEMENT_3D('',#7133,#7134,#7135);
#7133 = CARTESIAN_POINT('',(80.5,42.5,16.));
#7134 = DIRECTION('',(0.,0.707106781187,-0.707106781187));
#7135 = DIRECTION('',(-0.57735026919,-0.57735026919,-0.57735026919));
#7136 = ADVANCED_FACE('',(#7137),#7156,.T.);
#7137 = FACE_BOUND('',#7138,.F.);
#7138 = EDGE_LOOP('',(#7139,#7140,#7141,#7149));
#7139 = ORIENTED_EDGE('',*,*,#6761,.F.);
#7140 = ORIENTED_EDGE('',*,*,#7116,.T.);
#7141 = ORIENTED_EDGE('',*,*,#7142,.T.);
#7142 = EDGE_CURVE('',#7117,#7143,#7145,.T.);
#7143 = VERTEX_POINT('',#7144);
#7144 = CARTESIAN_POINT('',(-80.5,42.5,19.));
#7145 = LINE('',#7146,#7147);
#7146 = CARTESIAN_POINT('',(80.5,42.5,19.));
#7147 = VECTOR('',#7148,1.);
#7148 = DIRECTION('',(-1.,0.,0.));
#7149 = ORIENTED_EDGE('',*,*,#7150,.F.);
#7150 = EDGE_CURVE('',#6762,#7143,#7151,.T.);
#7151 = CIRCLE('',#7152,3.);
#7152 = AXIS2_PLACEMENT_3D('',#7153,#7154,#7155);
#7153 = CARTESIAN_POINT('',(-80.5,42.5,16.));
#7154 = DIRECTION('',(1.,-0.,0.));
#7155 = DIRECTION('',(0.,1.1E-16,-1.));
#7156 = CYLINDRICAL_SURFACE('',#7157,3.);
#7157 = AXIS2_PLACEMENT_3D('',#7158,#7159,#7160);
#7158 = CARTESIAN_POINT('',(80.5,42.5,16.));
#7159 = DIRECTION('',(-1.,0.,0.));
#7160 = DIRECTION('',(0.,1.1E-16,-1.));
#7161 = ADVANCED_FACE('',(#7162),#7173,.T.);
#7162 = FACE_BOUND('',#7163,.T.);
#7163 = EDGE_LOOP('',(#7164,#7165,#7172));
#7164 = ORIENTED_EDGE('',*,*,#6784,.F.);
#7165 = ORIENTED_EDGE('',*,*,#7166,.T.);
#7166 = EDGE_CURVE('',#6785,#7143,#7167,.T.);
#7167 = CIRCLE('',#7168,3.);
#7168 = AXIS2_PLACEMENT_3D('',#7169,#7170,#7171);
#7169 = CARTESIAN_POINT('',(-80.5,42.5,16.));
#7170 = DIRECTION('',(0.,1.,0.));
#7171 = DIRECTION('',(-1.1E-16,0.,-1.));
#7172 = ORIENTED_EDGE('',*,*,#7150,.F.);
#7173 = SPHERICAL_SURFACE('',#7174,3.);
#7174 = AXIS2_PLACEMENT_3D('',#7175,#7176,#7177);
#7175 = CARTESIAN_POINT('',(-80.5,42.5,16.));
#7176 = DIRECTION('',(0.,-0.707106781187,0.707106781187));
#7177 = DIRECTION('',(0.57735026919,-0.57735026919,-0.57735026919));
#7178 = ADVANCED_FACE('',(#7179),#7198,.T.);
#7179 = FACE_BOUND('',#7180,.F.);
#7180 = EDGE_LOOP('',(#7181,#7182,#7183,#7191));
#7181 = ORIENTED_EDGE('',*,*,#6809,.F.);
#7182 = ORIENTED_EDGE('',*,*,#7166,.T.);
#7183 = ORIENTED_EDGE('',*,*,#7184,.T.);
#7184 = EDGE_CURVE('',#7143,#7185,#7187,.T.);
#7185 = VERTEX_POINT('',#7186);
#7186 = CARTESIAN_POINT('',(-80.5,-42.5,19.));
#7187 = LINE('',#7188,#7189);
#7188 = CARTESIAN_POINT('',(-80.5,42.5,19.));
#7189 = VECTOR('',#7190,1.);
#7190 = DIRECTION('',(0.,-1.,0.));
#7191 = ORIENTED_EDGE('',*,*,#7192,.F.);
#7192 = EDGE_CURVE('',#6810,#7185,#7193,.T.);
#7193 = CIRCLE('',#7194,3.);
#7194 = AXIS2_PLACEMENT_3D('',#7195,#7196,#7197);
#7195 = CARTESIAN_POINT('',(-80.5,-42.5,16.));
#7196 = DIRECTION('',(0.,1.,0.));
#7197 = DIRECTION('',(-1.1E-16,0.,-1.));
#7198 = CYLINDRICAL_SURFACE('',#7199,3.);
#7199 = AXIS2_PLACEMENT_3D('',#7200,#7201,#7202);
#7200 = CARTESIAN_POINT('',(-80.5,42.5,16.));
#7201 = DIRECTION('',(0.,-1.,0.));
#7202 = DIRECTION('',(-1.1E-16,-0.,-1.));
#7203 = ADVANCED_FACE('',(#7204),#7215,.T.);
#7204 = FACE_BOUND('',#7205,.T.);
#7205 = EDGE_LOOP('',(#7206,#7207,#7214));
#7206 = ORIENTED_EDGE('',*,*,#6840,.T.);
#7207 = ORIENTED_EDGE('',*,*,#7208,.T.);
#7208 = EDGE_CURVE('',#6833,#7185,#7209,.T.);
#7209 = CIRCLE('',#7210,3.);
#7210 = AXIS2_PLACEMENT_3D('',#7211,#7212,#7213);
#7211 = CARTESIAN_POINT('',(-80.5,-42.5,16.));
#7212 = DIRECTION('',(-1.,-0.,0.));
#7213 = DIRECTION('',(0.,-1.1E-16,-1.));
#7214 = ORIENTED_EDGE('',*,*,#7192,.F.);
#7215 = SPHERICAL_SURFACE('',#7216,3.);
#7216 = AXIS2_PLACEMENT_3D('',#7217,#7218,#7219);
#7217 = CARTESIAN_POINT('',(-80.5,-42.5,16.));
#7218 = DIRECTION('',(-0.,-0.707106781187,-0.707106781187));
#7219 = DIRECTION('',(0.57735026919,0.57735026919,-0.57735026919));
#7220 = ADVANCED_FACE('',(#7221),#7240,.T.);
#7221 = FACE_BOUND('',#7222,.F.);
#7222 = EDGE_LOOP('',(#7223,#7224,#7225,#7233));
#7223 = ORIENTED_EDGE('',*,*,#6867,.F.);
#7224 = ORIENTED_EDGE('',*,*,#7208,.T.);
#7225 = ORIENTED_EDGE('',*,*,#7226,.T.);
#7226 = EDGE_CURVE('',#7185,#7227,#7229,.T.);
#7227 = VERTEX_POINT('',#7228);
#7228 = CARTESIAN_POINT('',(80.5,-42.5,19.));
#7229 = LINE('',#7230,#7231);
#7230 = CARTESIAN_POINT('',(-80.5,-42.5,19.));
#7231 = VECTOR('',#7232,1.);
#7232 = DIRECTION('',(1.,0.,0.));
#7233 = ORIENTED_EDGE('',*,*,#7234,.F.);
#7234 = EDGE_CURVE('',#6858,#7227,#7235,.T.);
#7235 = CIRCLE('',#7236,3.);
#7236 = AXIS2_PLACEMENT_3D('',#7237,#7238,#7239);
#7237 = CARTESIAN_POINT('',(80.5,-42.5,16.));
#7238 = DIRECTION('',(-1.,-0.,0.));
#7239 = DIRECTION('',(0.,-1.1E-16,-1.));
#7240 = CYLINDRICAL_SURFACE('',#7241,3.);
#7241 = AXIS2_PLACEMENT_3D('',#7242,#7243,#7244);
#7242 = CARTESIAN_POINT('',(-80.5,-42.5,16.));
#7243 = DIRECTION('',(1.,0.,0.));
#7244 = DIRECTION('',(0.,-1.1E-16,-1.));
#7245 = ADVANCED_FACE('',(#7246),#7257,.T.);
#7246 = FACE_BOUND('',#7247,.T.);
#7247 = EDGE_LOOP('',(#7248,#7249,#7256));
#7248 = ORIENTED_EDGE('',*,*,#6889,.T.);
#7249 = ORIENTED_EDGE('',*,*,#7250,.T.);
#7250 = EDGE_CURVE('',#6882,#7227,#7251,.T.);
#7251 = CIRCLE('',#7252,3.);
#7252 = AXIS2_PLACEMENT_3D('',#7253,#7254,#7255);
#7253 = CARTESIAN_POINT('',(80.5,-42.5,16.));
#7254 = DIRECTION('',(0.,-1.,0.));
#7255 = DIRECTION('',(1.1E-16,0.,-1.));
#7256 = ORIENTED_EDGE('',*,*,#7234,.F.);
#7257 = SPHERICAL_SURFACE('',#7258,3.);
#7258 = AXIS2_PLACEMENT_3D('',#7259,#7260,#7261);
#7259 = CARTESIAN_POINT('',(80.5,-42.5,16.));
#7260 = DIRECTION('',(0.707106781187,0.,-0.707106781187));
#7261 = DIRECTION('',(-0.57735026919,0.57735026919,-0.57735026919));
#7262 = ADVANCED_FACE('',(#7263),#7274,.T.);
#7263 = FACE_BOUND('',#7264,.F.);
#7264 = EDGE_LOOP('',(#7265,#7266,#7267,#7273));
#7265 = ORIENTED_EDGE('',*,*,#6909,.F.);
#7266 = ORIENTED_EDGE('',*,*,#7250,.T.);
#7267 = ORIENTED_EDGE('',*,*,#7268,.T.);
#7268 = EDGE_CURVE('',#7227,#7117,#7269,.T.);
#7269 = LINE('',#7270,#7271);
#7270 = CARTESIAN_POINT('',(80.5,-42.5,19.));
#7271 = VECTOR('',#7272,1.);
#7272 = DIRECTION('',(0.,1.,0.));
#7273 = ORIENTED_EDGE('',*,*,#7125,.F.);
#7274 = CYLINDRICAL_SURFACE('',#7275,3.);
#7275 = AXIS2_PLACEMENT_3D('',#7276,#7277,#7278);
#7276 = CARTESIAN_POINT('',(80.5,-42.5,16.));
#7277 = DIRECTION('',(0.,1.,0.));
#7278 = DIRECTION('',(1.1E-16,0.,-1.));
#7279 = ADVANCED_FACE('',(#7280,#7286,#7292),#7298,.T.);
#7280 = FACE_BOUND('',#7281,.T.);
#7281 = EDGE_LOOP('',(#7282,#7283,#7284,#7285));
#7282 = ORIENTED_EDGE('',*,*,#7184,.T.);
#7283 = ORIENTED_EDGE('',*,*,#7226,.T.);
#7284 = ORIENTED_EDGE('',*,*,#7268,.T.);
#7285 = ORIENTED_EDGE('',*,*,#7142,.T.);
#7286 = FACE_BOUND('',#7287,.T.);
#7287 = EDGE_LOOP('',(#7288,#7289,#7290,#7291));
#7288 = ORIENTED_EDGE('',*,*,#6923,.F.);
#7289 = ORIENTED_EDGE('',*,*,#7002,.F.);
#7290 = ORIENTED_EDGE('',*,*,#6978,.F.);
#7291 = ORIENTED_EDGE('',*,*,#6954,.F.);
#7292 = FACE_BOUND('',#7293,.T.);
#7293 = EDGE_LOOP('',(#7294,#7295,#7296,#7297));
#7294 = ORIENTED_EDGE('',*,*,#7019,.F.);
#7295 = ORIENTED_EDGE('',*,*,#7098,.F.);
#7296 = ORIENTED_EDGE('',*,*,#7074,.F.);
#7297 = ORIENTED_EDGE('',*,*,#7050,.F.);
#7298 = PLANE('',#7299);
#7299 = AXIS2_PLACEMENT_3D('',#7300,#7301,#7302);
#7300 = CARTESIAN_POINT('',(0.,0.,19.));
#7301 = DIRECTION('',(0.,0.,1.));
#7302 = DIRECTION('',(1.,0.,0.));
#7303 = ( GEOMETRIC_REPRESENTATION_CONTEXT(3) 
GLOBAL_UNCERTAINTY_ASSIGNED_CONTEXT((#7307)) 
GLOBAL_UNIT_ASSIGNED_CONTEXT((#7304,#7305,#7306)) REPRESENTATION_CONTEXT
('Context #1','3D Context with UNIT and UNCERTAINTY') );
#7304 = ( LENGTH_UNIT() NAMED_UNIT(*) SI_UNIT(.MILLI.,.METRE.) );
#7305 = ( NAMED_UNIT(*) PLANE_ANGLE_UNIT() SI_UNIT($,.RADIAN.) );
#7306 = ( NAMED_UNIT(*) SI_UNIT($,.STERADIAN.) SOLID_ANGLE_UNIT() );
#7307 = UNCERTAINTY_MEASURE_WITH_UNIT(LENGTH_MEASURE(2.E-05),#7304,
  'distance_accuracy_value','confusion accuracy');
#7308 = CONTEXT_DEPENDENT_SHAPE_REPRESENTATION(#7309,#7311);
#7309 = ( REPRESENTATION_RELATIONSHIP('','',#6434,#10) 
REPRESENTATION_RELATIONSHIP_WITH_TRANSFORMATION(#7310) 
SHAPE_REPRESENTATION_RELATIONSHIP() );
#7310 = ITEM_DEFINED_TRANSFORMATION('','',#11,#19);
#7311 = PRODUCT_DEFINITION_SHAPE('Placement','Placement of an item',
  #7312);
#7312 = NEXT_ASSEMBLY_USAGE_OCCURRENCE('2','Body','',#5,#6429,$);
#7313 = PRODUCT_RELATED_PRODUCT_CATEGORY('part',$,(#6431));
#7314 = SHAPE_DEFINITION_REPRESENTATION(#7315,#7321);
#7315 = PRODUCT_DEFINITION_SHAPE('','',#7316);
#7316 = PRODUCT_DEFINITION('design','',#7317,#7320);
#7317 = PRODUCT_DEFINITION_FORMATION('','',#7318);
#7318 = PRODUCT('Extrude003','Extrude003','',(#7319));
#7319 = PRODUCT_CONTEXT('',#2,'mechanical');
#7320 = PRODUCT_DEFINITION_CONTEXT('part definition',#2,'design');
#7321 = SHAPE_REPRESENTATION('',(#11,#7322,#7538,#7952,#8300,#8714,#9099
    ,#9743,#10025,#10439,#10688),#11102);
#7322 = MANIFOLD_SOLID_BREP('',#7323);
#7323 = CLOSED_SHELL('',(#7324,#7364,#7395,#7426,#7457,#7488,#7510,#7524
    ));
#7324 = ADVANCED_FACE('',(#7325),#7359,.T.);
#7325 = FACE_BOUND('',#7326,.T.);
#7326 = EDGE_LOOP('',(#7327,#7337,#7345,#7353));
#7327 = ORIENTED_EDGE('',*,*,#7328,.T.);
#7328 = EDGE_CURVE('',#7329,#7331,#7333,.T.);
#7329 = VERTEX_POINT('',#7330);
#7330 = CARTESIAN_POINT('',(-39.98,-37.66,9.));
#7331 = VERTEX_POINT('',#7332);
#7332 = CARTESIAN_POINT('',(-39.98,-37.66,10.));
#7333 = LINE('',#7334,#7335);
#7334 = CARTESIAN_POINT('',(-39.98,-37.66,9.));
#7335 = VECTOR('',#7336,1.);
#7336 = DIRECTION('',(0.,0.,1.));
#7337 = ORIENTED_EDGE('',*,*,#7338,.T.);
#7338 = EDGE_CURVE('',#7331,#7339,#7341,.T.);
#7339 = VERTEX_POINT('',#7340);
#7340 = CARTESIAN_POINT('',(-39.98,-28.66,10.));
#7341 = LINE('',#7342,#7343);
#7342 = CARTESIAN_POINT('',(-39.98,-37.66,10.));
#7343 = VECTOR('',#7344,1.);
#7344 = DIRECTION('',(0.,1.,0.));
#7345 = ORIENTED_EDGE('',*,*,#7346,.F.);
#7346 = EDGE_CURVE('',#7347,#7339,#7349,.T.);
#7347 = VERTEX_POINT('',#7348);
#7348 = CARTESIAN_POINT('',(-39.98,-28.66,9.));
#7349 = LINE('',#7350,#7351);
#7350 = CARTESIAN_POINT('',(-39.98,-28.66,9.));
#7351 = VECTOR('',#7352,1.);
#7352 = DIRECTION('',(0.,0.,1.));
#7353 = ORIENTED_EDGE('',*,*,#7354,.F.);
#7354 = EDGE_CURVE('',#7329,#7347,#7355,.T.);
#7355 = LINE('',#7356,#7357);
#7356 = CARTESIAN_POINT('',(-39.98,-37.66,9.));
#7357 = VECTOR('',#7358,1.);
#7358 = DIRECTION('',(0.,1.,0.));
#7359 = PLANE('',#7360);
#7360 = AXIS2_PLACEMENT_3D('',#7361,#7362,#7363);
#7361 = CARTESIAN_POINT('',(-39.98,-37.66,9.));
#7362 = DIRECTION('',(-1.,0.,0.));
#7363 = DIRECTION('',(0.,1.,0.));
#7364 = ADVANCED_FACE('',(#7365),#7390,.T.);
#7365 = FACE_BOUND('',#7366,.T.);
#7366 = EDGE_LOOP('',(#7367,#7377,#7383,#7384));
#7367 = ORIENTED_EDGE('',*,*,#7368,.T.);
#7368 = EDGE_CURVE('',#7369,#7371,#7373,.T.);
#7369 = VERTEX_POINT('',#7370);
#7370 = CARTESIAN_POINT('',(-34.39919642857,-37.66,9.));
#7371 = VERTEX_POINT('',#7372);
#7372 = CARTESIAN_POINT('',(-34.39919642857,-37.66,10.));
#7373 = LINE('',#7374,#7375);
#7374 = CARTESIAN_POINT('',(-34.39919642857,-37.66,9.));
#7375 = VECTOR('',#7376,1.);
#7376 = DIRECTION('',(0.,0.,1.));
#7377 = ORIENTED_EDGE('',*,*,#7378,.T.);
#7378 = EDGE_CURVE('',#7371,#7331,#7379,.T.);
#7379 = LINE('',#7380,#7381);
#7380 = CARTESIAN_POINT('',(-34.39919642857,-37.66,10.));
#7381 = VECTOR('',#7382,1.);
#7382 = DIRECTION('',(-1.,0.,0.));
#7383 = ORIENTED_EDGE('',*,*,#7328,.F.);
#7384 = ORIENTED_EDGE('',*,*,#7385,.F.);
#7385 = EDGE_CURVE('',#7369,#7329,#7386,.T.);
#7386 = LINE('',#7387,#7388);
#7387 = CARTESIAN_POINT('',(-34.39919642857,-37.66,9.));
#7388 = VECTOR('',#7389,1.);
#7389 = DIRECTION('',(-1.,0.,0.));
#7390 = PLANE('',#7391);
#7391 = AXIS2_PLACEMENT_3D('',#7392,#7393,#7394);
#7392 = CARTESIAN_POINT('',(-34.39919642857,-37.66,9.));
#7393 = DIRECTION('',(0.,-1.,0.));
#7394 = DIRECTION('',(-1.,0.,0.));
#7395 = ADVANCED_FACE('',(#7396),#7421,.T.);
#7396 = FACE_BOUND('',#7397,.T.);
#7397 = EDGE_LOOP('',(#7398,#7408,#7414,#7415));
#7398 = ORIENTED_EDGE('',*,*,#7399,.T.);
#7399 = EDGE_CURVE('',#7400,#7402,#7404,.T.);
#7400 = VERTEX_POINT('',#7401);
#7401 = CARTESIAN_POINT('',(-34.39919642857,-36.09142857142,9.));
#7402 = VERTEX_POINT('',#7403);
#7403 = CARTESIAN_POINT('',(-34.39919642857,-36.09142857142,10.));
#7404 = LINE('',#7405,#7406);
#7405 = CARTESIAN_POINT('',(-34.39919642857,-36.09142857142,9.));
#7406 = VECTOR('',#7407,1.);
#7407 = DIRECTION('',(0.,0.,1.));
#7408 = ORIENTED_EDGE('',*,*,#7409,.T.);
#7409 = EDGE_CURVE('',#7402,#7371,#7410,.T.);
#7410 = LINE('',#7411,#7412);
#7411 = CARTESIAN_POINT('',(-34.39919642857,-36.09142857142,10.));
#7412 = VECTOR('',#7413,1.);
#7413 = DIRECTION('',(0.,-1.,0.));
#7414 = ORIENTED_EDGE('',*,*,#7368,.F.);
#7415 = ORIENTED_EDGE('',*,*,#7416,.F.);
#7416 = EDGE_CURVE('',#7400,#7369,#7417,.T.);
#7417 = LINE('',#7418,#7419);
#7418 = CARTESIAN_POINT('',(-34.39919642857,-36.09142857142,9.));
#7419 = VECTOR('',#7420,1.);
#7420 = DIRECTION('',(0.,-1.,0.));
#7421 = PLANE('',#7422);
#7422 = AXIS2_PLACEMENT_3D('',#7423,#7424,#7425);
#7423 = CARTESIAN_POINT('',(-34.39919642857,-36.09142857142,9.));
#7424 = DIRECTION('',(1.,0.,-0.));
#7425 = DIRECTION('',(0.,-1.,0.));
#7426 = ADVANCED_FACE('',(#7427),#7452,.T.);
#7427 = FACE_BOUND('',#7428,.T.);
#7428 = EDGE_LOOP('',(#7429,#7439,#7445,#7446));
#7429 = ORIENTED_EDGE('',*,*,#7430,.T.);
#7430 = EDGE_CURVE('',#7431,#7433,#7435,.T.);
#7431 = VERTEX_POINT('',#7432);
#7432 = CARTESIAN_POINT('',(-38.20209821428,-36.09142857142,9.));
#7433 = VERTEX_POINT('',#7434);
#7434 = CARTESIAN_POINT('',(-38.20209821428,-36.09142857142,10.));
#7435 = LINE('',#7436,#7437);
#7436 = CARTESIAN_POINT('',(-38.20209821428,-36.09142857142,9.));
#7437 = VECTOR('',#7438,1.);
#7438 = DIRECTION('',(0.,0.,1.));
#7439 = ORIENTED_EDGE('',*,*,#7440,.T.);
#7440 = EDGE_CURVE('',#7433,#7402,#7441,.T.);
#7441 = LINE('',#7442,#7443);
#7442 = CARTESIAN_POINT('',(-38.20209821428,-36.09142857142,10.));
#7443 = VECTOR('',#7444,1.);
#7444 = DIRECTION('',(1.,0.,0.));
#7445 = ORIENTED_EDGE('',*,*,#7399,.F.);
#7446 = ORIENTED_EDGE('',*,*,#7447,.F.);
#7447 = EDGE_CURVE('',#7431,#7400,#7448,.T.);
#7448 = LINE('',#7449,#7450);
#7449 = CARTESIAN_POINT('',(-38.20209821428,-36.09142857142,9.));
#7450 = VECTOR('',#7451,1.);
#7451 = DIRECTION('',(1.,0.,0.));
#7452 = PLANE('',#7453);
#7453 = AXIS2_PLACEMENT_3D('',#7454,#7455,#7456);
#7454 = CARTESIAN_POINT('',(-38.20209821428,-36.09142857142,9.));
#7455 = DIRECTION('',(0.,1.,0.));
#7456 = DIRECTION('',(1.,0.,0.));
#7457 = ADVANCED_FACE('',(#7458),#7483,.T.);
#7458 = FACE_BOUND('',#7459,.T.);
#7459 = EDGE_LOOP('',(#7460,#7470,#7476,#7477));
#7460 = ORIENTED_EDGE('',*,*,#7461,.T.);
#7461 = EDGE_CURVE('',#7462,#7464,#7466,.T.);
#7462 = VERTEX_POINT('',#7463);
#7463 = CARTESIAN_POINT('',(-38.20209821428,-28.66,9.));
#7464 = VERTEX_POINT('',#7465);
#7465 = CARTESIAN_POINT('',(-38.20209821428,-28.66,10.));
#7466 = LINE('',#7467,#7468);
#7467 = CARTESIAN_POINT('',(-38.20209821428,-28.66,9.));
#7468 = VECTOR('',#7469,1.);
#7469 = DIRECTION('',(0.,0.,1.));
#7470 = ORIENTED_EDGE('',*,*,#7471,.T.);
#7471 = EDGE_CURVE('',#7464,#7433,#7472,.T.);
#7472 = LINE('',#7473,#7474);
#7473 = CARTESIAN_POINT('',(-38.20209821428,-28.66,10.));
#7474 = VECTOR('',#7475,1.);
#7475 = DIRECTION('',(0.,-1.,0.));
#7476 = ORIENTED_EDGE('',*,*,#7430,.F.);
#7477 = ORIENTED_EDGE('',*,*,#7478,.F.);
#7478 = EDGE_CURVE('',#7462,#7431,#7479,.T.);
#7479 = LINE('',#7480,#7481);
#7480 = CARTESIAN_POINT('',(-38.20209821428,-28.66,9.));
#7481 = VECTOR('',#7482,1.);
#7482 = DIRECTION('',(0.,-1.,0.));
#7483 = PLANE('',#7484);
#7484 = AXIS2_PLACEMENT_3D('',#7485,#7486,#7487);
#7485 = CARTESIAN_POINT('',(-38.20209821428,-28.66,9.));
#7486 = DIRECTION('',(1.,0.,-0.));
#7487 = DIRECTION('',(0.,-1.,0.));
#7488 = ADVANCED_FACE('',(#7489),#7505,.T.);
#7489 = FACE_BOUND('',#7490,.T.);
#7490 = EDGE_LOOP('',(#7491,#7492,#7498,#7499));
#7491 = ORIENTED_EDGE('',*,*,#7346,.T.);
#7492 = ORIENTED_EDGE('',*,*,#7493,.T.);
#7493 = EDGE_CURVE('',#7339,#7464,#7494,.T.);
#7494 = LINE('',#7495,#7496);
#7495 = CARTESIAN_POINT('',(-39.98,-28.66,10.));
#7496 = VECTOR('',#7497,1.);
#7497 = DIRECTION('',(1.,0.,0.));
#7498 = ORIENTED_EDGE('',*,*,#7461,.F.);
#7499 = ORIENTED_EDGE('',*,*,#7500,.F.);
#7500 = EDGE_CURVE('',#7347,#7462,#7501,.T.);
#7501 = LINE('',#7502,#7503);
#7502 = CARTESIAN_POINT('',(-39.98,-28.66,9.));
#7503 = VECTOR('',#7504,1.);
#7504 = DIRECTION('',(1.,0.,0.));
#7505 = PLANE('',#7506);
#7506 = AXIS2_PLACEMENT_3D('',#7507,#7508,#7509);
#7507 = CARTESIAN_POINT('',(-39.98,-28.66,9.));
#7508 = DIRECTION('',(0.,1.,0.));
#7509 = DIRECTION('',(1.,0.,0.));
#7510 = ADVANCED_FACE('',(#7511),#7519,.F.);
#7511 = FACE_BOUND('',#7512,.F.);
#7512 = EDGE_LOOP('',(#7513,#7514,#7515,#7516,#7517,#7518));
#7513 = ORIENTED_EDGE('',*,*,#7354,.F.);
#7514 = ORIENTED_EDGE('',*,*,#7385,.F.);
#7515 = ORIENTED_EDGE('',*,*,#7416,.F.);
#7516 = ORIENTED_EDGE('',*,*,#7447,.F.);
#7517 = ORIENTED_EDGE('',*,*,#7478,.F.);
#7518 = ORIENTED_EDGE('',*,*,#7500,.F.);
#7519 = PLANE('',#7520);
#7520 = AXIS2_PLACEMENT_3D('',#7521,#7522,#7523);
#7521 = CARTESIAN_POINT('',(-38.15871465722,-34.12911644294,9.));
#7522 = DIRECTION('',(0.,0.,1.));
#7523 = DIRECTION('',(1.,0.,0.));
#7524 = ADVANCED_FACE('',(#7525),#7533,.T.);
#7525 = FACE_BOUND('',#7526,.T.);
#7526 = EDGE_LOOP('',(#7527,#7528,#7529,#7530,#7531,#7532));
#7527 = ORIENTED_EDGE('',*,*,#7338,.F.);
#7528 = ORIENTED_EDGE('',*,*,#7378,.F.);
#7529 = ORIENTED_EDGE('',*,*,#7409,.F.);
#7530 = ORIENTED_EDGE('',*,*,#7440,.F.);
#7531 = ORIENTED_EDGE('',*,*,#7471,.F.);
#7532 = ORIENTED_EDGE('',*,*,#7493,.F.);
#7533 = PLANE('',#7534);
#7534 = AXIS2_PLACEMENT_3D('',#7535,#7536,#7537);
#7535 = CARTESIAN_POINT('',(-38.15871465722,-34.12911644294,10.));
#7536 = DIRECTION('',(0.,0.,1.));
#7537 = DIRECTION('',(1.,0.,0.));
#7538 = MANIFOLD_SOLID_BREP('',#7539);
#7539 = CLOSED_SHELL('',(#7540,#7580,#7611,#7642,#7673,#7704,#7735,#7766
    ,#7797,#7828,#7859,#7890,#7912,#7932));
#7540 = ADVANCED_FACE('',(#7541),#7575,.T.);
#7541 = FACE_BOUND('',#7542,.T.);
#7542 = EDGE_LOOP('',(#7543,#7553,#7561,#7569));
#7543 = ORIENTED_EDGE('',*,*,#7544,.T.);
#7544 = EDGE_CURVE('',#7545,#7547,#7549,.T.);
#7545 = VERTEX_POINT('',#7546);
#7546 = CARTESIAN_POINT('',(-32.86799107142,-30.22857142857,9.));
#7547 = VERTEX_POINT('',#7548);
#7548 = CARTESIAN_POINT('',(-32.86799107142,-30.22857142857,10.));
#7549 = LINE('',#7550,#7551);
#7550 = CARTESIAN_POINT('',(-32.86799107142,-30.22857142857,9.));
#7551 = VECTOR('',#7552,1.);
#7552 = DIRECTION('',(0.,0.,1.));
#7553 = ORIENTED_EDGE('',*,*,#7554,.T.);
#7554 = EDGE_CURVE('',#7547,#7555,#7557,.T.);
#7555 = VERTEX_POINT('',#7556);
#7556 = CARTESIAN_POINT('',(-32.86799107142,-28.66,10.));
#7557 = LINE('',#7558,#7559);
#7558 = CARTESIAN_POINT('',(-32.86799107142,-30.22857142857,10.));
#7559 = VECTOR('',#7560,1.);
#7560 = DIRECTION('',(0.,1.,0.));
#7561 = ORIENTED_EDGE('',*,*,#7562,.F.);
#7562 = EDGE_CURVE('',#7563,#7555,#7565,.T.);
#7563 = VERTEX_POINT('',#7564);
#7564 = CARTESIAN_POINT('',(-32.86799107142,-28.66,9.));
#7565 = LINE('',#7566,#7567);
#7566 = CARTESIAN_POINT('',(-32.86799107142,-28.66,9.));
#7567 = VECTOR('',#7568,1.);
#7568 = DIRECTION('',(0.,0.,1.));
#7569 = ORIENTED_EDGE('',*,*,#7570,.F.);
#7570 = EDGE_CURVE('',#7545,#7563,#7571,.T.);
#7571 = LINE('',#7572,#7573);
#7572 = CARTESIAN_POINT('',(-32.86799107142,-30.22857142857,9.));
#7573 = VECTOR('',#7574,1.);
#7574 = DIRECTION('',(0.,1.,0.));
#7575 = PLANE('',#7576);
#7576 = AXIS2_PLACEMENT_3D('',#7577,#7578,#7579);
#7577 = CARTESIAN_POINT('',(-32.86799107142,-30.22857142857,9.));
#7578 = DIRECTION('',(-1.,0.,0.));
#7579 = DIRECTION('',(0.,1.,0.));
#7580 = ADVANCED_FACE('',(#7581),#7606,.T.);
#7581 = FACE_BOUND('',#7582,.T.);
#7582 = EDGE_LOOP('',(#7583,#7593,#7599,#7600));
#7583 = ORIENTED_EDGE('',*,*,#7584,.T.);
#7584 = EDGE_CURVE('',#7585,#7587,#7589,.T.);
#7585 = VERTEX_POINT('',#7586);
#7586 = CARTESIAN_POINT('',(-31.07803571428,-30.22857142857,9.));
#7587 = VERTEX_POINT('',#7588);
#7588 = CARTESIAN_POINT('',(-31.07803571428,-30.22857142857,10.));
#7589 = LINE('',#7590,#7591);
#7590 = CARTESIAN_POINT('',(-31.07803571428,-30.22857142857,9.));
#7591 = VECTOR('',#7592,1.);
#7592 = DIRECTION('',(0.,0.,1.));
#7593 = ORIENTED_EDGE('',*,*,#7594,.T.);
#7594 = EDGE_CURVE('',#7587,#7547,#7595,.T.);
#7595 = LINE('',#7596,#7597);
#7596 = CARTESIAN_POINT('',(-31.07803571428,-30.22857142857,10.));
#7597 = VECTOR('',#7598,1.);
#7598 = DIRECTION('',(-1.,0.,0.));
#7599 = ORIENTED_EDGE('',*,*,#7544,.F.);
#7600 = ORIENTED_EDGE('',*,*,#7601,.F.);
#7601 = EDGE_CURVE('',#7585,#7545,#7602,.T.);
#7602 = LINE('',#7603,#7604);
#7603 = CARTESIAN_POINT('',(-31.07803571428,-30.22857142857,9.));
#7604 = VECTOR('',#7605,1.);
#7605 = DIRECTION('',(-1.,0.,0.));
#7606 = PLANE('',#7607);
#7607 = AXIS2_PLACEMENT_3D('',#7608,#7609,#7610);
#7608 = CARTESIAN_POINT('',(-31.07803571428,-30.22857142857,9.));
#7609 = DIRECTION('',(0.,-1.,0.));
#7610 = DIRECTION('',(-1.,0.,0.));
#7611 = ADVANCED_FACE('',(#7612),#7637,.T.);
#7612 = FACE_BOUND('',#7613,.T.);
#7613 = EDGE_LOOP('',(#7614,#7624,#7630,#7631));
#7614 = ORIENTED_EDGE('',*,*,#7615,.T.);
#7615 = EDGE_CURVE('',#7616,#7618,#7620,.T.);
#7616 = VERTEX_POINT('',#7617);
#7617 = CARTESIAN_POINT('',(-31.07803571428,-36.09142857142,9.));
#7618 = VERTEX_POINT('',#7619);
#7619 = CARTESIAN_POINT('',(-31.07803571428,-36.09142857142,10.));
#7620 = LINE('',#7621,#7622);
#7621 = CARTESIAN_POINT('',(-31.07803571428,-36.09142857142,9.));
#7622 = VECTOR('',#7623,1.);
#7623 = DIRECTION('',(0.,0.,1.));
#7624 = ORIENTED_EDGE('',*,*,#7625,.T.);
#7625 = EDGE_CURVE('',#7618,#7587,#7626,.T.);
#7626 = LINE('',#7627,#7628);
#7627 = CARTESIAN_POINT('',(-31.07803571428,-36.09142857142,10.));
#7628 = VECTOR('',#7629,1.);
#7629 = DIRECTION('',(0.,1.,0.));
#7630 = ORIENTED_EDGE('',*,*,#7584,.F.);
#7631 = ORIENTED_EDGE('',*,*,#7632,.F.);
#7632 = EDGE_CURVE('',#7616,#7585,#7633,.T.);
#7633 = LINE('',#7634,#7635);
#7634 = CARTESIAN_POINT('',(-31.07803571428,-36.09142857142,9.));
#7635 = VECTOR('',#7636,1.);
#7636 = DIRECTION('',(0.,1.,0.));
#7637 = PLANE('',#7638);
#7638 = AXIS2_PLACEMENT_3D('',#7639,#7640,#7641);
#7639 = CARTESIAN_POINT('',(-31.07803571428,-36.09142857142,9.));
#7640 = DIRECTION('',(-1.,0.,0.));
#7641 = DIRECTION('',(0.,1.,0.));
#7642 = ADVANCED_FACE('',(#7643),#7668,.T.);
#7643 = FACE_BOUND('',#7644,.T.);
#7644 = EDGE_LOOP('',(#7645,#7655,#7661,#7662));
#7645 = ORIENTED_EDGE('',*,*,#7646,.T.);
#7646 = EDGE_CURVE('',#7647,#7649,#7651,.T.);
#7647 = VERTEX_POINT('',#7648);
#7648 = CARTESIAN_POINT('',(-32.86799107142,-36.09142857142,9.));
#7649 = VERTEX_POINT('',#7650);
#7650 = CARTESIAN_POINT('',(-32.86799107142,-36.09142857142,10.));
#7651 = LINE('',#7652,#7653);
#7652 = CARTESIAN_POINT('',(-32.86799107142,-36.09142857142,9.));
#7653 = VECTOR('',#7654,1.);
#7654 = DIRECTION('',(0.,0.,1.));
#7655 = ORIENTED_EDGE('',*,*,#7656,.T.);
#7656 = EDGE_CURVE('',#7649,#7618,#7657,.T.);
#7657 = LINE('',#7658,#7659);
#7658 = CARTESIAN_POINT('',(-32.86799107142,-36.09142857142,10.));
#7659 = VECTOR('',#7660,1.);
#7660 = DIRECTION('',(1.,0.,0.));
#7661 = ORIENTED_EDGE('',*,*,#7615,.F.);
#7662 = ORIENTED_EDGE('',*,*,#7663,.F.);
#7663 = EDGE_CURVE('',#7647,#7616,#7664,.T.);
#7664 = LINE('',#7665,#7666);
#7665 = CARTESIAN_POINT('',(-32.86799107142,-36.09142857142,9.));
#7666 = VECTOR('',#7667,1.);
#7667 = DIRECTION('',(1.,0.,0.));
#7668 = PLANE('',#7669);
#7669 = AXIS2_PLACEMENT_3D('',#7670,#7671,#7672);
#7670 = CARTESIAN_POINT('',(-32.86799107142,-36.09142857142,9.));
#7671 = DIRECTION('',(0.,1.,0.));
#7672 = DIRECTION('',(1.,0.,0.));
#7673 = ADVANCED_FACE('',(#7674),#7699,.T.);
#7674 = FACE_BOUND('',#7675,.T.);
#7675 = EDGE_LOOP('',(#7676,#7686,#7692,#7693));
#7676 = ORIENTED_EDGE('',*,*,#7677,.T.);
#7677 = EDGE_CURVE('',#7678,#7680,#7682,.T.);
#7678 = VERTEX_POINT('',#7679);
#7679 = CARTESIAN_POINT('',(-32.86799107142,-37.66,9.));
#7680 = VERTEX_POINT('',#7681);
#7681 = CARTESIAN_POINT('',(-32.86799107142,-37.66,10.));
#7682 = LINE('',#7683,#7684);
#7683 = CARTESIAN_POINT('',(-32.86799107142,-37.66,9.));
#7684 = VECTOR('',#7685,1.);
#7685 = DIRECTION('',(0.,0.,1.));
#7686 = ORIENTED_EDGE('',*,*,#7687,.T.);
#7687 = EDGE_CURVE('',#7680,#7649,#7688,.T.);
#7688 = LINE('',#7689,#7690);
#7689 = CARTESIAN_POINT('',(-32.86799107142,-37.66,10.));
#7690 = VECTOR('',#7691,1.);
#7691 = DIRECTION('',(0.,1.,0.));
#7692 = ORIENTED_EDGE('',*,*,#7646,.F.);
#7693 = ORIENTED_EDGE('',*,*,#7694,.F.);
#7694 = EDGE_CURVE('',#7678,#7647,#7695,.T.);
#7695 = LINE('',#7696,#7697);
#7696 = CARTESIAN_POINT('',(-32.86799107142,-37.66,9.));
#7697 = VECTOR('',#7698,1.);
#7698 = DIRECTION('',(0.,1.,0.));
#7699 = PLANE('',#7700);
#7700 = AXIS2_PLACEMENT_3D('',#7701,#7702,#7703);
#7701 = CARTESIAN_POINT('',(-32.86799107142,-37.66,9.));
#7702 = DIRECTION('',(-1.,0.,0.));
#7703 = DIRECTION('',(0.,1.,0.));
#7704 = ADVANCED_FACE('',(#7705),#7730,.T.);
#7705 = FACE_BOUND('',#7706,.T.);
#7706 = EDGE_LOOP('',(#7707,#7717,#7723,#7724));
#7707 = ORIENTED_EDGE('',*,*,#7708,.T.);
#7708 = EDGE_CURVE('',#7709,#7711,#7713,.T.);
#7709 = VERTEX_POINT('',#7710);
#7710 = CARTESIAN_POINT('',(-27.51017857142,-37.66,9.));
#7711 = VERTEX_POINT('',#7712);
#7712 = CARTESIAN_POINT('',(-27.51017857142,-37.66,10.));
#7713 = LINE('',#7714,#7715);
#7714 = CARTESIAN_POINT('',(-27.51017857142,-37.66,9.));
#7715 = VECTOR('',#7716,1.);
#7716 = DIRECTION('',(0.,0.,1.));
#7717 = ORIENTED_EDGE('',*,*,#7718,.T.);
#7718 = EDGE_CURVE('',#7711,#7680,#7719,.T.);
#7719 = LINE('',#7720,#7721);
#7720 = CARTESIAN_POINT('',(-27.51017857142,-37.66,10.));
#7721 = VECTOR('',#7722,1.);
#7722 = DIRECTION('',(-1.,0.,0.));
#7723 = ORIENTED_EDGE('',*,*,#7677,.F.);
#7724 = ORIENTED_EDGE('',*,*,#7725,.F.);
#7725 = EDGE_CURVE('',#7709,#7678,#7726,.T.);
#7726 = LINE('',#7727,#7728);
#7727 = CARTESIAN_POINT('',(-27.51017857142,-37.66,9.));
#7728 = VECTOR('',#7729,1.);
#7729 = DIRECTION('',(-1.,0.,0.));
#7730 = PLANE('',#7731);
#7731 = AXIS2_PLACEMENT_3D('',#7732,#7733,#7734);
#7732 = CARTESIAN_POINT('',(-27.51017857142,-37.66,9.));
#7733 = DIRECTION('',(0.,-1.,0.));
#7734 = DIRECTION('',(-1.,0.,0.));
#7735 = ADVANCED_FACE('',(#7736),#7761,.T.);
#7736 = FACE_BOUND('',#7737,.T.);
#7737 = EDGE_LOOP('',(#7738,#7748,#7754,#7755));
#7738 = ORIENTED_EDGE('',*,*,#7739,.T.);
#7739 = EDGE_CURVE('',#7740,#7742,#7744,.T.);
#7740 = VERTEX_POINT('',#7741);
#7741 = CARTESIAN_POINT('',(-27.51017857142,-36.09142857142,9.));
#7742 = VERTEX_POINT('',#7743);
#7743 = CARTESIAN_POINT('',(-27.51017857142,-36.09142857142,10.));
#7744 = LINE('',#7745,#7746);
#7745 = CARTESIAN_POINT('',(-27.51017857142,-36.09142857142,9.));
#7746 = VECTOR('',#7747,1.);
#7747 = DIRECTION('',(0.,0.,1.));
#7748 = ORIENTED_EDGE('',*,*,#7749,.T.);
#7749 = EDGE_CURVE('',#7742,#7711,#7750,.T.);
#7750 = LINE('',#7751,#7752);
#7751 = CARTESIAN_POINT('',(-27.51017857142,-36.09142857142,10.));
#7752 = VECTOR('',#7753,1.);
#7753 = DIRECTION('',(0.,-1.,0.));
#7754 = ORIENTED_EDGE('',*,*,#7708,.F.);
#7755 = ORIENTED_EDGE('',*,*,#7756,.F.);
#7756 = EDGE_CURVE('',#7740,#7709,#7757,.T.);
#7757 = LINE('',#7758,#7759);
#7758 = CARTESIAN_POINT('',(-27.51017857142,-36.09142857142,9.));
#7759 = VECTOR('',#7760,1.);
#7760 = DIRECTION('',(0.,-1.,0.));
#7761 = PLANE('',#7762);
#7762 = AXIS2_PLACEMENT_3D('',#7763,#7764,#7765);
#7763 = CARTESIAN_POINT('',(-27.51017857142,-36.09142857142,9.));
#7764 = DIRECTION('',(1.,0.,-0.));
#7765 = DIRECTION('',(0.,-1.,0.));
#7766 = ADVANCED_FACE('',(#7767),#7792,.T.);
#7767 = FACE_BOUND('',#7768,.T.);
#7768 = EDGE_LOOP('',(#7769,#7779,#7785,#7786));
#7769 = ORIENTED_EDGE('',*,*,#7770,.T.);
#7770 = EDGE_CURVE('',#7771,#7773,#7775,.T.);
#7771 = VERTEX_POINT('',#7772);
#7772 = CARTESIAN_POINT('',(-29.30013392857,-36.09142857142,9.));
#7773 = VERTEX_POINT('',#7774);
#7774 = CARTESIAN_POINT('',(-29.30013392857,-36.09142857142,10.));
#7775 = LINE('',#7776,#7777);
#7776 = CARTESIAN_POINT('',(-29.30013392857,-36.09142857142,9.));
#7777 = VECTOR('',#7778,1.);
#7778 = DIRECTION('',(0.,0.,1.));
#7779 = ORIENTED_EDGE('',*,*,#7780,.T.);
#7780 = EDGE_CURVE('',#7773,#7742,#7781,.T.);
#7781 = LINE('',#7782,#7783);
#7782 = CARTESIAN_POINT('',(-29.30013392857,-36.09142857142,10.));
#7783 = VECTOR('',#7784,1.);
#7784 = DIRECTION('',(1.,0.,0.));
#7785 = ORIENTED_EDGE('',*,*,#7739,.F.);
#7786 = ORIENTED_EDGE('',*,*,#7787,.F.);
#7787 = EDGE_CURVE('',#7771,#7740,#7788,.T.);
#7788 = LINE('',#7789,#7790);
#7789 = CARTESIAN_POINT('',(-29.30013392857,-36.09142857142,9.));
#7790 = VECTOR('',#7791,1.);
#7791 = DIRECTION('',(1.,0.,0.));
#7792 = PLANE('',#7793);
#7793 = AXIS2_PLACEMENT_3D('',#7794,#7795,#7796);
#7794 = CARTESIAN_POINT('',(-29.30013392857,-36.09142857142,9.));
#7795 = DIRECTION('',(0.,1.,0.));
#7796 = DIRECTION('',(1.,0.,0.));
#7797 = ADVANCED_FACE('',(#7798),#7823,.T.);
#7798 = FACE_BOUND('',#7799,.T.);
#7799 = EDGE_LOOP('',(#7800,#7810,#7816,#7817));
#7800 = ORIENTED_EDGE('',*,*,#7801,.T.);
#7801 = EDGE_CURVE('',#7802,#7804,#7806,.T.);
#7802 = VERTEX_POINT('',#7803);
#7803 = CARTESIAN_POINT('',(-29.30013392857,-30.22857142857,9.));
#7804 = VERTEX_POINT('',#7805);
#7805 = CARTESIAN_POINT('',(-29.30013392857,-30.22857142857,10.));
#7806 = LINE('',#7807,#7808);
#7807 = CARTESIAN_POINT('',(-29.30013392857,-30.22857142857,9.));
#7808 = VECTOR('',#7809,1.);
#7809 = DIRECTION('',(0.,0.,1.));
#7810 = ORIENTED_EDGE('',*,*,#7811,.T.);
#7811 = EDGE_CURVE('',#7804,#7773,#7812,.T.);
#7812 = LINE('',#7813,#7814);
#7813 = CARTESIAN_POINT('',(-29.30013392857,-30.22857142857,10.));
#7814 = VECTOR('',#7815,1.);
#7815 = DIRECTION('',(0.,-1.,0.));
#7816 = ORIENTED_EDGE('',*,*,#7770,.F.);
#7817 = ORIENTED_EDGE('',*,*,#7818,.F.);
#7818 = EDGE_CURVE('',#7802,#7771,#7819,.T.);
#7819 = LINE('',#7820,#7821);
#7820 = CARTESIAN_POINT('',(-29.30013392857,-30.22857142857,9.));
#7821 = VECTOR('',#7822,1.);
#7822 = DIRECTION('',(0.,-1.,0.));
#7823 = PLANE('',#7824);
#7824 = AXIS2_PLACEMENT_3D('',#7825,#7826,#7827);
#7825 = CARTESIAN_POINT('',(-29.30013392857,-30.22857142857,9.));
#7826 = DIRECTION('',(1.,0.,-0.));
#7827 = DIRECTION('',(0.,-1.,0.));
#7828 = ADVANCED_FACE('',(#7829),#7854,.T.);
#7829 = FACE_BOUND('',#7830,.T.);
#7830 = EDGE_LOOP('',(#7831,#7841,#7847,#7848));
#7831 = ORIENTED_EDGE('',*,*,#7832,.T.);
#7832 = EDGE_CURVE('',#7833,#7835,#7837,.T.);
#7833 = VERTEX_POINT('',#7834);
#7834 = CARTESIAN_POINT('',(-27.51017857142,-30.22857142857,9.));
#7835 = VERTEX_POINT('',#7836);
#7836 = CARTESIAN_POINT('',(-27.51017857142,-30.22857142857,10.));
#7837 = LINE('',#7838,#7839);
#7838 = CARTESIAN_POINT('',(-27.51017857142,-30.22857142857,9.));
#7839 = VECTOR('',#7840,1.);
#7840 = DIRECTION('',(0.,0.,1.));
#7841 = ORIENTED_EDGE('',*,*,#7842,.T.);
#7842 = EDGE_CURVE('',#7835,#7804,#7843,.T.);
#7843 = LINE('',#7844,#7845);
#7844 = CARTESIAN_POINT('',(-27.51017857142,-30.22857142857,10.));
#7845 = VECTOR('',#7846,1.);
#7846 = DIRECTION('',(-1.,0.,0.));
#7847 = ORIENTED_EDGE('',*,*,#7801,.F.);
#7848 = ORIENTED_EDGE('',*,*,#7849,.F.);
#7849 = EDGE_CURVE('',#7833,#7802,#7850,.T.);
#7850 = LINE('',#7851,#7852);
#7851 = CARTESIAN_POINT('',(-27.51017857142,-30.22857142857,9.));
#7852 = VECTOR('',#7853,1.);
#7853 = DIRECTION('',(-1.,0.,0.));
#7854 = PLANE('',#7855);
#7855 = AXIS2_PLACEMENT_3D('',#7856,#7857,#7858);
#7856 = CARTESIAN_POINT('',(-27.51017857142,-30.22857142857,9.));
#7857 = DIRECTION('',(0.,-1.,0.));
#7858 = DIRECTION('',(-1.,0.,0.));
#7859 = ADVANCED_FACE('',(#7860),#7885,.T.);
#7860 = FACE_BOUND('',#7861,.T.);
#7861 = EDGE_LOOP('',(#7862,#7872,#7878,#7879));
#7862 = ORIENTED_EDGE('',*,*,#7863,.T.);
#7863 = EDGE_CURVE('',#7864,#7866,#7868,.T.);
#7864 = VERTEX_POINT('',#7865);
#7865 = CARTESIAN_POINT('',(-27.51017857142,-28.66,9.));
#7866 = VERTEX_POINT('',#7867);
#7867 = CARTESIAN_POINT('',(-27.51017857142,-28.66,10.));
#7868 = LINE('',#7869,#7870);
#7869 = CARTESIAN_POINT('',(-27.51017857142,-28.66,9.));
#7870 = VECTOR('',#7871,1.);
#7871 = DIRECTION('',(0.,0.,1.));
#7872 = ORIENTED_EDGE('',*,*,#7873,.T.);
#7873 = EDGE_CURVE('',#7866,#7835,#7874,.T.);
#7874 = LINE('',#7875,#7876);
#7875 = CARTESIAN_POINT('',(-27.51017857142,-28.66,10.));
#7876 = VECTOR('',#7877,1.);
#7877 = DIRECTION('',(0.,-1.,0.));
#7878 = ORIENTED_EDGE('',*,*,#7832,.F.);
#7879 = ORIENTED_EDGE('',*,*,#7880,.F.);
#7880 = EDGE_CURVE('',#7864,#7833,#7881,.T.);
#7881 = LINE('',#7882,#7883);
#7882 = CARTESIAN_POINT('',(-27.51017857142,-28.66,9.));
#7883 = VECTOR('',#7884,1.);
#7884 = DIRECTION('',(0.,-1.,0.));
#7885 = PLANE('',#7886);
#7886 = AXIS2_PLACEMENT_3D('',#7887,#7888,#7889);
#7887 = CARTESIAN_POINT('',(-27.51017857142,-28.66,9.));
#7888 = DIRECTION('',(1.,0.,-0.));
#7889 = DIRECTION('',(0.,-1.,0.));
#7890 = ADVANCED_FACE('',(#7891),#7907,.T.);
#7891 = FACE_BOUND('',#7892,.T.);
#7892 = EDGE_LOOP('',(#7893,#7894,#7900,#7901));
#7893 = ORIENTED_EDGE('',*,*,#7562,.T.);
#7894 = ORIENTED_EDGE('',*,*,#7895,.T.);
#7895 = EDGE_CURVE('',#7555,#7866,#7896,.T.);
#7896 = LINE('',#7897,#7898);
#7897 = CARTESIAN_POINT('',(-32.86799107142,-28.66,10.));
#7898 = VECTOR('',#7899,1.);
#7899 = DIRECTION('',(1.,0.,0.));
#7900 = ORIENTED_EDGE('',*,*,#7863,.F.);
#7901 = ORIENTED_EDGE('',*,*,#7902,.F.);
#7902 = EDGE_CURVE('',#7563,#7864,#7903,.T.);
#7903 = LINE('',#7904,#7905);
#7904 = CARTESIAN_POINT('',(-32.86799107142,-28.66,9.));
#7905 = VECTOR('',#7906,1.);
#7906 = DIRECTION('',(1.,0.,0.));
#7907 = PLANE('',#7908);
#7908 = AXIS2_PLACEMENT_3D('',#7909,#7910,#7911);
#7909 = CARTESIAN_POINT('',(-32.86799107142,-28.66,9.));
#7910 = DIRECTION('',(0.,1.,0.));
#7911 = DIRECTION('',(1.,0.,0.));
#7912 = ADVANCED_FACE('',(#7913),#7927,.F.);
#7913 = FACE_BOUND('',#7914,.F.);
#7914 = EDGE_LOOP('',(#7915,#7916,#7917,#7918,#7919,#7920,#7921,#7922,
    #7923,#7924,#7925,#7926));
#7915 = ORIENTED_EDGE('',*,*,#7570,.F.);
#7916 = ORIENTED_EDGE('',*,*,#7601,.F.);
#7917 = ORIENTED_EDGE('',*,*,#7632,.F.);
#7918 = ORIENTED_EDGE('',*,*,#7663,.F.);
#7919 = ORIENTED_EDGE('',*,*,#7694,.F.);
#7920 = ORIENTED_EDGE('',*,*,#7725,.F.);
#7921 = ORIENTED_EDGE('',*,*,#7756,.F.);
#7922 = ORIENTED_EDGE('',*,*,#7787,.F.);
#7923 = ORIENTED_EDGE('',*,*,#7818,.F.);
#7924 = ORIENTED_EDGE('',*,*,#7849,.F.);
#7925 = ORIENTED_EDGE('',*,*,#7880,.F.);
#7926 = ORIENTED_EDGE('',*,*,#7902,.F.);
#7927 = PLANE('',#7928);
#7928 = AXIS2_PLACEMENT_3D('',#7929,#7930,#7931);
#7929 = CARTESIAN_POINT('',(-30.18908482142,-33.16,9.));
#7930 = DIRECTION('',(0.,0.,1.));
#7931 = DIRECTION('',(1.,0.,0.));
#7932 = ADVANCED_FACE('',(#7933),#7947,.T.);
#7933 = FACE_BOUND('',#7934,.T.);
#7934 = EDGE_LOOP('',(#7935,#7936,#7937,#7938,#7939,#7940,#7941,#7942,
    #7943,#7944,#7945,#7946));
#7935 = ORIENTED_EDGE('',*,*,#7554,.F.);
#7936 = ORIENTED_EDGE('',*,*,#7594,.F.);
#7937 = ORIENTED_EDGE('',*,*,#7625,.F.);
#7938 = ORIENTED_EDGE('',*,*,#7656,.F.);
#7939 = ORIENTED_EDGE('',*,*,#7687,.F.);
#7940 = ORIENTED_EDGE('',*,*,#7718,.F.);
#7941 = ORIENTED_EDGE('',*,*,#7749,.F.);
#7942 = ORIENTED_EDGE('',*,*,#7780,.F.);
#7943 = ORIENTED_EDGE('',*,*,#7811,.F.);
#7944 = ORIENTED_EDGE('',*,*,#7842,.F.);
#7945 = ORIENTED_EDGE('',*,*,#7873,.F.);
#7946 = ORIENTED_EDGE('',*,*,#7895,.F.);
#7947 = PLANE('',#7948);
#7948 = AXIS2_PLACEMENT_3D('',#7949,#7950,#7951);
#7949 = CARTESIAN_POINT('',(-30.18908482142,-33.16,10.));
#7950 = DIRECTION('',(0.,0.,1.));
#7951 = DIRECTION('',(1.,0.,0.));
#7952 = MANIFOLD_SOLID_BREP('',#7953);
#7953 = CLOSED_SHELL('',(#7954,#7994,#8025,#8056,#8087,#8118,#8149,#8180
    ,#8211,#8242,#8264,#8282));
#7954 = ADVANCED_FACE('',(#7955),#7989,.T.);
#7955 = FACE_BOUND('',#7956,.T.);
#7956 = EDGE_LOOP('',(#7957,#7967,#7975,#7983));
#7957 = ORIENTED_EDGE('',*,*,#7958,.T.);
#7958 = EDGE_CURVE('',#7959,#7961,#7963,.T.);
#7959 = VERTEX_POINT('',#7960);
#7960 = CARTESIAN_POINT('',(-25.75598214285,-28.66,9.));
#7961 = VERTEX_POINT('',#7962);
#7962 = CARTESIAN_POINT('',(-25.75598214285,-28.66,10.));
#7963 = LINE('',#7964,#7965);
#7964 = CARTESIAN_POINT('',(-25.75598214285,-28.66,9.));
#7965 = VECTOR('',#7966,1.);
#7966 = DIRECTION('',(0.,0.,1.));
#7967 = ORIENTED_EDGE('',*,*,#7968,.T.);
#7968 = EDGE_CURVE('',#7961,#7969,#7971,.T.);
#7969 = VERTEX_POINT('',#7970);
#7970 = CARTESIAN_POINT('',(-23.84549107142,-28.66,10.));
#7971 = LINE('',#7972,#7973);
#7972 = CARTESIAN_POINT('',(-25.75598214285,-28.66,10.));
#7973 = VECTOR('',#7974,1.);
#7974 = DIRECTION('',(1.,0.,0.));
#7975 = ORIENTED_EDGE('',*,*,#7976,.F.);
#7976 = EDGE_CURVE('',#7977,#7969,#7979,.T.);
#7977 = VERTEX_POINT('',#7978);
#7978 = CARTESIAN_POINT('',(-23.84549107142,-28.66,9.));
#7979 = LINE('',#7980,#7981);
#7980 = CARTESIAN_POINT('',(-23.84549107142,-28.66,9.));
#7981 = VECTOR('',#7982,1.);
#7982 = DIRECTION('',(0.,0.,1.));
#7983 = ORIENTED_EDGE('',*,*,#7984,.F.);
#7984 = EDGE_CURVE('',#7959,#7977,#7985,.T.);
#7985 = LINE('',#7986,#7987);
#7986 = CARTESIAN_POINT('',(-25.75598214285,-28.66,9.));
#7987 = VECTOR('',#7988,1.);
#7988 = DIRECTION('',(1.,0.,0.));
#7989 = PLANE('',#7990);
#7990 = AXIS2_PLACEMENT_3D('',#7991,#7992,#7993);
#7991 = CARTESIAN_POINT('',(-25.75598214285,-28.66,9.));
#7992 = DIRECTION('',(0.,1.,0.));
#7993 = DIRECTION('',(1.,0.,0.));
#7994 = ADVANCED_FACE('',(#7995),#8020,.T.);
#7995 = FACE_BOUND('',#7996,.T.);
#7996 = EDGE_LOOP('',(#7997,#8007,#8013,#8014));
#7997 = ORIENTED_EDGE('',*,*,#7998,.T.);
#7998 = EDGE_CURVE('',#7999,#8001,#8003,.T.);
#7999 = VERTEX_POINT('',#8000);
#8000 = CARTESIAN_POINT('',(-25.75598214285,-37.66,9.));
#8001 = VERTEX_POINT('',#8002);
#8002 = CARTESIAN_POINT('',(-25.75598214285,-37.66,10.));
#8003 = LINE('',#8004,#8005);
#8004 = CARTESIAN_POINT('',(-25.75598214285,-37.66,9.));
#8005 = VECTOR('',#8006,1.);
#8006 = DIRECTION('',(0.,0.,1.));
#8007 = ORIENTED_EDGE('',*,*,#8008,.T.);
#8008 = EDGE_CURVE('',#8001,#7961,#8009,.T.);
#8009 = LINE('',#8010,#8011);
#8010 = CARTESIAN_POINT('',(-25.75598214285,-37.66,10.));
#8011 = VECTOR('',#8012,1.);
#8012 = DIRECTION('',(0.,1.,0.));
#8013 = ORIENTED_EDGE('',*,*,#7958,.F.);
#8014 = ORIENTED_EDGE('',*,*,#8015,.F.);
#8015 = EDGE_CURVE('',#7999,#7959,#8016,.T.);
#8016 = LINE('',#8017,#8018);
#8017 = CARTESIAN_POINT('',(-25.75598214285,-37.66,9.));
#8018 = VECTOR('',#8019,1.);
#8019 = DIRECTION('',(0.,1.,0.));
#8020 = PLANE('',#8021);
#8021 = AXIS2_PLACEMENT_3D('',#8022,#8023,#8024);
#8022 = CARTESIAN_POINT('',(-25.75598214285,-37.66,9.));
#8023 = DIRECTION('',(-1.,0.,0.));
#8024 = DIRECTION('',(0.,1.,0.));
#8025 = ADVANCED_FACE('',(#8026),#8051,.T.);
#8026 = FACE_BOUND('',#8027,.T.);
#8027 = EDGE_LOOP('',(#8028,#8038,#8044,#8045));
#8028 = ORIENTED_EDGE('',*,*,#8029,.T.);
#8029 = EDGE_CURVE('',#8030,#8032,#8034,.T.);
#8030 = VERTEX_POINT('',#8031);
#8031 = CARTESIAN_POINT('',(-24.18901785714,-37.66,9.));
#8032 = VERTEX_POINT('',#8033);
#8033 = CARTESIAN_POINT('',(-24.18901785714,-37.66,10.));
#8034 = LINE('',#8035,#8036);
#8035 = CARTESIAN_POINT('',(-24.18901785714,-37.66,9.));
#8036 = VECTOR('',#8037,1.);
#8037 = DIRECTION('',(0.,0.,1.));
#8038 = ORIENTED_EDGE('',*,*,#8039,.T.);
#8039 = EDGE_CURVE('',#8032,#8001,#8040,.T.);
#8040 = LINE('',#8041,#8042);
#8041 = CARTESIAN_POINT('',(-24.18901785714,-37.66,10.));
#8042 = VECTOR('',#8043,1.);
#8043 = DIRECTION('',(-1.,0.,0.));
#8044 = ORIENTED_EDGE('',*,*,#7998,.F.);
#8045 = ORIENTED_EDGE('',*,*,#8046,.F.);
#8046 = EDGE_CURVE('',#8030,#7999,#8047,.T.);
#8047 = LINE('',#8048,#8049);
#8048 = CARTESIAN_POINT('',(-24.18901785714,-37.66,9.));
#8049 = VECTOR('',#8050,1.);
#8050 = DIRECTION('',(-1.,0.,0.));
#8051 = PLANE('',#8052);
#8052 = AXIS2_PLACEMENT_3D('',#8053,#8054,#8055);
#8053 = CARTESIAN_POINT('',(-24.18901785714,-37.66,9.));
#8054 = DIRECTION('',(0.,-1.,0.));
#8055 = DIRECTION('',(-1.,0.,0.));
#8056 = ADVANCED_FACE('',(#8057),#8082,.T.);
#8057 = FACE_BOUND('',#8058,.T.);
#8058 = EDGE_LOOP('',(#8059,#8069,#8075,#8076));
#8059 = ORIENTED_EDGE('',*,*,#8060,.T.);
#8060 = EDGE_CURVE('',#8061,#8063,#8065,.T.);
#8061 = VERTEX_POINT('',#8062);
#8062 = CARTESIAN_POINT('',(-24.18901785714,-31.11933035714,9.));
#8063 = VERTEX_POINT('',#8064);
#8064 = CARTESIAN_POINT('',(-24.18901785714,-31.11933035714,10.));
#8065 = LINE('',#8066,#8067);
#8066 = CARTESIAN_POINT('',(-24.18901785714,-31.11933035714,9.));
#8067 = VECTOR('',#8068,1.);
#8068 = DIRECTION('',(0.,0.,1.));
#8069 = ORIENTED_EDGE('',*,*,#8070,.T.);
#8070 = EDGE_CURVE('',#8063,#8032,#8071,.T.);
#8071 = LINE('',#8072,#8073);
#8072 = CARTESIAN_POINT('',(-24.18901785714,-31.11933035714,10.));
#8073 = VECTOR('',#8074,1.);
#8074 = DIRECTION('',(0.,-1.,0.));
#8075 = ORIENTED_EDGE('',*,*,#8029,.F.);
#8076 = ORIENTED_EDGE('',*,*,#8077,.F.);
#8077 = EDGE_CURVE('',#8061,#8030,#8078,.T.);
#8078 = LINE('',#8079,#8080);
#8079 = CARTESIAN_POINT('',(-24.18901785714,-31.11933035714,9.));
#8080 = VECTOR('',#8081,1.);
#8081 = DIRECTION('',(0.,-1.,0.));
#8082 = PLANE('',#8083);
#8083 = AXIS2_PLACEMENT_3D('',#8084,#8085,#8086);
#8084 = CARTESIAN_POINT('',(-24.18901785714,-31.11933035714,9.));
#8085 = DIRECTION('',(1.,0.,-0.));
#8086 = DIRECTION('',(0.,-1.,0.));
#8087 = ADVANCED_FACE('',(#8088),#8113,.T.);
#8088 = FACE_BOUND('',#8089,.T.);
#8089 = EDGE_LOOP('',(#8090,#8100,#8106,#8107));
#8090 = ORIENTED_EDGE('',*,*,#8091,.T.);
#8091 = EDGE_CURVE('',#8092,#8094,#8096,.T.);
#8092 = VERTEX_POINT('',#8093);
#8093 = CARTESIAN_POINT('',(-21.66982142857,-37.66,9.));
#8094 = VERTEX_POINT('',#8095);
#8095 = CARTESIAN_POINT('',(-21.66982142857,-37.66,10.));
#8096 = LINE('',#8097,#8098);
#8097 = CARTESIAN_POINT('',(-21.66982142857,-37.66,9.));
#8098 = VECTOR('',#8099,1.);
#8099 = DIRECTION('',(0.,0.,1.));
#8100 = ORIENTED_EDGE('',*,*,#8101,.T.);
#8101 = EDGE_CURVE('',#8094,#8063,#8102,.T.);
#8102 = LINE('',#8103,#8104);
#8103 = CARTESIAN_POINT('',(-21.66982142857,-37.66,10.));
#8104 = VECTOR('',#8105,1.);
#8105 = DIRECTION('',(-0.359420787632,0.933175598383,0.));
#8106 = ORIENTED_EDGE('',*,*,#8060,.F.);
#8107 = ORIENTED_EDGE('',*,*,#8108,.F.);
#8108 = EDGE_CURVE('',#8092,#8061,#8109,.T.);
#8109 = LINE('',#8110,#8111);
#8110 = CARTESIAN_POINT('',(-21.66982142857,-37.66,9.));
#8111 = VECTOR('',#8112,1.);
#8112 = DIRECTION('',(-0.359420787632,0.933175598383,0.));
#8113 = PLANE('',#8114);
#8114 = AXIS2_PLACEMENT_3D('',#8115,#8116,#8117);
#8115 = CARTESIAN_POINT('',(-21.66982142857,-37.66,9.));
#8116 = DIRECTION('',(-0.933175598383,-0.359420787632,0.));
#8117 = DIRECTION('',(-0.359420787632,0.933175598383,0.));
#8118 = ADVANCED_FACE('',(#8119),#8144,.T.);
#8119 = FACE_BOUND('',#8120,.T.);
#8120 = EDGE_LOOP('',(#8121,#8131,#8137,#8138));
#8121 = ORIENTED_EDGE('',*,*,#8122,.T.);
#8122 = EDGE_CURVE('',#8123,#8125,#8127,.T.);
#8123 = VERTEX_POINT('',#8124);
#8124 = CARTESIAN_POINT('',(-19.77138392857,-37.66,9.));
#8125 = VERTEX_POINT('',#8126);
#8126 = CARTESIAN_POINT('',(-19.77138392857,-37.66,10.));
#8127 = LINE('',#8128,#8129);
#8128 = CARTESIAN_POINT('',(-19.77138392857,-37.66,9.));
#8129 = VECTOR('',#8130,1.);
#8130 = DIRECTION('',(0.,0.,1.));
#8131 = ORIENTED_EDGE('',*,*,#8132,.T.);
#8132 = EDGE_CURVE('',#8125,#8094,#8133,.T.);
#8133 = LINE('',#8134,#8135);
#8134 = CARTESIAN_POINT('',(-19.77138392857,-37.66,10.));
#8135 = VECTOR('',#8136,1.);
#8136 = DIRECTION('',(-1.,0.,0.));
#8137 = ORIENTED_EDGE('',*,*,#8091,.F.);
#8138 = ORIENTED_EDGE('',*,*,#8139,.F.);
#8139 = EDGE_CURVE('',#8123,#8092,#8140,.T.);
#8140 = LINE('',#8141,#8142);
#8141 = CARTESIAN_POINT('',(-19.77138392857,-37.66,9.));
#8142 = VECTOR('',#8143,1.);
#8143 = DIRECTION('',(-1.,0.,0.));
#8144 = PLANE('',#8145);
#8145 = AXIS2_PLACEMENT_3D('',#8146,#8147,#8148);
#8146 = CARTESIAN_POINT('',(-19.77138392857,-37.66,9.));
#8147 = DIRECTION('',(0.,-1.,0.));
#8148 = DIRECTION('',(-1.,0.,0.));
#8149 = ADVANCED_FACE('',(#8150),#8175,.T.);
#8150 = FACE_BOUND('',#8151,.T.);
#8151 = EDGE_LOOP('',(#8152,#8162,#8168,#8169));
#8152 = ORIENTED_EDGE('',*,*,#8153,.T.);
#8153 = EDGE_CURVE('',#8154,#8156,#8158,.T.);
#8154 = VERTEX_POINT('',#8155);
#8155 = CARTESIAN_POINT('',(-19.77138392857,-28.66,9.));
#8156 = VERTEX_POINT('',#8157);
#8157 = CARTESIAN_POINT('',(-19.77138392857,-28.66,10.));
#8158 = LINE('',#8159,#8160);
#8159 = CARTESIAN_POINT('',(-19.77138392857,-28.66,9.));
#8160 = VECTOR('',#8161,1.);
#8161 = DIRECTION('',(0.,0.,1.));
#8162 = ORIENTED_EDGE('',*,*,#8163,.T.);
#8163 = EDGE_CURVE('',#8156,#8125,#8164,.T.);
#8164 = LINE('',#8165,#8166);
#8165 = CARTESIAN_POINT('',(-19.77138392857,-28.66,10.));
#8166 = VECTOR('',#8167,1.);
#8167 = DIRECTION('',(0.,-1.,0.));
#8168 = ORIENTED_EDGE('',*,*,#8122,.F.);
#8169 = ORIENTED_EDGE('',*,*,#8170,.F.);
#8170 = EDGE_CURVE('',#8154,#8123,#8171,.T.);
#8171 = LINE('',#8172,#8173);
#8172 = CARTESIAN_POINT('',(-19.77138392857,-28.66,9.));
#8173 = VECTOR('',#8174,1.);
#8174 = DIRECTION('',(0.,-1.,0.));
#8175 = PLANE('',#8176);
#8176 = AXIS2_PLACEMENT_3D('',#8177,#8178,#8179);
#8177 = CARTESIAN_POINT('',(-19.77138392857,-28.66,9.));
#8178 = DIRECTION('',(1.,0.,-0.));
#8179 = DIRECTION('',(0.,-1.,0.));
#8180 = ADVANCED_FACE('',(#8181),#8206,.T.);
#8181 = FACE_BOUND('',#8182,.T.);
#8182 = EDGE_LOOP('',(#8183,#8193,#8199,#8200));
#8183 = ORIENTED_EDGE('',*,*,#8184,.T.);
#8184 = EDGE_CURVE('',#8185,#8187,#8189,.T.);
#8185 = VERTEX_POINT('',#8186);
#8186 = CARTESIAN_POINT('',(-21.33834821428,-28.66,9.));
#8187 = VERTEX_POINT('',#8188);
#8188 = CARTESIAN_POINT('',(-21.33834821428,-28.66,10.));
#8189 = LINE('',#8190,#8191);
#8190 = CARTESIAN_POINT('',(-21.33834821428,-28.66,9.));
#8191 = VECTOR('',#8192,1.);
#8192 = DIRECTION('',(0.,0.,1.));
#8193 = ORIENTED_EDGE('',*,*,#8194,.T.);
#8194 = EDGE_CURVE('',#8187,#8156,#8195,.T.);
#8195 = LINE('',#8196,#8197);
#8196 = CARTESIAN_POINT('',(-21.33834821428,-28.66,10.));
#8197 = VECTOR('',#8198,1.);
#8198 = DIRECTION('',(1.,0.,0.));
#8199 = ORIENTED_EDGE('',*,*,#8153,.F.);
#8200 = ORIENTED_EDGE('',*,*,#8201,.F.);
#8201 = EDGE_CURVE('',#8185,#8154,#8202,.T.);
#8202 = LINE('',#8203,#8204);
#8203 = CARTESIAN_POINT('',(-21.33834821428,-28.66,9.));
#8204 = VECTOR('',#8205,1.);
#8205 = DIRECTION('',(1.,0.,0.));
#8206 = PLANE('',#8207);
#8207 = AXIS2_PLACEMENT_3D('',#8208,#8209,#8210);
#8208 = CARTESIAN_POINT('',(-21.33834821428,-28.66,9.));
#8209 = DIRECTION('',(0.,1.,0.));
#8210 = DIRECTION('',(1.,0.,0.));
#8211 = ADVANCED_FACE('',(#8212),#8237,.T.);
#8212 = FACE_BOUND('',#8213,.T.);
#8213 = EDGE_LOOP('',(#8214,#8224,#8230,#8231));
#8214 = ORIENTED_EDGE('',*,*,#8215,.T.);
#8215 = EDGE_CURVE('',#8216,#8218,#8220,.T.);
#8216 = VERTEX_POINT('',#8217);
#8217 = CARTESIAN_POINT('',(-21.33834821428,-35.20066964285,9.));
#8218 = VERTEX_POINT('',#8219);
#8219 = CARTESIAN_POINT('',(-21.33834821428,-35.20066964285,10.));
#8220 = LINE('',#8221,#8222);
#8221 = CARTESIAN_POINT('',(-21.33834821428,-35.20066964285,9.));
#8222 = VECTOR('',#8223,1.);
#8223 = DIRECTION('',(0.,0.,1.));
#8224 = ORIENTED_EDGE('',*,*,#8225,.T.);
#8225 = EDGE_CURVE('',#8218,#8187,#8226,.T.);
#8226 = LINE('',#8227,#8228);
#8227 = CARTESIAN_POINT('',(-21.33834821428,-35.20066964285,10.));
#8228 = VECTOR('',#8229,1.);
#8229 = DIRECTION('',(0.,1.,0.));
#8230 = ORIENTED_EDGE('',*,*,#8184,.F.);
#8231 = ORIENTED_EDGE('',*,*,#8232,.F.);
#8232 = EDGE_CURVE('',#8216,#8185,#8233,.T.);
#8233 = LINE('',#8234,#8235);
#8234 = CARTESIAN_POINT('',(-21.33834821428,-35.20066964285,9.));
#8235 = VECTOR('',#8236,1.);
#8236 = DIRECTION('',(0.,1.,0.));
#8237 = PLANE('',#8238);
#8238 = AXIS2_PLACEMENT_3D('',#8239,#8240,#8241);
#8239 = CARTESIAN_POINT('',(-21.33834821428,-35.20066964285,9.));
#8240 = DIRECTION('',(-1.,0.,0.));
#8241 = DIRECTION('',(0.,1.,0.));
#8242 = ADVANCED_FACE('',(#8243),#8259,.T.);
#8243 = FACE_BOUND('',#8244,.T.);
#8244 = EDGE_LOOP('',(#8245,#8246,#8252,#8253));
#8245 = ORIENTED_EDGE('',*,*,#7976,.T.);
#8246 = ORIENTED_EDGE('',*,*,#8247,.T.);
#8247 = EDGE_CURVE('',#7969,#8218,#8248,.T.);
#8248 = LINE('',#8249,#8250);
#8249 = CARTESIAN_POINT('',(-23.84549107142,-28.66,10.));
#8250 = VECTOR('',#8251,1.);
#8251 = DIRECTION('',(0.357921841948,-0.933751548891,0.));
#8252 = ORIENTED_EDGE('',*,*,#8215,.F.);
#8253 = ORIENTED_EDGE('',*,*,#8254,.F.);
#8254 = EDGE_CURVE('',#7977,#8216,#8255,.T.);
#8255 = LINE('',#8256,#8257);
#8256 = CARTESIAN_POINT('',(-23.84549107142,-28.66,9.));
#8257 = VECTOR('',#8258,1.);
#8258 = DIRECTION('',(0.357921841948,-0.933751548891,0.));
#8259 = PLANE('',#8260);
#8260 = AXIS2_PLACEMENT_3D('',#8261,#8262,#8263);
#8261 = CARTESIAN_POINT('',(-23.84549107142,-28.66,9.));
#8262 = DIRECTION('',(0.933751548891,0.357921841948,-0.));
#8263 = DIRECTION('',(0.357921841948,-0.933751548891,0.));
#8264 = ADVANCED_FACE('',(#8265),#8277,.F.);
#8265 = FACE_BOUND('',#8266,.F.);
#8266 = EDGE_LOOP('',(#8267,#8268,#8269,#8270,#8271,#8272,#8273,#8274,
    #8275,#8276));
#8267 = ORIENTED_EDGE('',*,*,#7984,.F.);
#8268 = ORIENTED_EDGE('',*,*,#8015,.F.);
#8269 = ORIENTED_EDGE('',*,*,#8046,.F.);
#8270 = ORIENTED_EDGE('',*,*,#8077,.F.);
#8271 = ORIENTED_EDGE('',*,*,#8108,.F.);
#8272 = ORIENTED_EDGE('',*,*,#8139,.F.);
#8273 = ORIENTED_EDGE('',*,*,#8170,.F.);
#8274 = ORIENTED_EDGE('',*,*,#8201,.F.);
#8275 = ORIENTED_EDGE('',*,*,#8232,.F.);
#8276 = ORIENTED_EDGE('',*,*,#8254,.F.);
#8277 = PLANE('',#8278);
#8278 = AXIS2_PLACEMENT_3D('',#8279,#8280,#8281);
#8279 = CARTESIAN_POINT('',(-22.76313752749,-33.15905982305,9.));
#8280 = DIRECTION('',(0.,0.,1.));
#8281 = DIRECTION('',(1.,0.,0.));
#8282 = ADVANCED_FACE('',(#8283),#8295,.T.);
#8283 = FACE_BOUND('',#8284,.T.);
#8284 = EDGE_LOOP('',(#8285,#8286,#8287,#8288,#8289,#8290,#8291,#8292,
    #8293,#8294));
#8285 = ORIENTED_EDGE('',*,*,#7968,.F.);
#8286 = ORIENTED_EDGE('',*,*,#8008,.F.);
#8287 = ORIENTED_EDGE('',*,*,#8039,.F.);
#8288 = ORIENTED_EDGE('',*,*,#8070,.F.);
#8289 = ORIENTED_EDGE('',*,*,#8101,.F.);
#8290 = ORIENTED_EDGE('',*,*,#8132,.F.);
#8291 = ORIENTED_EDGE('',*,*,#8163,.F.);
#8292 = ORIENTED_EDGE('',*,*,#8194,.F.);
#8293 = ORIENTED_EDGE('',*,*,#8225,.F.);
#8294 = ORIENTED_EDGE('',*,*,#8247,.F.);
#8295 = PLANE('',#8296);
#8296 = AXIS2_PLACEMENT_3D('',#8297,#8298,#8299);
#8297 = CARTESIAN_POINT('',(-22.76313752749,-33.15905982305,10.));
#8298 = DIRECTION('',(0.,0.,1.));
#8299 = DIRECTION('',(1.,0.,0.));
#8300 = MANIFOLD_SOLID_BREP('',#8301);
#8301 = CLOSED_SHELL('',(#8302,#8342,#8373,#8404,#8435,#8466,#8497,#8528
    ,#8559,#8590,#8621,#8652,#8674,#8694));
#8302 = ADVANCED_FACE('',(#8303),#8337,.T.);
#8303 = FACE_BOUND('',#8304,.T.);
#8304 = EDGE_LOOP('',(#8305,#8315,#8323,#8331));
#8305 = ORIENTED_EDGE('',*,*,#8306,.T.);
#8306 = EDGE_CURVE('',#8307,#8309,#8311,.T.);
#8307 = VERTEX_POINT('',#8308);
#8308 = CARTESIAN_POINT('',(-12.42433035714,-37.66,9.));
#8309 = VERTEX_POINT('',#8310);
#8310 = CARTESIAN_POINT('',(-12.42433035714,-37.66,10.));
#8311 = LINE('',#8312,#8313);
#8312 = CARTESIAN_POINT('',(-12.42433035714,-37.66,9.));
#8313 = VECTOR('',#8314,1.);
#8314 = DIRECTION('',(0.,0.,1.));
#8315 = ORIENTED_EDGE('',*,*,#8316,.T.);
#8316 = EDGE_CURVE('',#8309,#8317,#8319,.T.);
#8317 = VERTEX_POINT('',#8318);
#8318 = CARTESIAN_POINT('',(-18.02924107142,-37.66,10.));
#8319 = LINE('',#8320,#8321);
#8320 = CARTESIAN_POINT('',(-12.42433035714,-37.66,10.));
#8321 = VECTOR('',#8322,1.);
#8322 = DIRECTION('',(-1.,0.,0.));
#8323 = ORIENTED_EDGE('',*,*,#8324,.F.);
#8324 = EDGE_CURVE('',#8325,#8317,#8327,.T.);
#8325 = VERTEX_POINT('',#8326);
#8326 = CARTESIAN_POINT('',(-18.02924107142,-37.66,9.));
#8327 = LINE('',#8328,#8329);
#8328 = CARTESIAN_POINT('',(-18.02924107142,-37.66,9.));
#8329 = VECTOR('',#8330,1.);
#8330 = DIRECTION('',(0.,0.,1.));
#8331 = ORIENTED_EDGE('',*,*,#8332,.F.);
#8332 = EDGE_CURVE('',#8307,#8325,#8333,.T.);
#8333 = LINE('',#8334,#8335);
#8334 = CARTESIAN_POINT('',(-12.42433035714,-37.66,9.));
#8335 = VECTOR('',#8336,1.);
#8336 = DIRECTION('',(-1.,0.,0.));
#8337 = PLANE('',#8338);
#8338 = AXIS2_PLACEMENT_3D('',#8339,#8340,#8341);
#8339 = CARTESIAN_POINT('',(-12.42433035714,-37.66,9.));
#8340 = DIRECTION('',(0.,-1.,0.));
#8341 = DIRECTION('',(-1.,0.,0.));
#8342 = ADVANCED_FACE('',(#8343),#8368,.T.);
#8343 = FACE_BOUND('',#8344,.T.);
#8344 = EDGE_LOOP('',(#8345,#8355,#8361,#8362));
#8345 = ORIENTED_EDGE('',*,*,#8346,.T.);
#8346 = EDGE_CURVE('',#8347,#8349,#8351,.T.);
#8347 = VERTEX_POINT('',#8348);
#8348 = CARTESIAN_POINT('',(-12.42433035714,-36.09142857142,9.));
#8349 = VERTEX_POINT('',#8350);
#8350 = CARTESIAN_POINT('',(-12.42433035714,-36.09142857142,10.));
#8351 = LINE('',#8352,#8353);
#8352 = CARTESIAN_POINT('',(-12.42433035714,-36.09142857142,9.));
#8353 = VECTOR('',#8354,1.);
#8354 = DIRECTION('',(0.,0.,1.));
#8355 = ORIENTED_EDGE('',*,*,#8356,.T.);
#8356 = EDGE_CURVE('',#8349,#8309,#8357,.T.);
#8357 = LINE('',#8358,#8359);
#8358 = CARTESIAN_POINT('',(-12.42433035714,-36.09142857142,10.));
#8359 = VECTOR('',#8360,1.);
#8360 = DIRECTION('',(0.,-1.,0.));
#8361 = ORIENTED_EDGE('',*,*,#8306,.F.);
#8362 = ORIENTED_EDGE('',*,*,#8363,.F.);
#8363 = EDGE_CURVE('',#8347,#8307,#8364,.T.);
#8364 = LINE('',#8365,#8366);
#8365 = CARTESIAN_POINT('',(-12.42433035714,-36.09142857142,9.));
#8366 = VECTOR('',#8367,1.);
#8367 = DIRECTION('',(0.,-1.,0.));
#8368 = PLANE('',#8369);
#8369 = AXIS2_PLACEMENT_3D('',#8370,#8371,#8372);
#8370 = CARTESIAN_POINT('',(-12.42433035714,-36.09142857142,9.));
#8371 = DIRECTION('',(1.,0.,-0.));
#8372 = DIRECTION('',(0.,-1.,0.));
#8373 = ADVANCED_FACE('',(#8374),#8399,.T.);
#8374 = FACE_BOUND('',#8375,.T.);
#8375 = EDGE_LOOP('',(#8376,#8386,#8392,#8393));
#8376 = ORIENTED_EDGE('',*,*,#8377,.T.);
#8377 = EDGE_CURVE('',#8378,#8380,#8382,.T.);
#8378 = VERTEX_POINT('',#8379);
#8379 = CARTESIAN_POINT('',(-16.25133928571,-36.09142857142,9.));
#8380 = VERTEX_POINT('',#8381);
#8381 = CARTESIAN_POINT('',(-16.25133928571,-36.09142857142,10.));
#8382 = LINE('',#8383,#8384);
#8383 = CARTESIAN_POINT('',(-16.25133928571,-36.09142857142,9.));
#8384 = VECTOR('',#8385,1.);
#8385 = DIRECTION('',(0.,0.,1.));
#8386 = ORIENTED_EDGE('',*,*,#8387,.T.);
#8387 = EDGE_CURVE('',#8380,#8349,#8388,.T.);
#8388 = LINE('',#8389,#8390);
#8389 = CARTESIAN_POINT('',(-16.25133928571,-36.09142857142,10.));
#8390 = VECTOR('',#8391,1.);
#8391 = DIRECTION('',(1.,0.,0.));
#8392 = ORIENTED_EDGE('',*,*,#8346,.F.);
#8393 = ORIENTED_EDGE('',*,*,#8394,.F.);
#8394 = EDGE_CURVE('',#8378,#8347,#8395,.T.);
#8395 = LINE('',#8396,#8397);
#8396 = CARTESIAN_POINT('',(-16.25133928571,-36.09142857142,9.));
#8397 = VECTOR('',#8398,1.);
#8398 = DIRECTION('',(1.,0.,0.));
#8399 = PLANE('',#8400);
#8400 = AXIS2_PLACEMENT_3D('',#8401,#8402,#8403);
#8401 = CARTESIAN_POINT('',(-16.25133928571,-36.09142857142,9.));
#8402 = DIRECTION('',(0.,1.,0.));
#8403 = DIRECTION('',(1.,0.,0.));
#8404 = ADVANCED_FACE('',(#8405),#8430,.T.);
#8405 = FACE_BOUND('',#8406,.T.);
#8406 = EDGE_LOOP('',(#8407,#8417,#8423,#8424));
#8407 = ORIENTED_EDGE('',*,*,#8408,.T.);
#8408 = EDGE_CURVE('',#8409,#8411,#8413,.T.);
#8409 = VERTEX_POINT('',#8410);
#8410 = CARTESIAN_POINT('',(-16.25133928571,-33.72571428571,9.));
#8411 = VERTEX_POINT('',#8412);
#8412 = CARTESIAN_POINT('',(-16.25133928571,-33.72571428571,10.));
#8413 = LINE('',#8414,#8415);
#8414 = CARTESIAN_POINT('',(-16.25133928571,-33.72571428571,9.));
#8415 = VECTOR('',#8416,1.);
#8416 = DIRECTION('',(0.,0.,1.));
#8417 = ORIENTED_EDGE('',*,*,#8418,.T.);
#8418 = EDGE_CURVE('',#8411,#8380,#8419,.T.);
#8419 = LINE('',#8420,#8421);
#8420 = CARTESIAN_POINT('',(-16.25133928571,-33.72571428571,10.));
#8421 = VECTOR('',#8422,1.);
#8422 = DIRECTION('',(0.,-1.,0.));
#8423 = ORIENTED_EDGE('',*,*,#8377,.F.);
#8424 = ORIENTED_EDGE('',*,*,#8425,.F.);
#8425 = EDGE_CURVE('',#8409,#8378,#8426,.T.);
#8426 = LINE('',#8427,#8428);
#8427 = CARTESIAN_POINT('',(-16.25133928571,-33.72571428571,9.));
#8428 = VECTOR('',#8429,1.);
#8429 = DIRECTION('',(0.,-1.,0.));
#8430 = PLANE('',#8431);
#8431 = AXIS2_PLACEMENT_3D('',#8432,#8433,#8434);
#8432 = CARTESIAN_POINT('',(-16.25133928571,-33.72571428571,9.));
#8433 = DIRECTION('',(1.,0.,-0.));
#8434 = DIRECTION('',(0.,-1.,0.));
#8435 = ADVANCED_FACE('',(#8436),#8461,.T.);
#8436 = FACE_BOUND('',#8437,.T.);
#8437 = EDGE_LOOP('',(#8438,#8448,#8454,#8455));
#8438 = ORIENTED_EDGE('',*,*,#8439,.T.);
#8439 = EDGE_CURVE('',#8440,#8442,#8444,.T.);
#8440 = VERTEX_POINT('',#8441);
#8441 = CARTESIAN_POINT('',(-12.7859375,-33.72571428571,9.));
#8442 = VERTEX_POINT('',#8443);
#8443 = CARTESIAN_POINT('',(-12.7859375,-33.72571428571,10.));
#8444 = LINE('',#8445,#8446);
#8445 = CARTESIAN_POINT('',(-12.7859375,-33.72571428571,9.));
#8446 = VECTOR('',#8447,1.);
#8447 = DIRECTION('',(0.,0.,1.));
#8448 = ORIENTED_EDGE('',*,*,#8449,.T.);
#8449 = EDGE_CURVE('',#8442,#8411,#8450,.T.);
#8450 = LINE('',#8451,#8452);
#8451 = CARTESIAN_POINT('',(-12.7859375,-33.72571428571,10.));
#8452 = VECTOR('',#8453,1.);
#8453 = DIRECTION('',(-1.,0.,0.));
#8454 = ORIENTED_EDGE('',*,*,#8408,.F.);
#8455 = ORIENTED_EDGE('',*,*,#8456,.F.);
#8456 = EDGE_CURVE('',#8440,#8409,#8457,.T.);
#8457 = LINE('',#8458,#8459);
#8458 = CARTESIAN_POINT('',(-12.7859375,-33.72571428571,9.));
#8459 = VECTOR('',#8460,1.);
#8460 = DIRECTION('',(-1.,0.,0.));
#8461 = PLANE('',#8462);
#8462 = AXIS2_PLACEMENT_3D('',#8463,#8464,#8465);
#8463 = CARTESIAN_POINT('',(-12.7859375,-33.72571428571,9.));
#8464 = DIRECTION('',(0.,-1.,0.));
#8465 = DIRECTION('',(-1.,0.,0.));
#8466 = ADVANCED_FACE('',(#8467),#8492,.T.);
#8467 = FACE_BOUND('',#8468,.T.);
#8468 = EDGE_LOOP('',(#8469,#8479,#8485,#8486));
#8469 = ORIENTED_EDGE('',*,*,#8470,.T.);
#8470 = EDGE_CURVE('',#8471,#8473,#8475,.T.);
#8471 = VERTEX_POINT('',#8472);
#8472 = CARTESIAN_POINT('',(-12.7859375,-32.15714285714,9.));
#8473 = VERTEX_POINT('',#8474);
#8474 = CARTESIAN_POINT('',(-12.7859375,-32.15714285714,10.));
#8475 = LINE('',#8476,#8477);
#8476 = CARTESIAN_POINT('',(-12.7859375,-32.15714285714,9.));
#8477 = VECTOR('',#8478,1.);
#8478 = DIRECTION('',(0.,0.,1.));
#8479 = ORIENTED_EDGE('',*,*,#8480,.T.);
#8480 = EDGE_CURVE('',#8473,#8442,#8481,.T.);
#8481 = LINE('',#8482,#8483);
#8482 = CARTESIAN_POINT('',(-12.7859375,-32.15714285714,10.));
#8483 = VECTOR('',#8484,1.);
#8484 = DIRECTION('',(0.,-1.,0.));
#8485 = ORIENTED_EDGE('',*,*,#8439,.F.);
#8486 = ORIENTED_EDGE('',*,*,#8487,.F.);
#8487 = EDGE_CURVE('',#8471,#8440,#8488,.T.);
#8488 = LINE('',#8489,#8490);
#8489 = CARTESIAN_POINT('',(-12.7859375,-32.15714285714,9.));
#8490 = VECTOR('',#8491,1.);
#8491 = DIRECTION('',(0.,-1.,0.));
#8492 = PLANE('',#8493);
#8493 = AXIS2_PLACEMENT_3D('',#8494,#8495,#8496);
#8494 = CARTESIAN_POINT('',(-12.7859375,-32.15714285714,9.));
#8495 = DIRECTION('',(1.,0.,-0.));
#8496 = DIRECTION('',(0.,-1.,0.));
#8497 = ADVANCED_FACE('',(#8498),#8523,.T.);
#8498 = FACE_BOUND('',#8499,.T.);
#8499 = EDGE_LOOP('',(#8500,#8510,#8516,#8517));
#8500 = ORIENTED_EDGE('',*,*,#8501,.T.);
#8501 = EDGE_CURVE('',#8502,#8504,#8506,.T.);
#8502 = VERTEX_POINT('',#8503);
#8503 = CARTESIAN_POINT('',(-16.25133928571,-32.15714285714,9.));
#8504 = VERTEX_POINT('',#8505);
#8505 = CARTESIAN_POINT('',(-16.25133928571,-32.15714285714,10.));
#8506 = LINE('',#8507,#8508);
#8507 = CARTESIAN_POINT('',(-16.25133928571,-32.15714285714,9.));
#8508 = VECTOR('',#8509,1.);
#8509 = DIRECTION('',(0.,0.,1.));
#8510 = ORIENTED_EDGE('',*,*,#8511,.T.);
#8511 = EDGE_CURVE('',#8504,#8473,#8512,.T.);
#8512 = LINE('',#8513,#8514);
#8513 = CARTESIAN_POINT('',(-16.25133928571,-32.15714285714,10.));
#8514 = VECTOR('',#8515,1.);
#8515 = DIRECTION('',(1.,0.,0.));
#8516 = ORIENTED_EDGE('',*,*,#8470,.F.);
#8517 = ORIENTED_EDGE('',*,*,#8518,.F.);
#8518 = EDGE_CURVE('',#8502,#8471,#8519,.T.);
#8519 = LINE('',#8520,#8521);
#8520 = CARTESIAN_POINT('',(-16.25133928571,-32.15714285714,9.));
#8521 = VECTOR('',#8522,1.);
#8522 = DIRECTION('',(1.,0.,0.));
#8523 = PLANE('',#8524);
#8524 = AXIS2_PLACEMENT_3D('',#8525,#8526,#8527);
#8525 = CARTESIAN_POINT('',(-16.25133928571,-32.15714285714,9.));
#8526 = DIRECTION('',(0.,1.,0.));
#8527 = DIRECTION('',(1.,0.,0.));
#8528 = ADVANCED_FACE('',(#8529),#8554,.T.);
#8529 = FACE_BOUND('',#8530,.T.);
#8530 = EDGE_LOOP('',(#8531,#8541,#8547,#8548));
#8531 = ORIENTED_EDGE('',*,*,#8532,.T.);
#8532 = EDGE_CURVE('',#8533,#8535,#8537,.T.);
#8533 = VERTEX_POINT('',#8534);
#8534 = CARTESIAN_POINT('',(-16.25133928571,-30.22857142857,9.));
#8535 = VERTEX_POINT('',#8536);
#8536 = CARTESIAN_POINT('',(-16.25133928571,-30.22857142857,10.));
#8537 = LINE('',#8538,#8539);
#8538 = CARTESIAN_POINT('',(-16.25133928571,-30.22857142857,9.));
#8539 = VECTOR('',#8540,1.);
#8540 = DIRECTION('',(0.,0.,1.));
#8541 = ORIENTED_EDGE('',*,*,#8542,.T.);
#8542 = EDGE_CURVE('',#8535,#8504,#8543,.T.);
#8543 = LINE('',#8544,#8545);
#8544 = CARTESIAN_POINT('',(-16.25133928571,-30.22857142857,10.));
#8545 = VECTOR('',#8546,1.);
#8546 = DIRECTION('',(0.,-1.,0.));
#8547 = ORIENTED_EDGE('',*,*,#8501,.F.);
#8548 = ORIENTED_EDGE('',*,*,#8549,.F.);
#8549 = EDGE_CURVE('',#8533,#8502,#8550,.T.);
#8550 = LINE('',#8551,#8552);
#8551 = CARTESIAN_POINT('',(-16.25133928571,-30.22857142857,9.));
#8552 = VECTOR('',#8553,1.);
#8553 = DIRECTION('',(0.,-1.,0.));
#8554 = PLANE('',#8555);
#8555 = AXIS2_PLACEMENT_3D('',#8556,#8557,#8558);
#8556 = CARTESIAN_POINT('',(-16.25133928571,-30.22857142857,9.));
#8557 = DIRECTION('',(1.,0.,-0.));
#8558 = DIRECTION('',(0.,-1.,0.));
#8559 = ADVANCED_FACE('',(#8560),#8585,.T.);
#8560 = FACE_BOUND('',#8561,.T.);
#8561 = EDGE_LOOP('',(#8562,#8572,#8578,#8579));
#8562 = ORIENTED_EDGE('',*,*,#8563,.T.);
#8563 = EDGE_CURVE('',#8564,#8566,#8568,.T.);
#8564 = VERTEX_POINT('',#8565);
#8565 = CARTESIAN_POINT('',(-12.42433035714,-30.22857142857,9.));
#8566 = VERTEX_POINT('',#8567);
#8567 = CARTESIAN_POINT('',(-12.42433035714,-30.22857142857,10.));
#8568 = LINE('',#8569,#8570);
#8569 = CARTESIAN_POINT('',(-12.42433035714,-30.22857142857,9.));
#8570 = VECTOR('',#8571,1.);
#8571 = DIRECTION('',(0.,0.,1.));
#8572 = ORIENTED_EDGE('',*,*,#8573,.T.);
#8573 = EDGE_CURVE('',#8566,#8535,#8574,.T.);
#8574 = LINE('',#8575,#8576);
#8575 = CARTESIAN_POINT('',(-12.42433035714,-30.22857142857,10.));
#8576 = VECTOR('',#8577,1.);
#8577 = DIRECTION('',(-1.,0.,0.));
#8578 = ORIENTED_EDGE('',*,*,#8532,.F.);
#8579 = ORIENTED_EDGE('',*,*,#8580,.F.);
#8580 = EDGE_CURVE('',#8564,#8533,#8581,.T.);
#8581 = LINE('',#8582,#8583);
#8582 = CARTESIAN_POINT('',(-12.42433035714,-30.22857142857,9.));
#8583 = VECTOR('',#8584,1.);
#8584 = DIRECTION('',(-1.,0.,0.));
#8585 = PLANE('',#8586);
#8586 = AXIS2_PLACEMENT_3D('',#8587,#8588,#8589);
#8587 = CARTESIAN_POINT('',(-12.42433035714,-30.22857142857,9.));
#8588 = DIRECTION('',(0.,-1.,0.));
#8589 = DIRECTION('',(-1.,0.,0.));
#8590 = ADVANCED_FACE('',(#8591),#8616,.T.);
#8591 = FACE_BOUND('',#8592,.T.);
#8592 = EDGE_LOOP('',(#8593,#8603,#8609,#8610));
#8593 = ORIENTED_EDGE('',*,*,#8594,.T.);
#8594 = EDGE_CURVE('',#8595,#8597,#8599,.T.);
#8595 = VERTEX_POINT('',#8596);
#8596 = CARTESIAN_POINT('',(-12.42433035714,-28.66,9.));
#8597 = VERTEX_POINT('',#8598);
#8598 = CARTESIAN_POINT('',(-12.42433035714,-28.66,10.));
#8599 = LINE('',#8600,#8601);
#8600 = CARTESIAN_POINT('',(-12.42433035714,-28.66,9.));
#8601 = VECTOR('',#8602,1.);
#8602 = DIRECTION('',(0.,0.,1.));
#8603 = ORIENTED_EDGE('',*,*,#8604,.T.);
#8604 = EDGE_CURVE('',#8597,#8566,#8605,.T.);
#8605 = LINE('',#8606,#8607);
#8606 = CARTESIAN_POINT('',(-12.42433035714,-28.66,10.));
#8607 = VECTOR('',#8608,1.);
#8608 = DIRECTION('',(0.,-1.,0.));
#8609 = ORIENTED_EDGE('',*,*,#8563,.F.);
#8610 = ORIENTED_EDGE('',*,*,#8611,.F.);
#8611 = EDGE_CURVE('',#8595,#8564,#8612,.T.);
#8612 = LINE('',#8613,#8614);
#8613 = CARTESIAN_POINT('',(-12.42433035714,-28.66,9.));
#8614 = VECTOR('',#8615,1.);
#8615 = DIRECTION('',(0.,-1.,0.));
#8616 = PLANE('',#8617);
#8617 = AXIS2_PLACEMENT_3D('',#8618,#8619,#8620);
#8618 = CARTESIAN_POINT('',(-12.42433035714,-28.66,9.));
#8619 = DIRECTION('',(1.,0.,-0.));
#8620 = DIRECTION('',(0.,-1.,0.));
#8621 = ADVANCED_FACE('',(#8622),#8647,.T.);
#8622 = FACE_BOUND('',#8623,.T.);
#8623 = EDGE_LOOP('',(#8624,#8634,#8640,#8641));
#8624 = ORIENTED_EDGE('',*,*,#8625,.T.);
#8625 = EDGE_CURVE('',#8626,#8628,#8630,.T.);
#8626 = VERTEX_POINT('',#8627);
#8627 = CARTESIAN_POINT('',(-18.02924107142,-28.66,9.));
#8628 = VERTEX_POINT('',#8629);
#8629 = CARTESIAN_POINT('',(-18.02924107142,-28.66,10.));
#8630 = LINE('',#8631,#8632);
#8631 = CARTESIAN_POINT('',(-18.02924107142,-28.66,9.));
#8632 = VECTOR('',#8633,1.);
#8633 = DIRECTION('',(0.,0.,1.));
#8634 = ORIENTED_EDGE('',*,*,#8635,.T.);
#8635 = EDGE_CURVE('',#8628,#8597,#8636,.T.);
#8636 = LINE('',#8637,#8638);
#8637 = CARTESIAN_POINT('',(-18.02924107142,-28.66,10.));
#8638 = VECTOR('',#8639,1.);
#8639 = DIRECTION('',(1.,0.,0.));
#8640 = ORIENTED_EDGE('',*,*,#8594,.F.);
#8641 = ORIENTED_EDGE('',*,*,#8642,.F.);
#8642 = EDGE_CURVE('',#8626,#8595,#8643,.T.);
#8643 = LINE('',#8644,#8645);
#8644 = CARTESIAN_POINT('',(-18.02924107142,-28.66,9.));
#8645 = VECTOR('',#8646,1.);
#8646 = DIRECTION('',(1.,0.,0.));
#8647 = PLANE('',#8648);
#8648 = AXIS2_PLACEMENT_3D('',#8649,#8650,#8651);
#8649 = CARTESIAN_POINT('',(-18.02924107142,-28.66,9.));
#8650 = DIRECTION('',(0.,1.,0.));
#8651 = DIRECTION('',(1.,0.,0.));
#8652 = ADVANCED_FACE('',(#8653),#8669,.T.);
#8653 = FACE_BOUND('',#8654,.T.);
#8654 = EDGE_LOOP('',(#8655,#8656,#8662,#8663));
#8655 = ORIENTED_EDGE('',*,*,#8324,.T.);
#8656 = ORIENTED_EDGE('',*,*,#8657,.T.);
#8657 = EDGE_CURVE('',#8317,#8628,#8658,.T.);
#8658 = LINE('',#8659,#8660);
#8659 = CARTESIAN_POINT('',(-18.02924107142,-37.66,10.));
#8660 = VECTOR('',#8661,1.);
#8661 = DIRECTION('',(0.,1.,0.));
#8662 = ORIENTED_EDGE('',*,*,#8625,.F.);
#8663 = ORIENTED_EDGE('',*,*,#8664,.F.);
#8664 = EDGE_CURVE('',#8325,#8626,#8665,.T.);
#8665 = LINE('',#8666,#8667);
#8666 = CARTESIAN_POINT('',(-18.02924107142,-37.66,9.));
#8667 = VECTOR('',#8668,1.);
#8668 = DIRECTION('',(0.,1.,0.));
#8669 = PLANE('',#8670);
#8670 = AXIS2_PLACEMENT_3D('',#8671,#8672,#8673);
#8671 = CARTESIAN_POINT('',(-18.02924107142,-37.66,9.));
#8672 = DIRECTION('',(-1.,0.,0.));
#8673 = DIRECTION('',(0.,1.,0.));
#8674 = ADVANCED_FACE('',(#8675),#8689,.F.);
#8675 = FACE_BOUND('',#8676,.F.);
#8676 = EDGE_LOOP('',(#8677,#8678,#8679,#8680,#8681,#8682,#8683,#8684,
    #8685,#8686,#8687,#8688));
#8677 = ORIENTED_EDGE('',*,*,#8332,.F.);
#8678 = ORIENTED_EDGE('',*,*,#8363,.F.);
#8679 = ORIENTED_EDGE('',*,*,#8394,.F.);
#8680 = ORIENTED_EDGE('',*,*,#8425,.F.);
#8681 = ORIENTED_EDGE('',*,*,#8456,.F.);
#8682 = ORIENTED_EDGE('',*,*,#8487,.F.);
#8683 = ORIENTED_EDGE('',*,*,#8518,.F.);
#8684 = ORIENTED_EDGE('',*,*,#8549,.F.);
#8685 = ORIENTED_EDGE('',*,*,#8580,.F.);
#8686 = ORIENTED_EDGE('',*,*,#8611,.F.);
#8687 = ORIENTED_EDGE('',*,*,#8642,.F.);
#8688 = ORIENTED_EDGE('',*,*,#8664,.F.);
#8689 = PLANE('',#8690);
#8690 = AXIS2_PLACEMENT_3D('',#8691,#8692,#8693);
#8691 = CARTESIAN_POINT('',(-15.34756305291,-33.12540956749,9.));
#8692 = DIRECTION('',(0.,0.,1.));
#8693 = DIRECTION('',(1.,0.,0.));
#8694 = ADVANCED_FACE('',(#8695),#8709,.T.);
#8695 = FACE_BOUND('',#8696,.T.);
#8696 = EDGE_LOOP('',(#8697,#8698,#8699,#8700,#8701,#8702,#8703,#8704,
    #8705,#8706,#8707,#8708));
#8697 = ORIENTED_EDGE('',*,*,#8316,.F.);
#8698 = ORIENTED_EDGE('',*,*,#8356,.F.);
#8699 = ORIENTED_EDGE('',*,*,#8387,.F.);
#8700 = ORIENTED_EDGE('',*,*,#8418,.F.);
#8701 = ORIENTED_EDGE('',*,*,#8449,.F.);
#8702 = ORIENTED_EDGE('',*,*,#8480,.F.);
#8703 = ORIENTED_EDGE('',*,*,#8511,.F.);
#8704 = ORIENTED_EDGE('',*,*,#8542,.F.);
#8705 = ORIENTED_EDGE('',*,*,#8573,.F.);
#8706 = ORIENTED_EDGE('',*,*,#8604,.F.);
#8707 = ORIENTED_EDGE('',*,*,#8635,.F.);
#8708 = ORIENTED_EDGE('',*,*,#8657,.F.);
#8709 = PLANE('',#8710);
#8710 = AXIS2_PLACEMENT_3D('',#8711,#8712,#8713);
#8711 = CARTESIAN_POINT('',(-15.34756305291,-33.12540956749,10.));
#8712 = DIRECTION('',(0.,0.,1.));
#8713 = DIRECTION('',(1.,0.,0.));
#8714 = MANIFOLD_SOLID_BREP('',#8715);
#8715 = CLOSED_SHELL('',(#8716,#8756,#8787,#8818,#8849,#8880,#8911,#8942
    ,#8964,#9004,#9035,#9057,#9078));
#8716 = ADVANCED_FACE('',(#8717),#8751,.T.);
#8717 = FACE_BOUND('',#8718,.T.);
#8718 = EDGE_LOOP('',(#8719,#8729,#8737,#8745));
#8719 = ORIENTED_EDGE('',*,*,#8720,.T.);
#8720 = EDGE_CURVE('',#8721,#8723,#8725,.T.);
#8721 = VERTEX_POINT('',#8722);
#8722 = CARTESIAN_POINT('',(-1.551205357143,-28.66,9.));
#8723 = VERTEX_POINT('',#8724);
#8724 = CARTESIAN_POINT('',(-1.551205357143,-28.66,10.));
#8725 = LINE('',#8726,#8727);
#8726 = CARTESIAN_POINT('',(-1.551205357143,-28.66,9.));
#8727 = VECTOR('',#8728,1.);
#8728 = DIRECTION('',(0.,0.,1.));
#8729 = ORIENTED_EDGE('',*,*,#8730,.T.);
#8730 = EDGE_CURVE('',#8723,#8731,#8733,.T.);
#8731 = VERTEX_POINT('',#8732);
#8732 = CARTESIAN_POINT('',(0.624464285714,-28.66,10.));
#8733 = LINE('',#8734,#8735);
#8734 = CARTESIAN_POINT('',(-1.551205357143,-28.66,10.));
#8735 = VECTOR('',#8736,1.);
#8736 = DIRECTION('',(1.,0.,0.));
#8737 = ORIENTED_EDGE('',*,*,#8738,.F.);
#8738 = EDGE_CURVE('',#8739,#8731,#8741,.T.);
#8739 = VERTEX_POINT('',#8740);
#8740 = CARTESIAN_POINT('',(0.624464285714,-28.66,9.));
#8741 = LINE('',#8742,#8743);
#8742 = CARTESIAN_POINT('',(0.624464285714,-28.66,9.));
#8743 = VECTOR('',#8744,1.);
#8744 = DIRECTION('',(0.,0.,1.));
#8745 = ORIENTED_EDGE('',*,*,#8746,.F.);
#8746 = EDGE_CURVE('',#8721,#8739,#8747,.T.);
#8747 = LINE('',#8748,#8749);
#8748 = CARTESIAN_POINT('',(-1.551205357143,-28.66,9.));
#8749 = VECTOR('',#8750,1.);
#8750 = DIRECTION('',(1.,0.,0.));
#8751 = PLANE('',#8752);
#8752 = AXIS2_PLACEMENT_3D('',#8753,#8754,#8755);
#8753 = CARTESIAN_POINT('',(-1.551205357143,-28.66,9.));
#8754 = DIRECTION('',(0.,1.,0.));
#8755 = DIRECTION('',(1.,0.,0.));
#8756 = ADVANCED_FACE('',(#8757),#8782,.T.);
#8757 = FACE_BOUND('',#8758,.T.);
#8758 = EDGE_LOOP('',(#8759,#8769,#8775,#8776));
#8759 = ORIENTED_EDGE('',*,*,#8760,.T.);
#8760 = EDGE_CURVE('',#8761,#8763,#8765,.T.);
#8761 = VERTEX_POINT('',#8762);
#8762 = CARTESIAN_POINT('',(-3.98,-37.66,9.));
#8763 = VERTEX_POINT('',#8764);
#8764 = CARTESIAN_POINT('',(-3.98,-37.66,10.));
#8765 = LINE('',#8766,#8767);
#8766 = CARTESIAN_POINT('',(-3.98,-37.66,9.));
#8767 = VECTOR('',#8768,1.);
#8768 = DIRECTION('',(0.,0.,1.));
#8769 = ORIENTED_EDGE('',*,*,#8770,.T.);
#8770 = EDGE_CURVE('',#8763,#8723,#8771,.T.);
#8771 = LINE('',#8772,#8773);
#8772 = CARTESIAN_POINT('',(-3.98,-37.66,10.));
#8773 = VECTOR('',#8774,1.);
#8774 = DIRECTION('',(0.260545333068,0.965461614678,0.));
#8775 = ORIENTED_EDGE('',*,*,#8720,.F.);
#8776 = ORIENTED_EDGE('',*,*,#8777,.F.);
#8777 = EDGE_CURVE('',#8761,#8721,#8778,.T.);
#8778 = LINE('',#8779,#8780);
#8779 = CARTESIAN_POINT('',(-3.98,-37.66,9.));
#8780 = VECTOR('',#8781,1.);
#8781 = DIRECTION('',(0.260545333068,0.965461614678,0.));
#8782 = PLANE('',#8783);
#8783 = AXIS2_PLACEMENT_3D('',#8784,#8785,#8786);
#8784 = CARTESIAN_POINT('',(-3.98,-37.66,9.));
#8785 = DIRECTION('',(-0.965461614678,0.260545333068,0.));
#8786 = DIRECTION('',(0.260545333068,0.965461614678,0.));
#8787 = ADVANCED_FACE('',(#8788),#8813,.T.);
#8788 = FACE_BOUND('',#8789,.T.);
#8789 = EDGE_LOOP('',(#8790,#8800,#8806,#8807));
#8790 = ORIENTED_EDGE('',*,*,#8791,.T.);
#8791 = EDGE_CURVE('',#8792,#8794,#8796,.T.);
#8792 = VERTEX_POINT('',#8793);
#8793 = CARTESIAN_POINT('',(-2.202098214286,-37.66,9.));
#8794 = VERTEX_POINT('',#8795);
#8795 = CARTESIAN_POINT('',(-2.202098214286,-37.66,10.));
#8796 = LINE('',#8797,#8798);
#8797 = CARTESIAN_POINT('',(-2.202098214286,-37.66,9.));
#8798 = VECTOR('',#8799,1.);
#8799 = DIRECTION('',(0.,0.,1.));
#8800 = ORIENTED_EDGE('',*,*,#8801,.T.);
#8801 = EDGE_CURVE('',#8794,#8763,#8802,.T.);
#8802 = LINE('',#8803,#8804);
#8803 = CARTESIAN_POINT('',(-2.202098214286,-37.66,10.));
#8804 = VECTOR('',#8805,1.);
#8805 = DIRECTION('',(-1.,0.,0.));
#8806 = ORIENTED_EDGE('',*,*,#8760,.F.);
#8807 = ORIENTED_EDGE('',*,*,#8808,.F.);
#8808 = EDGE_CURVE('',#8792,#8761,#8809,.T.);
#8809 = LINE('',#8810,#8811);
#8810 = CARTESIAN_POINT('',(-2.202098214286,-37.66,9.));
#8811 = VECTOR('',#8812,1.);
#8812 = DIRECTION('',(-1.,0.,0.));
#8813 = PLANE('',#8814);
#8814 = AXIS2_PLACEMENT_3D('',#8815,#8816,#8817);
#8815 = CARTESIAN_POINT('',(-2.202098214286,-37.66,9.));
#8816 = DIRECTION('',(0.,-1.,0.));
#8817 = DIRECTION('',(-1.,0.,0.));
#8818 = ADVANCED_FACE('',(#8819),#8844,.T.);
#8819 = FACE_BOUND('',#8820,.T.);
#8820 = EDGE_LOOP('',(#8821,#8831,#8837,#8838));
#8821 = ORIENTED_EDGE('',*,*,#8822,.T.);
#8822 = EDGE_CURVE('',#8823,#8825,#8827,.T.);
#8823 = VERTEX_POINT('',#8824);
#8824 = CARTESIAN_POINT('',(-1.6596875,-35.44857142857,9.));
#8825 = VERTEX_POINT('',#8826);
#8826 = CARTESIAN_POINT('',(-1.6596875,-35.44857142857,10.));
#8827 = LINE('',#8828,#8829);
#8828 = CARTESIAN_POINT('',(-1.6596875,-35.44857142857,9.));
#8829 = VECTOR('',#8830,1.);
#8830 = DIRECTION('',(0.,0.,1.));
#8831 = ORIENTED_EDGE('',*,*,#8832,.T.);
#8832 = EDGE_CURVE('',#8825,#8794,#8833,.T.);
#8833 = LINE('',#8834,#8835);
#8834 = CARTESIAN_POINT('',(-1.6596875,-35.44857142857,10.));
#8835 = VECTOR('',#8836,1.);
#8836 = DIRECTION('',(-0.238215246964,-0.971212384658,0.));
#8837 = ORIENTED_EDGE('',*,*,#8791,.F.);
#8838 = ORIENTED_EDGE('',*,*,#8839,.F.);
#8839 = EDGE_CURVE('',#8823,#8792,#8840,.T.);
#8840 = LINE('',#8841,#8842);
#8841 = CARTESIAN_POINT('',(-1.6596875,-35.44857142857,9.));
#8842 = VECTOR('',#8843,1.);
#8843 = DIRECTION('',(-0.238215246964,-0.971212384658,0.));
#8844 = PLANE('',#8845);
#8845 = AXIS2_PLACEMENT_3D('',#8846,#8847,#8848);
#8846 = CARTESIAN_POINT('',(-1.6596875,-35.44857142857,9.));
#8847 = DIRECTION('',(0.971212384658,-0.238215246964,0.));
#8848 = DIRECTION('',(-0.238215246964,-0.971212384658,0.));
#8849 = ADVANCED_FACE('',(#8850),#8875,.T.);
#8850 = FACE_BOUND('',#8851,.T.);
#8851 = EDGE_LOOP('',(#8852,#8862,#8868,#8869));
#8852 = ORIENTED_EDGE('',*,*,#8853,.T.);
#8853 = EDGE_CURVE('',#8854,#8856,#8858,.T.);
#8854 = VERTEX_POINT('',#8855);
#8855 = CARTESIAN_POINT('',(0.720892857143,-35.44857142857,9.));
#8856 = VERTEX_POINT('',#8857);
#8857 = CARTESIAN_POINT('',(0.720892857143,-35.44857142857,10.));
#8858 = LINE('',#8859,#8860);
#8859 = CARTESIAN_POINT('',(0.720892857143,-35.44857142857,9.));
#8860 = VECTOR('',#8861,1.);
#8861 = DIRECTION('',(0.,0.,1.));
#8862 = ORIENTED_EDGE('',*,*,#8863,.T.);
#8863 = EDGE_CURVE('',#8856,#8825,#8864,.T.);
#8864 = LINE('',#8865,#8866);
#8865 = CARTESIAN_POINT('',(0.720892857143,-35.44857142857,10.));
#8866 = VECTOR('',#8867,1.);
#8867 = DIRECTION('',(-1.,0.,0.));
#8868 = ORIENTED_EDGE('',*,*,#8822,.F.);
#8869 = ORIENTED_EDGE('',*,*,#8870,.F.);
#8870 = EDGE_CURVE('',#8854,#8823,#8871,.T.);
#8871 = LINE('',#8872,#8873);
#8872 = CARTESIAN_POINT('',(0.720892857143,-35.44857142857,9.));
#8873 = VECTOR('',#8874,1.);
#8874 = DIRECTION('',(-1.,0.,0.));
#8875 = PLANE('',#8876);
#8876 = AXIS2_PLACEMENT_3D('',#8877,#8878,#8879);
#8877 = CARTESIAN_POINT('',(0.720892857143,-35.44857142857,9.));
#8878 = DIRECTION('',(0.,-1.,0.));
#8879 = DIRECTION('',(-1.,0.,0.));
#8880 = ADVANCED_FACE('',(#8881),#8906,.T.);
#8881 = FACE_BOUND('',#8882,.T.);
#8882 = EDGE_LOOP('',(#8883,#8893,#8899,#8900));
#8883 = ORIENTED_EDGE('',*,*,#8884,.T.);
#8884 = EDGE_CURVE('',#8885,#8887,#8889,.T.);
#8885 = VERTEX_POINT('',#8886);
#8886 = CARTESIAN_POINT('',(1.275357142857,-37.66,9.));
#8887 = VERTEX_POINT('',#8888);
#8888 = CARTESIAN_POINT('',(1.275357142857,-37.66,10.));
#8889 = LINE('',#8890,#8891);
#8890 = CARTESIAN_POINT('',(1.275357142857,-37.66,9.));
#8891 = VECTOR('',#8892,1.);
#8892 = DIRECTION('',(0.,0.,1.));
#8893 = ORIENTED_EDGE('',*,*,#8894,.T.);
#8894 = EDGE_CURVE('',#8887,#8856,#8895,.T.);
#8895 = LINE('',#8896,#8897);
#8896 = CARTESIAN_POINT('',(1.275357142857,-37.66,10.));
#8897 = VECTOR('',#8898,1.);
#8898 = DIRECTION('',(-0.243199026877,0.969976408644,0.));
#8899 = ORIENTED_EDGE('',*,*,#8853,.F.);
#8900 = ORIENTED_EDGE('',*,*,#8901,.F.);
#8901 = EDGE_CURVE('',#8885,#8854,#8902,.T.);
#8902 = LINE('',#8903,#8904);
#8903 = CARTESIAN_POINT('',(1.275357142857,-37.66,9.));
#8904 = VECTOR('',#8905,1.);
#8905 = DIRECTION('',(-0.243199026877,0.969976408644,0.));
#8906 = PLANE('',#8907);
#8907 = AXIS2_PLACEMENT_3D('',#8908,#8909,#8910);
#8908 = CARTESIAN_POINT('',(1.275357142857,-37.66,9.));
#8909 = DIRECTION('',(-0.969976408644,-0.243199026877,0.));
#8910 = DIRECTION('',(-0.243199026877,0.969976408644,0.));
#8911 = ADVANCED_FACE('',(#8912),#8937,.T.);
#8912 = FACE_BOUND('',#8913,.T.);
#8913 = EDGE_LOOP('',(#8914,#8924,#8930,#8931));
#8914 = ORIENTED_EDGE('',*,*,#8915,.T.);
#8915 = EDGE_CURVE('',#8916,#8918,#8920,.T.);
#8916 = VERTEX_POINT('',#8917);
#8917 = CARTESIAN_POINT('',(3.053258928571,-37.66,9.));
#8918 = VERTEX_POINT('',#8919);
#8919 = CARTESIAN_POINT('',(3.053258928571,-37.66,10.));
#8920 = LINE('',#8921,#8922);
#8921 = CARTESIAN_POINT('',(3.053258928571,-37.66,9.));
#8922 = VECTOR('',#8923,1.);
#8923 = DIRECTION('',(0.,0.,1.));
#8924 = ORIENTED_EDGE('',*,*,#8925,.T.);
#8925 = EDGE_CURVE('',#8918,#8887,#8926,.T.);
#8926 = LINE('',#8927,#8928);
#8927 = CARTESIAN_POINT('',(3.053258928571,-37.66,10.));
#8928 = VECTOR('',#8929,1.);
#8929 = DIRECTION('',(-1.,0.,0.));
#8930 = ORIENTED_EDGE('',*,*,#8884,.F.);
#8931 = ORIENTED_EDGE('',*,*,#8932,.F.);
#8932 = EDGE_CURVE('',#8916,#8885,#8933,.T.);
#8933 = LINE('',#8934,#8935);
#8934 = CARTESIAN_POINT('',(3.053258928571,-37.66,9.));
#8935 = VECTOR('',#8936,1.);
#8936 = DIRECTION('',(-1.,0.,0.));
#8937 = PLANE('',#8938);
#8938 = AXIS2_PLACEMENT_3D('',#8939,#8940,#8941);
#8939 = CARTESIAN_POINT('',(3.053258928571,-37.66,9.));
#8940 = DIRECTION('',(0.,-1.,0.));
#8941 = DIRECTION('',(-1.,0.,0.));
#8942 = ADVANCED_FACE('',(#8943),#8959,.T.);
#8943 = FACE_BOUND('',#8944,.T.);
#8944 = EDGE_LOOP('',(#8945,#8946,#8952,#8953));
#8945 = ORIENTED_EDGE('',*,*,#8738,.T.);
#8946 = ORIENTED_EDGE('',*,*,#8947,.T.);
#8947 = EDGE_CURVE('',#8731,#8918,#8948,.T.);
#8948 = LINE('',#8949,#8950);
#8949 = CARTESIAN_POINT('',(0.624464285714,-28.66,10.));
#8950 = VECTOR('',#8951,1.);
#8951 = DIRECTION('',(0.260545333068,-0.965461614678,0.));
#8952 = ORIENTED_EDGE('',*,*,#8915,.F.);
#8953 = ORIENTED_EDGE('',*,*,#8954,.F.);
#8954 = EDGE_CURVE('',#8739,#8916,#8955,.T.);
#8955 = LINE('',#8956,#8957);
#8956 = CARTESIAN_POINT('',(0.624464285714,-28.66,9.));
#8957 = VECTOR('',#8958,1.);
#8958 = DIRECTION('',(0.260545333068,-0.965461614678,0.));
#8959 = PLANE('',#8960);
#8960 = AXIS2_PLACEMENT_3D('',#8961,#8962,#8963);
#8961 = CARTESIAN_POINT('',(0.624464285714,-28.66,9.));
#8962 = DIRECTION('',(0.965461614678,0.260545333068,-0.));
#8963 = DIRECTION('',(0.260545333068,-0.965461614678,0.));
#8964 = ADVANCED_FACE('',(#8965),#8999,.T.);
#8965 = FACE_BOUND('',#8966,.T.);
#8966 = EDGE_LOOP('',(#8967,#8977,#8985,#8993));
#8967 = ORIENTED_EDGE('',*,*,#8968,.T.);
#8968 = EDGE_CURVE('',#8969,#8971,#8973,.T.);
#8969 = VERTEX_POINT('',#8970);
#8970 = CARTESIAN_POINT('',(-0.466383928571,-30.29125,9.));
#8971 = VERTEX_POINT('',#8972);
#8972 = CARTESIAN_POINT('',(-0.466383928571,-30.29125,10.));
#8973 = LINE('',#8974,#8975);
#8974 = CARTESIAN_POINT('',(-0.466383928571,-30.29125,9.));
#8975 = VECTOR('',#8976,1.);
#8976 = DIRECTION('',(0.,0.,1.));
#8977 = ORIENTED_EDGE('',*,*,#8978,.T.);
#8978 = EDGE_CURVE('',#8971,#8979,#8981,.T.);
#8979 = VERTEX_POINT('',#8980);
#8980 = CARTESIAN_POINT('',(-1.304107142857,-33.98285714285,10.));
#8981 = LINE('',#8982,#8983);
#8982 = CARTESIAN_POINT('',(-0.466383928571,-30.29125,10.));
#8983 = VECTOR('',#8984,1.);
#8984 = DIRECTION('',(-0.221299963537,-0.975205786559,0.));
#8985 = ORIENTED_EDGE('',*,*,#8986,.F.);
#8986 = EDGE_CURVE('',#8987,#8979,#8989,.T.);
#8987 = VERTEX_POINT('',#8988);
#8988 = CARTESIAN_POINT('',(-1.304107142857,-33.98285714285,9.));
#8989 = LINE('',#8990,#8991);
#8990 = CARTESIAN_POINT('',(-1.304107142857,-33.98285714285,9.));
#8991 = VECTOR('',#8992,1.);
#8992 = DIRECTION('',(0.,0.,1.));
#8993 = ORIENTED_EDGE('',*,*,#8994,.F.);
#8994 = EDGE_CURVE('',#8969,#8987,#8995,.T.);
#8995 = LINE('',#8996,#8997);
#8996 = CARTESIAN_POINT('',(-0.466383928571,-30.29125,9.));
#8997 = VECTOR('',#8998,1.);
#8998 = DIRECTION('',(-0.221299963537,-0.975205786559,0.));
#8999 = PLANE('',#9000);
#9000 = AXIS2_PLACEMENT_3D('',#9001,#9002,#9003);
#9001 = CARTESIAN_POINT('',(-0.466383928571,-30.29125,9.));
#9002 = DIRECTION('',(0.975205786559,-0.221299963537,0.));
#9003 = DIRECTION('',(-0.221299963537,-0.975205786559,0.));
#9004 = ADVANCED_FACE('',(#9005),#9030,.T.);
#9005 = FACE_BOUND('',#9006,.T.);
#9006 = EDGE_LOOP('',(#9007,#9017,#9023,#9024));
#9007 = ORIENTED_EDGE('',*,*,#9008,.T.);
#9008 = EDGE_CURVE('',#9009,#9011,#9013,.T.);
#9009 = VERTEX_POINT('',#9010);
#9010 = CARTESIAN_POINT('',(0.377366071429,-33.98285714285,9.));
#9011 = VERTEX_POINT('',#9012);
#9012 = CARTESIAN_POINT('',(0.377366071429,-33.98285714285,10.));
#9013 = LINE('',#9014,#9015);
#9014 = CARTESIAN_POINT('',(0.377366071429,-33.98285714285,9.));
#9015 = VECTOR('',#9016,1.);
#9016 = DIRECTION('',(0.,0.,1.));
#9017 = ORIENTED_EDGE('',*,*,#9018,.T.);
#9018 = EDGE_CURVE('',#9011,#8971,#9019,.T.);
#9019 = LINE('',#9020,#9021);
#9020 = CARTESIAN_POINT('',(0.377366071429,-33.98285714285,10.));
#9021 = VECTOR('',#9022,1.);
#9022 = DIRECTION('',(-0.222813277655,0.974861140522,0.));
#9023 = ORIENTED_EDGE('',*,*,#8968,.F.);
#9024 = ORIENTED_EDGE('',*,*,#9025,.F.);
#9025 = EDGE_CURVE('',#9009,#8969,#9026,.T.);
#9026 = LINE('',#9027,#9028);
#9027 = CARTESIAN_POINT('',(0.377366071429,-33.98285714285,9.));
#9028 = VECTOR('',#9029,1.);
#9029 = DIRECTION('',(-0.222813277655,0.974861140522,0.));
#9030 = PLANE('',#9031);
#9031 = AXIS2_PLACEMENT_3D('',#9032,#9033,#9034);
#9032 = CARTESIAN_POINT('',(0.377366071429,-33.98285714285,9.));
#9033 = DIRECTION('',(-0.974861140522,-0.222813277655,0.));
#9034 = DIRECTION('',(-0.222813277655,0.974861140522,0.));
#9035 = ADVANCED_FACE('',(#9036),#9052,.T.);
#9036 = FACE_BOUND('',#9037,.T.);
#9037 = EDGE_LOOP('',(#9038,#9039,#9045,#9046));
#9038 = ORIENTED_EDGE('',*,*,#8986,.T.);
#9039 = ORIENTED_EDGE('',*,*,#9040,.T.);
#9040 = EDGE_CURVE('',#8979,#9011,#9041,.T.);
#9041 = LINE('',#9042,#9043);
#9042 = CARTESIAN_POINT('',(-1.304107142857,-33.98285714285,10.));
#9043 = VECTOR('',#9044,1.);
#9044 = DIRECTION('',(1.,0.,0.));
#9045 = ORIENTED_EDGE('',*,*,#9008,.F.);
#9046 = ORIENTED_EDGE('',*,*,#9047,.F.);
#9047 = EDGE_CURVE('',#8987,#9009,#9048,.T.);
#9048 = LINE('',#9049,#9050);
#9049 = CARTESIAN_POINT('',(-1.304107142857,-33.98285714285,9.));
#9050 = VECTOR('',#9051,1.);
#9051 = DIRECTION('',(1.,0.,0.));
#9052 = PLANE('',#9053);
#9053 = AXIS2_PLACEMENT_3D('',#9054,#9055,#9056);
#9054 = CARTESIAN_POINT('',(-1.304107142857,-33.98285714285,9.));
#9055 = DIRECTION('',(0.,1.,0.));
#9056 = DIRECTION('',(1.,0.,0.));
#9057 = ADVANCED_FACE('',(#9058,#9068),#9073,.F.);
#9058 = FACE_BOUND('',#9059,.F.);
#9059 = EDGE_LOOP('',(#9060,#9061,#9062,#9063,#9064,#9065,#9066,#9067));
#9060 = ORIENTED_EDGE('',*,*,#8746,.F.);
#9061 = ORIENTED_EDGE('',*,*,#8777,.F.);
#9062 = ORIENTED_EDGE('',*,*,#8808,.F.);
#9063 = ORIENTED_EDGE('',*,*,#8839,.F.);
#9064 = ORIENTED_EDGE('',*,*,#8870,.F.);
#9065 = ORIENTED_EDGE('',*,*,#8901,.F.);
#9066 = ORIENTED_EDGE('',*,*,#8932,.F.);
#9067 = ORIENTED_EDGE('',*,*,#8954,.F.);
#9068 = FACE_BOUND('',#9069,.F.);
#9069 = EDGE_LOOP('',(#9070,#9071,#9072));
#9070 = ORIENTED_EDGE('',*,*,#8994,.F.);
#9071 = ORIENTED_EDGE('',*,*,#9025,.F.);
#9072 = ORIENTED_EDGE('',*,*,#9047,.F.);
#9073 = PLANE('',#9074);
#9074 = AXIS2_PLACEMENT_3D('',#9075,#9076,#9077);
#9075 = CARTESIAN_POINT('',(-0.464225334231,-33.67183977445,9.));
#9076 = DIRECTION('',(0.,0.,1.));
#9077 = DIRECTION('',(1.,0.,0.));
#9078 = ADVANCED_FACE('',(#9079,#9089),#9094,.T.);
#9079 = FACE_BOUND('',#9080,.T.);
#9080 = EDGE_LOOP('',(#9081,#9082,#9083,#9084,#9085,#9086,#9087,#9088));
#9081 = ORIENTED_EDGE('',*,*,#8730,.F.);
#9082 = ORIENTED_EDGE('',*,*,#8770,.F.);
#9083 = ORIENTED_EDGE('',*,*,#8801,.F.);
#9084 = ORIENTED_EDGE('',*,*,#8832,.F.);
#9085 = ORIENTED_EDGE('',*,*,#8863,.F.);
#9086 = ORIENTED_EDGE('',*,*,#8894,.F.);
#9087 = ORIENTED_EDGE('',*,*,#8925,.F.);
#9088 = ORIENTED_EDGE('',*,*,#8947,.F.);
#9089 = FACE_BOUND('',#9090,.T.);
#9090 = EDGE_LOOP('',(#9091,#9092,#9093));
#9091 = ORIENTED_EDGE('',*,*,#8978,.F.);
#9092 = ORIENTED_EDGE('',*,*,#9018,.F.);
#9093 = ORIENTED_EDGE('',*,*,#9040,.F.);
#9094 = PLANE('',#9095);
#9095 = AXIS2_PLACEMENT_3D('',#9096,#9097,#9098);
#9096 = CARTESIAN_POINT('',(-0.464225334231,-33.67183977445,10.));
#9097 = DIRECTION('',(0.,0.,1.));
#9098 = DIRECTION('',(1.,0.,0.));
#9099 = MANIFOLD_SOLID_BREP('',#9100);
#9100 = CLOSED_SHELL('',(#9101,#9143,#9174,#9207,#9240,#9273,#9306,#9339
    ,#9372,#9405,#9438,#9469,#9502,#9535,#9568,#9601,#9634,#9667,#9691,
    #9717));
#9101 = ADVANCED_FACE('',(#9102),#9136,.T.);
#9102 = FACE_BOUND('',#9103,.T.);
#9103 = EDGE_LOOP('',(#9104,#9114,#9122,#9130));
#9104 = ORIENTED_EDGE('',*,*,#9105,.T.);
#9105 = EDGE_CURVE('',#9106,#9108,#9110,.T.);
#9106 = VERTEX_POINT('',#9107);
#9107 = CARTESIAN_POINT('',(9.7675,-37.40285714285,9.));
#9108 = VERTEX_POINT('',#9109);
#9109 = CARTESIAN_POINT('',(9.7675,-37.40285714285,10.));
#9110 = LINE('',#9111,#9112);
#9111 = CARTESIAN_POINT('',(9.7675,-37.40285714285,9.));
#9112 = VECTOR('',#9113,1.);
#9113 = DIRECTION('',(0.,0.,1.));
#9114 = ORIENTED_EDGE('',*,*,#9115,.T.);
#9115 = EDGE_CURVE('',#9108,#9116,#9118,.T.);
#9116 = VERTEX_POINT('',#9117);
#9117 = CARTESIAN_POINT('',(8.8815625,-37.73071428571,10.));
#9118 = B_SPLINE_CURVE_WITH_KNOTS('',2,(#9119,#9120,#9121),
  .UNSPECIFIED.,.F.,.F.,(3,3),(0.,1.),.PIECEWISE_BEZIER_KNOTS.);
#9119 = CARTESIAN_POINT('',(9.7675,-37.40285714285,10.));
#9120 = CARTESIAN_POINT('',(9.345625,-37.62142857142,10.));
#9121 = CARTESIAN_POINT('',(8.8815625,-37.73071428571,10.));
#9122 = ORIENTED_EDGE('',*,*,#9123,.F.);
#9123 = EDGE_CURVE('',#9124,#9116,#9126,.T.);
#9124 = VERTEX_POINT('',#9125);
#9125 = CARTESIAN_POINT('',(8.8815625,-37.73071428571,9.));
#9126 = LINE('',#9127,#9128);
#9127 = CARTESIAN_POINT('',(8.8815625,-37.73071428571,9.));
#9128 = VECTOR('',#9129,1.);
#9129 = DIRECTION('',(0.,0.,1.));
#9130 = ORIENTED_EDGE('',*,*,#9131,.F.);
#9131 = EDGE_CURVE('',#9106,#9124,#9132,.T.);
#9132 = B_SPLINE_CURVE_WITH_KNOTS('',2,(#9133,#9134,#9135),
  .UNSPECIFIED.,.F.,.F.,(3,3),(0.,1.),.PIECEWISE_BEZIER_KNOTS.);
#9133 = CARTESIAN_POINT('',(9.7675,-37.40285714285,9.));
#9134 = CARTESIAN_POINT('',(9.345625,-37.62142857142,9.));
#9135 = CARTESIAN_POINT('',(8.8815625,-37.73071428571,9.));
#9136 = SURFACE_OF_LINEAR_EXTRUSION('',#9137,#9141);
#9137 = B_SPLINE_CURVE_WITH_KNOTS('',2,(#9138,#9139,#9140),
  .UNSPECIFIED.,.F.,.F.,(3,3),(0.,1.),.PIECEWISE_BEZIER_KNOTS.);
#9138 = CARTESIAN_POINT('',(9.7675,-37.40285714285,9.));
#9139 = CARTESIAN_POINT('',(9.345625,-37.62142857142,9.));
#9140 = CARTESIAN_POINT('',(8.8815625,-37.73071428571,9.));
#9141 = VECTOR('',#9142,1.);
#9142 = DIRECTION('',(-0.,-0.,-1.));
#9143 = ADVANCED_FACE('',(#9144),#9169,.T.);
#9144 = FACE_BOUND('',#9145,.T.);
#9145 = EDGE_LOOP('',(#9146,#9156,#9162,#9163));
#9146 = ORIENTED_EDGE('',*,*,#9147,.T.);
#9147 = EDGE_CURVE('',#9148,#9150,#9152,.T.);
#9148 = VERTEX_POINT('',#9149);
#9149 = CARTESIAN_POINT('',(9.7675,-35.42285714285,9.));
#9150 = VERTEX_POINT('',#9151);
#9151 = CARTESIAN_POINT('',(9.7675,-35.42285714285,10.));
#9152 = LINE('',#9153,#9154);
#9153 = CARTESIAN_POINT('',(9.7675,-35.42285714285,9.));
#9154 = VECTOR('',#9155,1.);
#9155 = DIRECTION('',(0.,0.,1.));
#9156 = ORIENTED_EDGE('',*,*,#9157,.T.);
#9157 = EDGE_CURVE('',#9150,#9108,#9158,.T.);
#9158 = LINE('',#9159,#9160);
#9159 = CARTESIAN_POINT('',(9.7675,-35.42285714285,10.));
#9160 = VECTOR('',#9161,1.);
#9161 = DIRECTION('',(0.,-1.,0.));
#9162 = ORIENTED_EDGE('',*,*,#9105,.F.);
#9163 = ORIENTED_EDGE('',*,*,#9164,.F.);
#9164 = EDGE_CURVE('',#9148,#9106,#9165,.T.);
#9165 = LINE('',#9166,#9167);
#9166 = CARTESIAN_POINT('',(9.7675,-35.42285714285,9.));
#9167 = VECTOR('',#9168,1.);
#9168 = DIRECTION('',(0.,-1.,0.));
#9169 = PLANE('',#9170);
#9170 = AXIS2_PLACEMENT_3D('',#9171,#9172,#9173);
#9171 = CARTESIAN_POINT('',(9.7675,-35.42285714285,9.));
#9172 = DIRECTION('',(1.,0.,-0.));
#9173 = DIRECTION('',(0.,-1.,0.));
#9174 = ADVANCED_FACE('',(#9175),#9200,.T.);
#9175 = FACE_BOUND('',#9176,.T.);
#9176 = EDGE_LOOP('',(#9177,#9187,#9193,#9194));
#9177 = ORIENTED_EDGE('',*,*,#9178,.T.);
#9178 = EDGE_CURVE('',#9179,#9181,#9183,.T.);
#9179 = VERTEX_POINT('',#9180);
#9180 = CARTESIAN_POINT('',(8.878348214286,-36.04763392857,9.));
#9181 = VERTEX_POINT('',#9182);
#9182 = CARTESIAN_POINT('',(8.878348214286,-36.04763392857,10.));
#9183 = LINE('',#9184,#9185);
#9184 = CARTESIAN_POINT('',(8.878348214286,-36.04763392857,9.));
#9185 = VECTOR('',#9186,1.);
#9186 = DIRECTION('',(0.,0.,1.));
#9187 = ORIENTED_EDGE('',*,*,#9188,.T.);
#9188 = EDGE_CURVE('',#9181,#9150,#9189,.T.);
#9189 = B_SPLINE_CURVE_WITH_KNOTS('',2,(#9190,#9191,#9192),
  .UNSPECIFIED.,.F.,.F.,(3,3),(0.,1.),.PIECEWISE_BEZIER_KNOTS.);
#9190 = CARTESIAN_POINT('',(8.878348214286,-36.04763392857,10.));
#9191 = CARTESIAN_POINT('',(9.309464285714,-35.84955357142,10.));
#9192 = CARTESIAN_POINT('',(9.7675,-35.42285714285,10.));
#9193 = ORIENTED_EDGE('',*,*,#9147,.F.);
#9194 = ORIENTED_EDGE('',*,*,#9195,.F.);
#9195 = EDGE_CURVE('',#9179,#9148,#9196,.T.);
#9196 = B_SPLINE_CURVE_WITH_KNOTS('',2,(#9197,#9198,#9199),
  .UNSPECIFIED.,.F.,.F.,(3,3),(0.,1.),.PIECEWISE_BEZIER_KNOTS.);
#9197 = CARTESIAN_POINT('',(8.878348214286,-36.04763392857,9.));
#9198 = CARTESIAN_POINT('',(9.309464285714,-35.84955357142,9.));
#9199 = CARTESIAN_POINT('',(9.7675,-35.42285714285,9.));
#9200 = SURFACE_OF_LINEAR_EXTRUSION('',#9201,#9205);
#9201 = B_SPLINE_CURVE_WITH_KNOTS('',2,(#9202,#9203,#9204),
  .UNSPECIFIED.,.F.,.F.,(3,3),(0.,1.),.PIECEWISE_BEZIER_KNOTS.);
#9202 = CARTESIAN_POINT('',(8.878348214286,-36.04763392857,9.));
#9203 = CARTESIAN_POINT('',(9.309464285714,-35.84955357142,9.));
#9204 = CARTESIAN_POINT('',(9.7675,-35.42285714285,9.));
#9205 = VECTOR('',#9206,1.);
#9206 = DIRECTION('',(-0.,-0.,-1.));
#9207 = ADVANCED_FACE('',(#9208),#9233,.T.);
#9208 = FACE_BOUND('',#9209,.T.);
#9209 = EDGE_LOOP('',(#9210,#9220,#9226,#9227));
#9210 = ORIENTED_EDGE('',*,*,#9211,.T.);
#9211 = EDGE_CURVE('',#9212,#9214,#9216,.T.);
#9212 = VERTEX_POINT('',#9213);
#9213 = CARTESIAN_POINT('',(7.989598214286,-36.24571428571,9.));
#9214 = VERTEX_POINT('',#9215);
#9215 = CARTESIAN_POINT('',(7.989598214286,-36.24571428571,10.));
#9216 = LINE('',#9217,#9218);
#9217 = CARTESIAN_POINT('',(7.989598214286,-36.24571428571,9.));
#9218 = VECTOR('',#9219,1.);
#9219 = DIRECTION('',(0.,0.,1.));
#9220 = ORIENTED_EDGE('',*,*,#9221,.T.);
#9221 = EDGE_CURVE('',#9214,#9181,#9222,.T.);
#9222 = B_SPLINE_CURVE_WITH_KNOTS('',2,(#9223,#9224,#9225),
  .UNSPECIFIED.,.F.,.F.,(3,3),(0.,1.),.PIECEWISE_BEZIER_KNOTS.);
#9223 = CARTESIAN_POINT('',(7.989598214286,-36.24571428571,10.));
#9224 = CARTESIAN_POINT('',(8.447633928571,-36.24571428571,10.));
#9225 = CARTESIAN_POINT('',(8.878348214286,-36.04763392857,10.));
#9226 = ORIENTED_EDGE('',*,*,#9178,.F.);
#9227 = ORIENTED_EDGE('',*,*,#9228,.F.);
#9228 = EDGE_CURVE('',#9212,#9179,#9229,.T.);
#9229 = B_SPLINE_CURVE_WITH_KNOTS('',2,(#9230,#9231,#9232),
  .UNSPECIFIED.,.F.,.F.,(3,3),(0.,1.),.PIECEWISE_BEZIER_KNOTS.);
#9230 = CARTESIAN_POINT('',(7.989598214286,-36.24571428571,9.));
#9231 = CARTESIAN_POINT('',(8.447633928571,-36.24571428571,9.));
#9232 = CARTESIAN_POINT('',(8.878348214286,-36.04763392857,9.));
#9233 = SURFACE_OF_LINEAR_EXTRUSION('',#9234,#9238);
#9234 = B_SPLINE_CURVE_WITH_KNOTS('',2,(#9235,#9236,#9237),
  .UNSPECIFIED.,.F.,.F.,(3,3),(0.,1.),.PIECEWISE_BEZIER_KNOTS.);
#9235 = CARTESIAN_POINT('',(7.989598214286,-36.24571428571,9.));
#9236 = CARTESIAN_POINT('',(8.447633928571,-36.24571428571,9.));
#9237 = CARTESIAN_POINT('',(8.878348214286,-36.04763392857,9.));
#9238 = VECTOR('',#9239,1.);
#9239 = DIRECTION('',(-0.,-0.,-1.));
#9240 = ADVANCED_FACE('',(#9241),#9266,.T.);
#9241 = FACE_BOUND('',#9242,.T.);
#9242 = EDGE_LOOP('',(#9243,#9253,#9259,#9260));
#9243 = ORIENTED_EDGE('',*,*,#9244,.T.);
#9244 = EDGE_CURVE('',#9245,#9247,#9249,.T.);
#9245 = VERTEX_POINT('',#9246);
#9246 = CARTESIAN_POINT('',(6.515848214286,-35.47066964285,9.));
#9247 = VERTEX_POINT('',#9248);
#9248 = CARTESIAN_POINT('',(6.515848214286,-35.47066964285,10.));
#9249 = LINE('',#9250,#9251);
#9250 = CARTESIAN_POINT('',(6.515848214286,-35.47066964285,9.));
#9251 = VECTOR('',#9252,1.);
#9252 = DIRECTION('',(0.,0.,1.));
#9253 = ORIENTED_EDGE('',*,*,#9254,.T.);
#9254 = EDGE_CURVE('',#9247,#9214,#9255,.T.);
#9255 = B_SPLINE_CURVE_WITH_KNOTS('',2,(#9256,#9257,#9258),
  .UNSPECIFIED.,.F.,.F.,(3,3),(0.,1.),.PIECEWISE_BEZIER_KNOTS.);
#9256 = CARTESIAN_POINT('',(6.515848214286,-35.47066964285,10.));
#9257 = CARTESIAN_POINT('',(7.013258928571,-36.24571428571,10.));
#9258 = CARTESIAN_POINT('',(7.989598214286,-36.24571428571,10.));
#9259 = ORIENTED_EDGE('',*,*,#9211,.F.);
#9260 = ORIENTED_EDGE('',*,*,#9261,.F.);
#9261 = EDGE_CURVE('',#9245,#9212,#9262,.T.);
#9262 = B_SPLINE_CURVE_WITH_KNOTS('',2,(#9263,#9264,#9265),
  .UNSPECIFIED.,.F.,.F.,(3,3),(0.,1.),.PIECEWISE_BEZIER_KNOTS.);
#9263 = CARTESIAN_POINT('',(6.515848214286,-35.47066964285,9.));
#9264 = CARTESIAN_POINT('',(7.013258928571,-36.24571428571,9.));
#9265 = CARTESIAN_POINT('',(7.989598214286,-36.24571428571,9.));
#9266 = SURFACE_OF_LINEAR_EXTRUSION('',#9267,#9271);
#9267 = B_SPLINE_CURVE_WITH_KNOTS('',2,(#9268,#9269,#9270),
  .UNSPECIFIED.,.F.,.F.,(3,3),(0.,1.),.PIECEWISE_BEZIER_KNOTS.);
#9268 = CARTESIAN_POINT('',(6.515848214286,-35.47066964285,9.));
#9269 = CARTESIAN_POINT('',(7.013258928571,-36.24571428571,9.));
#9270 = CARTESIAN_POINT('',(7.989598214286,-36.24571428571,9.));
#9271 = VECTOR('',#9272,1.);
#9272 = DIRECTION('',(-0.,-0.,-1.));
#9273 = ADVANCED_FACE('',(#9274),#9299,.T.);
#9274 = FACE_BOUND('',#9275,.T.);
#9275 = EDGE_LOOP('',(#9276,#9286,#9292,#9293));
#9276 = ORIENTED_EDGE('',*,*,#9277,.T.);
#9277 = EDGE_CURVE('',#9278,#9280,#9282,.T.);
#9278 = VERTEX_POINT('',#9279);
#9279 = CARTESIAN_POINT('',(6.018839285714,-33.17607142857,9.));
#9280 = VERTEX_POINT('',#9281);
#9281 = CARTESIAN_POINT('',(6.018839285714,-33.17607142857,10.));
#9282 = LINE('',#9283,#9284);
#9283 = CARTESIAN_POINT('',(6.018839285714,-33.17607142857,9.));
#9284 = VECTOR('',#9285,1.);
#9285 = DIRECTION('',(0.,0.,1.));
#9286 = ORIENTED_EDGE('',*,*,#9287,.T.);
#9287 = EDGE_CURVE('',#9280,#9247,#9288,.T.);
#9288 = B_SPLINE_CURVE_WITH_KNOTS('',2,(#9289,#9290,#9291),
  .UNSPECIFIED.,.F.,.F.,(3,3),(0.,1.),.PIECEWISE_BEZIER_KNOTS.);
#9289 = CARTESIAN_POINT('',(6.018839285714,-33.17607142857,10.));
#9290 = CARTESIAN_POINT('',(6.018839285714,-34.695625,10.));
#9291 = CARTESIAN_POINT('',(6.515848214286,-35.47066964285,10.));
#9292 = ORIENTED_EDGE('',*,*,#9244,.F.);
#9293 = ORIENTED_EDGE('',*,*,#9294,.F.);
#9294 = EDGE_CURVE('',#9278,#9245,#9295,.T.);
#9295 = B_SPLINE_CURVE_WITH_KNOTS('',2,(#9296,#9297,#9298),
  .UNSPECIFIED.,.F.,.F.,(3,3),(0.,1.),.PIECEWISE_BEZIER_KNOTS.);
#9296 = CARTESIAN_POINT('',(6.018839285714,-33.17607142857,9.));
#9297 = CARTESIAN_POINT('',(6.018839285714,-34.695625,9.));
#9298 = CARTESIAN_POINT('',(6.515848214286,-35.47066964285,9.));
#9299 = SURFACE_OF_LINEAR_EXTRUSION('',#9300,#9304);
#9300 = B_SPLINE_CURVE_WITH_KNOTS('',2,(#9301,#9302,#9303),
  .UNSPECIFIED.,.F.,.F.,(3,3),(0.,1.),.PIECEWISE_BEZIER_KNOTS.);
#9301 = CARTESIAN_POINT('',(6.018839285714,-33.17607142857,9.));
#9302 = CARTESIAN_POINT('',(6.018839285714,-34.695625,9.));
#9303 = CARTESIAN_POINT('',(6.515848214286,-35.47066964285,9.));
#9304 = VECTOR('',#9305,1.);
#9305 = DIRECTION('',(-0.,-0.,-1.));
#9306 = ADVANCED_FACE('',(#9307),#9332,.T.);
#9307 = FACE_BOUND('',#9308,.T.);
#9308 = EDGE_LOOP('',(#9309,#9319,#9325,#9326));
#9309 = ORIENTED_EDGE('',*,*,#9310,.T.);
#9310 = EDGE_CURVE('',#9311,#9313,#9315,.T.);
#9311 = VERTEX_POINT('',#9312);
#9312 = CARTESIAN_POINT('',(6.515848214286,-30.87504464285,9.));
#9313 = VERTEX_POINT('',#9314);
#9314 = CARTESIAN_POINT('',(6.515848214286,-30.87504464285,10.));
#9315 = LINE('',#9316,#9317);
#9316 = CARTESIAN_POINT('',(6.515848214286,-30.87504464285,9.));
#9317 = VECTOR('',#9318,1.);
#9318 = DIRECTION('',(0.,0.,1.));
#9319 = ORIENTED_EDGE('',*,*,#9320,.T.);
#9320 = EDGE_CURVE('',#9313,#9280,#9321,.T.);
#9321 = B_SPLINE_CURVE_WITH_KNOTS('',2,(#9322,#9323,#9324),
  .UNSPECIFIED.,.F.,.F.,(3,3),(0.,1.),.PIECEWISE_BEZIER_KNOTS.);
#9322 = CARTESIAN_POINT('',(6.515848214286,-30.87504464285,10.));
#9323 = CARTESIAN_POINT('',(6.018839285714,-31.65008928571,10.));
#9324 = CARTESIAN_POINT('',(6.018839285714,-33.17607142857,10.));
#9325 = ORIENTED_EDGE('',*,*,#9277,.F.);
#9326 = ORIENTED_EDGE('',*,*,#9327,.F.);
#9327 = EDGE_CURVE('',#9311,#9278,#9328,.T.);
#9328 = B_SPLINE_CURVE_WITH_KNOTS('',2,(#9329,#9330,#9331),
  .UNSPECIFIED.,.F.,.F.,(3,3),(0.,1.),.PIECEWISE_BEZIER_KNOTS.);
#9329 = CARTESIAN_POINT('',(6.515848214286,-30.87504464285,9.));
#9330 = CARTESIAN_POINT('',(6.018839285714,-31.65008928571,9.));
#9331 = CARTESIAN_POINT('',(6.018839285714,-33.17607142857,9.));
#9332 = SURFACE_OF_LINEAR_EXTRUSION('',#9333,#9337);
#9333 = B_SPLINE_CURVE_WITH_KNOTS('',2,(#9334,#9335,#9336),
  .UNSPECIFIED.,.F.,.F.,(3,3),(0.,1.),.PIECEWISE_BEZIER_KNOTS.);
#9334 = CARTESIAN_POINT('',(6.515848214286,-30.87504464285,9.));
#9335 = CARTESIAN_POINT('',(6.018839285714,-31.65008928571,9.));
#9336 = CARTESIAN_POINT('',(6.018839285714,-33.17607142857,9.));
#9337 = VECTOR('',#9338,1.);
#9338 = DIRECTION('',(-0.,-0.,-1.));
#9339 = ADVANCED_FACE('',(#9340),#9365,.T.);
#9340 = FACE_BOUND('',#9341,.T.);
#9341 = EDGE_LOOP('',(#9342,#9352,#9358,#9359));
#9342 = ORIENTED_EDGE('',*,*,#9343,.T.);
#9343 = EDGE_CURVE('',#9344,#9346,#9348,.T.);
#9344 = VERTEX_POINT('',#9345);
#9345 = CARTESIAN_POINT('',(7.989598214286,-30.1,9.));
#9346 = VERTEX_POINT('',#9347);
#9347 = CARTESIAN_POINT('',(7.989598214286,-30.1,10.));
#9348 = LINE('',#9349,#9350);
#9349 = CARTESIAN_POINT('',(7.989598214286,-30.1,9.));
#9350 = VECTOR('',#9351,1.);
#9351 = DIRECTION('',(0.,0.,1.));
#9352 = ORIENTED_EDGE('',*,*,#9353,.T.);
#9353 = EDGE_CURVE('',#9346,#9313,#9354,.T.);
#9354 = B_SPLINE_CURVE_WITH_KNOTS('',2,(#9355,#9356,#9357),
  .UNSPECIFIED.,.F.,.F.,(3,3),(0.,1.),.PIECEWISE_BEZIER_KNOTS.);
#9355 = CARTESIAN_POINT('',(7.989598214286,-30.1,10.));
#9356 = CARTESIAN_POINT('',(7.013258928571,-30.1,10.));
#9357 = CARTESIAN_POINT('',(6.515848214286,-30.87504464285,10.));
#9358 = ORIENTED_EDGE('',*,*,#9310,.F.);
#9359 = ORIENTED_EDGE('',*,*,#9360,.F.);
#9360 = EDGE_CURVE('',#9344,#9311,#9361,.T.);
#9361 = B_SPLINE_CURVE_WITH_KNOTS('',2,(#9362,#9363,#9364),
  .UNSPECIFIED.,.F.,.F.,(3,3),(0.,1.),.PIECEWISE_BEZIER_KNOTS.);
#9362 = CARTESIAN_POINT('',(7.989598214286,-30.1,9.));
#9363 = CARTESIAN_POINT('',(7.013258928571,-30.1,9.));
#9364 = CARTESIAN_POINT('',(6.515848214286,-30.87504464285,9.));
#9365 = SURFACE_OF_LINEAR_EXTRUSION('',#9366,#9370);
#9366 = B_SPLINE_CURVE_WITH_KNOTS('',2,(#9367,#9368,#9369),
  .UNSPECIFIED.,.F.,.F.,(3,3),(0.,1.),.PIECEWISE_BEZIER_KNOTS.);
#9367 = CARTESIAN_POINT('',(7.989598214286,-30.1,9.));
#9368 = CARTESIAN_POINT('',(7.013258928571,-30.1,9.));
#9369 = CARTESIAN_POINT('',(6.515848214286,-30.87504464285,9.));
#9370 = VECTOR('',#9371,1.);
#9371 = DIRECTION('',(-0.,-0.,-1.));
#9372 = ADVANCED_FACE('',(#9373),#9398,.T.);
#9373 = FACE_BOUND('',#9374,.T.);
#9374 = EDGE_LOOP('',(#9375,#9385,#9391,#9392));
#9375 = ORIENTED_EDGE('',*,*,#9376,.T.);
#9376 = EDGE_CURVE('',#9377,#9379,#9381,.T.);
#9377 = VERTEX_POINT('',#9378);
#9378 = CARTESIAN_POINT('',(8.878348214286,-30.29808035714,9.));
#9379 = VERTEX_POINT('',#9380);
#9380 = CARTESIAN_POINT('',(8.878348214286,-30.29808035714,10.));
#9381 = LINE('',#9382,#9383);
#9382 = CARTESIAN_POINT('',(8.878348214286,-30.29808035714,9.));
#9383 = VECTOR('',#9384,1.);
#9384 = DIRECTION('',(0.,0.,1.));
#9385 = ORIENTED_EDGE('',*,*,#9386,.T.);
#9386 = EDGE_CURVE('',#9379,#9346,#9387,.T.);
#9387 = B_SPLINE_CURVE_WITH_KNOTS('',2,(#9388,#9389,#9390),
  .UNSPECIFIED.,.F.,.F.,(3,3),(0.,1.),.PIECEWISE_BEZIER_KNOTS.);
#9388 = CARTESIAN_POINT('',(8.878348214286,-30.29808035714,10.));
#9389 = CARTESIAN_POINT('',(8.447633928571,-30.1,10.));
#9390 = CARTESIAN_POINT('',(7.989598214286,-30.1,10.));
#9391 = ORIENTED_EDGE('',*,*,#9343,.F.);
#9392 = ORIENTED_EDGE('',*,*,#9393,.F.);
#9393 = EDGE_CURVE('',#9377,#9344,#9394,.T.);
#9394 = B_SPLINE_CURVE_WITH_KNOTS('',2,(#9395,#9396,#9397),
  .UNSPECIFIED.,.F.,.F.,(3,3),(0.,1.),.PIECEWISE_BEZIER_KNOTS.);
#9395 = CARTESIAN_POINT('',(8.878348214286,-30.29808035714,9.));
#9396 = CARTESIAN_POINT('',(8.447633928571,-30.1,9.));
#9397 = CARTESIAN_POINT('',(7.989598214286,-30.1,9.));
#9398 = SURFACE_OF_LINEAR_EXTRUSION('',#9399,#9403);
#9399 = B_SPLINE_CURVE_WITH_KNOTS('',2,(#9400,#9401,#9402),
  .UNSPECIFIED.,.F.,.F.,(3,3),(0.,1.),.PIECEWISE_BEZIER_KNOTS.);
#9400 = CARTESIAN_POINT('',(8.878348214286,-30.29808035714,9.));
#9401 = CARTESIAN_POINT('',(8.447633928571,-30.1,9.));
#9402 = CARTESIAN_POINT('',(7.989598214286,-30.1,9.));
#9403 = VECTOR('',#9404,1.);
#9404 = DIRECTION('',(-0.,-0.,-1.));
#9405 = ADVANCED_FACE('',(#9406),#9431,.T.);
#9406 = FACE_BOUND('',#9407,.T.);
#9407 = EDGE_LOOP('',(#9408,#9418,#9424,#9425));
#9408 = ORIENTED_EDGE('',*,*,#9409,.T.);
#9409 = EDGE_CURVE('',#9410,#9412,#9414,.T.);
#9410 = VERTEX_POINT('',#9411);
#9411 = CARTESIAN_POINT('',(9.7675,-30.92285714285,9.));
#9412 = VERTEX_POINT('',#9413);
#9413 = CARTESIAN_POINT('',(9.7675,-30.92285714285,10.));
#9414 = LINE('',#9415,#9416);
#9415 = CARTESIAN_POINT('',(9.7675,-30.92285714285,9.));
#9416 = VECTOR('',#9417,1.);
#9417 = DIRECTION('',(0.,0.,1.));
#9418 = ORIENTED_EDGE('',*,*,#9419,.T.);
#9419 = EDGE_CURVE('',#9412,#9379,#9420,.T.);
#9420 = B_SPLINE_CURVE_WITH_KNOTS('',2,(#9421,#9422,#9423),
  .UNSPECIFIED.,.F.,.F.,(3,3),(0.,1.),.PIECEWISE_BEZIER_KNOTS.);
#9421 = CARTESIAN_POINT('',(9.7675,-30.92285714285,10.));
#9422 = CARTESIAN_POINT('',(9.309464285714,-30.49616071428,10.));
#9423 = CARTESIAN_POINT('',(8.878348214286,-30.29808035714,10.));
#9424 = ORIENTED_EDGE('',*,*,#9376,.F.);
#9425 = ORIENTED_EDGE('',*,*,#9426,.F.);
#9426 = EDGE_CURVE('',#9410,#9377,#9427,.T.);
#9427 = B_SPLINE_CURVE_WITH_KNOTS('',2,(#9428,#9429,#9430),
  .UNSPECIFIED.,.F.,.F.,(3,3),(0.,1.),.PIECEWISE_BEZIER_KNOTS.);
#9428 = CARTESIAN_POINT('',(9.7675,-30.92285714285,9.));
#9429 = CARTESIAN_POINT('',(9.309464285714,-30.49616071428,9.));
#9430 = CARTESIAN_POINT('',(8.878348214286,-30.29808035714,9.));
#9431 = SURFACE_OF_LINEAR_EXTRUSION('',#9432,#9436);
#9432 = B_SPLINE_CURVE_WITH_KNOTS('',2,(#9433,#9434,#9435),
  .UNSPECIFIED.,.F.,.F.,(3,3),(0.,1.),.PIECEWISE_BEZIER_KNOTS.);
#9433 = CARTESIAN_POINT('',(9.7675,-30.92285714285,9.));
#9434 = CARTESIAN_POINT('',(9.309464285714,-30.49616071428,9.));
#9435 = CARTESIAN_POINT('',(8.878348214286,-30.29808035714,9.));
#9436 = VECTOR('',#9437,1.);
#9437 = DIRECTION('',(-0.,-0.,-1.));
#9438 = ADVANCED_FACE('',(#9439),#9464,.T.);
#9439 = FACE_BOUND('',#9440,.T.);
#9440 = EDGE_LOOP('',(#9441,#9451,#9457,#9458));
#9441 = ORIENTED_EDGE('',*,*,#9442,.T.);
#9442 = EDGE_CURVE('',#9443,#9445,#9447,.T.);
#9443 = VERTEX_POINT('',#9444);
#9444 = CARTESIAN_POINT('',(9.7675,-28.94285714285,9.));
#9445 = VERTEX_POINT('',#9446);
#9446 = CARTESIAN_POINT('',(9.7675,-28.94285714285,10.));
#9447 = LINE('',#9448,#9449);
#9448 = CARTESIAN_POINT('',(9.7675,-28.94285714285,9.));
#9449 = VECTOR('',#9450,1.);
#9450 = DIRECTION('',(0.,0.,1.));
#9451 = ORIENTED_EDGE('',*,*,#9452,.T.);
#9452 = EDGE_CURVE('',#9445,#9412,#9453,.T.);
#9453 = LINE('',#9454,#9455);
#9454 = CARTESIAN_POINT('',(9.7675,-28.94285714285,10.));
#9455 = VECTOR('',#9456,1.);
#9456 = DIRECTION('',(0.,-1.,0.));
#9457 = ORIENTED_EDGE('',*,*,#9409,.F.);
#9458 = ORIENTED_EDGE('',*,*,#9459,.F.);
#9459 = EDGE_CURVE('',#9443,#9410,#9460,.T.);
#9460 = LINE('',#9461,#9462);
#9461 = CARTESIAN_POINT('',(9.7675,-28.94285714285,9.));
#9462 = VECTOR('',#9463,1.);
#9463 = DIRECTION('',(0.,-1.,0.));
#9464 = PLANE('',#9465);
#9465 = AXIS2_PLACEMENT_3D('',#9466,#9467,#9468);
#9466 = CARTESIAN_POINT('',(9.7675,-28.94285714285,9.));
#9467 = DIRECTION('',(1.,0.,-0.));
#9468 = DIRECTION('',(0.,-1.,0.));
#9469 = ADVANCED_FACE('',(#9470),#9495,.T.);
#9470 = FACE_BOUND('',#9471,.T.);
#9471 = EDGE_LOOP('',(#9472,#9482,#9488,#9489));
#9472 = ORIENTED_EDGE('',*,*,#9473,.T.);
#9473 = EDGE_CURVE('',#9474,#9476,#9478,.T.);
#9474 = VERTEX_POINT('',#9475);
#9475 = CARTESIAN_POINT('',(8.887589285714,-28.615,9.));
#9476 = VERTEX_POINT('',#9477);
#9477 = CARTESIAN_POINT('',(8.887589285714,-28.615,10.));
#9478 = LINE('',#9479,#9480);
#9479 = CARTESIAN_POINT('',(8.887589285714,-28.615,9.));
#9480 = VECTOR('',#9481,1.);
#9481 = DIRECTION('',(0.,0.,1.));
#9482 = ORIENTED_EDGE('',*,*,#9483,.T.);
#9483 = EDGE_CURVE('',#9476,#9445,#9484,.T.);
#9484 = B_SPLINE_CURVE_WITH_KNOTS('',2,(#9485,#9486,#9487),
  .UNSPECIFIED.,.F.,.F.,(3,3),(0.,1.),.PIECEWISE_BEZIER_KNOTS.);
#9485 = CARTESIAN_POINT('',(8.887589285714,-28.615,10.));
#9486 = CARTESIAN_POINT('',(9.357678571429,-28.72428571428,10.));
#9487 = CARTESIAN_POINT('',(9.7675,-28.94285714285,10.));
#9488 = ORIENTED_EDGE('',*,*,#9442,.F.);
#9489 = ORIENTED_EDGE('',*,*,#9490,.F.);
#9490 = EDGE_CURVE('',#9474,#9443,#9491,.T.);
#9491 = B_SPLINE_CURVE_WITH_KNOTS('',2,(#9492,#9493,#9494),
  .UNSPECIFIED.,.F.,.F.,(3,3),(0.,1.),.PIECEWISE_BEZIER_KNOTS.);
#9492 = CARTESIAN_POINT('',(8.887589285714,-28.615,9.));
#9493 = CARTESIAN_POINT('',(9.357678571429,-28.72428571428,9.));
#9494 = CARTESIAN_POINT('',(9.7675,-28.94285714285,9.));
#9495 = SURFACE_OF_LINEAR_EXTRUSION('',#9496,#9500);
#9496 = B_SPLINE_CURVE_WITH_KNOTS('',2,(#9497,#9498,#9499),
  .UNSPECIFIED.,.F.,.F.,(3,3),(0.,1.),.PIECEWISE_BEZIER_KNOTS.);
#9497 = CARTESIAN_POINT('',(8.887589285714,-28.615,9.));
#9498 = CARTESIAN_POINT('',(9.357678571429,-28.72428571428,9.));
#9499 = CARTESIAN_POINT('',(9.7675,-28.94285714285,9.));
#9500 = VECTOR('',#9501,1.);
#9501 = DIRECTION('',(-0.,-0.,-1.));
#9502 = ADVANCED_FACE('',(#9503),#9528,.T.);
#9503 = FACE_BOUND('',#9504,.T.);
#9504 = EDGE_LOOP('',(#9505,#9515,#9521,#9522));
#9505 = ORIENTED_EDGE('',*,*,#9506,.T.);
#9506 = EDGE_CURVE('',#9507,#9509,#9511,.T.);
#9507 = VERTEX_POINT('',#9508);
#9508 = CARTESIAN_POINT('',(7.905223214286,-28.50571428571,9.));
#9509 = VERTEX_POINT('',#9510);
#9510 = CARTESIAN_POINT('',(7.905223214286,-28.50571428571,10.));
#9511 = LINE('',#9512,#9513);
#9512 = CARTESIAN_POINT('',(7.905223214286,-28.50571428571,9.));
#9513 = VECTOR('',#9514,1.);
#9514 = DIRECTION('',(0.,0.,1.));
#9515 = ORIENTED_EDGE('',*,*,#9516,.T.);
#9516 = EDGE_CURVE('',#9509,#9476,#9517,.T.);
#9517 = B_SPLINE_CURVE_WITH_KNOTS('',2,(#9518,#9519,#9520),
  .UNSPECIFIED.,.F.,.F.,(3,3),(0.,1.),.PIECEWISE_BEZIER_KNOTS.);
#9518 = CARTESIAN_POINT('',(7.905223214286,-28.50571428571,10.));
#9519 = CARTESIAN_POINT('',(8.4175,-28.50571428571,10.));
#9520 = CARTESIAN_POINT('',(8.887589285714,-28.615,10.));
#9521 = ORIENTED_EDGE('',*,*,#9473,.F.);
#9522 = ORIENTED_EDGE('',*,*,#9523,.F.);
#9523 = EDGE_CURVE('',#9507,#9474,#9524,.T.);
#9524 = B_SPLINE_CURVE_WITH_KNOTS('',2,(#9525,#9526,#9527),
  .UNSPECIFIED.,.F.,.F.,(3,3),(0.,1.),.PIECEWISE_BEZIER_KNOTS.);
#9525 = CARTESIAN_POINT('',(7.905223214286,-28.50571428571,9.));
#9526 = CARTESIAN_POINT('',(8.4175,-28.50571428571,9.));
#9527 = CARTESIAN_POINT('',(8.887589285714,-28.615,9.));
#9528 = SURFACE_OF_LINEAR_EXTRUSION('',#9529,#9533);
#9529 = B_SPLINE_CURVE_WITH_KNOTS('',2,(#9530,#9531,#9532),
  .UNSPECIFIED.,.F.,.F.,(3,3),(0.,1.),.PIECEWISE_BEZIER_KNOTS.);
#9530 = CARTESIAN_POINT('',(7.905223214286,-28.50571428571,9.));
#9531 = CARTESIAN_POINT('',(8.4175,-28.50571428571,9.));
#9532 = CARTESIAN_POINT('',(8.887589285714,-28.615,9.));
#9533 = VECTOR('',#9534,1.);
#9534 = DIRECTION('',(-0.,-0.,-1.));
#9535 = ADVANCED_FACE('',(#9536),#9561,.T.);
#9536 = FACE_BOUND('',#9537,.T.);
#9537 = EDGE_LOOP('',(#9538,#9548,#9554,#9555));
#9538 = ORIENTED_EDGE('',*,*,#9539,.T.);
#9539 = EDGE_CURVE('',#9540,#9542,#9544,.T.);
#9540 = VERTEX_POINT('',#9541);
#9541 = CARTESIAN_POINT('',(5.126875,-29.70504464285,9.));
#9542 = VERTEX_POINT('',#9543);
#9543 = CARTESIAN_POINT('',(5.126875,-29.70504464285,10.));
#9544 = LINE('',#9545,#9546);
#9545 = CARTESIAN_POINT('',(5.126875,-29.70504464285,9.));
#9546 = VECTOR('',#9547,1.);
#9547 = DIRECTION('',(0.,0.,1.));
#9548 = ORIENTED_EDGE('',*,*,#9549,.T.);
#9549 = EDGE_CURVE('',#9542,#9509,#9550,.T.);
#9550 = B_SPLINE_CURVE_WITH_KNOTS('',2,(#9551,#9552,#9553),
  .UNSPECIFIED.,.F.,.F.,(3,3),(0.,1.),.PIECEWISE_BEZIER_KNOTS.);
#9551 = CARTESIAN_POINT('',(5.126875,-29.70504464285,10.));
#9552 = CARTESIAN_POINT('',(6.085133928571,-28.50571428571,10.));
#9553 = CARTESIAN_POINT('',(7.905223214286,-28.50571428571,10.));
#9554 = ORIENTED_EDGE('',*,*,#9506,.F.);
#9555 = ORIENTED_EDGE('',*,*,#9556,.F.);
#9556 = EDGE_CURVE('',#9540,#9507,#9557,.T.);
#9557 = B_SPLINE_CURVE_WITH_KNOTS('',2,(#9558,#9559,#9560),
  .UNSPECIFIED.,.F.,.F.,(3,3),(0.,1.),.PIECEWISE_BEZIER_KNOTS.);
#9558 = CARTESIAN_POINT('',(5.126875,-29.70504464285,9.));
#9559 = CARTESIAN_POINT('',(6.085133928571,-28.50571428571,9.));
#9560 = CARTESIAN_POINT('',(7.905223214286,-28.50571428571,9.));
#9561 = SURFACE_OF_LINEAR_EXTRUSION('',#9562,#9566);
#9562 = B_SPLINE_CURVE_WITH_KNOTS('',2,(#9563,#9564,#9565),
  .UNSPECIFIED.,.F.,.F.,(3,3),(0.,1.),.PIECEWISE_BEZIER_KNOTS.);
#9563 = CARTESIAN_POINT('',(5.126875,-29.70504464285,9.));
#9564 = CARTESIAN_POINT('',(6.085133928571,-28.50571428571,9.));
#9565 = CARTESIAN_POINT('',(7.905223214286,-28.50571428571,9.));
#9566 = VECTOR('',#9567,1.);
#9567 = DIRECTION('',(-0.,-0.,-1.));
#9568 = ADVANCED_FACE('',(#9569),#9594,.T.);
#9569 = FACE_BOUND('',#9570,.T.);
#9570 = EDGE_LOOP('',(#9571,#9581,#9587,#9588));
#9571 = ORIENTED_EDGE('',*,*,#9572,.T.);
#9572 = EDGE_CURVE('',#9573,#9575,#9577,.T.);
#9573 = VERTEX_POINT('',#9574);
#9574 = CARTESIAN_POINT('',(4.168616071429,-33.17566964285,9.));
#9575 = VERTEX_POINT('',#9576);
#9576 = CARTESIAN_POINT('',(4.168616071429,-33.17566964285,10.));
#9577 = LINE('',#9578,#9579);
#9578 = CARTESIAN_POINT('',(4.168616071429,-33.17566964285,9.));
#9579 = VECTOR('',#9580,1.);
#9580 = DIRECTION('',(0.,0.,1.));
#9581 = ORIENTED_EDGE('',*,*,#9582,.T.);
#9582 = EDGE_CURVE('',#9575,#9542,#9583,.T.);
#9583 = B_SPLINE_CURVE_WITH_KNOTS('',2,(#9584,#9585,#9586),
  .UNSPECIFIED.,.F.,.F.,(3,3),(0.,1.),.PIECEWISE_BEZIER_KNOTS.);
#9584 = CARTESIAN_POINT('',(4.168616071429,-33.17566964285,10.));
#9585 = CARTESIAN_POINT('',(4.168616071429,-30.90397321428,10.));
#9586 = CARTESIAN_POINT('',(5.126875,-29.70504464285,10.));
#9587 = ORIENTED_EDGE('',*,*,#9539,.F.);
#9588 = ORIENTED_EDGE('',*,*,#9589,.F.);
#9589 = EDGE_CURVE('',#9573,#9540,#9590,.T.);
#9590 = B_SPLINE_CURVE_WITH_KNOTS('',2,(#9591,#9592,#9593),
  .UNSPECIFIED.,.F.,.F.,(3,3),(0.,1.),.PIECEWISE_BEZIER_KNOTS.);
#9591 = CARTESIAN_POINT('',(4.168616071429,-33.17566964285,9.));
#9592 = CARTESIAN_POINT('',(4.168616071429,-30.90397321428,9.));
#9593 = CARTESIAN_POINT('',(5.126875,-29.70504464285,9.));
#9594 = SURFACE_OF_LINEAR_EXTRUSION('',#9595,#9599);
#9595 = B_SPLINE_CURVE_WITH_KNOTS('',2,(#9596,#9597,#9598),
  .UNSPECIFIED.,.F.,.F.,(3,3),(0.,1.),.PIECEWISE_BEZIER_KNOTS.);
#9596 = CARTESIAN_POINT('',(4.168616071429,-33.17566964285,9.));
#9597 = CARTESIAN_POINT('',(4.168616071429,-30.90397321428,9.));
#9598 = CARTESIAN_POINT('',(5.126875,-29.70504464285,9.));
#9599 = VECTOR('',#9600,1.);
#9600 = DIRECTION('',(-0.,-0.,-1.));
#9601 = ADVANCED_FACE('',(#9602),#9627,.T.);
#9602 = FACE_BOUND('',#9603,.T.);
#9603 = EDGE_LOOP('',(#9604,#9614,#9620,#9621));
#9604 = ORIENTED_EDGE('',*,*,#9605,.T.);
#9605 = EDGE_CURVE('',#9606,#9608,#9610,.T.);
#9606 = VERTEX_POINT('',#9607);
#9607 = CARTESIAN_POINT('',(5.126875,-36.64107142857,9.));
#9608 = VERTEX_POINT('',#9609);
#9609 = CARTESIAN_POINT('',(5.126875,-36.64107142857,10.));
#9610 = LINE('',#9611,#9612);
#9611 = CARTESIAN_POINT('',(5.126875,-36.64107142857,9.));
#9612 = VECTOR('',#9613,1.);
#9613 = DIRECTION('',(0.,0.,1.));
#9614 = ORIENTED_EDGE('',*,*,#9615,.T.);
#9615 = EDGE_CURVE('',#9608,#9575,#9616,.T.);
#9616 = B_SPLINE_CURVE_WITH_KNOTS('',2,(#9617,#9618,#9619),
  .UNSPECIFIED.,.F.,.F.,(3,3),(0.,1.),.PIECEWISE_BEZIER_KNOTS.);
#9617 = CARTESIAN_POINT('',(5.126875,-36.64107142857,10.));
#9618 = CARTESIAN_POINT('',(4.168616071429,-35.44174107142,10.));
#9619 = CARTESIAN_POINT('',(4.168616071429,-33.17566964285,10.));
#9620 = ORIENTED_EDGE('',*,*,#9572,.F.);
#9621 = ORIENTED_EDGE('',*,*,#9622,.F.);
#9622 = EDGE_CURVE('',#9606,#9573,#9623,.T.);
#9623 = B_SPLINE_CURVE_WITH_KNOTS('',2,(#9624,#9625,#9626),
  .UNSPECIFIED.,.F.,.F.,(3,3),(0.,1.),.PIECEWISE_BEZIER_KNOTS.);
#9624 = CARTESIAN_POINT('',(5.126875,-36.64107142857,9.));
#9625 = CARTESIAN_POINT('',(4.168616071429,-35.44174107142,9.));
#9626 = CARTESIAN_POINT('',(4.168616071429,-33.17566964285,9.));
#9627 = SURFACE_OF_LINEAR_EXTRUSION('',#9628,#9632);
#9628 = B_SPLINE_CURVE_WITH_KNOTS('',2,(#9629,#9630,#9631),
  .UNSPECIFIED.,.F.,.F.,(3,3),(0.,1.),.PIECEWISE_BEZIER_KNOTS.);
#9629 = CARTESIAN_POINT('',(5.126875,-36.64107142857,9.));
#9630 = CARTESIAN_POINT('',(4.168616071429,-35.44174107142,9.));
#9631 = CARTESIAN_POINT('',(4.168616071429,-33.17566964285,9.));
#9632 = VECTOR('',#9633,1.);
#9633 = DIRECTION('',(-0.,-0.,-1.));
#9634 = ADVANCED_FACE('',(#9635),#9660,.T.);
#9635 = FACE_BOUND('',#9636,.T.);
#9636 = EDGE_LOOP('',(#9637,#9647,#9653,#9654));
#9637 = ORIENTED_EDGE('',*,*,#9638,.T.);
#9638 = EDGE_CURVE('',#9639,#9641,#9643,.T.);
#9639 = VERTEX_POINT('',#9640);
#9640 = CARTESIAN_POINT('',(7.905223214286,-37.84,9.));
#9641 = VERTEX_POINT('',#9642);
#9642 = CARTESIAN_POINT('',(7.905223214286,-37.84,10.));
#9643 = LINE('',#9644,#9645);
#9644 = CARTESIAN_POINT('',(7.905223214286,-37.84,9.));
#9645 = VECTOR('',#9646,1.);
#9646 = DIRECTION('',(0.,0.,1.));
#9647 = ORIENTED_EDGE('',*,*,#9648,.T.);
#9648 = EDGE_CURVE('',#9641,#9608,#9649,.T.);
#9649 = B_SPLINE_CURVE_WITH_KNOTS('',2,(#9650,#9651,#9652),
  .UNSPECIFIED.,.F.,.F.,(3,3),(0.,1.),.PIECEWISE_BEZIER_KNOTS.);
#9650 = CARTESIAN_POINT('',(7.905223214286,-37.84,10.));
#9651 = CARTESIAN_POINT('',(6.085133928571,-37.84,10.));
#9652 = CARTESIAN_POINT('',(5.126875,-36.64107142857,10.));
#9653 = ORIENTED_EDGE('',*,*,#9605,.F.);
#9654 = ORIENTED_EDGE('',*,*,#9655,.F.);
#9655 = EDGE_CURVE('',#9639,#9606,#9656,.T.);
#9656 = B_SPLINE_CURVE_WITH_KNOTS('',2,(#9657,#9658,#9659),
  .UNSPECIFIED.,.F.,.F.,(3,3),(0.,1.),.PIECEWISE_BEZIER_KNOTS.);
#9657 = CARTESIAN_POINT('',(7.905223214286,-37.84,9.));
#9658 = CARTESIAN_POINT('',(6.085133928571,-37.84,9.));
#9659 = CARTESIAN_POINT('',(5.126875,-36.64107142857,9.));
#9660 = SURFACE_OF_LINEAR_EXTRUSION('',#9661,#9665);
#9661 = B_SPLINE_CURVE_WITH_KNOTS('',2,(#9662,#9663,#9664),
  .UNSPECIFIED.,.F.,.F.,(3,3),(0.,1.),.PIECEWISE_BEZIER_KNOTS.);
#9662 = CARTESIAN_POINT('',(7.905223214286,-37.84,9.));
#9663 = CARTESIAN_POINT('',(6.085133928571,-37.84,9.));
#9664 = CARTESIAN_POINT('',(5.126875,-36.64107142857,9.));
#9665 = VECTOR('',#9666,1.);
#9666 = DIRECTION('',(-0.,-0.,-1.));
#9667 = ADVANCED_FACE('',(#9668),#9684,.T.);
#9668 = FACE_BOUND('',#9669,.T.);
#9669 = EDGE_LOOP('',(#9670,#9671,#9677,#9678));
#9670 = ORIENTED_EDGE('',*,*,#9123,.T.);
#9671 = ORIENTED_EDGE('',*,*,#9672,.T.);
#9672 = EDGE_CURVE('',#9116,#9641,#9673,.T.);
#9673 = B_SPLINE_CURVE_WITH_KNOTS('',2,(#9674,#9675,#9676),
  .UNSPECIFIED.,.F.,.F.,(3,3),(0.,1.),.PIECEWISE_BEZIER_KNOTS.);
#9674 = CARTESIAN_POINT('',(8.8815625,-37.73071428571,10.));
#9675 = CARTESIAN_POINT('',(8.4175,-37.84,10.));
#9676 = CARTESIAN_POINT('',(7.905223214286,-37.84,10.));
#9677 = ORIENTED_EDGE('',*,*,#9638,.F.);
#9678 = ORIENTED_EDGE('',*,*,#9679,.F.);
#9679 = EDGE_CURVE('',#9124,#9639,#9680,.T.);
#9680 = B_SPLINE_CURVE_WITH_KNOTS('',2,(#9681,#9682,#9683),
  .UNSPECIFIED.,.F.,.F.,(3,3),(0.,1.),.PIECEWISE_BEZIER_KNOTS.);
#9681 = CARTESIAN_POINT('',(8.8815625,-37.73071428571,9.));
#9682 = CARTESIAN_POINT('',(8.4175,-37.84,9.));
#9683 = CARTESIAN_POINT('',(7.905223214286,-37.84,9.));
#9684 = SURFACE_OF_LINEAR_EXTRUSION('',#9685,#9689);
#9685 = B_SPLINE_CURVE_WITH_KNOTS('',2,(#9686,#9687,#9688),
  .UNSPECIFIED.,.F.,.F.,(3,3),(0.,1.),.PIECEWISE_BEZIER_KNOTS.);
#9686 = CARTESIAN_POINT('',(8.8815625,-37.73071428571,9.));
#9687 = CARTESIAN_POINT('',(8.4175,-37.84,9.));
#9688 = CARTESIAN_POINT('',(7.905223214286,-37.84,9.));
#9689 = VECTOR('',#9690,1.);
#9690 = DIRECTION('',(-0.,-0.,-1.));
#9691 = ADVANCED_FACE('',(#9692),#9712,.F.);
#9692 = FACE_BOUND('',#9693,.F.);
#9693 = EDGE_LOOP('',(#9694,#9695,#9696,#9697,#9698,#9699,#9700,#9701,
    #9702,#9703,#9704,#9705,#9706,#9707,#9708,#9709,#9710,#9711));
#9694 = ORIENTED_EDGE('',*,*,#9131,.F.);
#9695 = ORIENTED_EDGE('',*,*,#9164,.F.);
#9696 = ORIENTED_EDGE('',*,*,#9195,.F.);
#9697 = ORIENTED_EDGE('',*,*,#9228,.F.);
#9698 = ORIENTED_EDGE('',*,*,#9261,.F.);
#9699 = ORIENTED_EDGE('',*,*,#9294,.F.);
#9700 = ORIENTED_EDGE('',*,*,#9327,.F.);
#9701 = ORIENTED_EDGE('',*,*,#9360,.F.);
#9702 = ORIENTED_EDGE('',*,*,#9393,.F.);
#9703 = ORIENTED_EDGE('',*,*,#9426,.F.);
#9704 = ORIENTED_EDGE('',*,*,#9459,.F.);
#9705 = ORIENTED_EDGE('',*,*,#9490,.F.);
#9706 = ORIENTED_EDGE('',*,*,#9523,.F.);
#9707 = ORIENTED_EDGE('',*,*,#9556,.F.);
#9708 = ORIENTED_EDGE('',*,*,#9589,.F.);
#9709 = ORIENTED_EDGE('',*,*,#9622,.F.);
#9710 = ORIENTED_EDGE('',*,*,#9655,.F.);
#9711 = ORIENTED_EDGE('',*,*,#9679,.F.);
#9712 = PLANE('',#9713);
#9713 = AXIS2_PLACEMENT_3D('',#9714,#9715,#9716);
#9714 = CARTESIAN_POINT('',(7.029547744264,-33.1727878447,9.));
#9715 = DIRECTION('',(0.,0.,1.));
#9716 = DIRECTION('',(1.,0.,0.));
#9717 = ADVANCED_FACE('',(#9718),#9738,.T.);
#9718 = FACE_BOUND('',#9719,.T.);
#9719 = EDGE_LOOP('',(#9720,#9721,#9722,#9723,#9724,#9725,#9726,#9727,
    #9728,#9729,#9730,#9731,#9732,#9733,#9734,#9735,#9736,#9737));
#9720 = ORIENTED_EDGE('',*,*,#9115,.F.);
#9721 = ORIENTED_EDGE('',*,*,#9157,.F.);
#9722 = ORIENTED_EDGE('',*,*,#9188,.F.);
#9723 = ORIENTED_EDGE('',*,*,#9221,.F.);
#9724 = ORIENTED_EDGE('',*,*,#9254,.F.);
#9725 = ORIENTED_EDGE('',*,*,#9287,.F.);
#9726 = ORIENTED_EDGE('',*,*,#9320,.F.);
#9727 = ORIENTED_EDGE('',*,*,#9353,.F.);
#9728 = ORIENTED_EDGE('',*,*,#9386,.F.);
#9729 = ORIENTED_EDGE('',*,*,#9419,.F.);
#9730 = ORIENTED_EDGE('',*,*,#9452,.F.);
#9731 = ORIENTED_EDGE('',*,*,#9483,.F.);
#9732 = ORIENTED_EDGE('',*,*,#9516,.F.);
#9733 = ORIENTED_EDGE('',*,*,#9549,.F.);
#9734 = ORIENTED_EDGE('',*,*,#9582,.F.);
#9735 = ORIENTED_EDGE('',*,*,#9615,.F.);
#9736 = ORIENTED_EDGE('',*,*,#9648,.F.);
#9737 = ORIENTED_EDGE('',*,*,#9672,.F.);
#9738 = PLANE('',#9739);
#9739 = AXIS2_PLACEMENT_3D('',#9740,#9741,#9742);
#9740 = CARTESIAN_POINT('',(7.029547744264,-33.1727878447,10.));
#9741 = DIRECTION('',(0.,0.,1.));
#9742 = DIRECTION('',(1.,0.,0.));
#9743 = MANIFOLD_SOLID_BREP('',#9744);
#9744 = CLOSED_SHELL('',(#9745,#9785,#9816,#9847,#9878,#9909,#9940,#9971
    ,#9993,#10009));
#9745 = ADVANCED_FACE('',(#9746),#9780,.T.);
#9746 = FACE_BOUND('',#9747,.T.);
#9747 = EDGE_LOOP('',(#9748,#9758,#9766,#9774));
#9748 = ORIENTED_EDGE('',*,*,#9749,.T.);
#9749 = EDGE_CURVE('',#9750,#9752,#9754,.T.);
#9750 = VERTEX_POINT('',#9751);
#9751 = CARTESIAN_POINT('',(15.2884375,-37.66,9.));
#9752 = VERTEX_POINT('',#9753);
#9753 = CARTESIAN_POINT('',(15.2884375,-37.66,10.));
#9754 = LINE('',#9755,#9756);
#9755 = CARTESIAN_POINT('',(15.2884375,-37.66,9.));
#9756 = VECTOR('',#9757,1.);
#9757 = DIRECTION('',(0.,0.,1.));
#9758 = ORIENTED_EDGE('',*,*,#9759,.T.);
#9759 = EDGE_CURVE('',#9752,#9760,#9762,.T.);
#9760 = VERTEX_POINT('',#9761);
#9761 = CARTESIAN_POINT('',(13.510535714286,-37.66,10.));
#9762 = LINE('',#9763,#9764);
#9763 = CARTESIAN_POINT('',(15.2884375,-37.66,10.));
#9764 = VECTOR('',#9765,1.);
#9765 = DIRECTION('',(-1.,0.,0.));
#9766 = ORIENTED_EDGE('',*,*,#9767,.F.);
#9767 = EDGE_CURVE('',#9768,#9760,#9770,.T.);
#9768 = VERTEX_POINT('',#9769);
#9769 = CARTESIAN_POINT('',(13.510535714286,-37.66,9.));
#9770 = LINE('',#9771,#9772);
#9771 = CARTESIAN_POINT('',(13.510535714286,-37.66,9.));
#9772 = VECTOR('',#9773,1.);
#9773 = DIRECTION('',(0.,0.,1.));
#9774 = ORIENTED_EDGE('',*,*,#9775,.F.);
#9775 = EDGE_CURVE('',#9750,#9768,#9776,.T.);
#9776 = LINE('',#9777,#9778);
#9777 = CARTESIAN_POINT('',(15.2884375,-37.66,9.));
#9778 = VECTOR('',#9779,1.);
#9779 = DIRECTION('',(-1.,0.,0.));
#9780 = PLANE('',#9781);
#9781 = AXIS2_PLACEMENT_3D('',#9782,#9783,#9784);
#9782 = CARTESIAN_POINT('',(15.2884375,-37.66,9.));
#9783 = DIRECTION('',(0.,-1.,0.));
#9784 = DIRECTION('',(-1.,0.,0.));
#9785 = ADVANCED_FACE('',(#9786),#9811,.T.);
#9786 = FACE_BOUND('',#9787,.T.);
#9787 = EDGE_LOOP('',(#9788,#9798,#9804,#9805));
#9788 = ORIENTED_EDGE('',*,*,#9789,.T.);
#9789 = EDGE_CURVE('',#9790,#9792,#9794,.T.);
#9790 = VERTEX_POINT('',#9791);
#9791 = CARTESIAN_POINT('',(15.2884375,-30.20285714285,9.));
#9792 = VERTEX_POINT('',#9793);
#9793 = CARTESIAN_POINT('',(15.2884375,-30.20285714285,10.));
#9794 = LINE('',#9795,#9796);
#9795 = CARTESIAN_POINT('',(15.2884375,-30.20285714285,9.));
#9796 = VECTOR('',#9797,1.);
#9797 = DIRECTION('',(0.,0.,1.));
#9798 = ORIENTED_EDGE('',*,*,#9799,.T.);
#9799 = EDGE_CURVE('',#9792,#9752,#9800,.T.);
#9800 = LINE('',#9801,#9802);
#9801 = CARTESIAN_POINT('',(15.2884375,-30.20285714285,10.));
#9802 = VECTOR('',#9803,1.);
#9803 = DIRECTION('',(0.,-1.,0.));
#9804 = ORIENTED_EDGE('',*,*,#9749,.F.);
#9805 = ORIENTED_EDGE('',*,*,#9806,.F.);
#9806 = EDGE_CURVE('',#9790,#9750,#9807,.T.);
#9807 = LINE('',#9808,#9809);
#9808 = CARTESIAN_POINT('',(15.2884375,-30.20285714285,9.));
#9809 = VECTOR('',#9810,1.);
#9810 = DIRECTION('',(0.,-1.,0.));
#9811 = PLANE('',#9812);
#9812 = AXIS2_PLACEMENT_3D('',#9813,#9814,#9815);
#9813 = CARTESIAN_POINT('',(15.2884375,-30.20285714285,9.));
#9814 = DIRECTION('',(1.,0.,-0.));
#9815 = DIRECTION('',(0.,-1.,0.));
#9816 = ADVANCED_FACE('',(#9817),#9842,.T.);
#9817 = FACE_BOUND('',#9818,.T.);
#9818 = EDGE_LOOP('',(#9819,#9829,#9835,#9836));
#9819 = ORIENTED_EDGE('',*,*,#9820,.T.);
#9820 = EDGE_CURVE('',#9821,#9823,#9825,.T.);
#9821 = VERTEX_POINT('',#9822);
#9822 = CARTESIAN_POINT('',(17.572589285714,-30.20285714285,9.));
#9823 = VERTEX_POINT('',#9824);
#9824 = CARTESIAN_POINT('',(17.572589285714,-30.20285714285,10.));
#9825 = LINE('',#9826,#9827);
#9826 = CARTESIAN_POINT('',(17.572589285714,-30.20285714285,9.));
#9827 = VECTOR('',#9828,1.);
#9828 = DIRECTION('',(0.,0.,1.));
#9829 = ORIENTED_EDGE('',*,*,#9830,.T.);
#9830 = EDGE_CURVE('',#9823,#9792,#9831,.T.);
#9831 = LINE('',#9832,#9833);
#9832 = CARTESIAN_POINT('',(17.572589285714,-30.20285714285,10.));
#9833 = VECTOR('',#9834,1.);
#9834 = DIRECTION('',(-1.,0.,0.));
#9835 = ORIENTED_EDGE('',*,*,#9789,.F.);
#9836 = ORIENTED_EDGE('',*,*,#9837,.F.);
#9837 = EDGE_CURVE('',#9821,#9790,#9838,.T.);
#9838 = LINE('',#9839,#9840);
#9839 = CARTESIAN_POINT('',(17.572589285714,-30.20285714285,9.));
#9840 = VECTOR('',#9841,1.);
#9841 = DIRECTION('',(-1.,0.,0.));
#9842 = PLANE('',#9843);
#9843 = AXIS2_PLACEMENT_3D('',#9844,#9845,#9846);
#9844 = CARTESIAN_POINT('',(17.572589285714,-30.20285714285,9.));
#9845 = DIRECTION('',(0.,-1.,0.));
#9846 = DIRECTION('',(-1.,0.,0.));
#9847 = ADVANCED_FACE('',(#9848),#9873,.T.);
#9848 = FACE_BOUND('',#9849,.T.);
#9849 = EDGE_LOOP('',(#9850,#9860,#9866,#9867));
#9850 = ORIENTED_EDGE('',*,*,#9851,.T.);
#9851 = EDGE_CURVE('',#9852,#9854,#9856,.T.);
#9852 = VERTEX_POINT('',#9853);
#9853 = CARTESIAN_POINT('',(17.572589285714,-28.66,9.));
#9854 = VERTEX_POINT('',#9855);
#9855 = CARTESIAN_POINT('',(17.572589285714,-28.66,10.));
#9856 = LINE('',#9857,#9858);
#9857 = CARTESIAN_POINT('',(17.572589285714,-28.66,9.));
#9858 = VECTOR('',#9859,1.);
#9859 = DIRECTION('',(0.,0.,1.));
#9860 = ORIENTED_EDGE('',*,*,#9861,.T.);
#9861 = EDGE_CURVE('',#9854,#9823,#9862,.T.);
#9862 = LINE('',#9863,#9864);
#9863 = CARTESIAN_POINT('',(17.572589285714,-28.66,10.));
#9864 = VECTOR('',#9865,1.);
#9865 = DIRECTION('',(0.,-1.,0.));
#9866 = ORIENTED_EDGE('',*,*,#9820,.F.);
#9867 = ORIENTED_EDGE('',*,*,#9868,.F.);
#9868 = EDGE_CURVE('',#9852,#9821,#9869,.T.);
#9869 = LINE('',#9870,#9871);
#9870 = CARTESIAN_POINT('',(17.572589285714,-28.66,9.));
#9871 = VECTOR('',#9872,1.);
#9872 = DIRECTION('',(0.,-1.,0.));
#9873 = PLANE('',#9874);
#9874 = AXIS2_PLACEMENT_3D('',#9875,#9876,#9877);
#9875 = CARTESIAN_POINT('',(17.572589285714,-28.66,9.));
#9876 = DIRECTION('',(1.,0.,-0.));
#9877 = DIRECTION('',(0.,-1.,0.));
#9878 = ADVANCED_FACE('',(#9879),#9904,.T.);
#9879 = FACE_BOUND('',#9880,.T.);
#9880 = EDGE_LOOP('',(#9881,#9891,#9897,#9898));
#9881 = ORIENTED_EDGE('',*,*,#9882,.T.);
#9882 = EDGE_CURVE('',#9883,#9885,#9887,.T.);
#9883 = VERTEX_POINT('',#9884);
#9884 = CARTESIAN_POINT('',(11.226383928571,-28.66,9.));
#9885 = VERTEX_POINT('',#9886);
#9886 = CARTESIAN_POINT('',(11.226383928571,-28.66,10.));
#9887 = LINE('',#9888,#9889);
#9888 = CARTESIAN_POINT('',(11.226383928571,-28.66,9.));
#9889 = VECTOR('',#9890,1.);
#9890 = DIRECTION('',(0.,0.,1.));
#9891 = ORIENTED_EDGE('',*,*,#9892,.T.);
#9892 = EDGE_CURVE('',#9885,#9854,#9893,.T.);
#9893 = LINE('',#9894,#9895);
#9894 = CARTESIAN_POINT('',(11.226383928571,-28.66,10.));
#9895 = VECTOR('',#9896,1.);
#9896 = DIRECTION('',(1.,0.,0.));
#9897 = ORIENTED_EDGE('',*,*,#9851,.F.);
#9898 = ORIENTED_EDGE('',*,*,#9899,.F.);
#9899 = EDGE_CURVE('',#9883,#9852,#9900,.T.);
#9900 = LINE('',#9901,#9902);
#9901 = CARTESIAN_POINT('',(11.226383928571,-28.66,9.));
#9902 = VECTOR('',#9903,1.);
#9903 = DIRECTION('',(1.,0.,0.));
#9904 = PLANE('',#9905);
#9905 = AXIS2_PLACEMENT_3D('',#9906,#9907,#9908);
#9906 = CARTESIAN_POINT('',(11.226383928571,-28.66,9.));
#9907 = DIRECTION('',(0.,1.,0.));
#9908 = DIRECTION('',(1.,0.,0.));
#9909 = ADVANCED_FACE('',(#9910),#9935,.T.);
#9910 = FACE_BOUND('',#9911,.T.);
#9911 = EDGE_LOOP('',(#9912,#9922,#9928,#9929));
#9912 = ORIENTED_EDGE('',*,*,#9913,.T.);
#9913 = EDGE_CURVE('',#9914,#9916,#9918,.T.);
#9914 = VERTEX_POINT('',#9915);
#9915 = CARTESIAN_POINT('',(11.226383928571,-30.20285714285,9.));
#9916 = VERTEX_POINT('',#9917);
#9917 = CARTESIAN_POINT('',(11.226383928571,-30.20285714285,10.));
#9918 = LINE('',#9919,#9920);
#9919 = CARTESIAN_POINT('',(11.226383928571,-30.20285714285,9.));
#9920 = VECTOR('',#9921,1.);
#9921 = DIRECTION('',(0.,0.,1.));
#9922 = ORIENTED_EDGE('',*,*,#9923,.T.);
#9923 = EDGE_CURVE('',#9916,#9885,#9924,.T.);
#9924 = LINE('',#9925,#9926);
#9925 = CARTESIAN_POINT('',(11.226383928571,-30.20285714285,10.));
#9926 = VECTOR('',#9927,1.);
#9927 = DIRECTION('',(0.,1.,0.));
#9928 = ORIENTED_EDGE('',*,*,#9882,.F.);
#9929 = ORIENTED_EDGE('',*,*,#9930,.F.);
#9930 = EDGE_CURVE('',#9914,#9883,#9931,.T.);
#9931 = LINE('',#9932,#9933);
#9932 = CARTESIAN_POINT('',(11.226383928571,-30.20285714285,9.));
#9933 = VECTOR('',#9934,1.);
#9934 = DIRECTION('',(0.,1.,0.));
#9935 = PLANE('',#9936);
#9936 = AXIS2_PLACEMENT_3D('',#9937,#9938,#9939);
#9937 = CARTESIAN_POINT('',(11.226383928571,-30.20285714285,9.));
#9938 = DIRECTION('',(-1.,0.,0.));
#9939 = DIRECTION('',(0.,1.,0.));
#9940 = ADVANCED_FACE('',(#9941),#9966,.T.);
#9941 = FACE_BOUND('',#9942,.T.);
#9942 = EDGE_LOOP('',(#9943,#9953,#9959,#9960));
#9943 = ORIENTED_EDGE('',*,*,#9944,.T.);
#9944 = EDGE_CURVE('',#9945,#9947,#9949,.T.);
#9945 = VERTEX_POINT('',#9946);
#9946 = CARTESIAN_POINT('',(13.510535714286,-30.20285714285,9.));
#9947 = VERTEX_POINT('',#9948);
#9948 = CARTESIAN_POINT('',(13.510535714286,-30.20285714285,10.));
#9949 = LINE('',#9950,#9951);
#9950 = CARTESIAN_POINT('',(13.510535714286,-30.20285714285,9.));
#9951 = VECTOR('',#9952,1.);
#9952 = DIRECTION('',(0.,0.,1.));
#9953 = ORIENTED_EDGE('',*,*,#9954,.T.);
#9954 = EDGE_CURVE('',#9947,#9916,#9955,.T.);
#9955 = LINE('',#9956,#9957);
#9956 = CARTESIAN_POINT('',(13.510535714286,-30.20285714285,10.));
#9957 = VECTOR('',#9958,1.);
#9958 = DIRECTION('',(-1.,0.,0.));
#9959 = ORIENTED_EDGE('',*,*,#9913,.F.);
#9960 = ORIENTED_EDGE('',*,*,#9961,.F.);
#9961 = EDGE_CURVE('',#9945,#9914,#9962,.T.);
#9962 = LINE('',#9963,#9964);
#9963 = CARTESIAN_POINT('',(13.510535714286,-30.20285714285,9.));
#9964 = VECTOR('',#9965,1.);
#9965 = DIRECTION('',(-1.,0.,0.));
#9966 = PLANE('',#9967);
#9967 = AXIS2_PLACEMENT_3D('',#9968,#9969,#9970);
#9968 = CARTESIAN_POINT('',(13.510535714286,-30.20285714285,9.));
#9969 = DIRECTION('',(0.,-1.,0.));
#9970 = DIRECTION('',(-1.,0.,0.));
#9971 = ADVANCED_FACE('',(#9972),#9988,.T.);
#9972 = FACE_BOUND('',#9973,.T.);
#9973 = EDGE_LOOP('',(#9974,#9975,#9981,#9982));
#9974 = ORIENTED_EDGE('',*,*,#9767,.T.);
#9975 = ORIENTED_EDGE('',*,*,#9976,.T.);
#9976 = EDGE_CURVE('',#9760,#9947,#9977,.T.);
#9977 = LINE('',#9978,#9979);
#9978 = CARTESIAN_POINT('',(13.510535714286,-37.66,10.));
#9979 = VECTOR('',#9980,1.);
#9980 = DIRECTION('',(0.,1.,0.));
#9981 = ORIENTED_EDGE('',*,*,#9944,.F.);
#9982 = ORIENTED_EDGE('',*,*,#9983,.F.);
#9983 = EDGE_CURVE('',#9768,#9945,#9984,.T.);
#9984 = LINE('',#9985,#9986);
#9985 = CARTESIAN_POINT('',(13.510535714286,-37.66,9.));
#9986 = VECTOR('',#9987,1.);
#9987 = DIRECTION('',(0.,1.,0.));
#9988 = PLANE('',#9989);
#9989 = AXIS2_PLACEMENT_3D('',#9990,#9991,#9992);
#9990 = CARTESIAN_POINT('',(13.510535714286,-37.66,9.));
#9991 = DIRECTION('',(-1.,0.,0.));
#9992 = DIRECTION('',(0.,1.,0.));
#9993 = ADVANCED_FACE('',(#9994),#10004,.F.);
#9994 = FACE_BOUND('',#9995,.F.);
#9995 = EDGE_LOOP('',(#9996,#9997,#9998,#9999,#10000,#10001,#10002,
    #10003));
#9996 = ORIENTED_EDGE('',*,*,#9775,.F.);
#9997 = ORIENTED_EDGE('',*,*,#9806,.F.);
#9998 = ORIENTED_EDGE('',*,*,#9837,.F.);
#9999 = ORIENTED_EDGE('',*,*,#9868,.F.);
#10000 = ORIENTED_EDGE('',*,*,#9899,.F.);
#10001 = ORIENTED_EDGE('',*,*,#9930,.F.);
#10002 = ORIENTED_EDGE('',*,*,#9961,.F.);
#10003 = ORIENTED_EDGE('',*,*,#9983,.F.);
#10004 = PLANE('',#10005);
#10005 = AXIS2_PLACEMENT_3D('',#10006,#10007,#10008);
#10006 = CARTESIAN_POINT('',(14.399486607143,-32.05006788472,9.));
#10007 = DIRECTION('',(0.,0.,1.));
#10008 = DIRECTION('',(1.,0.,0.));
#10009 = ADVANCED_FACE('',(#10010),#10020,.T.);
#10010 = FACE_BOUND('',#10011,.T.);
#10011 = EDGE_LOOP('',(#10012,#10013,#10014,#10015,#10016,#10017,#10018,
    #10019));
#10012 = ORIENTED_EDGE('',*,*,#9759,.F.);
#10013 = ORIENTED_EDGE('',*,*,#9799,.F.);
#10014 = ORIENTED_EDGE('',*,*,#9830,.F.);
#10015 = ORIENTED_EDGE('',*,*,#9861,.F.);
#10016 = ORIENTED_EDGE('',*,*,#9892,.F.);
#10017 = ORIENTED_EDGE('',*,*,#9923,.F.);
#10018 = ORIENTED_EDGE('',*,*,#9954,.F.);
#10019 = ORIENTED_EDGE('',*,*,#9976,.F.);
#10020 = PLANE('',#10021);
#10021 = AXIS2_PLACEMENT_3D('',#10022,#10023,#10024);
#10022 = CARTESIAN_POINT('',(14.399486607143,-32.05006788472,10.));
#10023 = DIRECTION('',(0.,0.,1.));
#10024 = DIRECTION('',(1.,0.,0.));
#10025 = MANIFOLD_SOLID_BREP('',#10026);
#10026 = CLOSED_SHELL('',(#10027,#10067,#10098,#10129,#10160,#10191,
    #10222,#10253,#10284,#10315,#10346,#10377,#10399,#10419));
#10027 = ADVANCED_FACE('',(#10028),#10062,.T.);
#10028 = FACE_BOUND('',#10029,.T.);
#10029 = EDGE_LOOP('',(#10030,#10040,#10048,#10056));
#10030 = ORIENTED_EDGE('',*,*,#10031,.T.);
#10031 = EDGE_CURVE('',#10032,#10034,#10036,.T.);
#10032 = VERTEX_POINT('',#10033);
#10033 = CARTESIAN_POINT('',(19.152008928571,-30.22857142857,9.));
#10034 = VERTEX_POINT('',#10035);
#10035 = CARTESIAN_POINT('',(19.152008928571,-30.22857142857,10.));
#10036 = LINE('',#10037,#10038);
#10037 = CARTESIAN_POINT('',(19.152008928571,-30.22857142857,9.));
#10038 = VECTOR('',#10039,1.);
#10039 = DIRECTION('',(0.,0.,1.));
#10040 = ORIENTED_EDGE('',*,*,#10041,.T.);
#10041 = EDGE_CURVE('',#10034,#10042,#10044,.T.);
#10042 = VERTEX_POINT('',#10043);
#10043 = CARTESIAN_POINT('',(19.152008928571,-28.66,10.));
#10044 = LINE('',#10045,#10046);
#10045 = CARTESIAN_POINT('',(19.152008928571,-30.22857142857,10.));
#10046 = VECTOR('',#10047,1.);
#10047 = DIRECTION('',(0.,1.,0.));
#10048 = ORIENTED_EDGE('',*,*,#10049,.F.);
#10049 = EDGE_CURVE('',#10050,#10042,#10052,.T.);
#10050 = VERTEX_POINT('',#10051);
#10051 = CARTESIAN_POINT('',(19.152008928571,-28.66,9.));
#10052 = LINE('',#10053,#10054);
#10053 = CARTESIAN_POINT('',(19.152008928571,-28.66,9.));
#10054 = VECTOR('',#10055,1.);
#10055 = DIRECTION('',(0.,0.,1.));
#10056 = ORIENTED_EDGE('',*,*,#10057,.F.);
#10057 = EDGE_CURVE('',#10032,#10050,#10058,.T.);
#10058 = LINE('',#10059,#10060);
#10059 = CARTESIAN_POINT('',(19.152008928571,-30.22857142857,9.));
#10060 = VECTOR('',#10061,1.);
#10061 = DIRECTION('',(0.,1.,0.));
#10062 = PLANE('',#10063);
#10063 = AXIS2_PLACEMENT_3D('',#10064,#10065,#10066);
#10064 = CARTESIAN_POINT('',(19.152008928571,-30.22857142857,9.));
#10065 = DIRECTION('',(-1.,0.,0.));
#10066 = DIRECTION('',(0.,1.,0.));
#10067 = ADVANCED_FACE('',(#10068),#10093,.T.);
#10068 = FACE_BOUND('',#10069,.T.);
#10069 = EDGE_LOOP('',(#10070,#10080,#10086,#10087));
#10070 = ORIENTED_EDGE('',*,*,#10071,.T.);
#10071 = EDGE_CURVE('',#10072,#10074,#10076,.T.);
#10072 = VERTEX_POINT('',#10073);
#10073 = CARTESIAN_POINT('',(20.941964285714,-30.22857142857,9.));
#10074 = VERTEX_POINT('',#10075);
#10075 = CARTESIAN_POINT('',(20.941964285714,-30.22857142857,10.));
#10076 = LINE('',#10077,#10078);
#10077 = CARTESIAN_POINT('',(20.941964285714,-30.22857142857,9.));
#10078 = VECTOR('',#10079,1.);
#10079 = DIRECTION('',(0.,0.,1.));
#10080 = ORIENTED_EDGE('',*,*,#10081,.T.);
#10081 = EDGE_CURVE('',#10074,#10034,#10082,.T.);
#10082 = LINE('',#10083,#10084);
#10083 = CARTESIAN_POINT('',(20.941964285714,-30.22857142857,10.));
#10084 = VECTOR('',#10085,1.);
#10085 = DIRECTION('',(-1.,0.,0.));
#10086 = ORIENTED_EDGE('',*,*,#10031,.F.);
#10087 = ORIENTED_EDGE('',*,*,#10088,.F.);
#10088 = EDGE_CURVE('',#10072,#10032,#10089,.T.);
#10089 = LINE('',#10090,#10091);
#10090 = CARTESIAN_POINT('',(20.941964285714,-30.22857142857,9.));
#10091 = VECTOR('',#10092,1.);
#10092 = DIRECTION('',(-1.,0.,0.));
#10093 = PLANE('',#10094);
#10094 = AXIS2_PLACEMENT_3D('',#10095,#10096,#10097);
#10095 = CARTESIAN_POINT('',(20.941964285714,-30.22857142857,9.));
#10096 = DIRECTION('',(0.,-1.,0.));
#10097 = DIRECTION('',(-1.,0.,0.));
#10098 = ADVANCED_FACE('',(#10099),#10124,.T.);
#10099 = FACE_BOUND('',#10100,.T.);
#10100 = EDGE_LOOP('',(#10101,#10111,#10117,#10118));
#10101 = ORIENTED_EDGE('',*,*,#10102,.T.);
#10102 = EDGE_CURVE('',#10103,#10105,#10107,.T.);
#10103 = VERTEX_POINT('',#10104);
#10104 = CARTESIAN_POINT('',(20.941964285714,-36.09142857142,9.));
#10105 = VERTEX_POINT('',#10106);
#10106 = CARTESIAN_POINT('',(20.941964285714,-36.09142857142,10.));
#10107 = LINE('',#10108,#10109);
#10108 = CARTESIAN_POINT('',(20.941964285714,-36.09142857142,9.));
#10109 = VECTOR('',#10110,1.);
#10110 = DIRECTION('',(0.,0.,1.));
#10111 = ORIENTED_EDGE('',*,*,#10112,.T.);
#10112 = EDGE_CURVE('',#10105,#10074,#10113,.T.);
#10113 = LINE('',#10114,#10115);
#10114 = CARTESIAN_POINT('',(20.941964285714,-36.09142857142,10.));
#10115 = VECTOR('',#10116,1.);
#10116 = DIRECTION('',(0.,1.,0.));
#10117 = ORIENTED_EDGE('',*,*,#10071,.F.);
#10118 = ORIENTED_EDGE('',*,*,#10119,.F.);
#10119 = EDGE_CURVE('',#10103,#10072,#10120,.T.);
#10120 = LINE('',#10121,#10122);
#10121 = CARTESIAN_POINT('',(20.941964285714,-36.09142857142,9.));
#10122 = VECTOR('',#10123,1.);
#10123 = DIRECTION('',(0.,1.,0.));
#10124 = PLANE('',#10125);
#10125 = AXIS2_PLACEMENT_3D('',#10126,#10127,#10128);
#10126 = CARTESIAN_POINT('',(20.941964285714,-36.09142857142,9.));
#10127 = DIRECTION('',(-1.,0.,0.));
#10128 = DIRECTION('',(0.,1.,0.));
#10129 = ADVANCED_FACE('',(#10130),#10155,.T.);
#10130 = FACE_BOUND('',#10131,.T.);
#10131 = EDGE_LOOP('',(#10132,#10142,#10148,#10149));
#10132 = ORIENTED_EDGE('',*,*,#10133,.T.);
#10133 = EDGE_CURVE('',#10134,#10136,#10138,.T.);
#10134 = VERTEX_POINT('',#10135);
#10135 = CARTESIAN_POINT('',(19.152008928571,-36.09142857142,9.));
#10136 = VERTEX_POINT('',#10137);
#10137 = CARTESIAN_POINT('',(19.152008928571,-36.09142857142,10.));
#10138 = LINE('',#10139,#10140);
#10139 = CARTESIAN_POINT('',(19.152008928571,-36.09142857142,9.));
#10140 = VECTOR('',#10141,1.);
#10141 = DIRECTION('',(0.,0.,1.));
#10142 = ORIENTED_EDGE('',*,*,#10143,.T.);
#10143 = EDGE_CURVE('',#10136,#10105,#10144,.T.);
#10144 = LINE('',#10145,#10146);
#10145 = CARTESIAN_POINT('',(19.152008928571,-36.09142857142,10.));
#10146 = VECTOR('',#10147,1.);
#10147 = DIRECTION('',(1.,0.,0.));
#10148 = ORIENTED_EDGE('',*,*,#10102,.F.);
#10149 = ORIENTED_EDGE('',*,*,#10150,.F.);
#10150 = EDGE_CURVE('',#10134,#10103,#10151,.T.);
#10151 = LINE('',#10152,#10153);
#10152 = CARTESIAN_POINT('',(19.152008928571,-36.09142857142,9.));
#10153 = VECTOR('',#10154,1.);
#10154 = DIRECTION('',(1.,0.,0.));
#10155 = PLANE('',#10156);
#10156 = AXIS2_PLACEMENT_3D('',#10157,#10158,#10159);
#10157 = CARTESIAN_POINT('',(19.152008928571,-36.09142857142,9.));
#10158 = DIRECTION('',(0.,1.,0.));
#10159 = DIRECTION('',(1.,0.,0.));
#10160 = ADVANCED_FACE('',(#10161),#10186,.T.);
#10161 = FACE_BOUND('',#10162,.T.);
#10162 = EDGE_LOOP('',(#10163,#10173,#10179,#10180));
#10163 = ORIENTED_EDGE('',*,*,#10164,.T.);
#10164 = EDGE_CURVE('',#10165,#10167,#10169,.T.);
#10165 = VERTEX_POINT('',#10166);
#10166 = CARTESIAN_POINT('',(19.152008928571,-37.66,9.));
#10167 = VERTEX_POINT('',#10168);
#10168 = CARTESIAN_POINT('',(19.152008928571,-37.66,10.));
#10169 = LINE('',#10170,#10171);
#10170 = CARTESIAN_POINT('',(19.152008928571,-37.66,9.));
#10171 = VECTOR('',#10172,1.);
#10172 = DIRECTION('',(0.,0.,1.));
#10173 = ORIENTED_EDGE('',*,*,#10174,.T.);
#10174 = EDGE_CURVE('',#10167,#10136,#10175,.T.);
#10175 = LINE('',#10176,#10177);
#10176 = CARTESIAN_POINT('',(19.152008928571,-37.66,10.));
#10177 = VECTOR('',#10178,1.);
#10178 = DIRECTION('',(0.,1.,0.));
#10179 = ORIENTED_EDGE('',*,*,#10133,.F.);
#10180 = ORIENTED_EDGE('',*,*,#10181,.F.);
#10181 = EDGE_CURVE('',#10165,#10134,#10182,.T.);
#10182 = LINE('',#10183,#10184);
#10183 = CARTESIAN_POINT('',(19.152008928571,-37.66,9.));
#10184 = VECTOR('',#10185,1.);
#10185 = DIRECTION('',(0.,1.,0.));
#10186 = PLANE('',#10187);
#10187 = AXIS2_PLACEMENT_3D('',#10188,#10189,#10190);
#10188 = CARTESIAN_POINT('',(19.152008928571,-37.66,9.));
#10189 = DIRECTION('',(-1.,0.,0.));
#10190 = DIRECTION('',(0.,1.,0.));
#10191 = ADVANCED_FACE('',(#10192),#10217,.T.);
#10192 = FACE_BOUND('',#10193,.T.);
#10193 = EDGE_LOOP('',(#10194,#10204,#10210,#10211));
#10194 = ORIENTED_EDGE('',*,*,#10195,.T.);
#10195 = EDGE_CURVE('',#10196,#10198,#10200,.T.);
#10196 = VERTEX_POINT('',#10197);
#10197 = CARTESIAN_POINT('',(24.509821428571,-37.66,9.));
#10198 = VERTEX_POINT('',#10199);
#10199 = CARTESIAN_POINT('',(24.509821428571,-37.66,10.));
#10200 = LINE('',#10201,#10202);
#10201 = CARTESIAN_POINT('',(24.509821428571,-37.66,9.));
#10202 = VECTOR('',#10203,1.);
#10203 = DIRECTION('',(0.,0.,1.));
#10204 = ORIENTED_EDGE('',*,*,#10205,.T.);
#10205 = EDGE_CURVE('',#10198,#10167,#10206,.T.);
#10206 = LINE('',#10207,#10208);
#10207 = CARTESIAN_POINT('',(24.509821428571,-37.66,10.));
#10208 = VECTOR('',#10209,1.);
#10209 = DIRECTION('',(-1.,0.,0.));
#10210 = ORIENTED_EDGE('',*,*,#10164,.F.);
#10211 = ORIENTED_EDGE('',*,*,#10212,.F.);
#10212 = EDGE_CURVE('',#10196,#10165,#10213,.T.);
#10213 = LINE('',#10214,#10215);
#10214 = CARTESIAN_POINT('',(24.509821428571,-37.66,9.));
#10215 = VECTOR('',#10216,1.);
#10216 = DIRECTION('',(-1.,0.,0.));
#10217 = PLANE('',#10218);
#10218 = AXIS2_PLACEMENT_3D('',#10219,#10220,#10221);
#10219 = CARTESIAN_POINT('',(24.509821428571,-37.66,9.));
#10220 = DIRECTION('',(0.,-1.,0.));
#10221 = DIRECTION('',(-1.,0.,0.));
#10222 = ADVANCED_FACE('',(#10223),#10248,.T.);
#10223 = FACE_BOUND('',#10224,.T.);
#10224 = EDGE_LOOP('',(#10225,#10235,#10241,#10242));
#10225 = ORIENTED_EDGE('',*,*,#10226,.T.);
#10226 = EDGE_CURVE('',#10227,#10229,#10231,.T.);
#10227 = VERTEX_POINT('',#10228);
#10228 = CARTESIAN_POINT('',(24.509821428571,-36.09142857142,9.));
#10229 = VERTEX_POINT('',#10230);
#10230 = CARTESIAN_POINT('',(24.509821428571,-36.09142857142,10.));
#10231 = LINE('',#10232,#10233);
#10232 = CARTESIAN_POINT('',(24.509821428571,-36.09142857142,9.));
#10233 = VECTOR('',#10234,1.);
#10234 = DIRECTION('',(0.,0.,1.));
#10235 = ORIENTED_EDGE('',*,*,#10236,.T.);
#10236 = EDGE_CURVE('',#10229,#10198,#10237,.T.);
#10237 = LINE('',#10238,#10239);
#10238 = CARTESIAN_POINT('',(24.509821428571,-36.09142857142,10.));
#10239 = VECTOR('',#10240,1.);
#10240 = DIRECTION('',(0.,-1.,0.));
#10241 = ORIENTED_EDGE('',*,*,#10195,.F.);
#10242 = ORIENTED_EDGE('',*,*,#10243,.F.);
#10243 = EDGE_CURVE('',#10227,#10196,#10244,.T.);
#10244 = LINE('',#10245,#10246);
#10245 = CARTESIAN_POINT('',(24.509821428571,-36.09142857142,9.));
#10246 = VECTOR('',#10247,1.);
#10247 = DIRECTION('',(0.,-1.,0.));
#10248 = PLANE('',#10249);
#10249 = AXIS2_PLACEMENT_3D('',#10250,#10251,#10252);
#10250 = CARTESIAN_POINT('',(24.509821428571,-36.09142857142,9.));
#10251 = DIRECTION('',(1.,0.,-0.));
#10252 = DIRECTION('',(0.,-1.,0.));
#10253 = ADVANCED_FACE('',(#10254),#10279,.T.);
#10254 = FACE_BOUND('',#10255,.T.);
#10255 = EDGE_LOOP('',(#10256,#10266,#10272,#10273));
#10256 = ORIENTED_EDGE('',*,*,#10257,.T.);
#10257 = EDGE_CURVE('',#10258,#10260,#10262,.T.);
#10258 = VERTEX_POINT('',#10259);
#10259 = CARTESIAN_POINT('',(22.719866071429,-36.09142857142,9.));
#10260 = VERTEX_POINT('',#10261);
#10261 = CARTESIAN_POINT('',(22.719866071429,-36.09142857142,10.));
#10262 = LINE('',#10263,#10264);
#10263 = CARTESIAN_POINT('',(22.719866071429,-36.09142857142,9.));
#10264 = VECTOR('',#10265,1.);
#10265 = DIRECTION('',(0.,0.,1.));
#10266 = ORIENTED_EDGE('',*,*,#10267,.T.);
#10267 = EDGE_CURVE('',#10260,#10229,#10268,.T.);
#10268 = LINE('',#10269,#10270);
#10269 = CARTESIAN_POINT('',(22.719866071429,-36.09142857142,10.));
#10270 = VECTOR('',#10271,1.);
#10271 = DIRECTION('',(1.,0.,0.));
#10272 = ORIENTED_EDGE('',*,*,#10226,.F.);
#10273 = ORIENTED_EDGE('',*,*,#10274,.F.);
#10274 = EDGE_CURVE('',#10258,#10227,#10275,.T.);
#10275 = LINE('',#10276,#10277);
#10276 = CARTESIAN_POINT('',(22.719866071429,-36.09142857142,9.));
#10277 = VECTOR('',#10278,1.);
#10278 = DIRECTION('',(1.,0.,0.));
#10279 = PLANE('',#10280);
#10280 = AXIS2_PLACEMENT_3D('',#10281,#10282,#10283);
#10281 = CARTESIAN_POINT('',(22.719866071429,-36.09142857142,9.));
#10282 = DIRECTION('',(0.,1.,0.));
#10283 = DIRECTION('',(1.,0.,0.));
#10284 = ADVANCED_FACE('',(#10285),#10310,.T.);
#10285 = FACE_BOUND('',#10286,.T.);
#10286 = EDGE_LOOP('',(#10287,#10297,#10303,#10304));
#10287 = ORIENTED_EDGE('',*,*,#10288,.T.);
#10288 = EDGE_CURVE('',#10289,#10291,#10293,.T.);
#10289 = VERTEX_POINT('',#10290);
#10290 = CARTESIAN_POINT('',(22.719866071429,-30.22857142857,9.));
#10291 = VERTEX_POINT('',#10292);
#10292 = CARTESIAN_POINT('',(22.719866071429,-30.22857142857,10.));
#10293 = LINE('',#10294,#10295);
#10294 = CARTESIAN_POINT('',(22.719866071429,-30.22857142857,9.));
#10295 = VECTOR('',#10296,1.);
#10296 = DIRECTION('',(0.,0.,1.));
#10297 = ORIENTED_EDGE('',*,*,#10298,.T.);
#10298 = EDGE_CURVE('',#10291,#10260,#10299,.T.);
#10299 = LINE('',#10300,#10301);
#10300 = CARTESIAN_POINT('',(22.719866071429,-30.22857142857,10.));
#10301 = VECTOR('',#10302,1.);
#10302 = DIRECTION('',(0.,-1.,0.));
#10303 = ORIENTED_EDGE('',*,*,#10257,.F.);
#10304 = ORIENTED_EDGE('',*,*,#10305,.F.);
#10305 = EDGE_CURVE('',#10289,#10258,#10306,.T.);
#10306 = LINE('',#10307,#10308);
#10307 = CARTESIAN_POINT('',(22.719866071429,-30.22857142857,9.));
#10308 = VECTOR('',#10309,1.);
#10309 = DIRECTION('',(0.,-1.,0.));
#10310 = PLANE('',#10311);
#10311 = AXIS2_PLACEMENT_3D('',#10312,#10313,#10314);
#10312 = CARTESIAN_POINT('',(22.719866071429,-30.22857142857,9.));
#10313 = DIRECTION('',(1.,0.,-0.));
#10314 = DIRECTION('',(0.,-1.,0.));
#10315 = ADVANCED_FACE('',(#10316),#10341,.T.);
#10316 = FACE_BOUND('',#10317,.T.);
#10317 = EDGE_LOOP('',(#10318,#10328,#10334,#10335));
#10318 = ORIENTED_EDGE('',*,*,#10319,.T.);
#10319 = EDGE_CURVE('',#10320,#10322,#10324,.T.);
#10320 = VERTEX_POINT('',#10321);
#10321 = CARTESIAN_POINT('',(24.509821428571,-30.22857142857,9.));
#10322 = VERTEX_POINT('',#10323);
#10323 = CARTESIAN_POINT('',(24.509821428571,-30.22857142857,10.));
#10324 = LINE('',#10325,#10326);
#10325 = CARTESIAN_POINT('',(24.509821428571,-30.22857142857,9.));
#10326 = VECTOR('',#10327,1.);
#10327 = DIRECTION('',(0.,0.,1.));
#10328 = ORIENTED_EDGE('',*,*,#10329,.T.);
#10329 = EDGE_CURVE('',#10322,#10291,#10330,.T.);
#10330 = LINE('',#10331,#10332);
#10331 = CARTESIAN_POINT('',(24.509821428571,-30.22857142857,10.));
#10332 = VECTOR('',#10333,1.);
#10333 = DIRECTION('',(-1.,0.,0.));
#10334 = ORIENTED_EDGE('',*,*,#10288,.F.);
#10335 = ORIENTED_EDGE('',*,*,#10336,.F.);
#10336 = EDGE_CURVE('',#10320,#10289,#10337,.T.);
#10337 = LINE('',#10338,#10339);
#10338 = CARTESIAN_POINT('',(24.509821428571,-30.22857142857,9.));
#10339 = VECTOR('',#10340,1.);
#10340 = DIRECTION('',(-1.,0.,0.));
#10341 = PLANE('',#10342);
#10342 = AXIS2_PLACEMENT_3D('',#10343,#10344,#10345);
#10343 = CARTESIAN_POINT('',(24.509821428571,-30.22857142857,9.));
#10344 = DIRECTION('',(0.,-1.,0.));
#10345 = DIRECTION('',(-1.,0.,0.));
#10346 = ADVANCED_FACE('',(#10347),#10372,.T.);
#10347 = FACE_BOUND('',#10348,.T.);
#10348 = EDGE_LOOP('',(#10349,#10359,#10365,#10366));
#10349 = ORIENTED_EDGE('',*,*,#10350,.T.);
#10350 = EDGE_CURVE('',#10351,#10353,#10355,.T.);
#10351 = VERTEX_POINT('',#10352);
#10352 = CARTESIAN_POINT('',(24.509821428571,-28.66,9.));
#10353 = VERTEX_POINT('',#10354);
#10354 = CARTESIAN_POINT('',(24.509821428571,-28.66,10.));
#10355 = LINE('',#10356,#10357);
#10356 = CARTESIAN_POINT('',(24.509821428571,-28.66,9.));
#10357 = VECTOR('',#10358,1.);
#10358 = DIRECTION('',(0.,0.,1.));
#10359 = ORIENTED_EDGE('',*,*,#10360,.T.);
#10360 = EDGE_CURVE('',#10353,#10322,#10361,.T.);
#10361 = LINE('',#10362,#10363);
#10362 = CARTESIAN_POINT('',(24.509821428571,-28.66,10.));
#10363 = VECTOR('',#10364,1.);
#10364 = DIRECTION('',(0.,-1.,0.));
#10365 = ORIENTED_EDGE('',*,*,#10319,.F.);
#10366 = ORIENTED_EDGE('',*,*,#10367,.F.);
#10367 = EDGE_CURVE('',#10351,#10320,#10368,.T.);
#10368 = LINE('',#10369,#10370);
#10369 = CARTESIAN_POINT('',(24.509821428571,-28.66,9.));
#10370 = VECTOR('',#10371,1.);
#10371 = DIRECTION('',(0.,-1.,0.));
#10372 = PLANE('',#10373);
#10373 = AXIS2_PLACEMENT_3D('',#10374,#10375,#10376);
#10374 = CARTESIAN_POINT('',(24.509821428571,-28.66,9.));
#10375 = DIRECTION('',(1.,0.,-0.));
#10376 = DIRECTION('',(0.,-1.,0.));
#10377 = ADVANCED_FACE('',(#10378),#10394,.T.);
#10378 = FACE_BOUND('',#10379,.T.);
#10379 = EDGE_LOOP('',(#10380,#10381,#10387,#10388));
#10380 = ORIENTED_EDGE('',*,*,#10049,.T.);
#10381 = ORIENTED_EDGE('',*,*,#10382,.T.);
#10382 = EDGE_CURVE('',#10042,#10353,#10383,.T.);
#10383 = LINE('',#10384,#10385);
#10384 = CARTESIAN_POINT('',(19.152008928571,-28.66,10.));
#10385 = VECTOR('',#10386,1.);
#10386 = DIRECTION('',(1.,0.,0.));
#10387 = ORIENTED_EDGE('',*,*,#10350,.F.);
#10388 = ORIENTED_EDGE('',*,*,#10389,.F.);
#10389 = EDGE_CURVE('',#10050,#10351,#10390,.T.);
#10390 = LINE('',#10391,#10392);
#10391 = CARTESIAN_POINT('',(19.152008928571,-28.66,9.));
#10392 = VECTOR('',#10393,1.);
#10393 = DIRECTION('',(1.,0.,0.));
#10394 = PLANE('',#10395);
#10395 = AXIS2_PLACEMENT_3D('',#10396,#10397,#10398);
#10396 = CARTESIAN_POINT('',(19.152008928571,-28.66,9.));
#10397 = DIRECTION('',(0.,1.,0.));
#10398 = DIRECTION('',(1.,0.,0.));
#10399 = ADVANCED_FACE('',(#10400),#10414,.F.);
#10400 = FACE_BOUND('',#10401,.F.);
#10401 = EDGE_LOOP('',(#10402,#10403,#10404,#10405,#10406,#10407,#10408,
    #10409,#10410,#10411,#10412,#10413));
#10402 = ORIENTED_EDGE('',*,*,#10057,.F.);
#10403 = ORIENTED_EDGE('',*,*,#10088,.F.);
#10404 = ORIENTED_EDGE('',*,*,#10119,.F.);
#10405 = ORIENTED_EDGE('',*,*,#10150,.F.);
#10406 = ORIENTED_EDGE('',*,*,#10181,.F.);
#10407 = ORIENTED_EDGE('',*,*,#10212,.F.);
#10408 = ORIENTED_EDGE('',*,*,#10243,.F.);
#10409 = ORIENTED_EDGE('',*,*,#10274,.F.);
#10410 = ORIENTED_EDGE('',*,*,#10305,.F.);
#10411 = ORIENTED_EDGE('',*,*,#10336,.F.);
#10412 = ORIENTED_EDGE('',*,*,#10367,.F.);
#10413 = ORIENTED_EDGE('',*,*,#10389,.F.);
#10414 = PLANE('',#10415);
#10415 = AXIS2_PLACEMENT_3D('',#10416,#10417,#10418);
#10416 = CARTESIAN_POINT('',(21.830915178571,-33.16,9.));
#10417 = DIRECTION('',(0.,0.,1.));
#10418 = DIRECTION('',(1.,0.,0.));
#10419 = ADVANCED_FACE('',(#10420),#10434,.T.);
#10420 = FACE_BOUND('',#10421,.T.);
#10421 = EDGE_LOOP('',(#10422,#10423,#10424,#10425,#10426,#10427,#10428,
    #10429,#10430,#10431,#10432,#10433));
#10422 = ORIENTED_EDGE('',*,*,#10041,.F.);
#10423 = ORIENTED_EDGE('',*,*,#10081,.F.);
#10424 = ORIENTED_EDGE('',*,*,#10112,.F.);
#10425 = ORIENTED_EDGE('',*,*,#10143,.F.);
#10426 = ORIENTED_EDGE('',*,*,#10174,.F.);
#10427 = ORIENTED_EDGE('',*,*,#10205,.F.);
#10428 = ORIENTED_EDGE('',*,*,#10236,.F.);
#10429 = ORIENTED_EDGE('',*,*,#10267,.F.);
#10430 = ORIENTED_EDGE('',*,*,#10298,.F.);
#10431 = ORIENTED_EDGE('',*,*,#10329,.F.);
#10432 = ORIENTED_EDGE('',*,*,#10360,.F.);
#10433 = ORIENTED_EDGE('',*,*,#10382,.F.);
#10434 = PLANE('',#10435);
#10435 = AXIS2_PLACEMENT_3D('',#10436,#10437,#10438);
#10436 = CARTESIAN_POINT('',(21.830915178571,-33.16,10.));
#10437 = DIRECTION('',(0.,0.,1.));
#10438 = DIRECTION('',(1.,0.,0.));
#10439 = MANIFOLD_SOLID_BREP('',#10440);
#10440 = CLOSED_SHELL('',(#10441,#10481,#10512,#10543,#10574,#10605,
    #10636,#10658,#10673));
#10441 = ADVANCED_FACE('',(#10442),#10476,.T.);
#10442 = FACE_BOUND('',#10443,.T.);
#10443 = EDGE_LOOP('',(#10444,#10454,#10462,#10470));
#10444 = ORIENTED_EDGE('',*,*,#10445,.T.);
#10445 = EDGE_CURVE('',#10446,#10448,#10450,.T.);
#10446 = VERTEX_POINT('',#10447);
#10447 = CARTESIAN_POINT('',(29.259330357143,-36.17700892857,9.));
#10448 = VERTEX_POINT('',#10449);
#10449 = CARTESIAN_POINT('',(29.259330357143,-36.17700892857,10.));
#10450 = LINE('',#10451,#10452);
#10451 = CARTESIAN_POINT('',(29.259330357143,-36.17700892857,9.));
#10452 = VECTOR('',#10453,1.);
#10453 = DIRECTION('',(0.,0.,1.));
#10454 = ORIENTED_EDGE('',*,*,#10455,.T.);
#10455 = EDGE_CURVE('',#10448,#10456,#10458,.T.);
#10456 = VERTEX_POINT('',#10457);
#10457 = CARTESIAN_POINT('',(30.844375,-28.66,10.));
#10458 = LINE('',#10459,#10460);
#10459 = CARTESIAN_POINT('',(29.259330357143,-36.17700892857,10.));
#10460 = VECTOR('',#10461,1.);
#10461 = DIRECTION('',(0.206324132702,0.978483700562,0.));
#10462 = ORIENTED_EDGE('',*,*,#10463,.F.);
#10463 = EDGE_CURVE('',#10464,#10456,#10466,.T.);
#10464 = VERTEX_POINT('',#10465);
#10465 = CARTESIAN_POINT('',(30.844375,-28.66,9.));
#10466 = LINE('',#10467,#10468);
#10467 = CARTESIAN_POINT('',(30.844375,-28.66,9.));
#10468 = VECTOR('',#10469,1.);
#10469 = DIRECTION('',(0.,0.,1.));
#10470 = ORIENTED_EDGE('',*,*,#10471,.F.);
#10471 = EDGE_CURVE('',#10446,#10464,#10472,.T.);
#10472 = LINE('',#10473,#10474);
#10473 = CARTESIAN_POINT('',(29.259330357143,-36.17700892857,9.));
#10474 = VECTOR('',#10475,1.);
#10475 = DIRECTION('',(0.206324132702,0.978483700562,0.));
#10476 = PLANE('',#10477);
#10477 = AXIS2_PLACEMENT_3D('',#10478,#10479,#10480);
#10478 = CARTESIAN_POINT('',(29.259330357143,-36.17700892857,9.));
#10479 = DIRECTION('',(-0.978483700562,0.206324132702,0.));
#10480 = DIRECTION('',(0.206324132702,0.978483700562,0.));
#10481 = ADVANCED_FACE('',(#10482),#10507,.T.);
#10482 = FACE_BOUND('',#10483,.T.);
#10483 = EDGE_LOOP('',(#10484,#10494,#10500,#10501));
#10484 = ORIENTED_EDGE('',*,*,#10485,.T.);
#10485 = EDGE_CURVE('',#10486,#10488,#10490,.T.);
#10486 = VERTEX_POINT('',#10487);
#10487 = CARTESIAN_POINT('',(27.6803125,-28.66,9.));
#10488 = VERTEX_POINT('',#10489);
#10489 = CARTESIAN_POINT('',(27.6803125,-28.66,10.));
#10490 = LINE('',#10491,#10492);
#10491 = CARTESIAN_POINT('',(27.6803125,-28.66,9.));
#10492 = VECTOR('',#10493,1.);
#10493 = DIRECTION('',(0.,0.,1.));
#10494 = ORIENTED_EDGE('',*,*,#10495,.T.);
#10495 = EDGE_CURVE('',#10488,#10448,#10496,.T.);
#10496 = LINE('',#10497,#10498);
#10497 = CARTESIAN_POINT('',(27.6803125,-28.66,10.));
#10498 = VECTOR('',#10499,1.);
#10499 = DIRECTION('',(0.205572844106,-0.97864181689,0.));
#10500 = ORIENTED_EDGE('',*,*,#10445,.F.);
#10501 = ORIENTED_EDGE('',*,*,#10502,.F.);
#10502 = EDGE_CURVE('',#10486,#10446,#10503,.T.);
#10503 = LINE('',#10504,#10505);
#10504 = CARTESIAN_POINT('',(27.6803125,-28.66,9.));
#10505 = VECTOR('',#10506,1.);
#10506 = DIRECTION('',(0.205572844106,-0.97864181689,0.));
#10507 = PLANE('',#10508);
#10508 = AXIS2_PLACEMENT_3D('',#10509,#10510,#10511);
#10509 = CARTESIAN_POINT('',(27.6803125,-28.66,9.));
#10510 = DIRECTION('',(0.97864181689,0.205572844106,-0.));
#10511 = DIRECTION('',(0.205572844106,-0.97864181689,0.));
#10512 = ADVANCED_FACE('',(#10513),#10538,.T.);
#10513 = FACE_BOUND('',#10514,.T.);
#10514 = EDGE_LOOP('',(#10515,#10525,#10531,#10532));
#10515 = ORIENTED_EDGE('',*,*,#10516,.T.);
#10516 = EDGE_CURVE('',#10517,#10519,#10521,.T.);
#10517 = VERTEX_POINT('',#10518);
#10518 = CARTESIAN_POINT('',(25.890357142857,-28.66,9.));
#10519 = VERTEX_POINT('',#10520);
#10520 = CARTESIAN_POINT('',(25.890357142857,-28.66,10.));
#10521 = LINE('',#10522,#10523);
#10522 = CARTESIAN_POINT('',(25.890357142857,-28.66,9.));
#10523 = VECTOR('',#10524,1.);
#10524 = DIRECTION('',(0.,0.,1.));
#10525 = ORIENTED_EDGE('',*,*,#10526,.T.);
#10526 = EDGE_CURVE('',#10519,#10488,#10527,.T.);
#10527 = LINE('',#10528,#10529);
#10528 = CARTESIAN_POINT('',(25.890357142857,-28.66,10.));
#10529 = VECTOR('',#10530,1.);
#10530 = DIRECTION('',(1.,0.,0.));
#10531 = ORIENTED_EDGE('',*,*,#10485,.F.);
#10532 = ORIENTED_EDGE('',*,*,#10533,.F.);
#10533 = EDGE_CURVE('',#10517,#10486,#10534,.T.);
#10534 = LINE('',#10535,#10536);
#10535 = CARTESIAN_POINT('',(25.890357142857,-28.66,9.));
#10536 = VECTOR('',#10537,1.);
#10537 = DIRECTION('',(1.,0.,0.));
#10538 = PLANE('',#10539);
#10539 = AXIS2_PLACEMENT_3D('',#10540,#10541,#10542);
#10540 = CARTESIAN_POINT('',(25.890357142857,-28.66,9.));
#10541 = DIRECTION('',(0.,1.,0.));
#10542 = DIRECTION('',(1.,0.,0.));
#10543 = ADVANCED_FACE('',(#10544),#10569,.T.);
#10544 = FACE_BOUND('',#10545,.T.);
#10545 = EDGE_LOOP('',(#10546,#10556,#10562,#10563));
#10546 = ORIENTED_EDGE('',*,*,#10547,.T.);
#10547 = EDGE_CURVE('',#10548,#10550,#10552,.T.);
#10548 = VERTEX_POINT('',#10549);
#10549 = CARTESIAN_POINT('',(28.029866071429,-37.66,9.));
#10550 = VERTEX_POINT('',#10551);
#10551 = CARTESIAN_POINT('',(28.029866071429,-37.66,10.));
#10552 = LINE('',#10553,#10554);
#10553 = CARTESIAN_POINT('',(28.029866071429,-37.66,9.));
#10554 = VECTOR('',#10555,1.);
#10555 = DIRECTION('',(0.,0.,1.));
#10556 = ORIENTED_EDGE('',*,*,#10557,.T.);
#10557 = EDGE_CURVE('',#10550,#10519,#10558,.T.);
#10558 = LINE('',#10559,#10560);
#10559 = CARTESIAN_POINT('',(28.029866071429,-37.66,10.));
#10560 = VECTOR('',#10561,1.);
#10561 = DIRECTION('',(-0.2312779928,0.972887706802,0.));
#10562 = ORIENTED_EDGE('',*,*,#10516,.F.);
#10563 = ORIENTED_EDGE('',*,*,#10564,.F.);
#10564 = EDGE_CURVE('',#10548,#10517,#10565,.T.);
#10565 = LINE('',#10566,#10567);
#10566 = CARTESIAN_POINT('',(28.029866071429,-37.66,9.));
#10567 = VECTOR('',#10568,1.);
#10568 = DIRECTION('',(-0.2312779928,0.972887706802,0.));
#10569 = PLANE('',#10570);
#10570 = AXIS2_PLACEMENT_3D('',#10571,#10572,#10573);
#10571 = CARTESIAN_POINT('',(28.029866071429,-37.66,9.));
#10572 = DIRECTION('',(-0.972887706802,-0.2312779928,0.));
#10573 = DIRECTION('',(-0.2312779928,0.972887706802,0.));
#10574 = ADVANCED_FACE('',(#10575),#10600,.T.);
#10575 = FACE_BOUND('',#10576,.T.);
#10576 = EDGE_LOOP('',(#10577,#10587,#10593,#10594));
#10577 = ORIENTED_EDGE('',*,*,#10578,.T.);
#10578 = EDGE_CURVE('',#10579,#10581,#10583,.T.);
#10579 = VERTEX_POINT('',#10580);
#10580 = CARTESIAN_POINT('',(30.494821428571,-37.66,9.));
#10581 = VERTEX_POINT('',#10582);
#10582 = CARTESIAN_POINT('',(30.494821428571,-37.66,10.));
#10583 = LINE('',#10584,#10585);
#10584 = CARTESIAN_POINT('',(30.494821428571,-37.66,9.));
#10585 = VECTOR('',#10586,1.);
#10586 = DIRECTION('',(0.,0.,1.));
#10587 = ORIENTED_EDGE('',*,*,#10588,.T.);
#10588 = EDGE_CURVE('',#10581,#10550,#10589,.T.);
#10589 = LINE('',#10590,#10591);
#10590 = CARTESIAN_POINT('',(30.494821428571,-37.66,10.));
#10591 = VECTOR('',#10592,1.);
#10592 = DIRECTION('',(-1.,0.,0.));
#10593 = ORIENTED_EDGE('',*,*,#10547,.F.);
#10594 = ORIENTED_EDGE('',*,*,#10595,.F.);
#10595 = EDGE_CURVE('',#10579,#10548,#10596,.T.);
#10596 = LINE('',#10597,#10598);
#10597 = CARTESIAN_POINT('',(30.494821428571,-37.66,9.));
#10598 = VECTOR('',#10599,1.);
#10599 = DIRECTION('',(-1.,0.,0.));
#10600 = PLANE('',#10601);
#10601 = AXIS2_PLACEMENT_3D('',#10602,#10603,#10604);
#10602 = CARTESIAN_POINT('',(30.494821428571,-37.66,9.));
#10603 = DIRECTION('',(0.,-1.,0.));
#10604 = DIRECTION('',(-1.,0.,0.));
#10605 = ADVANCED_FACE('',(#10606),#10631,.T.);
#10606 = FACE_BOUND('',#10607,.T.);
#10607 = EDGE_LOOP('',(#10608,#10618,#10624,#10625));
#10608 = ORIENTED_EDGE('',*,*,#10609,.T.);
#10609 = EDGE_CURVE('',#10610,#10612,#10614,.T.);
#10610 = VERTEX_POINT('',#10611);
#10611 = CARTESIAN_POINT('',(32.634330357143,-28.66,9.));
#10612 = VERTEX_POINT('',#10613);
#10613 = CARTESIAN_POINT('',(32.634330357143,-28.66,10.));
#10614 = LINE('',#10615,#10616);
#10615 = CARTESIAN_POINT('',(32.634330357143,-28.66,9.));
#10616 = VECTOR('',#10617,1.);
#10617 = DIRECTION('',(0.,0.,1.));
#10618 = ORIENTED_EDGE('',*,*,#10619,.T.);
#10619 = EDGE_CURVE('',#10612,#10581,#10620,.T.);
#10620 = LINE('',#10621,#10622);
#10621 = CARTESIAN_POINT('',(32.634330357143,-28.66,10.));
#10622 = VECTOR('',#10623,1.);
#10623 = DIRECTION('',(-0.2312779928,-0.972887706802,0.));
#10624 = ORIENTED_EDGE('',*,*,#10578,.F.);
#10625 = ORIENTED_EDGE('',*,*,#10626,.F.);
#10626 = EDGE_CURVE('',#10610,#10579,#10627,.T.);
#10627 = LINE('',#10628,#10629);
#10628 = CARTESIAN_POINT('',(32.634330357143,-28.66,9.));
#10629 = VECTOR('',#10630,1.);
#10630 = DIRECTION('',(-0.2312779928,-0.972887706802,0.));
#10631 = PLANE('',#10632);
#10632 = AXIS2_PLACEMENT_3D('',#10633,#10634,#10635);
#10633 = CARTESIAN_POINT('',(32.634330357143,-28.66,9.));
#10634 = DIRECTION('',(0.972887706802,-0.2312779928,0.));
#10635 = DIRECTION('',(-0.2312779928,-0.972887706802,0.));
#10636 = ADVANCED_FACE('',(#10637),#10653,.T.);
#10637 = FACE_BOUND('',#10638,.T.);
#10638 = EDGE_LOOP('',(#10639,#10640,#10646,#10647));
#10639 = ORIENTED_EDGE('',*,*,#10463,.T.);
#10640 = ORIENTED_EDGE('',*,*,#10641,.T.);
#10641 = EDGE_CURVE('',#10456,#10612,#10642,.T.);
#10642 = LINE('',#10643,#10644);
#10643 = CARTESIAN_POINT('',(30.844375,-28.66,10.));
#10644 = VECTOR('',#10645,1.);
#10645 = DIRECTION('',(1.,0.,0.));
#10646 = ORIENTED_EDGE('',*,*,#10609,.F.);
#10647 = ORIENTED_EDGE('',*,*,#10648,.F.);
#10648 = EDGE_CURVE('',#10464,#10610,#10649,.T.);
#10649 = LINE('',#10650,#10651);
#10650 = CARTESIAN_POINT('',(30.844375,-28.66,9.));
#10651 = VECTOR('',#10652,1.);
#10652 = DIRECTION('',(1.,0.,0.));
#10653 = PLANE('',#10654);
#10654 = AXIS2_PLACEMENT_3D('',#10655,#10656,#10657);
#10655 = CARTESIAN_POINT('',(30.844375,-28.66,9.));
#10656 = DIRECTION('',(0.,1.,0.));
#10657 = DIRECTION('',(1.,0.,0.));
#10658 = ADVANCED_FACE('',(#10659),#10668,.F.);
#10659 = FACE_BOUND('',#10660,.F.);
#10660 = EDGE_LOOP('',(#10661,#10662,#10663,#10664,#10665,#10666,#10667)
  );
#10661 = ORIENTED_EDGE('',*,*,#10471,.F.);
#10662 = ORIENTED_EDGE('',*,*,#10502,.F.);
#10663 = ORIENTED_EDGE('',*,*,#10533,.F.);
#10664 = ORIENTED_EDGE('',*,*,#10564,.F.);
#10665 = ORIENTED_EDGE('',*,*,#10595,.F.);
#10666 = ORIENTED_EDGE('',*,*,#10626,.F.);
#10667 = ORIENTED_EDGE('',*,*,#10648,.F.);
#10668 = PLANE('',#10669);
#10669 = AXIS2_PLACEMENT_3D('',#10670,#10671,#10672);
#10670 = CARTESIAN_POINT('',(29.261788345449,-32.74884423178,9.));
#10671 = DIRECTION('',(0.,0.,1.));
#10672 = DIRECTION('',(1.,0.,0.));
#10673 = ADVANCED_FACE('',(#10674),#10683,.T.);
#10674 = FACE_BOUND('',#10675,.T.);
#10675 = EDGE_LOOP('',(#10676,#10677,#10678,#10679,#10680,#10681,#10682)
  );
#10676 = ORIENTED_EDGE('',*,*,#10455,.F.);
#10677 = ORIENTED_EDGE('',*,*,#10495,.F.);
#10678 = ORIENTED_EDGE('',*,*,#10526,.F.);
#10679 = ORIENTED_EDGE('',*,*,#10557,.F.);
#10680 = ORIENTED_EDGE('',*,*,#10588,.F.);
#10681 = ORIENTED_EDGE('',*,*,#10619,.F.);
#10682 = ORIENTED_EDGE('',*,*,#10641,.F.);
#10683 = PLANE('',#10684);
#10684 = AXIS2_PLACEMENT_3D('',#10685,#10686,#10687);
#10685 = CARTESIAN_POINT('',(29.261788345449,-32.74884423178,10.));
#10686 = DIRECTION('',(0.,0.,1.));
#10687 = DIRECTION('',(1.,0.,0.));
#10688 = MANIFOLD_SOLID_BREP('',#10689);
#10689 = CLOSED_SHELL('',(#10690,#10730,#10761,#10792,#10823,#10854,
    #10885,#10916,#10947,#10978,#11009,#11040,#11062,#11082));
#10690 = ADVANCED_FACE('',(#10691),#10725,.T.);
#10691 = FACE_BOUND('',#10692,.T.);
#10692 = EDGE_LOOP('',(#10693,#10703,#10711,#10719));
#10693 = ORIENTED_EDGE('',*,*,#10694,.T.);
#10694 = EDGE_CURVE('',#10695,#10697,#10699,.T.);
#10695 = VERTEX_POINT('',#10696);
#10696 = CARTESIAN_POINT('',(39.595669642857,-37.66,9.));
#10697 = VERTEX_POINT('',#10698);
#10698 = CARTESIAN_POINT('',(39.595669642857,-37.66,10.));
#10699 = LINE('',#10700,#10701);
#10700 = CARTESIAN_POINT('',(39.595669642857,-37.66,9.));
#10701 = VECTOR('',#10702,1.);
#10702 = DIRECTION('',(0.,0.,1.));
#10703 = ORIENTED_EDGE('',*,*,#10704,.T.);
#10704 = EDGE_CURVE('',#10697,#10705,#10707,.T.);
#10705 = VERTEX_POINT('',#10706);
#10706 = CARTESIAN_POINT('',(33.990758928571,-37.66,10.));
#10707 = LINE('',#10708,#10709);
#10708 = CARTESIAN_POINT('',(39.595669642857,-37.66,10.));
#10709 = VECTOR('',#10710,1.);
#10710 = DIRECTION('',(-1.,0.,0.));
#10711 = ORIENTED_EDGE('',*,*,#10712,.F.);
#10712 = EDGE_CURVE('',#10713,#10705,#10715,.T.);
#10713 = VERTEX_POINT('',#10714);
#10714 = CARTESIAN_POINT('',(33.990758928571,-37.66,9.));
#10715 = LINE('',#10716,#10717);
#10716 = CARTESIAN_POINT('',(33.990758928571,-37.66,9.));
#10717 = VECTOR('',#10718,1.);
#10718 = DIRECTION('',(0.,0.,1.));
#10719 = ORIENTED_EDGE('',*,*,#10720,.F.);
#10720 = EDGE_CURVE('',#10695,#10713,#10721,.T.);
#10721 = LINE('',#10722,#10723);
#10722 = CARTESIAN_POINT('',(39.595669642857,-37.66,9.));
#10723 = VECTOR('',#10724,1.);
#10724 = DIRECTION('',(-1.,0.,0.));
#10725 = PLANE('',#10726);
#10726 = AXIS2_PLACEMENT_3D('',#10727,#10728,#10729);
#10727 = CARTESIAN_POINT('',(39.595669642857,-37.66,9.));
#10728 = DIRECTION('',(0.,-1.,0.));
#10729 = DIRECTION('',(-1.,0.,0.));
#10730 = ADVANCED_FACE('',(#10731),#10756,.T.);
#10731 = FACE_BOUND('',#10732,.T.);
#10732 = EDGE_LOOP('',(#10733,#10743,#10749,#10750));
#10733 = ORIENTED_EDGE('',*,*,#10734,.T.);
#10734 = EDGE_CURVE('',#10735,#10737,#10739,.T.);
#10735 = VERTEX_POINT('',#10736);
#10736 = CARTESIAN_POINT('',(39.595669642857,-36.09142857142,9.));
#10737 = VERTEX_POINT('',#10738);
#10738 = CARTESIAN_POINT('',(39.595669642857,-36.09142857142,10.));
#10739 = LINE('',#10740,#10741);
#10740 = CARTESIAN_POINT('',(39.595669642857,-36.09142857142,9.));
#10741 = VECTOR('',#10742,1.);
#10742 = DIRECTION('',(0.,0.,1.));
#10743 = ORIENTED_EDGE('',*,*,#10744,.T.);
#10744 = EDGE_CURVE('',#10737,#10697,#10745,.T.);
#10745 = LINE('',#10746,#10747);
#10746 = CARTESIAN_POINT('',(39.595669642857,-36.09142857142,10.));
#10747 = VECTOR('',#10748,1.);
#10748 = DIRECTION('',(0.,-1.,0.));
#10749 = ORIENTED_EDGE('',*,*,#10694,.F.);
#10750 = ORIENTED_EDGE('',*,*,#10751,.F.);
#10751 = EDGE_CURVE('',#10735,#10695,#10752,.T.);
#10752 = LINE('',#10753,#10754);
#10753 = CARTESIAN_POINT('',(39.595669642857,-36.09142857142,9.));
#10754 = VECTOR('',#10755,1.);
#10755 = DIRECTION('',(0.,-1.,0.));
#10756 = PLANE('',#10757);
#10757 = AXIS2_PLACEMENT_3D('',#10758,#10759,#10760);
#10758 = CARTESIAN_POINT('',(39.595669642857,-36.09142857142,9.));
#10759 = DIRECTION('',(1.,0.,-0.));
#10760 = DIRECTION('',(0.,-1.,0.));
#10761 = ADVANCED_FACE('',(#10762),#10787,.T.);
#10762 = FACE_BOUND('',#10763,.T.);
#10763 = EDGE_LOOP('',(#10764,#10774,#10780,#10781));
#10764 = ORIENTED_EDGE('',*,*,#10765,.T.);
#10765 = EDGE_CURVE('',#10766,#10768,#10770,.T.);
#10766 = VERTEX_POINT('',#10767);
#10767 = CARTESIAN_POINT('',(35.768660714286,-36.09142857142,9.));
#10768 = VERTEX_POINT('',#10769);
#10769 = CARTESIAN_POINT('',(35.768660714286,-36.09142857142,10.));
#10770 = LINE('',#10771,#10772);
#10771 = CARTESIAN_POINT('',(35.768660714286,-36.09142857142,9.));
#10772 = VECTOR('',#10773,1.);
#10773 = DIRECTION('',(0.,0.,1.));
#10774 = ORIENTED_EDGE('',*,*,#10775,.T.);
#10775 = EDGE_CURVE('',#10768,#10737,#10776,.T.);
#10776 = LINE('',#10777,#10778);
#10777 = CARTESIAN_POINT('',(35.768660714286,-36.09142857142,10.));
#10778 = VECTOR('',#10779,1.);
#10779 = DIRECTION('',(1.,0.,0.));
#10780 = ORIENTED_EDGE('',*,*,#10734,.F.);
#10781 = ORIENTED_EDGE('',*,*,#10782,.F.);
#10782 = EDGE_CURVE('',#10766,#10735,#10783,.T.);
#10783 = LINE('',#10784,#10785);
#10784 = CARTESIAN_POINT('',(35.768660714286,-36.09142857142,9.));
#10785 = VECTOR('',#10786,1.);
#10786 = DIRECTION('',(1.,0.,0.));
#10787 = PLANE('',#10788);
#10788 = AXIS2_PLACEMENT_3D('',#10789,#10790,#10791);
#10789 = CARTESIAN_POINT('',(35.768660714286,-36.09142857142,9.));
#10790 = DIRECTION('',(0.,1.,0.));
#10791 = DIRECTION('',(1.,0.,0.));
#10792 = ADVANCED_FACE('',(#10793),#10818,.T.);
#10793 = FACE_BOUND('',#10794,.T.);
#10794 = EDGE_LOOP('',(#10795,#10805,#10811,#10812));
#10795 = ORIENTED_EDGE('',*,*,#10796,.T.);
#10796 = EDGE_CURVE('',#10797,#10799,#10801,.T.);
#10797 = VERTEX_POINT('',#10798);
#10798 = CARTESIAN_POINT('',(35.768660714286,-33.72571428571,9.));
#10799 = VERTEX_POINT('',#10800);
#10800 = CARTESIAN_POINT('',(35.768660714286,-33.72571428571,10.));
#10801 = LINE('',#10802,#10803);
#10802 = CARTESIAN_POINT('',(35.768660714286,-33.72571428571,9.));
#10803 = VECTOR('',#10804,1.);
#10804 = DIRECTION('',(0.,0.,1.));
#10805 = ORIENTED_EDGE('',*,*,#10806,.T.);
#10806 = EDGE_CURVE('',#10799,#10768,#10807,.T.);
#10807 = LINE('',#10808,#10809);
#10808 = CARTESIAN_POINT('',(35.768660714286,-33.72571428571,10.));
#10809 = VECTOR('',#10810,1.);
#10810 = DIRECTION('',(0.,-1.,0.));
#10811 = ORIENTED_EDGE('',*,*,#10765,.F.);
#10812 = ORIENTED_EDGE('',*,*,#10813,.F.);
#10813 = EDGE_CURVE('',#10797,#10766,#10814,.T.);
#10814 = LINE('',#10815,#10816);
#10815 = CARTESIAN_POINT('',(35.768660714286,-33.72571428571,9.));
#10816 = VECTOR('',#10817,1.);
#10817 = DIRECTION('',(0.,-1.,0.));
#10818 = PLANE('',#10819);
#10819 = AXIS2_PLACEMENT_3D('',#10820,#10821,#10822);
#10820 = CARTESIAN_POINT('',(35.768660714286,-33.72571428571,9.));
#10821 = DIRECTION('',(1.,0.,-0.));
#10822 = DIRECTION('',(0.,-1.,0.));
#10823 = ADVANCED_FACE('',(#10824),#10849,.T.);
#10824 = FACE_BOUND('',#10825,.T.);
#10825 = EDGE_LOOP('',(#10826,#10836,#10842,#10843));
#10826 = ORIENTED_EDGE('',*,*,#10827,.T.);
#10827 = EDGE_CURVE('',#10828,#10830,#10832,.T.);
#10828 = VERTEX_POINT('',#10829);
#10829 = CARTESIAN_POINT('',(39.2340625,-33.72571428571,9.));
#10830 = VERTEX_POINT('',#10831);
#10831 = CARTESIAN_POINT('',(39.2340625,-33.72571428571,10.));
#10832 = LINE('',#10833,#10834);
#10833 = CARTESIAN_POINT('',(39.2340625,-33.72571428571,9.));
#10834 = VECTOR('',#10835,1.);
#10835 = DIRECTION('',(0.,0.,1.));
#10836 = ORIENTED_EDGE('',*,*,#10837,.T.);
#10837 = EDGE_CURVE('',#10830,#10799,#10838,.T.);
#10838 = LINE('',#10839,#10840);
#10839 = CARTESIAN_POINT('',(39.2340625,-33.72571428571,10.));
#10840 = VECTOR('',#10841,1.);
#10841 = DIRECTION('',(-1.,0.,0.));
#10842 = ORIENTED_EDGE('',*,*,#10796,.F.);
#10843 = ORIENTED_EDGE('',*,*,#10844,.F.);
#10844 = EDGE_CURVE('',#10828,#10797,#10845,.T.);
#10845 = LINE('',#10846,#10847);
#10846 = CARTESIAN_POINT('',(39.2340625,-33.72571428571,9.));
#10847 = VECTOR('',#10848,1.);
#10848 = DIRECTION('',(-1.,0.,0.));
#10849 = PLANE('',#10850);
#10850 = AXIS2_PLACEMENT_3D('',#10851,#10852,#10853);
#10851 = CARTESIAN_POINT('',(39.2340625,-33.72571428571,9.));
#10852 = DIRECTION('',(0.,-1.,0.));
#10853 = DIRECTION('',(-1.,0.,0.));
#10854 = ADVANCED_FACE('',(#10855),#10880,.T.);
#10855 = FACE_BOUND('',#10856,.T.);
#10856 = EDGE_LOOP('',(#10857,#10867,#10873,#10874));
#10857 = ORIENTED_EDGE('',*,*,#10858,.T.);
#10858 = EDGE_CURVE('',#10859,#10861,#10863,.T.);
#10859 = VERTEX_POINT('',#10860);
#10860 = CARTESIAN_POINT('',(39.2340625,-32.15714285714,9.));
#10861 = VERTEX_POINT('',#10862);
#10862 = CARTESIAN_POINT('',(39.2340625,-32.15714285714,10.));
#10863 = LINE('',#10864,#10865);
#10864 = CARTESIAN_POINT('',(39.2340625,-32.15714285714,9.));
#10865 = VECTOR('',#10866,1.);
#10866 = DIRECTION('',(0.,0.,1.));
#10867 = ORIENTED_EDGE('',*,*,#10868,.T.);
#10868 = EDGE_CURVE('',#10861,#10830,#10869,.T.);
#10869 = LINE('',#10870,#10871);
#10870 = CARTESIAN_POINT('',(39.2340625,-32.15714285714,10.));
#10871 = VECTOR('',#10872,1.);
#10872 = DIRECTION('',(0.,-1.,0.));
#10873 = ORIENTED_EDGE('',*,*,#10827,.F.);
#10874 = ORIENTED_EDGE('',*,*,#10875,.F.);
#10875 = EDGE_CURVE('',#10859,#10828,#10876,.T.);
#10876 = LINE('',#10877,#10878);
#10877 = CARTESIAN_POINT('',(39.2340625,-32.15714285714,9.));
#10878 = VECTOR('',#10879,1.);
#10879 = DIRECTION('',(0.,-1.,0.));
#10880 = PLANE('',#10881);
#10881 = AXIS2_PLACEMENT_3D('',#10882,#10883,#10884);
#10882 = CARTESIAN_POINT('',(39.2340625,-32.15714285714,9.));
#10883 = DIRECTION('',(1.,0.,-0.));
#10884 = DIRECTION('',(0.,-1.,0.));
#10885 = ADVANCED_FACE('',(#10886),#10911,.T.);
#10886 = FACE_BOUND('',#10887,.T.);
#10887 = EDGE_LOOP('',(#10888,#10898,#10904,#10905));
#10888 = ORIENTED_EDGE('',*,*,#10889,.T.);
#10889 = EDGE_CURVE('',#10890,#10892,#10894,.T.);
#10890 = VERTEX_POINT('',#10891);
#10891 = CARTESIAN_POINT('',(35.768660714286,-32.15714285714,9.));
#10892 = VERTEX_POINT('',#10893);
#10893 = CARTESIAN_POINT('',(35.768660714286,-32.15714285714,10.));
#10894 = LINE('',#10895,#10896);
#10895 = CARTESIAN_POINT('',(35.768660714286,-32.15714285714,9.));
#10896 = VECTOR('',#10897,1.);
#10897 = DIRECTION('',(0.,0.,1.));
#10898 = ORIENTED_EDGE('',*,*,#10899,.T.);
#10899 = EDGE_CURVE('',#10892,#10861,#10900,.T.);
#10900 = LINE('',#10901,#10902);
#10901 = CARTESIAN_POINT('',(35.768660714286,-32.15714285714,10.));
#10902 = VECTOR('',#10903,1.);
#10903 = DIRECTION('',(1.,0.,0.));
#10904 = ORIENTED_EDGE('',*,*,#10858,.F.);
#10905 = ORIENTED_EDGE('',*,*,#10906,.F.);
#10906 = EDGE_CURVE('',#10890,#10859,#10907,.T.);
#10907 = LINE('',#10908,#10909);
#10908 = CARTESIAN_POINT('',(35.768660714286,-32.15714285714,9.));
#10909 = VECTOR('',#10910,1.);
#10910 = DIRECTION('',(1.,0.,0.));
#10911 = PLANE('',#10912);
#10912 = AXIS2_PLACEMENT_3D('',#10913,#10914,#10915);
#10913 = CARTESIAN_POINT('',(35.768660714286,-32.15714285714,9.));
#10914 = DIRECTION('',(0.,1.,0.));
#10915 = DIRECTION('',(1.,0.,0.));
#10916 = ADVANCED_FACE('',(#10917),#10942,.T.);
#10917 = FACE_BOUND('',#10918,.T.);
#10918 = EDGE_LOOP('',(#10919,#10929,#10935,#10936));
#10919 = ORIENTED_EDGE('',*,*,#10920,.T.);
#10920 = EDGE_CURVE('',#10921,#10923,#10925,.T.);
#10921 = VERTEX_POINT('',#10922);
#10922 = CARTESIAN_POINT('',(35.768660714286,-30.22857142857,9.));
#10923 = VERTEX_POINT('',#10924);
#10924 = CARTESIAN_POINT('',(35.768660714286,-30.22857142857,10.));
#10925 = LINE('',#10926,#10927);
#10926 = CARTESIAN_POINT('',(35.768660714286,-30.22857142857,9.));
#10927 = VECTOR('',#10928,1.);
#10928 = DIRECTION('',(0.,0.,1.));
#10929 = ORIENTED_EDGE('',*,*,#10930,.T.);
#10930 = EDGE_CURVE('',#10923,#10892,#10931,.T.);
#10931 = LINE('',#10932,#10933);
#10932 = CARTESIAN_POINT('',(35.768660714286,-30.22857142857,10.));
#10933 = VECTOR('',#10934,1.);
#10934 = DIRECTION('',(0.,-1.,0.));
#10935 = ORIENTED_EDGE('',*,*,#10889,.F.);
#10936 = ORIENTED_EDGE('',*,*,#10937,.F.);
#10937 = EDGE_CURVE('',#10921,#10890,#10938,.T.);
#10938 = LINE('',#10939,#10940);
#10939 = CARTESIAN_POINT('',(35.768660714286,-30.22857142857,9.));
#10940 = VECTOR('',#10941,1.);
#10941 = DIRECTION('',(0.,-1.,0.));
#10942 = PLANE('',#10943);
#10943 = AXIS2_PLACEMENT_3D('',#10944,#10945,#10946);
#10944 = CARTESIAN_POINT('',(35.768660714286,-30.22857142857,9.));
#10945 = DIRECTION('',(1.,0.,-0.));
#10946 = DIRECTION('',(0.,-1.,0.));
#10947 = ADVANCED_FACE('',(#10948),#10973,.T.);
#10948 = FACE_BOUND('',#10949,.T.);
#10949 = EDGE_LOOP('',(#10950,#10960,#10966,#10967));
#10950 = ORIENTED_EDGE('',*,*,#10951,.T.);
#10951 = EDGE_CURVE('',#10952,#10954,#10956,.T.);
#10952 = VERTEX_POINT('',#10953);
#10953 = CARTESIAN_POINT('',(39.595669642857,-30.22857142857,9.));
#10954 = VERTEX_POINT('',#10955);
#10955 = CARTESIAN_POINT('',(39.595669642857,-30.22857142857,10.));
#10956 = LINE('',#10957,#10958);
#10957 = CARTESIAN_POINT('',(39.595669642857,-30.22857142857,9.));
#10958 = VECTOR('',#10959,1.);
#10959 = DIRECTION('',(0.,0.,1.));
#10960 = ORIENTED_EDGE('',*,*,#10961,.T.);
#10961 = EDGE_CURVE('',#10954,#10923,#10962,.T.);
#10962 = LINE('',#10963,#10964);
#10963 = CARTESIAN_POINT('',(39.595669642857,-30.22857142857,10.));
#10964 = VECTOR('',#10965,1.);
#10965 = DIRECTION('',(-1.,0.,0.));
#10966 = ORIENTED_EDGE('',*,*,#10920,.F.);
#10967 = ORIENTED_EDGE('',*,*,#10968,.F.);
#10968 = EDGE_CURVE('',#10952,#10921,#10969,.T.);
#10969 = LINE('',#10970,#10971);
#10970 = CARTESIAN_POINT('',(39.595669642857,-30.22857142857,9.));
#10971 = VECTOR('',#10972,1.);
#10972 = DIRECTION('',(-1.,0.,0.));
#10973 = PLANE('',#10974);
#10974 = AXIS2_PLACEMENT_3D('',#10975,#10976,#10977);
#10975 = CARTESIAN_POINT('',(39.595669642857,-30.22857142857,9.));
#10976 = DIRECTION('',(0.,-1.,0.));
#10977 = DIRECTION('',(-1.,0.,0.));
#10978 = ADVANCED_FACE('',(#10979),#11004,.T.);
#10979 = FACE_BOUND('',#10980,.T.);
#10980 = EDGE_LOOP('',(#10981,#10991,#10997,#10998));
#10981 = ORIENTED_EDGE('',*,*,#10982,.T.);
#10982 = EDGE_CURVE('',#10983,#10985,#10987,.T.);
#10983 = VERTEX_POINT('',#10984);
#10984 = CARTESIAN_POINT('',(39.595669642857,-28.66,9.));
#10985 = VERTEX_POINT('',#10986);
#10986 = CARTESIAN_POINT('',(39.595669642857,-28.66,10.));
#10987 = LINE('',#10988,#10989);
#10988 = CARTESIAN_POINT('',(39.595669642857,-28.66,9.));
#10989 = VECTOR('',#10990,1.);
#10990 = DIRECTION('',(0.,0.,1.));
#10991 = ORIENTED_EDGE('',*,*,#10992,.T.);
#10992 = EDGE_CURVE('',#10985,#10954,#10993,.T.);
#10993 = LINE('',#10994,#10995);
#10994 = CARTESIAN_POINT('',(39.595669642857,-28.66,10.));
#10995 = VECTOR('',#10996,1.);
#10996 = DIRECTION('',(0.,-1.,0.));
#10997 = ORIENTED_EDGE('',*,*,#10951,.F.);
#10998 = ORIENTED_EDGE('',*,*,#10999,.F.);
#10999 = EDGE_CURVE('',#10983,#10952,#11000,.T.);
#11000 = LINE('',#11001,#11002);
#11001 = CARTESIAN_POINT('',(39.595669642857,-28.66,9.));
#11002 = VECTOR('',#11003,1.);
#11003 = DIRECTION('',(0.,-1.,0.));
#11004 = PLANE('',#11005);
#11005 = AXIS2_PLACEMENT_3D('',#11006,#11007,#11008);
#11006 = CARTESIAN_POINT('',(39.595669642857,-28.66,9.));
#11007 = DIRECTION('',(1.,0.,-0.));
#11008 = DIRECTION('',(0.,-1.,0.));
#11009 = ADVANCED_FACE('',(#11010),#11035,.T.);
#11010 = FACE_BOUND('',#11011,.T.);
#11011 = EDGE_LOOP('',(#11012,#11022,#11028,#11029));
#11012 = ORIENTED_EDGE('',*,*,#11013,.T.);
#11013 = EDGE_CURVE('',#11014,#11016,#11018,.T.);
#11014 = VERTEX_POINT('',#11015);
#11015 = CARTESIAN_POINT('',(33.990758928571,-28.66,9.));
#11016 = VERTEX_POINT('',#11017);
#11017 = CARTESIAN_POINT('',(33.990758928571,-28.66,10.));
#11018 = LINE('',#11019,#11020);
#11019 = CARTESIAN_POINT('',(33.990758928571,-28.66,9.));
#11020 = VECTOR('',#11021,1.);
#11021 = DIRECTION('',(0.,0.,1.));
#11022 = ORIENTED_EDGE('',*,*,#11023,.T.);
#11023 = EDGE_CURVE('',#11016,#10985,#11024,.T.);
#11024 = LINE('',#11025,#11026);
#11025 = CARTESIAN_POINT('',(33.990758928571,-28.66,10.));
#11026 = VECTOR('',#11027,1.);
#11027 = DIRECTION('',(1.,0.,0.));
#11028 = ORIENTED_EDGE('',*,*,#10982,.F.);
#11029 = ORIENTED_EDGE('',*,*,#11030,.F.);
#11030 = EDGE_CURVE('',#11014,#10983,#11031,.T.);
#11031 = LINE('',#11032,#11033);
#11032 = CARTESIAN_POINT('',(33.990758928571,-28.66,9.));
#11033 = VECTOR('',#11034,1.);
#11034 = DIRECTION('',(1.,0.,0.));
#11035 = PLANE('',#11036);
#11036 = AXIS2_PLACEMENT_3D('',#11037,#11038,#11039);
#11037 = CARTESIAN_POINT('',(33.990758928571,-28.66,9.));
#11038 = DIRECTION('',(0.,1.,0.));
#11039 = DIRECTION('',(1.,0.,0.));
#11040 = ADVANCED_FACE('',(#11041),#11057,.T.);
#11041 = FACE_BOUND('',#11042,.T.);
#11042 = EDGE_LOOP('',(#11043,#11044,#11050,#11051));
#11043 = ORIENTED_EDGE('',*,*,#10712,.T.);
#11044 = ORIENTED_EDGE('',*,*,#11045,.T.);
#11045 = EDGE_CURVE('',#10705,#11016,#11046,.T.);
#11046 = LINE('',#11047,#11048);
#11047 = CARTESIAN_POINT('',(33.990758928571,-37.66,10.));
#11048 = VECTOR('',#11049,1.);
#11049 = DIRECTION('',(0.,1.,0.));
#11050 = ORIENTED_EDGE('',*,*,#11013,.F.);
#11051 = ORIENTED_EDGE('',*,*,#11052,.F.);
#11052 = EDGE_CURVE('',#10713,#11014,#11053,.T.);
#11053 = LINE('',#11054,#11055);
#11054 = CARTESIAN_POINT('',(33.990758928571,-37.66,9.));
#11055 = VECTOR('',#11056,1.);
#11056 = DIRECTION('',(0.,1.,0.));
#11057 = PLANE('',#11058);
#11058 = AXIS2_PLACEMENT_3D('',#11059,#11060,#11061);
#11059 = CARTESIAN_POINT('',(33.990758928571,-37.66,9.));
#11060 = DIRECTION('',(-1.,0.,0.));
#11061 = DIRECTION('',(0.,1.,0.));
#11062 = ADVANCED_FACE('',(#11063),#11077,.F.);
#11063 = FACE_BOUND('',#11064,.F.);
#11064 = EDGE_LOOP('',(#11065,#11066,#11067,#11068,#11069,#11070,#11071,
    #11072,#11073,#11074,#11075,#11076));
#11065 = ORIENTED_EDGE('',*,*,#10720,.F.);
#11066 = ORIENTED_EDGE('',*,*,#10751,.F.);
#11067 = ORIENTED_EDGE('',*,*,#10782,.F.);
#11068 = ORIENTED_EDGE('',*,*,#10813,.F.);
#11069 = ORIENTED_EDGE('',*,*,#10844,.F.);
#11070 = ORIENTED_EDGE('',*,*,#10875,.F.);
#11071 = ORIENTED_EDGE('',*,*,#10906,.F.);
#11072 = ORIENTED_EDGE('',*,*,#10937,.F.);
#11073 = ORIENTED_EDGE('',*,*,#10968,.F.);
#11074 = ORIENTED_EDGE('',*,*,#10999,.F.);
#11075 = ORIENTED_EDGE('',*,*,#11030,.F.);
#11076 = ORIENTED_EDGE('',*,*,#11052,.F.);
#11077 = PLANE('',#11078);
#11078 = AXIS2_PLACEMENT_3D('',#11079,#11080,#11081);
#11079 = CARTESIAN_POINT('',(36.672436947084,-33.12540956749,9.));
#11080 = DIRECTION('',(0.,0.,1.));
#11081 = DIRECTION('',(1.,0.,0.));
#11082 = ADVANCED_FACE('',(#11083),#11097,.T.);
#11083 = FACE_BOUND('',#11084,.T.);
#11084 = EDGE_LOOP('',(#11085,#11086,#11087,#11088,#11089,#11090,#11091,
    #11092,#11093,#11094,#11095,#11096));
#11085 = ORIENTED_EDGE('',*,*,#10704,.F.);
#11086 = ORIENTED_EDGE('',*,*,#10744,.F.);
#11087 = ORIENTED_EDGE('',*,*,#10775,.F.);
#11088 = ORIENTED_EDGE('',*,*,#10806,.F.);
#11089 = ORIENTED_EDGE('',*,*,#10837,.F.);
#11090 = ORIENTED_EDGE('',*,*,#10868,.F.);
#11091 = ORIENTED_EDGE('',*,*,#10899,.F.);
#11092 = ORIENTED_EDGE('',*,*,#10930,.F.);
#11093 = ORIENTED_EDGE('',*,*,#10961,.F.);
#11094 = ORIENTED_EDGE('',*,*,#10992,.F.);
#11095 = ORIENTED_EDGE('',*,*,#11023,.F.);
#11096 = ORIENTED_EDGE('',*,*,#11045,.F.);
#11097 = PLANE('',#11098);
#11098 = AXIS2_PLACEMENT_3D('',#11099,#11100,#11101);
#11099 = CARTESIAN_POINT('',(36.672436947084,-33.12540956749,10.));
#11100 = DIRECTION('',(0.,0.,1.));
#11101 = DIRECTION('',(1.,0.,0.));
#11102 = ( GEOMETRIC_REPRESENTATION_CONTEXT(3) 
GLOBAL_UNCERTAINTY_ASSIGNED_CONTEXT((#11106)) 
GLOBAL_UNIT_ASSIGNED_CONTEXT((#11103,#11104,#11105)) 
REPRESENTATION_CONTEXT('Context #1',
  '3D Context with UNIT and UNCERTAINTY') );
#11103 = ( LENGTH_UNIT() NAMED_UNIT(*) SI_UNIT(.MILLI.,.METRE.) );
#11104 = ( NAMED_UNIT(*) PLANE_ANGLE_UNIT() SI_UNIT($,.RADIAN.) );
#11105 = ( NAMED_UNIT(*) SI_UNIT($,.STERADIAN.) SOLID_ANGLE_UNIT() );
#11106 = UNCERTAINTY_MEASURE_WITH_UNIT(LENGTH_MEASURE(1.E-07),#11103,
  'distance_accuracy_value','confusion accuracy');
#11107 = CONTEXT_DEPENDENT_SHAPE_REPRESENTATION(#11108,#11110);
#11108 = ( REPRESENTATION_RELATIONSHIP('','',#7321,#10) 
REPRESENTATION_RELATIONSHIP_WITH_TRANSFORMATION(#11109) 
SHAPE_REPRESENTATION_RELATIONSHIP() );
#11109 = ITEM_DEFINED_TRANSFORMATION('','',#11,#23);
#11110 = PRODUCT_DEFINITION_SHAPE('Placement','Placement of an item',
  #11111);
#11111 = NEXT_ASSEMBLY_USAGE_OCCURRENCE('3','Extrude003','',#5,#7316,$);
#11112 = PRODUCT_RELATED_PRODUCT_CATEGORY('part',$,(#7318));
#11113 = SHAPE_DEFINITION_REPRESENTATION(#11114,#11120);
#11114 = PRODUCT_DEFINITION_SHAPE('','',#11115);
#11115 = PRODUCT_DEFINITION('design','',#11116,#11119);
#11116 = PRODUCT_DEFINITION_FORMATION('','',#11117);
#11117 = PRODUCT('Extrude004','Extrude004','',(#11118));
#11118 = PRODUCT_CONTEXT('',#2,'mechanical');
#11119 = PRODUCT_DEFINITION_CONTEXT('part definition',#2,'design');
#11120 = SHAPE_REPRESENTATION('',(#11,#11121,#11279),#11433);
#11121 = MANIFOLD_SOLID_BREP('',#11122);
#11122 = CLOSED_SHELL('',(#11123,#11165,#11198,#11231,#11255,#11267));
#11123 = ADVANCED_FACE('',(#11124),#11160,.T.);
#11124 = FACE_BOUND('',#11125,.F.);
#11125 = EDGE_LOOP('',(#11126,#11136,#11145,#11153));
#11126 = ORIENTED_EDGE('',*,*,#11127,.T.);
#11127 = EDGE_CURVE('',#11128,#11130,#11132,.T.);
#11128 = VERTEX_POINT('',#11129);
#11129 = CARTESIAN_POINT('',(-65.83474012474,37.80140260296,9.));
#11130 = VERTEX_POINT('',#11131);
#11131 = CARTESIAN_POINT('',(-65.83474012474,37.80140260296,10.));
#11132 = LINE('',#11133,#11134);
#11133 = CARTESIAN_POINT('',(-65.83474012474,37.80140260296,9.));
#11134 = VECTOR('',#11135,1.);
#11135 = DIRECTION('',(0.,0.,1.));
#11136 = ORIENTED_EDGE('',*,*,#11137,.T.);
#11137 = EDGE_CURVE('',#11130,#11138,#11140,.T.);
#11138 = VERTEX_POINT('',#11139);
#11139 = CARTESIAN_POINT('',(-57.76907826087,37.970560184672,10.));
#11140 = CIRCLE('',#11141,6.690000000002);
#11141 = AXIS2_PLACEMENT_3D('',#11142,#11143,#11144);
#11142 = CARTESIAN_POINT('',(-61.69,32.550000000002,10.));
#11143 = DIRECTION('',(0.,0.,1.));
#11144 = DIRECTION('',(1.,0.,0.));
#11145 = ORIENTED_EDGE('',*,*,#11146,.F.);
#11146 = EDGE_CURVE('',#11147,#11138,#11149,.T.);
#11147 = VERTEX_POINT('',#11148);
#11148 = CARTESIAN_POINT('',(-57.76907826087,37.970560184672,9.));
#11149 = LINE('',#11150,#11151);
#11150 = CARTESIAN_POINT('',(-57.76907826087,37.970560184672,9.));
#11151 = VECTOR('',#11152,1.);
#11152 = DIRECTION('',(0.,0.,1.));
#11153 = ORIENTED_EDGE('',*,*,#11154,.F.);
#11154 = EDGE_CURVE('',#11128,#11147,#11155,.T.);
#11155 = CIRCLE('',#11156,6.690000000002);
#11156 = AXIS2_PLACEMENT_3D('',#11157,#11158,#11159);
#11157 = CARTESIAN_POINT('',(-61.69,32.550000000002,9.));
#11158 = DIRECTION('',(0.,0.,1.));
#11159 = DIRECTION('',(1.,0.,0.));
#11160 = CYLINDRICAL_SURFACE('',#11161,6.690000000002);
#11161 = AXIS2_PLACEMENT_3D('',#11162,#11163,#11164);
#11162 = CARTESIAN_POINT('',(-61.69,32.550000000002,9.));
#11163 = DIRECTION('',(-0.,-0.,-1.));
#11164 = DIRECTION('',(1.,0.,0.));
#11165 = ADVANCED_FACE('',(#11166),#11193,.T.);
#11166 = FACE_BOUND('',#11167,.F.);
#11167 = EDGE_LOOP('',(#11168,#11169,#11178,#11186));
#11168 = ORIENTED_EDGE('',*,*,#11146,.T.);
#11169 = ORIENTED_EDGE('',*,*,#11170,.T.);
#11170 = EDGE_CURVE('',#11138,#11171,#11173,.T.);
#11171 = VERTEX_POINT('',#11172);
#11172 = CARTESIAN_POINT('',(-58.87092173913,36.447293645479,10.));
#11173 = CIRCLE('',#11174,0.940000000002);
#11174 = AXIS2_PLACEMENT_3D('',#11175,#11176,#11177);
#11175 = CARTESIAN_POINT('',(-58.32,37.208926915075,10.));
#11176 = DIRECTION('',(0.,0.,1.));
#11177 = DIRECTION('',(1.,0.,0.));
#11178 = ORIENTED_EDGE('',*,*,#11179,.F.);
#11179 = EDGE_CURVE('',#11180,#11171,#11182,.T.);
#11180 = VERTEX_POINT('',#11181);
#11181 = CARTESIAN_POINT('',(-58.87092173913,36.447293645479,9.));
#11182 = LINE('',#11183,#11184);
#11183 = CARTESIAN_POINT('',(-58.87092173913,36.447293645479,9.));
#11184 = VECTOR('',#11185,1.);
#11185 = DIRECTION('',(0.,0.,1.));
#11186 = ORIENTED_EDGE('',*,*,#11187,.F.);
#11187 = EDGE_CURVE('',#11147,#11180,#11188,.T.);
#11188 = CIRCLE('',#11189,0.940000000002);
#11189 = AXIS2_PLACEMENT_3D('',#11190,#11191,#11192);
#11190 = CARTESIAN_POINT('',(-58.32,37.208926915075,9.));
#11191 = DIRECTION('',(0.,0.,1.));
#11192 = DIRECTION('',(1.,0.,0.));
#11193 = CYLINDRICAL_SURFACE('',#11194,0.940000000002);
#11194 = AXIS2_PLACEMENT_3D('',#11195,#11196,#11197);
#11195 = CARTESIAN_POINT('',(-58.32,37.208926915075,9.));
#11196 = DIRECTION('',(-0.,-0.,-1.));
#11197 = DIRECTION('',(1.,0.,0.));
#11198 = ADVANCED_FACE('',(#11199),#11226,.F.);
#11199 = FACE_BOUND('',#11200,.T.);
#11200 = EDGE_LOOP('',(#11201,#11211,#11218,#11219));
#11201 = ORIENTED_EDGE('',*,*,#11202,.T.);
#11202 = EDGE_CURVE('',#11203,#11205,#11207,.T.);
#11203 = VERTEX_POINT('',#11204);
#11204 = CARTESIAN_POINT('',(-64.67,36.325672125595,9.));
#11205 = VERTEX_POINT('',#11206);
#11206 = CARTESIAN_POINT('',(-64.67,36.325672125595,10.));
#11207 = LINE('',#11208,#11209);
#11208 = CARTESIAN_POINT('',(-64.67,36.325672125595,9.));
#11209 = VECTOR('',#11210,1.);
#11210 = DIRECTION('',(0.,0.,1.));
#11211 = ORIENTED_EDGE('',*,*,#11212,.T.);
#11212 = EDGE_CURVE('',#11205,#11171,#11213,.T.);
#11213 = CIRCLE('',#11214,4.809999999998);
#11214 = AXIS2_PLACEMENT_3D('',#11215,#11216,#11217);
#11215 = CARTESIAN_POINT('',(-61.69,32.550000000002,10.));
#11216 = DIRECTION('',(0.,0.,1.));
#11217 = DIRECTION('',(1.,0.,0.));
#11218 = ORIENTED_EDGE('',*,*,#11179,.F.);
#11219 = ORIENTED_EDGE('',*,*,#11220,.F.);
#11220 = EDGE_CURVE('',#11203,#11180,#11221,.T.);
#11221 = CIRCLE('',#11222,4.809999999998);
#11222 = AXIS2_PLACEMENT_3D('',#11223,#11224,#11225);
#11223 = CARTESIAN_POINT('',(-61.69,32.550000000002,9.));
#11224 = DIRECTION('',(0.,0.,1.));
#11225 = DIRECTION('',(1.,0.,0.));
#11226 = CYLINDRICAL_SURFACE('',#11227,4.809999999998);
#11227 = AXIS2_PLACEMENT_3D('',#11228,#11229,#11230);
#11228 = CARTESIAN_POINT('',(-61.69,32.550000000002,9.));
#11229 = DIRECTION('',(-0.,-0.,-1.));
#11230 = DIRECTION('',(1.,0.,0.));
#11231 = ADVANCED_FACE('',(#11232),#11250,.T.);
#11232 = FACE_BOUND('',#11233,.F.);
#11233 = EDGE_LOOP('',(#11234,#11235,#11242,#11243));
#11234 = ORIENTED_EDGE('',*,*,#11202,.T.);
#11235 = ORIENTED_EDGE('',*,*,#11236,.T.);
#11236 = EDGE_CURVE('',#11205,#11130,#11237,.T.);
#11237 = CIRCLE('',#11238,0.940000000002);
#11238 = AXIS2_PLACEMENT_3D('',#11239,#11240,#11241);
#11239 = CARTESIAN_POINT('',(-65.25237006237,37.063537364278,10.));
#11240 = DIRECTION('',(0.,0.,1.));
#11241 = DIRECTION('',(1.,0.,0.));
#11242 = ORIENTED_EDGE('',*,*,#11127,.F.);
#11243 = ORIENTED_EDGE('',*,*,#11244,.F.);
#11244 = EDGE_CURVE('',#11203,#11128,#11245,.T.);
#11245 = CIRCLE('',#11246,0.940000000002);
#11246 = AXIS2_PLACEMENT_3D('',#11247,#11248,#11249);
#11247 = CARTESIAN_POINT('',(-65.25237006237,37.063537364278,9.));
#11248 = DIRECTION('',(0.,0.,1.));
#11249 = DIRECTION('',(1.,0.,0.));
#11250 = CYLINDRICAL_SURFACE('',#11251,0.940000000002);
#11251 = AXIS2_PLACEMENT_3D('',#11252,#11253,#11254);
#11252 = CARTESIAN_POINT('',(-65.25237006237,37.063537364278,9.));
#11253 = DIRECTION('',(-0.,-0.,-1.));
#11254 = DIRECTION('',(1.,0.,0.));
#11255 = ADVANCED_FACE('',(#11256),#11262,.F.);
#11256 = FACE_BOUND('',#11257,.F.);
#11257 = EDGE_LOOP('',(#11258,#11259,#11260,#11261));
#11258 = ORIENTED_EDGE('',*,*,#11154,.T.);
#11259 = ORIENTED_EDGE('',*,*,#11187,.T.);
#11260 = ORIENTED_EDGE('',*,*,#11220,.F.);
#11261 = ORIENTED_EDGE('',*,*,#11244,.T.);
#11262 = PLANE('',#11263);
#11263 = AXIS2_PLACEMENT_3D('',#11264,#11265,#11266);
#11264 = CARTESIAN_POINT('',(-61.68255367021,33.0904721952,9.));
#11265 = DIRECTION('',(0.,0.,1.));
#11266 = DIRECTION('',(1.,0.,-0.));
#11267 = ADVANCED_FACE('',(#11268),#11274,.T.);
#11268 = FACE_BOUND('',#11269,.T.);
#11269 = EDGE_LOOP('',(#11270,#11271,#11272,#11273));
#11270 = ORIENTED_EDGE('',*,*,#11137,.T.);
#11271 = ORIENTED_EDGE('',*,*,#11170,.T.);
#11272 = ORIENTED_EDGE('',*,*,#11212,.F.);
#11273 = ORIENTED_EDGE('',*,*,#11236,.T.);
#11274 = PLANE('',#11275);
#11275 = AXIS2_PLACEMENT_3D('',#11276,#11277,#11278);
#11276 = CARTESIAN_POINT('',(-61.68255367021,33.0904721952,10.));
#11277 = DIRECTION('',(0.,0.,1.));
#11278 = DIRECTION('',(1.,0.,0.));
#11279 = MANIFOLD_SOLID_BREP('',#11280);
#11280 = CLOSED_SHELL('',(#11281,#11323,#11354,#11387,#11409,#11421));
#11281 = ADVANCED_FACE('',(#11282),#11318,.T.);
#11282 = FACE_BOUND('',#11283,.F.);
#11283 = EDGE_LOOP('',(#11284,#11294,#11303,#11311));
#11284 = ORIENTED_EDGE('',*,*,#11285,.T.);
#11285 = EDGE_CURVE('',#11286,#11288,#11290,.T.);
#11286 = VERTEX_POINT('',#11287);
#11287 = CARTESIAN_POINT('',(-62.9,32.550000000002,9.));
#11288 = VERTEX_POINT('',#11289);
#11289 = CARTESIAN_POINT('',(-62.9,32.550000000002,10.));
#11290 = LINE('',#11291,#11292);
#11291 = CARTESIAN_POINT('',(-62.9,32.550000000002,9.));
#11292 = VECTOR('',#11293,1.);
#11293 = DIRECTION('',(0.,0.,1.));
#11294 = ORIENTED_EDGE('',*,*,#11295,.T.);
#11295 = EDGE_CURVE('',#11288,#11296,#11298,.T.);
#11296 = VERTEX_POINT('',#11297);
#11297 = CARTESIAN_POINT('',(-60.48,32.550000000002,10.));
#11298 = CIRCLE('',#11299,1.21);
#11299 = AXIS2_PLACEMENT_3D('',#11300,#11301,#11302);
#11300 = CARTESIAN_POINT('',(-61.69,32.550000000002,10.));
#11301 = DIRECTION('',(0.,0.,1.));
#11302 = DIRECTION('',(1.,0.,0.));
#11303 = ORIENTED_EDGE('',*,*,#11304,.F.);
#11304 = EDGE_CURVE('',#11305,#11296,#11307,.T.);
#11305 = VERTEX_POINT('',#11306);
#11306 = CARTESIAN_POINT('',(-60.48,32.550000000002,9.));
#11307 = LINE('',#11308,#11309);
#11308 = CARTESIAN_POINT('',(-60.48,32.550000000002,9.));
#11309 = VECTOR('',#11310,1.);
#11310 = DIRECTION('',(0.,0.,1.));
#11311 = ORIENTED_EDGE('',*,*,#11312,.F.);
#11312 = EDGE_CURVE('',#11286,#11305,#11313,.T.);
#11313 = CIRCLE('',#11314,1.21);
#11314 = AXIS2_PLACEMENT_3D('',#11315,#11316,#11317);
#11315 = CARTESIAN_POINT('',(-61.69,32.550000000002,9.));
#11316 = DIRECTION('',(0.,0.,1.));
#11317 = DIRECTION('',(1.,0.,0.));
#11318 = CYLINDRICAL_SURFACE('',#11319,1.21);
#11319 = AXIS2_PLACEMENT_3D('',#11320,#11321,#11322);
#11320 = CARTESIAN_POINT('',(-61.69,32.550000000002,9.));
#11321 = DIRECTION('',(-0.,-0.,-1.));
#11322 = DIRECTION('',(1.,0.,0.));
#11323 = ADVANCED_FACE('',(#11324),#11349,.F.);
#11324 = FACE_BOUND('',#11325,.F.);
#11325 = EDGE_LOOP('',(#11326,#11327,#11335,#11343));
#11326 = ORIENTED_EDGE('',*,*,#11304,.T.);
#11327 = ORIENTED_EDGE('',*,*,#11328,.T.);
#11328 = EDGE_CURVE('',#11296,#11329,#11331,.T.);
#11329 = VERTEX_POINT('',#11330);
#11330 = CARTESIAN_POINT('',(-60.48,39.250000000002,10.));
#11331 = LINE('',#11332,#11333);
#11332 = CARTESIAN_POINT('',(-60.48,32.550000000002,10.));
#11333 = VECTOR('',#11334,1.);
#11334 = DIRECTION('',(0.,1.,0.));
#11335 = ORIENTED_EDGE('',*,*,#11336,.F.);
#11336 = EDGE_CURVE('',#11337,#11329,#11339,.T.);
#11337 = VERTEX_POINT('',#11338);
#11338 = CARTESIAN_POINT('',(-60.48,39.250000000002,9.));
#11339 = LINE('',#11340,#11341);
#11340 = CARTESIAN_POINT('',(-60.48,39.250000000002,9.));
#11341 = VECTOR('',#11342,1.);
#11342 = DIRECTION('',(0.,0.,1.));
#11343 = ORIENTED_EDGE('',*,*,#11344,.F.);
#11344 = EDGE_CURVE('',#11305,#11337,#11345,.T.);
#11345 = LINE('',#11346,#11347);
#11346 = CARTESIAN_POINT('',(-60.48,32.550000000002,9.));
#11347 = VECTOR('',#11348,1.);
#11348 = DIRECTION('',(0.,1.,0.));
#11349 = PLANE('',#11350);
#11350 = AXIS2_PLACEMENT_3D('',#11351,#11352,#11353);
#11351 = CARTESIAN_POINT('',(-60.48,32.550000000002,9.));
#11352 = DIRECTION('',(-1.,0.,0.));
#11353 = DIRECTION('',(0.,1.,0.));
#11354 = ADVANCED_FACE('',(#11355),#11382,.T.);
#11355 = FACE_BOUND('',#11356,.F.);
#11356 = EDGE_LOOP('',(#11357,#11358,#11367,#11375));
#11357 = ORIENTED_EDGE('',*,*,#11336,.T.);
#11358 = ORIENTED_EDGE('',*,*,#11359,.T.);
#11359 = EDGE_CURVE('',#11329,#11360,#11362,.T.);
#11360 = VERTEX_POINT('',#11361);
#11361 = CARTESIAN_POINT('',(-62.9,39.250000000002,10.));
#11362 = CIRCLE('',#11363,1.21);
#11363 = AXIS2_PLACEMENT_3D('',#11364,#11365,#11366);
#11364 = CARTESIAN_POINT('',(-61.69,39.250000000002,10.));
#11365 = DIRECTION('',(0.,0.,1.));
#11366 = DIRECTION('',(1.,0.,0.));
#11367 = ORIENTED_EDGE('',*,*,#11368,.F.);
#11368 = EDGE_CURVE('',#11369,#11360,#11371,.T.);
#11369 = VERTEX_POINT('',#11370);
#11370 = CARTESIAN_POINT('',(-62.9,39.250000000002,9.));
#11371 = LINE('',#11372,#11373);
#11372 = CARTESIAN_POINT('',(-62.9,39.250000000002,9.));
#11373 = VECTOR('',#11374,1.);
#11374 = DIRECTION('',(0.,0.,1.));
#11375 = ORIENTED_EDGE('',*,*,#11376,.F.);
#11376 = EDGE_CURVE('',#11337,#11369,#11377,.T.);
#11377 = CIRCLE('',#11378,1.21);
#11378 = AXIS2_PLACEMENT_3D('',#11379,#11380,#11381);
#11379 = CARTESIAN_POINT('',(-61.69,39.250000000002,9.));
#11380 = DIRECTION('',(0.,0.,1.));
#11381 = DIRECTION('',(1.,0.,0.));
#11382 = CYLINDRICAL_SURFACE('',#11383,1.21);
#11383 = AXIS2_PLACEMENT_3D('',#11384,#11385,#11386);
#11384 = CARTESIAN_POINT('',(-61.69,39.250000000002,9.));
#11385 = DIRECTION('',(-0.,-0.,-1.));
#11386 = DIRECTION('',(1.,0.,0.));
#11387 = ADVANCED_FACE('',(#11388),#11404,.T.);
#11388 = FACE_BOUND('',#11389,.T.);
#11389 = EDGE_LOOP('',(#11390,#11391,#11397,#11398));
#11390 = ORIENTED_EDGE('',*,*,#11285,.T.);
#11391 = ORIENTED_EDGE('',*,*,#11392,.T.);
#11392 = EDGE_CURVE('',#11288,#11360,#11393,.T.);
#11393 = LINE('',#11394,#11395);
#11394 = CARTESIAN_POINT('',(-62.9,32.550000000002,10.));
#11395 = VECTOR('',#11396,1.);
#11396 = DIRECTION('',(8.48E-15,1.,0.));
#11397 = ORIENTED_EDGE('',*,*,#11368,.F.);
#11398 = ORIENTED_EDGE('',*,*,#11399,.F.);
#11399 = EDGE_CURVE('',#11286,#11369,#11400,.T.);
#11400 = LINE('',#11401,#11402);
#11401 = CARTESIAN_POINT('',(-62.9,32.550000000002,9.));
#11402 = VECTOR('',#11403,1.);
#11403 = DIRECTION('',(8.48E-15,1.,0.));
#11404 = PLANE('',#11405);
#11405 = AXIS2_PLACEMENT_3D('',#11406,#11407,#11408);
#11406 = CARTESIAN_POINT('',(-62.9,32.550000000002,9.));
#11407 = DIRECTION('',(-1.,8.48E-15,0.));
#11408 = DIRECTION('',(8.48E-15,1.,0.));
#11409 = ADVANCED_FACE('',(#11410),#11416,.F.);
#11410 = FACE_BOUND('',#11411,.F.);
#11411 = EDGE_LOOP('',(#11412,#11413,#11414,#11415));
#11412 = ORIENTED_EDGE('',*,*,#11312,.T.);
#11413 = ORIENTED_EDGE('',*,*,#11344,.T.);
#11414 = ORIENTED_EDGE('',*,*,#11376,.T.);
#11415 = ORIENTED_EDGE('',*,*,#11399,.F.);
#11416 = PLANE('',#11417);
#11417 = AXIS2_PLACEMENT_3D('',#11418,#11419,#11420);
#11418 = CARTESIAN_POINT('',(-61.68255367021,33.0904721952,9.));
#11419 = DIRECTION('',(0.,0.,1.));
#11420 = DIRECTION('',(1.,0.,-0.));
#11421 = ADVANCED_FACE('',(#11422),#11428,.T.);
#11422 = FACE_BOUND('',#11423,.T.);
#11423 = EDGE_LOOP('',(#11424,#11425,#11426,#11427));
#11424 = ORIENTED_EDGE('',*,*,#11295,.T.);
#11425 = ORIENTED_EDGE('',*,*,#11328,.T.);
#11426 = ORIENTED_EDGE('',*,*,#11359,.T.);
#11427 = ORIENTED_EDGE('',*,*,#11392,.F.);
#11428 = PLANE('',#11429);
#11429 = AXIS2_PLACEMENT_3D('',#11430,#11431,#11432);
#11430 = CARTESIAN_POINT('',(-61.68255367021,33.0904721952,10.));
#11431 = DIRECTION('',(0.,0.,1.));
#11432 = DIRECTION('',(1.,0.,0.));
#11433 = ( GEOMETRIC_REPRESENTATION_CONTEXT(3) 
GLOBAL_UNCERTAINTY_ASSIGNED_CONTEXT((#11437)) 
GLOBAL_UNIT_ASSIGNED_CONTEXT((#11434,#11435,#11436)) 
REPRESENTATION_CONTEXT('Context #1',
  '3D Context with UNIT and UNCERTAINTY') );
#11434 = ( LENGTH_UNIT() NAMED_UNIT(*) SI_UNIT(.MILLI.,.METRE.) );
#11435 = ( NAMED_UNIT(*) PLANE_ANGLE_UNIT() SI_UNIT($,.RADIAN.) );
#11436 = ( NAMED_UNIT(*) SI_UNIT($,.STERADIAN.) SOLID_ANGLE_UNIT() );
#11437 = UNCERTAINTY_MEASURE_WITH_UNIT(LENGTH_MEASURE(1.E-07),#11434,
  'distance_accuracy_value','confusion accuracy');
#11438 = CONTEXT_DEPENDENT_SHAPE_REPRESENTATION(#11439,#11441);
#11439 = ( REPRESENTATION_RELATIONSHIP('','',#11120,#10) 
REPRESENTATION_RELATIONSHIP_WITH_TRANSFORMATION(#11440) 
SHAPE_REPRESENTATION_RELATIONSHIP() );
#11440 = ITEM_DEFINED_TRANSFORMATION('','',#11,#27);
#11441 = PRODUCT_DEFINITION_SHAPE('Placement','Placement of an item',
  #11442);
#11442 = NEXT_ASSEMBLY_USAGE_OCCURRENCE('4','Extrude004','',#5,#11115,$
  );
#11443 = PRODUCT_RELATED_PRODUCT_CATEGORY('part',$,(#11117));
#11444 = SHAPE_DEFINITION_REPRESENTATION(#11445,#11451);
#11445 = PRODUCT_DEFINITION_SHAPE('','',#11446);
#11446 = PRODUCT_DEFINITION('design','',#11447,#11450);
#11447 = PRODUCT_DEFINITION_FORMATION('','',#11448);
#11448 = PRODUCT('Extrude005','Extrude005','',(#11449));
#11449 = PRODUCT_CONTEXT('',#2,'mechanical');
#11450 = PRODUCT_DEFINITION_CONTEXT('part definition',#2,'design');
#11451 = SHAPE_REPRESENTATION('',(#11,#11452,#11610),#11764);
#11452 = MANIFOLD_SOLID_BREP('',#11453);
#11453 = CLOSED_SHELL('',(#11454,#11496,#11529,#11562,#11586,#11598));
#11454 = ADVANCED_FACE('',(#11455),#11491,.T.);
#11455 = FACE_BOUND('',#11456,.F.);
#11456 = EDGE_LOOP('',(#11457,#11467,#11476,#11484));
#11457 = ORIENTED_EDGE('',*,*,#11458,.T.);
#11458 = EDGE_CURVE('',#11459,#11461,#11463,.T.);
#11459 = VERTEX_POINT('',#11460);
#11460 = CARTESIAN_POINT('',(57.54525987526,37.801402602959,9.));
#11461 = VERTEX_POINT('',#11462);
#11462 = CARTESIAN_POINT('',(57.54525987526,37.801402602959,10.));
#11463 = LINE('',#11464,#11465);
#11464 = CARTESIAN_POINT('',(57.54525987526,37.801402602959,9.));
#11465 = VECTOR('',#11466,1.);
#11466 = DIRECTION('',(0.,0.,1.));
#11467 = ORIENTED_EDGE('',*,*,#11468,.T.);
#11468 = EDGE_CURVE('',#11461,#11469,#11471,.T.);
#11469 = VERTEX_POINT('',#11470);
#11470 = CARTESIAN_POINT('',(65.61092173913,37.970560184669,10.));
#11471 = CIRCLE('',#11472,6.69);
#11472 = AXIS2_PLACEMENT_3D('',#11473,#11474,#11475);
#11473 = CARTESIAN_POINT('',(61.69,32.55,10.));
#11474 = DIRECTION('',(0.,0.,1.));
#11475 = DIRECTION('',(1.,0.,0.));
#11476 = ORIENTED_EDGE('',*,*,#11477,.F.);
#11477 = EDGE_CURVE('',#11478,#11469,#11480,.T.);
#11478 = VERTEX_POINT('',#11479);
#11479 = CARTESIAN_POINT('',(65.61092173913,37.970560184669,9.));
#11480 = LINE('',#11481,#11482);
#11481 = CARTESIAN_POINT('',(65.61092173913,37.970560184669,9.));
#11482 = VECTOR('',#11483,1.);
#11483 = DIRECTION('',(0.,0.,1.));
#11484 = ORIENTED_EDGE('',*,*,#11485,.F.);
#11485 = EDGE_CURVE('',#11459,#11478,#11486,.T.);
#11486 = CIRCLE('',#11487,6.69);
#11487 = AXIS2_PLACEMENT_3D('',#11488,#11489,#11490);
#11488 = CARTESIAN_POINT('',(61.69,32.55,9.));
#11489 = DIRECTION('',(0.,0.,1.));
#11490 = DIRECTION('',(1.,0.,0.));
#11491 = CYLINDRICAL_SURFACE('',#11492,6.69);
#11492 = AXIS2_PLACEMENT_3D('',#11493,#11494,#11495);
#11493 = CARTESIAN_POINT('',(61.69,32.55,9.));
#11494 = DIRECTION('',(-0.,-0.,-1.));
#11495 = DIRECTION('',(1.,0.,0.));
#11496 = ADVANCED_FACE('',(#11497),#11524,.T.);
#11497 = FACE_BOUND('',#11498,.F.);
#11498 = EDGE_LOOP('',(#11499,#11500,#11509,#11517));
#11499 = ORIENTED_EDGE('',*,*,#11477,.T.);
#11500 = ORIENTED_EDGE('',*,*,#11501,.T.);
#11501 = EDGE_CURVE('',#11469,#11502,#11504,.T.);
#11502 = VERTEX_POINT('',#11503);
#11503 = CARTESIAN_POINT('',(64.50907826087,36.447293645479,10.));
#11504 = CIRCLE('',#11505,0.94);
#11505 = AXIS2_PLACEMENT_3D('',#11506,#11507,#11508);
#11506 = CARTESIAN_POINT('',(65.06,37.208926915074,10.));
#11507 = DIRECTION('',(0.,0.,1.));
#11508 = DIRECTION('',(1.,0.,0.));
#11509 = ORIENTED_EDGE('',*,*,#11510,.F.);
#11510 = EDGE_CURVE('',#11511,#11502,#11513,.T.);
#11511 = VERTEX_POINT('',#11512);
#11512 = CARTESIAN_POINT('',(64.50907826087,36.447293645479,9.));
#11513 = LINE('',#11514,#11515);
#11514 = CARTESIAN_POINT('',(64.50907826087,36.447293645479,9.));
#11515 = VECTOR('',#11516,1.);
#11516 = DIRECTION('',(0.,0.,1.));
#11517 = ORIENTED_EDGE('',*,*,#11518,.F.);
#11518 = EDGE_CURVE('',#11478,#11511,#11519,.T.);
#11519 = CIRCLE('',#11520,0.94);
#11520 = AXIS2_PLACEMENT_3D('',#11521,#11522,#11523);
#11521 = CARTESIAN_POINT('',(65.06,37.208926915074,9.));
#11522 = DIRECTION('',(0.,0.,1.));
#11523 = DIRECTION('',(1.,0.,0.));
#11524 = CYLINDRICAL_SURFACE('',#11525,0.94);
#11525 = AXIS2_PLACEMENT_3D('',#11526,#11527,#11528);
#11526 = CARTESIAN_POINT('',(65.06,37.208926915074,9.));
#11527 = DIRECTION('',(-0.,-0.,-1.));
#11528 = DIRECTION('',(1.,0.,0.));
#11529 = ADVANCED_FACE('',(#11530),#11557,.F.);
#11530 = FACE_BOUND('',#11531,.T.);
#11531 = EDGE_LOOP('',(#11532,#11542,#11549,#11550));
#11532 = ORIENTED_EDGE('',*,*,#11533,.T.);
#11533 = EDGE_CURVE('',#11534,#11536,#11538,.T.);
#11534 = VERTEX_POINT('',#11535);
#11535 = CARTESIAN_POINT('',(58.71,36.325672125596,9.));
#11536 = VERTEX_POINT('',#11537);
#11537 = CARTESIAN_POINT('',(58.71,36.325672125596,10.));
#11538 = LINE('',#11539,#11540);
#11539 = CARTESIAN_POINT('',(58.71,36.325672125596,9.));
#11540 = VECTOR('',#11541,1.);
#11541 = DIRECTION('',(0.,0.,1.));
#11542 = ORIENTED_EDGE('',*,*,#11543,.T.);
#11543 = EDGE_CURVE('',#11536,#11502,#11544,.T.);
#11544 = CIRCLE('',#11545,4.81);
#11545 = AXIS2_PLACEMENT_3D('',#11546,#11547,#11548);
#11546 = CARTESIAN_POINT('',(61.69,32.55,10.));
#11547 = DIRECTION('',(0.,0.,1.));
#11548 = DIRECTION('',(1.,0.,0.));
#11549 = ORIENTED_EDGE('',*,*,#11510,.F.);
#11550 = ORIENTED_EDGE('',*,*,#11551,.F.);
#11551 = EDGE_CURVE('',#11534,#11511,#11552,.T.);
#11552 = CIRCLE('',#11553,4.81);
#11553 = AXIS2_PLACEMENT_3D('',#11554,#11555,#11556);
#11554 = CARTESIAN_POINT('',(61.69,32.55,9.));
#11555 = DIRECTION('',(0.,0.,1.));
#11556 = DIRECTION('',(1.,0.,0.));
#11557 = CYLINDRICAL_SURFACE('',#11558,4.81);
#11558 = AXIS2_PLACEMENT_3D('',#11559,#11560,#11561);
#11559 = CARTESIAN_POINT('',(61.69,32.55,9.));
#11560 = DIRECTION('',(-0.,-0.,-1.));
#11561 = DIRECTION('',(1.,0.,0.));
#11562 = ADVANCED_FACE('',(#11563),#11581,.T.);
#11563 = FACE_BOUND('',#11564,.F.);
#11564 = EDGE_LOOP('',(#11565,#11566,#11573,#11574));
#11565 = ORIENTED_EDGE('',*,*,#11533,.T.);
#11566 = ORIENTED_EDGE('',*,*,#11567,.T.);
#11567 = EDGE_CURVE('',#11536,#11461,#11568,.T.);
#11568 = CIRCLE('',#11569,0.94);
#11569 = AXIS2_PLACEMENT_3D('',#11570,#11571,#11572);
#11570 = CARTESIAN_POINT('',(58.12762993763,37.063537364278,10.));
#11571 = DIRECTION('',(0.,0.,1.));
#11572 = DIRECTION('',(1.,0.,0.));
#11573 = ORIENTED_EDGE('',*,*,#11458,.F.);
#11574 = ORIENTED_EDGE('',*,*,#11575,.F.);
#11575 = EDGE_CURVE('',#11534,#11459,#11576,.T.);
#11576 = CIRCLE('',#11577,0.94);
#11577 = AXIS2_PLACEMENT_3D('',#11578,#11579,#11580);
#11578 = CARTESIAN_POINT('',(58.12762993763,37.063537364278,9.));
#11579 = DIRECTION('',(0.,0.,1.));
#11580 = DIRECTION('',(1.,0.,0.));
#11581 = CYLINDRICAL_SURFACE('',#11582,0.94);
#11582 = AXIS2_PLACEMENT_3D('',#11583,#11584,#11585);
#11583 = CARTESIAN_POINT('',(58.12762993763,37.063537364278,9.));
#11584 = DIRECTION('',(-0.,-0.,-1.));
#11585 = DIRECTION('',(1.,0.,0.));
#11586 = ADVANCED_FACE('',(#11587),#11593,.F.);
#11587 = FACE_BOUND('',#11588,.F.);
#11588 = EDGE_LOOP('',(#11589,#11590,#11591,#11592));
#11589 = ORIENTED_EDGE('',*,*,#11485,.T.);
#11590 = ORIENTED_EDGE('',*,*,#11518,.T.);
#11591 = ORIENTED_EDGE('',*,*,#11551,.F.);
#11592 = ORIENTED_EDGE('',*,*,#11575,.T.);
#11593 = PLANE('',#11594);
#11594 = AXIS2_PLACEMENT_3D('',#11595,#11596,#11597);
#11595 = CARTESIAN_POINT('',(61.697446329786,33.090472195198,9.));
#11596 = DIRECTION('',(0.,0.,1.));
#11597 = DIRECTION('',(1.,0.,-0.));
#11598 = ADVANCED_FACE('',(#11599),#11605,.T.);
#11599 = FACE_BOUND('',#11600,.T.);
#11600 = EDGE_LOOP('',(#11601,#11602,#11603,#11604));
#11601 = ORIENTED_EDGE('',*,*,#11468,.T.);
#11602 = ORIENTED_EDGE('',*,*,#11501,.T.);
#11603 = ORIENTED_EDGE('',*,*,#11543,.F.);
#11604 = ORIENTED_EDGE('',*,*,#11567,.T.);
#11605 = PLANE('',#11606);
#11606 = AXIS2_PLACEMENT_3D('',#11607,#11608,#11609);
#11607 = CARTESIAN_POINT('',(61.697446329786,33.090472195198,10.));
#11608 = DIRECTION('',(0.,0.,1.));
#11609 = DIRECTION('',(1.,0.,0.));
#11610 = MANIFOLD_SOLID_BREP('',#11611);
#11611 = CLOSED_SHELL('',(#11612,#11654,#11685,#11718,#11740,#11752));
#11612 = ADVANCED_FACE('',(#11613),#11649,.T.);
#11613 = FACE_BOUND('',#11614,.F.);
#11614 = EDGE_LOOP('',(#11615,#11625,#11634,#11642));
#11615 = ORIENTED_EDGE('',*,*,#11616,.T.);
#11616 = EDGE_CURVE('',#11617,#11619,#11621,.T.);
#11617 = VERTEX_POINT('',#11618);
#11618 = CARTESIAN_POINT('',(60.48,32.55,9.));
#11619 = VERTEX_POINT('',#11620);
#11620 = CARTESIAN_POINT('',(60.48,32.55,10.));
#11621 = LINE('',#11622,#11623);
#11622 = CARTESIAN_POINT('',(60.48,32.55,9.));
#11623 = VECTOR('',#11624,1.);
#11624 = DIRECTION('',(0.,0.,1.));
#11625 = ORIENTED_EDGE('',*,*,#11626,.T.);
#11626 = EDGE_CURVE('',#11619,#11627,#11629,.T.);
#11627 = VERTEX_POINT('',#11628);
#11628 = CARTESIAN_POINT('',(62.9,32.55,10.));
#11629 = CIRCLE('',#11630,1.21);
#11630 = AXIS2_PLACEMENT_3D('',#11631,#11632,#11633);
#11631 = CARTESIAN_POINT('',(61.69,32.55,10.));
#11632 = DIRECTION('',(0.,0.,1.));
#11633 = DIRECTION('',(1.,0.,0.));
#11634 = ORIENTED_EDGE('',*,*,#11635,.F.);
#11635 = EDGE_CURVE('',#11636,#11627,#11638,.T.);
#11636 = VERTEX_POINT('',#11637);
#11637 = CARTESIAN_POINT('',(62.9,32.55,9.));
#11638 = LINE('',#11639,#11640);
#11639 = CARTESIAN_POINT('',(62.9,32.55,9.));
#11640 = VECTOR('',#11641,1.);
#11641 = DIRECTION('',(0.,0.,1.));
#11642 = ORIENTED_EDGE('',*,*,#11643,.F.);
#11643 = EDGE_CURVE('',#11617,#11636,#11644,.T.);
#11644 = CIRCLE('',#11645,1.21);
#11645 = AXIS2_PLACEMENT_3D('',#11646,#11647,#11648);
#11646 = CARTESIAN_POINT('',(61.69,32.55,9.));
#11647 = DIRECTION('',(0.,0.,1.));
#11648 = DIRECTION('',(1.,0.,0.));
#11649 = CYLINDRICAL_SURFACE('',#11650,1.21);
#11650 = AXIS2_PLACEMENT_3D('',#11651,#11652,#11653);
#11651 = CARTESIAN_POINT('',(61.69,32.55,9.));
#11652 = DIRECTION('',(-0.,-0.,-1.));
#11653 = DIRECTION('',(1.,0.,0.));
#11654 = ADVANCED_FACE('',(#11655),#11680,.F.);
#11655 = FACE_BOUND('',#11656,.F.);
#11656 = EDGE_LOOP('',(#11657,#11658,#11666,#11674));
#11657 = ORIENTED_EDGE('',*,*,#11635,.T.);
#11658 = ORIENTED_EDGE('',*,*,#11659,.T.);
#11659 = EDGE_CURVE('',#11627,#11660,#11662,.T.);
#11660 = VERTEX_POINT('',#11661);
#11661 = CARTESIAN_POINT('',(62.9,39.25,10.));
#11662 = LINE('',#11663,#11664);
#11663 = CARTESIAN_POINT('',(62.9,32.55,10.));
#11664 = VECTOR('',#11665,1.);
#11665 = DIRECTION('',(0.,1.,0.));
#11666 = ORIENTED_EDGE('',*,*,#11667,.F.);
#11667 = EDGE_CURVE('',#11668,#11660,#11670,.T.);
#11668 = VERTEX_POINT('',#11669);
#11669 = CARTESIAN_POINT('',(62.9,39.25,9.));
#11670 = LINE('',#11671,#11672);
#11671 = CARTESIAN_POINT('',(62.9,39.25,9.));
#11672 = VECTOR('',#11673,1.);
#11673 = DIRECTION('',(0.,0.,1.));
#11674 = ORIENTED_EDGE('',*,*,#11675,.F.);
#11675 = EDGE_CURVE('',#11636,#11668,#11676,.T.);
#11676 = LINE('',#11677,#11678);
#11677 = CARTESIAN_POINT('',(62.9,32.55,9.));
#11678 = VECTOR('',#11679,1.);
#11679 = DIRECTION('',(0.,1.,0.));
#11680 = PLANE('',#11681);
#11681 = AXIS2_PLACEMENT_3D('',#11682,#11683,#11684);
#11682 = CARTESIAN_POINT('',(62.9,32.55,9.));
#11683 = DIRECTION('',(-1.,0.,0.));
#11684 = DIRECTION('',(0.,1.,0.));
#11685 = ADVANCED_FACE('',(#11686),#11713,.T.);
#11686 = FACE_BOUND('',#11687,.F.);
#11687 = EDGE_LOOP('',(#11688,#11689,#11698,#11706));
#11688 = ORIENTED_EDGE('',*,*,#11667,.T.);
#11689 = ORIENTED_EDGE('',*,*,#11690,.T.);
#11690 = EDGE_CURVE('',#11660,#11691,#11693,.T.);
#11691 = VERTEX_POINT('',#11692);
#11692 = CARTESIAN_POINT('',(60.48,39.25,10.));
#11693 = CIRCLE('',#11694,1.21);
#11694 = AXIS2_PLACEMENT_3D('',#11695,#11696,#11697);
#11695 = CARTESIAN_POINT('',(61.69,39.25,10.));
#11696 = DIRECTION('',(0.,0.,1.));
#11697 = DIRECTION('',(1.,0.,0.));
#11698 = ORIENTED_EDGE('',*,*,#11699,.F.);
#11699 = EDGE_CURVE('',#11700,#11691,#11702,.T.);
#11700 = VERTEX_POINT('',#11701);
#11701 = CARTESIAN_POINT('',(60.48,39.25,9.));
#11702 = LINE('',#11703,#11704);
#11703 = CARTESIAN_POINT('',(60.48,39.25,9.));
#11704 = VECTOR('',#11705,1.);
#11705 = DIRECTION('',(0.,0.,1.));
#11706 = ORIENTED_EDGE('',*,*,#11707,.F.);
#11707 = EDGE_CURVE('',#11668,#11700,#11708,.T.);
#11708 = CIRCLE('',#11709,1.21);
#11709 = AXIS2_PLACEMENT_3D('',#11710,#11711,#11712);
#11710 = CARTESIAN_POINT('',(61.69,39.25,9.));
#11711 = DIRECTION('',(0.,0.,1.));
#11712 = DIRECTION('',(1.,0.,0.));
#11713 = CYLINDRICAL_SURFACE('',#11714,1.21);
#11714 = AXIS2_PLACEMENT_3D('',#11715,#11716,#11717);
#11715 = CARTESIAN_POINT('',(61.69,39.25,9.));
#11716 = DIRECTION('',(-0.,-0.,-1.));
#11717 = DIRECTION('',(1.,0.,0.));
#11718 = ADVANCED_FACE('',(#11719),#11735,.T.);
#11719 = FACE_BOUND('',#11720,.T.);
#11720 = EDGE_LOOP('',(#11721,#11722,#11728,#11729));
#11721 = ORIENTED_EDGE('',*,*,#11616,.T.);
#11722 = ORIENTED_EDGE('',*,*,#11723,.T.);
#11723 = EDGE_CURVE('',#11619,#11691,#11724,.T.);
#11724 = LINE('',#11725,#11726);
#11725 = CARTESIAN_POINT('',(60.48,32.55,10.));
#11726 = VECTOR('',#11727,1.);
#11727 = DIRECTION('',(0.,1.,0.));
#11728 = ORIENTED_EDGE('',*,*,#11699,.F.);
#11729 = ORIENTED_EDGE('',*,*,#11730,.F.);
#11730 = EDGE_CURVE('',#11617,#11700,#11731,.T.);
#11731 = LINE('',#11732,#11733);
#11732 = CARTESIAN_POINT('',(60.48,32.55,9.));
#11733 = VECTOR('',#11734,1.);
#11734 = DIRECTION('',(0.,1.,0.));
#11735 = PLANE('',#11736);
#11736 = AXIS2_PLACEMENT_3D('',#11737,#11738,#11739);
#11737 = CARTESIAN_POINT('',(60.48,32.55,9.));
#11738 = DIRECTION('',(-1.,0.,0.));
#11739 = DIRECTION('',(0.,1.,0.));
#11740 = ADVANCED_FACE('',(#11741),#11747,.F.);
#11741 = FACE_BOUND('',#11742,.F.);
#11742 = EDGE_LOOP('',(#11743,#11744,#11745,#11746));
#11743 = ORIENTED_EDGE('',*,*,#11643,.T.);
#11744 = ORIENTED_EDGE('',*,*,#11675,.T.);
#11745 = ORIENTED_EDGE('',*,*,#11707,.T.);
#11746 = ORIENTED_EDGE('',*,*,#11730,.F.);
#11747 = PLANE('',#11748);
#11748 = AXIS2_PLACEMENT_3D('',#11749,#11750,#11751);
#11749 = CARTESIAN_POINT('',(61.697446329786,33.090472195198,9.));
#11750 = DIRECTION('',(0.,0.,1.));
#11751 = DIRECTION('',(1.,0.,-0.));
#11752 = ADVANCED_FACE('',(#11753),#11759,.T.);
#11753 = FACE_BOUND('',#11754,.T.);
#11754 = EDGE_LOOP('',(#11755,#11756,#11757,#11758));
#11755 = ORIENTED_EDGE('',*,*,#11626,.T.);
#11756 = ORIENTED_EDGE('',*,*,#11659,.T.);
#11757 = ORIENTED_EDGE('',*,*,#11690,.T.);
#11758 = ORIENTED_EDGE('',*,*,#11723,.F.);
#11759 = PLANE('',#11760);
#11760 = AXIS2_PLACEMENT_3D('',#11761,#11762,#11763);
#11761 = CARTESIAN_POINT('',(61.697446329786,33.090472195198,10.));
#11762 = DIRECTION('',(0.,0.,1.));
#11763 = DIRECTION('',(1.,0.,0.));
#11764 = ( GEOMETRIC_REPRESENTATION_CONTEXT(3) 
GLOBAL_UNCERTAINTY_ASSIGNED_CONTEXT((#11768)) 
GLOBAL_UNIT_ASSIGNED_CONTEXT((#11765,#11766,#11767)) 
REPRESENTATION_CONTEXT('Context #1',
  '3D Context with UNIT and UNCERTAINTY') );
#11765 = ( LENGTH_UNIT() NAMED_UNIT(*) SI_UNIT(.MILLI.,.METRE.) );
#11766 = ( NAMED_UNIT(*) PLANE_ANGLE_UNIT() SI_UNIT($,.RADIAN.) );
#11767 = ( NAMED_UNIT(*) SI_UNIT($,.STERADIAN.) SOLID_ANGLE_UNIT() );
#11768 = UNCERTAINTY_MEASURE_WITH_UNIT(LENGTH_MEASURE(1.E-07),#11765,
  'distance_accuracy_value','confusion accuracy');
#11769 = CONTEXT_DEPENDENT_SHAPE_REPRESENTATION(#11770,#11772);
#11770 = ( REPRESENTATION_RELATIONSHIP('','',#11451,#10) 
REPRESENTATION_RELATIONSHIP_WITH_TRANSFORMATION(#11771) 
SHAPE_REPRESENTATION_RELATIONSHIP() );
#11771 = ITEM_DEFINED_TRANSFORMATION('','',#11,#31);
#11772 = PRODUCT_DEFINITION_SHAPE('Placement','Placement of an item',
  #11773);
#11773 = NEXT_ASSEMBLY_USAGE_OCCURRENCE('5','Extrude005','',#5,#11446,$
  );
#11774 = PRODUCT_RELATED_PRODUCT_CATEGORY('part',$,(#11448));
#11775 = SHAPE_DEFINITION_REPRESENTATION(#11776,#11782);
#11776 = PRODUCT_DEFINITION_SHAPE('','',#11777);
#11777 = PRODUCT_DEFINITION('design','',#11778,#11781);
#11778 = PRODUCT_DEFINITION_FORMATION('','',#11779);
#11779 = PRODUCT('Pad 1','Pad 1','',(#11780));
#11780 = PRODUCT_CONTEXT('',#2,'mechanical');
#11781 = PRODUCT_DEFINITION_CONTEXT('part definition',#2,'design');
#11782 = ADVANCED_BREP_SHAPE_REPRESENTATION('',(#11,#11783),#11933);
#11783 = MANIFOLD_SOLID_BREP('',#11784);
#11784 = CLOSED_SHELL('',(#11785,#11825,#11856,#11887,#11909,#11921));
#11785 = ADVANCED_FACE('',(#11786),#11820,.F.);
#11786 = FACE_BOUND('',#11787,.F.);
#11787 = EDGE_LOOP('',(#11788,#11798,#11806,#11814));
#11788 = ORIENTED_EDGE('',*,*,#11789,.T.);
#11789 = EDGE_CURVE('',#11790,#11792,#11794,.T.);
#11790 = VERTEX_POINT('',#11791);
#11791 = CARTESIAN_POINT('',(-80.5,42.5,0.));
#11792 = VERTEX_POINT('',#11793);
#11793 = CARTESIAN_POINT('',(-80.5,42.5,7.));
#11794 = LINE('',#11795,#11796);
#11795 = CARTESIAN_POINT('',(-80.5,42.5,0.));
#11796 = VECTOR('',#11797,1.);
#11797 = DIRECTION('',(0.,0.,1.));
#11798 = ORIENTED_EDGE('',*,*,#11799,.T.);
#11799 = EDGE_CURVE('',#11792,#11800,#11802,.T.);
#11800 = VERTEX_POINT('',#11801);
#11801 = CARTESIAN_POINT('',(-80.5,-42.5,7.));
#11802 = LINE('',#11803,#11804);
#11803 = CARTESIAN_POINT('',(-80.5,42.5,7.));
#11804 = VECTOR('',#11805,1.);
#11805 = DIRECTION('',(0.,-1.,0.));
#11806 = ORIENTED_EDGE('',*,*,#11807,.F.);
#11807 = EDGE_CURVE('',#11808,#11800,#11810,.T.);
#11808 = VERTEX_POINT('',#11809);
#11809 = CARTESIAN_POINT('',(-80.5,-42.5,0.));
#11810 = LINE('',#11811,#11812);
#11811 = CARTESIAN_POINT('',(-80.5,-42.5,0.));
#11812 = VECTOR('',#11813,1.);
#11813 = DIRECTION('',(0.,0.,1.));
#11814 = ORIENTED_EDGE('',*,*,#11815,.F.);
#11815 = EDGE_CURVE('',#11790,#11808,#11816,.T.);
#11816 = LINE('',#11817,#11818);
#11817 = CARTESIAN_POINT('',(-80.5,42.5,0.));
#11818 = VECTOR('',#11819,1.);
#11819 = DIRECTION('',(0.,-1.,0.));
#11820 = PLANE('',#11821);
#11821 = AXIS2_PLACEMENT_3D('',#11822,#11823,#11824);
#11822 = CARTESIAN_POINT('',(-80.5,42.5,0.));
#11823 = DIRECTION('',(1.,0.,-0.));
#11824 = DIRECTION('',(0.,-1.,0.));
#11825 = ADVANCED_FACE('',(#11826),#11851,.F.);
#11826 = FACE_BOUND('',#11827,.F.);
#11827 = EDGE_LOOP('',(#11828,#11829,#11837,#11845));
#11828 = ORIENTED_EDGE('',*,*,#11807,.T.);
#11829 = ORIENTED_EDGE('',*,*,#11830,.T.);
#11830 = EDGE_CURVE('',#11800,#11831,#11833,.T.);
#11831 = VERTEX_POINT('',#11832);
#11832 = CARTESIAN_POINT('',(80.5,-42.5,7.));
#11833 = LINE('',#11834,#11835);
#11834 = CARTESIAN_POINT('',(-80.5,-42.5,7.));
#11835 = VECTOR('',#11836,1.);
#11836 = DIRECTION('',(1.,0.,0.));
#11837 = ORIENTED_EDGE('',*,*,#11838,.F.);
#11838 = EDGE_CURVE('',#11839,#11831,#11841,.T.);
#11839 = VERTEX_POINT('',#11840);
#11840 = CARTESIAN_POINT('',(80.5,-42.5,0.));
#11841 = LINE('',#11842,#11843);
#11842 = CARTESIAN_POINT('',(80.5,-42.5,0.));
#11843 = VECTOR('',#11844,1.);
#11844 = DIRECTION('',(0.,0.,1.));
#11845 = ORIENTED_EDGE('',*,*,#11846,.F.);
#11846 = EDGE_CURVE('',#11808,#11839,#11847,.T.);
#11847 = LINE('',#11848,#11849);
#11848 = CARTESIAN_POINT('',(-80.5,-42.5,0.));
#11849 = VECTOR('',#11850,1.);
#11850 = DIRECTION('',(1.,0.,0.));
#11851 = PLANE('',#11852);
#11852 = AXIS2_PLACEMENT_3D('',#11853,#11854,#11855);
#11853 = CARTESIAN_POINT('',(-80.5,-42.5,0.));
#11854 = DIRECTION('',(0.,1.,0.));
#11855 = DIRECTION('',(1.,0.,0.));
#11856 = ADVANCED_FACE('',(#11857),#11882,.F.);
#11857 = FACE_BOUND('',#11858,.F.);
#11858 = EDGE_LOOP('',(#11859,#11860,#11868,#11876));
#11859 = ORIENTED_EDGE('',*,*,#11838,.T.);
#11860 = ORIENTED_EDGE('',*,*,#11861,.T.);
#11861 = EDGE_CURVE('',#11831,#11862,#11864,.T.);
#11862 = VERTEX_POINT('',#11863);
#11863 = CARTESIAN_POINT('',(80.5,42.5,7.));
#11864 = LINE('',#11865,#11866);
#11865 = CARTESIAN_POINT('',(80.5,-42.5,7.));
#11866 = VECTOR('',#11867,1.);
#11867 = DIRECTION('',(0.,1.,0.));
#11868 = ORIENTED_EDGE('',*,*,#11869,.F.);
#11869 = EDGE_CURVE('',#11870,#11862,#11872,.T.);
#11870 = VERTEX_POINT('',#11871);
#11871 = CARTESIAN_POINT('',(80.5,42.5,0.));
#11872 = LINE('',#11873,#11874);
#11873 = CARTESIAN_POINT('',(80.5,42.5,0.));
#11874 = VECTOR('',#11875,1.);
#11875 = DIRECTION('',(0.,0.,1.));
#11876 = ORIENTED_EDGE('',*,*,#11877,.F.);
#11877 = EDGE_CURVE('',#11839,#11870,#11878,.T.);
#11878 = LINE('',#11879,#11880);
#11879 = CARTESIAN_POINT('',(80.5,-42.5,0.));
#11880 = VECTOR('',#11881,1.);
#11881 = DIRECTION('',(0.,1.,0.));
#11882 = PLANE('',#11883);
#11883 = AXIS2_PLACEMENT_3D('',#11884,#11885,#11886);
#11884 = CARTESIAN_POINT('',(80.5,-42.5,0.));
#11885 = DIRECTION('',(-1.,0.,0.));
#11886 = DIRECTION('',(0.,1.,0.));
#11887 = ADVANCED_FACE('',(#11888),#11904,.F.);
#11888 = FACE_BOUND('',#11889,.F.);
#11889 = EDGE_LOOP('',(#11890,#11891,#11897,#11898));
#11890 = ORIENTED_EDGE('',*,*,#11869,.T.);
#11891 = ORIENTED_EDGE('',*,*,#11892,.T.);
#11892 = EDGE_CURVE('',#11862,#11792,#11893,.T.);
#11893 = LINE('',#11894,#11895);
#11894 = CARTESIAN_POINT('',(80.5,42.5,7.));
#11895 = VECTOR('',#11896,1.);
#11896 = DIRECTION('',(-1.,0.,0.));
#11897 = ORIENTED_EDGE('',*,*,#11789,.F.);
#11898 = ORIENTED_EDGE('',*,*,#11899,.F.);
#11899 = EDGE_CURVE('',#11870,#11790,#11900,.T.);
#11900 = LINE('',#11901,#11902);
#11901 = CARTESIAN_POINT('',(80.5,42.5,0.));
#11902 = VECTOR('',#11903,1.);
#11903 = DIRECTION('',(-1.,0.,0.));
#11904 = PLANE('',#11905);
#11905 = AXIS2_PLACEMENT_3D('',#11906,#11907,#11908);
#11906 = CARTESIAN_POINT('',(80.5,42.5,0.));
#11907 = DIRECTION('',(0.,-1.,0.));
#11908 = DIRECTION('',(-1.,0.,0.));
#11909 = ADVANCED_FACE('',(#11910),#11916,.F.);
#11910 = FACE_BOUND('',#11911,.F.);
#11911 = EDGE_LOOP('',(#11912,#11913,#11914,#11915));
#11912 = ORIENTED_EDGE('',*,*,#11815,.T.);
#11913 = ORIENTED_EDGE('',*,*,#11846,.T.);
#11914 = ORIENTED_EDGE('',*,*,#11877,.T.);
#11915 = ORIENTED_EDGE('',*,*,#11899,.T.);
#11916 = PLANE('',#11917);
#11917 = AXIS2_PLACEMENT_3D('',#11918,#11919,#11920);
#11918 = CARTESIAN_POINT('',(0.,0.,0.));
#11919 = DIRECTION('',(0.,0.,1.));
#11920 = DIRECTION('',(1.,0.,0.));
#11921 = ADVANCED_FACE('',(#11922),#11928,.T.);
#11922 = FACE_BOUND('',#11923,.T.);
#11923 = EDGE_LOOP('',(#11924,#11925,#11926,#11927));
#11924 = ORIENTED_EDGE('',*,*,#11799,.T.);
#11925 = ORIENTED_EDGE('',*,*,#11830,.T.);
#11926 = ORIENTED_EDGE('',*,*,#11861,.T.);
#11927 = ORIENTED_EDGE('',*,*,#11892,.T.);
#11928 = PLANE('',#11929);
#11929 = AXIS2_PLACEMENT_3D('',#11930,#11931,#11932);
#11930 = CARTESIAN_POINT('',(0.,0.,7.));
#11931 = DIRECTION('',(0.,0.,1.));
#11932 = DIRECTION('',(1.,0.,0.));
#11933 = ( GEOMETRIC_REPRESENTATION_CONTEXT(3) 
GLOBAL_UNCERTAINTY_ASSIGNED_CONTEXT((#11937)) 
GLOBAL_UNIT_ASSIGNED_CONTEXT((#11934,#11935,#11936)) 
REPRESENTATION_CONTEXT('Context #1',
  '3D Context with UNIT and UNCERTAINTY') );
#11934 = ( LENGTH_UNIT() NAMED_UNIT(*) SI_UNIT(.MILLI.,.METRE.) );
#11935 = ( NAMED_UNIT(*) PLANE_ANGLE_UNIT() SI_UNIT($,.RADIAN.) );
#11936 = ( NAMED_UNIT(*) SI_UNIT($,.STERADIAN.) SOLID_ANGLE_UNIT() );
#11937 = UNCERTAINTY_MEASURE_WITH_UNIT(LENGTH_MEASURE(1.E-07),#11934,
  'distance_accuracy_value','confusion accuracy');
#11938 = CONTEXT_DEPENDENT_SHAPE_REPRESENTATION(#11939,#11941);
#11939 = ( REPRESENTATION_RELATIONSHIP('','',#11782,#10) 
REPRESENTATION_RELATIONSHIP_WITH_TRANSFORMATION(#11940) 
SHAPE_REPRESENTATION_RELATIONSHIP() );
#11940 = ITEM_DEFINED_TRANSFORMATION('','',#11,#35);
#11941 = PRODUCT_DEFINITION_SHAPE('Placement','Placement of an item',
  #11942);
#11942 = NEXT_ASSEMBLY_USAGE_OCCURRENCE('6','Pad 1','',#5,#11777,$);
#11943 = PRODUCT_RELATED_PRODUCT_CATEGORY('part',$,(#11779));
#11944 = SHAPE_DEFINITION_REPRESENTATION(#11945,#11951);
#11945 = PRODUCT_DEFINITION_SHAPE('','',#11946);
#11946 = PRODUCT_DEFINITION('design','',#11947,#11950);
#11947 = PRODUCT_DEFINITION_FORMATION('','',#11948);
#11948 = PRODUCT('Thickness','Thickness','',(#11949));
#11949 = PRODUCT_CONTEXT('',#2,'mechanical');
#11950 = PRODUCT_DEFINITION_CONTEXT('part definition',#2,'design');
#11951 = ADVANCED_BREP_SHAPE_REPRESENTATION('',(#11,#11952),#12548);
#11952 = MANIFOLD_SOLID_BREP('',#11953);
#11953 = CLOSED_SHELL('',(#11954,#11994,#12025,#12056,#12078,#12090,
    #12172,#12203,#12228,#12253,#12277,#12302,#12326,#12351,#12368,
    #12393,#12418,#12443,#12468,#12491,#12508,#12525,#12537));
#11954 = ADVANCED_FACE('',(#11955),#11989,.T.);
#11955 = FACE_BOUND('',#11956,.T.);
#11956 = EDGE_LOOP('',(#11957,#11967,#11975,#11983));
#11957 = ORIENTED_EDGE('',*,*,#11958,.T.);
#11958 = EDGE_CURVE('',#11959,#11961,#11963,.T.);
#11959 = VERTEX_POINT('',#11960);
#11960 = CARTESIAN_POINT('',(-80.5,42.5,9.));
#11961 = VERTEX_POINT('',#11962);
#11962 = CARTESIAN_POINT('',(-80.5,42.5,16.));
#11963 = LINE('',#11964,#11965);
#11964 = CARTESIAN_POINT('',(-80.5,42.5,9.));
#11965 = VECTOR('',#11966,1.);
#11966 = DIRECTION('',(0.,0.,1.));
#11967 = ORIENTED_EDGE('',*,*,#11968,.T.);
#11968 = EDGE_CURVE('',#11961,#11969,#11971,.T.);
#11969 = VERTEX_POINT('',#11970);
#11970 = CARTESIAN_POINT('',(-80.5,-42.5,16.));
#11971 = LINE('',#11972,#11973);
#11972 = CARTESIAN_POINT('',(-80.5,42.5,16.));
#11973 = VECTOR('',#11974,1.);
#11974 = DIRECTION('',(0.,-1.,0.));
#11975 = ORIENTED_EDGE('',*,*,#11976,.F.);
#11976 = EDGE_CURVE('',#11977,#11969,#11979,.T.);
#11977 = VERTEX_POINT('',#11978);
#11978 = CARTESIAN_POINT('',(-80.5,-42.5,9.));
#11979 = LINE('',#11980,#11981);
#11980 = CARTESIAN_POINT('',(-80.5,-42.5,9.));
#11981 = VECTOR('',#11982,1.);
#11982 = DIRECTION('',(0.,0.,1.));
#11983 = ORIENTED_EDGE('',*,*,#11984,.F.);
#11984 = EDGE_CURVE('',#11959,#11977,#11985,.T.);
#11985 = LINE('',#11986,#11987);
#11986 = CARTESIAN_POINT('',(-80.5,42.5,9.));
#11987 = VECTOR('',#11988,1.);
#11988 = DIRECTION('',(0.,-1.,0.));
#11989 = PLANE('',#11990);
#11990 = AXIS2_PLACEMENT_3D('',#11991,#11992,#11993);
#11991 = CARTESIAN_POINT('',(-80.5,42.5,9.));
#11992 = DIRECTION('',(1.,0.,0.));
#11993 = DIRECTION('',(0.,-1.,0.));
#11994 = ADVANCED_FACE('',(#11995),#12020,.T.);
#11995 = FACE_BOUND('',#11996,.T.);
#11996 = EDGE_LOOP('',(#11997,#11998,#12006,#12014));
#11997 = ORIENTED_EDGE('',*,*,#11976,.T.);
#11998 = ORIENTED_EDGE('',*,*,#11999,.T.);
#11999 = EDGE_CURVE('',#11969,#12000,#12002,.T.);
#12000 = VERTEX_POINT('',#12001);
#12001 = CARTESIAN_POINT('',(80.5,-42.5,16.));
#12002 = LINE('',#12003,#12004);
#12003 = CARTESIAN_POINT('',(-80.5,-42.5,16.));
#12004 = VECTOR('',#12005,1.);
#12005 = DIRECTION('',(1.,0.,0.));
#12006 = ORIENTED_EDGE('',*,*,#12007,.F.);
#12007 = EDGE_CURVE('',#12008,#12000,#12010,.T.);
#12008 = VERTEX_POINT('',#12009);
#12009 = CARTESIAN_POINT('',(80.5,-42.5,9.));
#12010 = LINE('',#12011,#12012);
#12011 = CARTESIAN_POINT('',(80.5,-42.5,9.));
#12012 = VECTOR('',#12013,1.);
#12013 = DIRECTION('',(0.,0.,1.));
#12014 = ORIENTED_EDGE('',*,*,#12015,.F.);
#12015 = EDGE_CURVE('',#11977,#12008,#12016,.T.);
#12016 = LINE('',#12017,#12018);
#12017 = CARTESIAN_POINT('',(-80.5,-42.5,9.));
#12018 = VECTOR('',#12019,1.);
#12019 = DIRECTION('',(1.,0.,0.));
#12020 = PLANE('',#12021);
#12021 = AXIS2_PLACEMENT_3D('',#12022,#12023,#12024);
#12022 = CARTESIAN_POINT('',(-80.5,-42.5,9.));
#12023 = DIRECTION('',(0.,1.,0.));
#12024 = DIRECTION('',(1.,0.,0.));
#12025 = ADVANCED_FACE('',(#12026),#12051,.T.);
#12026 = FACE_BOUND('',#12027,.T.);
#12027 = EDGE_LOOP('',(#12028,#12029,#12037,#12045));
#12028 = ORIENTED_EDGE('',*,*,#12007,.T.);
#12029 = ORIENTED_EDGE('',*,*,#12030,.T.);
#12030 = EDGE_CURVE('',#12000,#12031,#12033,.T.);
#12031 = VERTEX_POINT('',#12032);
#12032 = CARTESIAN_POINT('',(80.5,42.5,16.));
#12033 = LINE('',#12034,#12035);
#12034 = CARTESIAN_POINT('',(80.5,-42.5,16.));
#12035 = VECTOR('',#12036,1.);
#12036 = DIRECTION('',(0.,1.,0.));
#12037 = ORIENTED_EDGE('',*,*,#12038,.F.);
#12038 = EDGE_CURVE('',#12039,#12031,#12041,.T.);
#12039 = VERTEX_POINT('',#12040);
#12040 = CARTESIAN_POINT('',(80.5,42.5,9.));
#12041 = LINE('',#12042,#12043);
#12042 = CARTESIAN_POINT('',(80.5,42.5,9.));
#12043 = VECTOR('',#12044,1.);
#12044 = DIRECTION('',(0.,0.,1.));
#12045 = ORIENTED_EDGE('',*,*,#12046,.F.);
#12046 = EDGE_CURVE('',#12008,#12039,#12047,.T.);
#12047 = LINE('',#12048,#12049);
#12048 = CARTESIAN_POINT('',(80.5,-42.5,9.));
#12049 = VECTOR('',#12050,1.);
#12050 = DIRECTION('',(0.,1.,0.));
#12051 = PLANE('',#12052);
#12052 = AXIS2_PLACEMENT_3D('',#12053,#12054,#12055);
#12053 = CARTESIAN_POINT('',(80.5,-42.5,9.));
#12054 = DIRECTION('',(-1.,0.,0.));
#12055 = DIRECTION('',(0.,1.,0.));
#12056 = ADVANCED_FACE('',(#12057),#12073,.T.);
#12057 = FACE_BOUND('',#12058,.T.);
#12058 = EDGE_LOOP('',(#12059,#12060,#12066,#12067));
#12059 = ORIENTED_EDGE('',*,*,#12038,.T.);
#12060 = ORIENTED_EDGE('',*,*,#12061,.T.);
#12061 = EDGE_CURVE('',#12031,#11961,#12062,.T.);
#12062 = LINE('',#12063,#12064);
#12063 = CARTESIAN_POINT('',(80.5,42.5,16.));
#12064 = VECTOR('',#12065,1.);
#12065 = DIRECTION('',(-1.,0.,0.));
#12066 = ORIENTED_EDGE('',*,*,#11958,.F.);
#12067 = ORIENTED_EDGE('',*,*,#12068,.F.);
#12068 = EDGE_CURVE('',#12039,#11959,#12069,.T.);
#12069 = LINE('',#12070,#12071);
#12070 = CARTESIAN_POINT('',(80.5,42.5,9.));
#12071 = VECTOR('',#12072,1.);
#12072 = DIRECTION('',(-1.,0.,0.));
#12073 = PLANE('',#12074);
#12074 = AXIS2_PLACEMENT_3D('',#12075,#12076,#12077);
#12075 = CARTESIAN_POINT('',(80.5,42.5,9.));
#12076 = DIRECTION('',(0.,-1.,0.));
#12077 = DIRECTION('',(-1.,0.,0.));
#12078 = ADVANCED_FACE('',(#12079),#12085,.F.);
#12079 = FACE_BOUND('',#12080,.F.);
#12080 = EDGE_LOOP('',(#12081,#12082,#12083,#12084));
#12081 = ORIENTED_EDGE('',*,*,#11968,.T.);
#12082 = ORIENTED_EDGE('',*,*,#11999,.T.);
#12083 = ORIENTED_EDGE('',*,*,#12030,.T.);
#12084 = ORIENTED_EDGE('',*,*,#12061,.T.);
#12085 = PLANE('',#12086);
#12086 = AXIS2_PLACEMENT_3D('',#12087,#12088,#12089);
#12087 = CARTESIAN_POINT('',(0.,0.,16.));
#12088 = DIRECTION('',(0.,0.,1.));
#12089 = DIRECTION('',(1.,0.,0.));
#12090 = ADVANCED_FACE('',(#12091,#12097),#12167,.F.);
#12091 = FACE_BOUND('',#12092,.F.);
#12092 = EDGE_LOOP('',(#12093,#12094,#12095,#12096));
#12093 = ORIENTED_EDGE('',*,*,#11984,.F.);
#12094 = ORIENTED_EDGE('',*,*,#12068,.F.);
#12095 = ORIENTED_EDGE('',*,*,#12046,.F.);
#12096 = ORIENTED_EDGE('',*,*,#12015,.F.);
#12097 = FACE_BOUND('',#12098,.F.);
#12098 = EDGE_LOOP('',(#12099,#12110,#12118,#12127,#12135,#12144,#12152,
    #12161));
#12099 = ORIENTED_EDGE('',*,*,#12100,.T.);
#12100 = EDGE_CURVE('',#12101,#12103,#12105,.T.);
#12101 = VERTEX_POINT('',#12102);
#12102 = CARTESIAN_POINT('',(83.5,42.5,9.));
#12103 = VERTEX_POINT('',#12104);
#12104 = CARTESIAN_POINT('',(80.5,45.5,9.));
#12105 = CIRCLE('',#12106,3.);
#12106 = AXIS2_PLACEMENT_3D('',#12107,#12108,#12109);
#12107 = CARTESIAN_POINT('',(80.5,42.5,9.));
#12108 = DIRECTION('',(-0.,0.,1.));
#12109 = DIRECTION('',(1.1E-16,-1.,0.));
#12110 = ORIENTED_EDGE('',*,*,#12111,.T.);
#12111 = EDGE_CURVE('',#12103,#12112,#12114,.T.);
#12112 = VERTEX_POINT('',#12113);
#12113 = CARTESIAN_POINT('',(-80.5,45.5,9.));
#12114 = LINE('',#12115,#12116);
#12115 = CARTESIAN_POINT('',(80.5,45.5,9.));
#12116 = VECTOR('',#12117,1.);
#12117 = DIRECTION('',(-1.,0.,0.));
#12118 = ORIENTED_EDGE('',*,*,#12119,.F.);
#12119 = EDGE_CURVE('',#12120,#12112,#12122,.T.);
#12120 = VERTEX_POINT('',#12121);
#12121 = CARTESIAN_POINT('',(-83.5,42.5,9.));
#12122 = CIRCLE('',#12123,3.);
#12123 = AXIS2_PLACEMENT_3D('',#12124,#12125,#12126);
#12124 = CARTESIAN_POINT('',(-80.5,42.5,9.));
#12125 = DIRECTION('',(-0.,0.,-1.));
#12126 = DIRECTION('',(-1.1E-16,-1.,0.));
#12127 = ORIENTED_EDGE('',*,*,#12128,.T.);
#12128 = EDGE_CURVE('',#12120,#12129,#12131,.T.);
#12129 = VERTEX_POINT('',#12130);
#12130 = CARTESIAN_POINT('',(-83.5,-42.5,9.));
#12131 = LINE('',#12132,#12133);
#12132 = CARTESIAN_POINT('',(-83.5,42.5,9.));
#12133 = VECTOR('',#12134,1.);
#12134 = DIRECTION('',(0.,-1.,0.));
#12135 = ORIENTED_EDGE('',*,*,#12136,.T.);
#12136 = EDGE_CURVE('',#12129,#12137,#12139,.T.);
#12137 = VERTEX_POINT('',#12138);
#12138 = CARTESIAN_POINT('',(-80.5,-45.5,9.));
#12139 = CIRCLE('',#12140,3.);
#12140 = AXIS2_PLACEMENT_3D('',#12141,#12142,#12143);
#12141 = CARTESIAN_POINT('',(-80.5,-42.5,9.));
#12142 = DIRECTION('',(0.,0.,1.));
#12143 = DIRECTION('',(-1.1E-16,1.,0.));
#12144 = ORIENTED_EDGE('',*,*,#12145,.T.);
#12145 = EDGE_CURVE('',#12137,#12146,#12148,.T.);
#12146 = VERTEX_POINT('',#12147);
#12147 = CARTESIAN_POINT('',(80.5,-45.5,9.));
#12148 = LINE('',#12149,#12150);
#12149 = CARTESIAN_POINT('',(-80.5,-45.5,9.));
#12150 = VECTOR('',#12151,1.);
#12151 = DIRECTION('',(1.,0.,0.));
#12152 = ORIENTED_EDGE('',*,*,#12153,.T.);
#12153 = EDGE_CURVE('',#12146,#12154,#12156,.T.);
#12154 = VERTEX_POINT('',#12155);
#12155 = CARTESIAN_POINT('',(83.5,-42.5,9.));
#12156 = CIRCLE('',#12157,3.);
#12157 = AXIS2_PLACEMENT_3D('',#12158,#12159,#12160);
#12158 = CARTESIAN_POINT('',(80.5,-42.5,9.));
#12159 = DIRECTION('',(0.,0.,1.));
#12160 = DIRECTION('',(-1.,-1.1E-16,0.));
#12161 = ORIENTED_EDGE('',*,*,#12162,.T.);
#12162 = EDGE_CURVE('',#12154,#12101,#12163,.T.);
#12163 = LINE('',#12164,#12165);
#12164 = CARTESIAN_POINT('',(83.5,-42.5,9.));
#12165 = VECTOR('',#12166,1.);
#12166 = DIRECTION('',(0.,1.,0.));
#12167 = PLANE('',#12168);
#12168 = AXIS2_PLACEMENT_3D('',#12169,#12170,#12171);
#12169 = CARTESIAN_POINT('',(0.,0.,9.));
#12170 = DIRECTION('',(0.,0.,1.));
#12171 = DIRECTION('',(1.,0.,0.));
#12172 = ADVANCED_FACE('',(#12173),#12198,.F.);
#12173 = FACE_BOUND('',#12174,.F.);
#12174 = EDGE_LOOP('',(#12175,#12183,#12191,#12197));
#12175 = ORIENTED_EDGE('',*,*,#12176,.T.);
#12176 = EDGE_CURVE('',#12120,#12177,#12179,.T.);
#12177 = VERTEX_POINT('',#12178);
#12178 = CARTESIAN_POINT('',(-83.5,42.5,16.));
#12179 = LINE('',#12180,#12181);
#12180 = CARTESIAN_POINT('',(-83.5,42.5,9.));
#12181 = VECTOR('',#12182,1.);
#12182 = DIRECTION('',(0.,0.,1.));
#12183 = ORIENTED_EDGE('',*,*,#12184,.T.);
#12184 = EDGE_CURVE('',#12177,#12185,#12187,.T.);
#12185 = VERTEX_POINT('',#12186);
#12186 = CARTESIAN_POINT('',(-83.5,-42.5,16.));
#12187 = LINE('',#12188,#12189);
#12188 = CARTESIAN_POINT('',(-83.5,42.5,16.));
#12189 = VECTOR('',#12190,1.);
#12190 = DIRECTION('',(0.,-1.,0.));
#12191 = ORIENTED_EDGE('',*,*,#12192,.F.);
#12192 = EDGE_CURVE('',#12129,#12185,#12193,.T.);
#12193 = LINE('',#12194,#12195);
#12194 = CARTESIAN_POINT('',(-83.5,-42.5,9.));
#12195 = VECTOR('',#12196,1.);
#12196 = DIRECTION('',(0.,0.,1.));
#12197 = ORIENTED_EDGE('',*,*,#12128,.F.);
#12198 = PLANE('',#12199);
#12199 = AXIS2_PLACEMENT_3D('',#12200,#12201,#12202);
#12200 = CARTESIAN_POINT('',(-83.5,42.5,9.));
#12201 = DIRECTION('',(1.,0.,0.));
#12202 = DIRECTION('',(0.,-1.,0.));
#12203 = ADVANCED_FACE('',(#12204),#12223,.T.);
#12204 = FACE_BOUND('',#12205,.F.);
#12205 = EDGE_LOOP('',(#12206,#12214,#12221,#12222));
#12206 = ORIENTED_EDGE('',*,*,#12207,.T.);
#12207 = EDGE_CURVE('',#12112,#12208,#12210,.T.);
#12208 = VERTEX_POINT('',#12209);
#12209 = CARTESIAN_POINT('',(-80.5,45.5,16.));
#12210 = LINE('',#12211,#12212);
#12211 = CARTESIAN_POINT('',(-80.5,45.5,9.));
#12212 = VECTOR('',#12213,1.);
#12213 = DIRECTION('',(0.,0.,1.));
#12214 = ORIENTED_EDGE('',*,*,#12215,.F.);
#12215 = EDGE_CURVE('',#12177,#12208,#12216,.T.);
#12216 = CIRCLE('',#12217,3.);
#12217 = AXIS2_PLACEMENT_3D('',#12218,#12219,#12220);
#12218 = CARTESIAN_POINT('',(-80.5,42.5,16.));
#12219 = DIRECTION('',(-0.,0.,-1.));
#12220 = DIRECTION('',(-1.1E-16,-1.,0.));
#12221 = ORIENTED_EDGE('',*,*,#12176,.F.);
#12222 = ORIENTED_EDGE('',*,*,#12119,.T.);
#12223 = CYLINDRICAL_SURFACE('',#12224,3.);
#12224 = AXIS2_PLACEMENT_3D('',#12225,#12226,#12227);
#12225 = CARTESIAN_POINT('',(-80.5,42.5,9.));
#12226 = DIRECTION('',(0.,0.,1.));
#12227 = DIRECTION('',(-1.1E-16,-1.,0.));
#12228 = ADVANCED_FACE('',(#12229),#12248,.T.);
#12229 = FACE_BOUND('',#12230,.T.);
#12230 = EDGE_LOOP('',(#12231,#12239,#12246,#12247));
#12231 = ORIENTED_EDGE('',*,*,#12232,.T.);
#12232 = EDGE_CURVE('',#12137,#12233,#12235,.T.);
#12233 = VERTEX_POINT('',#12234);
#12234 = CARTESIAN_POINT('',(-80.5,-45.5,16.));
#12235 = LINE('',#12236,#12237);
#12236 = CARTESIAN_POINT('',(-80.5,-45.5,9.));
#12237 = VECTOR('',#12238,1.);
#12238 = DIRECTION('',(0.,0.,1.));
#12239 = ORIENTED_EDGE('',*,*,#12240,.F.);
#12240 = EDGE_CURVE('',#12185,#12233,#12241,.T.);
#12241 = CIRCLE('',#12242,3.);
#12242 = AXIS2_PLACEMENT_3D('',#12243,#12244,#12245);
#12243 = CARTESIAN_POINT('',(-80.5,-42.5,16.));
#12244 = DIRECTION('',(0.,0.,1.));
#12245 = DIRECTION('',(-1.1E-16,1.,0.));
#12246 = ORIENTED_EDGE('',*,*,#12192,.F.);
#12247 = ORIENTED_EDGE('',*,*,#12136,.T.);
#12248 = CYLINDRICAL_SURFACE('',#12249,3.);
#12249 = AXIS2_PLACEMENT_3D('',#12250,#12251,#12252);
#12250 = CARTESIAN_POINT('',(-80.5,-42.5,9.));
#12251 = DIRECTION('',(0.,0.,1.));
#12252 = DIRECTION('',(-1.1E-16,1.,0.));
#12253 = ADVANCED_FACE('',(#12254),#12272,.F.);
#12254 = FACE_BOUND('',#12255,.F.);
#12255 = EDGE_LOOP('',(#12256,#12264,#12265,#12266));
#12256 = ORIENTED_EDGE('',*,*,#12257,.F.);
#12257 = EDGE_CURVE('',#12146,#12258,#12260,.T.);
#12258 = VERTEX_POINT('',#12259);
#12259 = CARTESIAN_POINT('',(80.5,-45.5,16.));
#12260 = LINE('',#12261,#12262);
#12261 = CARTESIAN_POINT('',(80.5,-45.5,9.));
#12262 = VECTOR('',#12263,1.);
#12263 = DIRECTION('',(0.,0.,1.));
#12264 = ORIENTED_EDGE('',*,*,#12145,.F.);
#12265 = ORIENTED_EDGE('',*,*,#12232,.T.);
#12266 = ORIENTED_EDGE('',*,*,#12267,.T.);
#12267 = EDGE_CURVE('',#12233,#12258,#12268,.T.);
#12268 = LINE('',#12269,#12270);
#12269 = CARTESIAN_POINT('',(-80.5,-45.5,16.));
#12270 = VECTOR('',#12271,1.);
#12271 = DIRECTION('',(1.,0.,0.));
#12272 = PLANE('',#12273);
#12273 = AXIS2_PLACEMENT_3D('',#12274,#12275,#12276);
#12274 = CARTESIAN_POINT('',(-80.5,-45.5,9.));
#12275 = DIRECTION('',(0.,1.,0.));
#12276 = DIRECTION('',(1.,0.,0.));
#12277 = ADVANCED_FACE('',(#12278),#12297,.T.);
#12278 = FACE_BOUND('',#12279,.T.);
#12279 = EDGE_LOOP('',(#12280,#12288,#12295,#12296));
#12280 = ORIENTED_EDGE('',*,*,#12281,.T.);
#12281 = EDGE_CURVE('',#12154,#12282,#12284,.T.);
#12282 = VERTEX_POINT('',#12283);
#12283 = CARTESIAN_POINT('',(83.5,-42.5,16.));
#12284 = LINE('',#12285,#12286);
#12285 = CARTESIAN_POINT('',(83.5,-42.5,9.));
#12286 = VECTOR('',#12287,1.);
#12287 = DIRECTION('',(0.,0.,1.));
#12288 = ORIENTED_EDGE('',*,*,#12289,.F.);
#12289 = EDGE_CURVE('',#12258,#12282,#12290,.T.);
#12290 = CIRCLE('',#12291,3.);
#12291 = AXIS2_PLACEMENT_3D('',#12292,#12293,#12294);
#12292 = CARTESIAN_POINT('',(80.5,-42.5,16.));
#12293 = DIRECTION('',(0.,0.,1.));
#12294 = DIRECTION('',(-1.,-1.1E-16,0.));
#12295 = ORIENTED_EDGE('',*,*,#12257,.F.);
#12296 = ORIENTED_EDGE('',*,*,#12153,.T.);
#12297 = CYLINDRICAL_SURFACE('',#12298,3.);
#12298 = AXIS2_PLACEMENT_3D('',#12299,#12300,#12301);
#12299 = CARTESIAN_POINT('',(80.5,-42.5,9.));
#12300 = DIRECTION('',(0.,0.,1.));
#12301 = DIRECTION('',(-1.,-1.1E-16,0.));
#12302 = ADVANCED_FACE('',(#12303),#12321,.F.);
#12303 = FACE_BOUND('',#12304,.F.);
#12304 = EDGE_LOOP('',(#12305,#12313,#12314,#12315));
#12305 = ORIENTED_EDGE('',*,*,#12306,.F.);
#12306 = EDGE_CURVE('',#12101,#12307,#12309,.T.);
#12307 = VERTEX_POINT('',#12308);
#12308 = CARTESIAN_POINT('',(83.5,42.5,16.));
#12309 = LINE('',#12310,#12311);
#12310 = CARTESIAN_POINT('',(83.5,42.5,9.));
#12311 = VECTOR('',#12312,1.);
#12312 = DIRECTION('',(0.,0.,1.));
#12313 = ORIENTED_EDGE('',*,*,#12162,.F.);
#12314 = ORIENTED_EDGE('',*,*,#12281,.T.);
#12315 = ORIENTED_EDGE('',*,*,#12316,.T.);
#12316 = EDGE_CURVE('',#12282,#12307,#12317,.T.);
#12317 = LINE('',#12318,#12319);
#12318 = CARTESIAN_POINT('',(83.5,-42.5,16.));
#12319 = VECTOR('',#12320,1.);
#12320 = DIRECTION('',(0.,1.,0.));
#12321 = PLANE('',#12322);
#12322 = AXIS2_PLACEMENT_3D('',#12323,#12324,#12325);
#12323 = CARTESIAN_POINT('',(83.5,-42.5,9.));
#12324 = DIRECTION('',(-1.,0.,0.));
#12325 = DIRECTION('',(0.,1.,0.));
#12326 = ADVANCED_FACE('',(#12327),#12346,.T.);
#12327 = FACE_BOUND('',#12328,.T.);
#12328 = EDGE_LOOP('',(#12329,#12337,#12344,#12345));
#12329 = ORIENTED_EDGE('',*,*,#12330,.T.);
#12330 = EDGE_CURVE('',#12103,#12331,#12333,.T.);
#12331 = VERTEX_POINT('',#12332);
#12332 = CARTESIAN_POINT('',(80.5,45.5,16.));
#12333 = LINE('',#12334,#12335);
#12334 = CARTESIAN_POINT('',(80.5,45.5,9.));
#12335 = VECTOR('',#12336,1.);
#12336 = DIRECTION('',(0.,0.,1.));
#12337 = ORIENTED_EDGE('',*,*,#12338,.F.);
#12338 = EDGE_CURVE('',#12307,#12331,#12339,.T.);
#12339 = CIRCLE('',#12340,3.);
#12340 = AXIS2_PLACEMENT_3D('',#12341,#12342,#12343);
#12341 = CARTESIAN_POINT('',(80.5,42.5,16.));
#12342 = DIRECTION('',(-0.,0.,1.));
#12343 = DIRECTION('',(1.1E-16,-1.,0.));
#12344 = ORIENTED_EDGE('',*,*,#12306,.F.);
#12345 = ORIENTED_EDGE('',*,*,#12100,.T.);
#12346 = CYLINDRICAL_SURFACE('',#12347,3.);
#12347 = AXIS2_PLACEMENT_3D('',#12348,#12349,#12350);
#12348 = CARTESIAN_POINT('',(80.5,42.5,9.));
#12349 = DIRECTION('',(0.,0.,1.));
#12350 = DIRECTION('',(1.1E-16,-1.,0.));
#12351 = ADVANCED_FACE('',(#12352),#12363,.F.);
#12352 = FACE_BOUND('',#12353,.F.);
#12353 = EDGE_LOOP('',(#12354,#12355,#12356,#12362));
#12354 = ORIENTED_EDGE('',*,*,#12111,.F.);
#12355 = ORIENTED_EDGE('',*,*,#12330,.T.);
#12356 = ORIENTED_EDGE('',*,*,#12357,.T.);
#12357 = EDGE_CURVE('',#12331,#12208,#12358,.T.);
#12358 = LINE('',#12359,#12360);
#12359 = CARTESIAN_POINT('',(80.5,45.5,16.));
#12360 = VECTOR('',#12361,1.);
#12361 = DIRECTION('',(-1.,0.,0.));
#12362 = ORIENTED_EDGE('',*,*,#12207,.F.);
#12363 = PLANE('',#12364);
#12364 = AXIS2_PLACEMENT_3D('',#12365,#12366,#12367);
#12365 = CARTESIAN_POINT('',(80.5,45.5,9.));
#12366 = DIRECTION('',(0.,-1.,0.));
#12367 = DIRECTION('',(-1.,0.,0.));
#12368 = ADVANCED_FACE('',(#12369),#12388,.T.);
#12369 = FACE_BOUND('',#12370,.T.);
#12370 = EDGE_LOOP('',(#12371,#12372,#12381));
#12371 = ORIENTED_EDGE('',*,*,#12289,.T.);
#12372 = ORIENTED_EDGE('',*,*,#12373,.T.);
#12373 = EDGE_CURVE('',#12282,#12374,#12376,.T.);
#12374 = VERTEX_POINT('',#12375);
#12375 = CARTESIAN_POINT('',(80.5,-42.5,19.));
#12376 = CIRCLE('',#12377,3.);
#12377 = AXIS2_PLACEMENT_3D('',#12378,#12379,#12380);
#12378 = CARTESIAN_POINT('',(80.5,-42.5,16.));
#12379 = DIRECTION('',(0.,-1.,0.));
#12380 = DIRECTION('',(1.1E-16,0.,-1.));
#12381 = ORIENTED_EDGE('',*,*,#12382,.F.);
#12382 = EDGE_CURVE('',#12258,#12374,#12383,.T.);
#12383 = CIRCLE('',#12384,3.);
#12384 = AXIS2_PLACEMENT_3D('',#12385,#12386,#12387);
#12385 = CARTESIAN_POINT('',(80.5,-42.5,16.));
#12386 = DIRECTION('',(-1.,-0.,0.));
#12387 = DIRECTION('',(0.,-1.1E-16,-1.));
#12388 = SPHERICAL_SURFACE('',#12389,3.);
#12389 = AXIS2_PLACEMENT_3D('',#12390,#12391,#12392);
#12390 = CARTESIAN_POINT('',(80.5,-42.5,16.));
#12391 = DIRECTION('',(0.707106781187,0.,-0.707106781187));
#12392 = DIRECTION('',(-0.57735026919,0.57735026919,-0.57735026919));
#12393 = ADVANCED_FACE('',(#12394),#12413,.T.);
#12394 = FACE_BOUND('',#12395,.F.);
#12395 = EDGE_LOOP('',(#12396,#12397,#12398,#12406));
#12396 = ORIENTED_EDGE('',*,*,#12316,.F.);
#12397 = ORIENTED_EDGE('',*,*,#12373,.T.);
#12398 = ORIENTED_EDGE('',*,*,#12399,.T.);
#12399 = EDGE_CURVE('',#12374,#12400,#12402,.T.);
#12400 = VERTEX_POINT('',#12401);
#12401 = CARTESIAN_POINT('',(80.5,42.5,19.));
#12402 = LINE('',#12403,#12404);
#12403 = CARTESIAN_POINT('',(80.5,-42.5,19.));
#12404 = VECTOR('',#12405,1.);
#12405 = DIRECTION('',(0.,1.,0.));
#12406 = ORIENTED_EDGE('',*,*,#12407,.F.);
#12407 = EDGE_CURVE('',#12307,#12400,#12408,.T.);
#12408 = CIRCLE('',#12409,3.);
#12409 = AXIS2_PLACEMENT_3D('',#12410,#12411,#12412);
#12410 = CARTESIAN_POINT('',(80.5,42.5,16.));
#12411 = DIRECTION('',(0.,-1.,0.));
#12412 = DIRECTION('',(1.1E-16,0.,-1.));
#12413 = CYLINDRICAL_SURFACE('',#12414,3.);
#12414 = AXIS2_PLACEMENT_3D('',#12415,#12416,#12417);
#12415 = CARTESIAN_POINT('',(80.5,-42.5,16.));
#12416 = DIRECTION('',(0.,1.,0.));
#12417 = DIRECTION('',(1.1E-16,0.,-1.));
#12418 = ADVANCED_FACE('',(#12419),#12438,.T.);
#12419 = FACE_BOUND('',#12420,.F.);
#12420 = EDGE_LOOP('',(#12421,#12422,#12431,#12437));
#12421 = ORIENTED_EDGE('',*,*,#12267,.F.);
#12422 = ORIENTED_EDGE('',*,*,#12423,.T.);
#12423 = EDGE_CURVE('',#12233,#12424,#12426,.T.);
#12424 = VERTEX_POINT('',#12425);
#12425 = CARTESIAN_POINT('',(-80.5,-42.5,19.));
#12426 = CIRCLE('',#12427,3.);
#12427 = AXIS2_PLACEMENT_3D('',#12428,#12429,#12430);
#12428 = CARTESIAN_POINT('',(-80.5,-42.5,16.));
#12429 = DIRECTION('',(-1.,-0.,0.));
#12430 = DIRECTION('',(0.,-1.1E-16,-1.));
#12431 = ORIENTED_EDGE('',*,*,#12432,.T.);
#12432 = EDGE_CURVE('',#12424,#12374,#12433,.T.);
#12433 = LINE('',#12434,#12435);
#12434 = CARTESIAN_POINT('',(-80.5,-42.5,19.));
#12435 = VECTOR('',#12436,1.);
#12436 = DIRECTION('',(1.,0.,0.));
#12437 = ORIENTED_EDGE('',*,*,#12382,.F.);
#12438 = CYLINDRICAL_SURFACE('',#12439,3.);
#12439 = AXIS2_PLACEMENT_3D('',#12440,#12441,#12442);
#12440 = CARTESIAN_POINT('',(-80.5,-42.5,16.));
#12441 = DIRECTION('',(1.,0.,0.));
#12442 = DIRECTION('',(0.,-1.1E-16,-1.));
#12443 = ADVANCED_FACE('',(#12444),#12463,.T.);
#12444 = FACE_BOUND('',#12445,.T.);
#12445 = EDGE_LOOP('',(#12446,#12447,#12456));
#12446 = ORIENTED_EDGE('',*,*,#12215,.F.);
#12447 = ORIENTED_EDGE('',*,*,#12448,.T.);
#12448 = EDGE_CURVE('',#12177,#12449,#12451,.T.);
#12449 = VERTEX_POINT('',#12450);
#12450 = CARTESIAN_POINT('',(-80.5,42.5,19.));
#12451 = CIRCLE('',#12452,3.);
#12452 = AXIS2_PLACEMENT_3D('',#12453,#12454,#12455);
#12453 = CARTESIAN_POINT('',(-80.5,42.5,16.));
#12454 = DIRECTION('',(0.,1.,0.));
#12455 = DIRECTION('',(-1.1E-16,0.,-1.));
#12456 = ORIENTED_EDGE('',*,*,#12457,.F.);
#12457 = EDGE_CURVE('',#12208,#12449,#12458,.T.);
#12458 = CIRCLE('',#12459,3.);
#12459 = AXIS2_PLACEMENT_3D('',#12460,#12461,#12462);
#12460 = CARTESIAN_POINT('',(-80.5,42.5,16.));
#12461 = DIRECTION('',(1.,-0.,0.));
#12462 = DIRECTION('',(0.,1.1E-16,-1.));
#12463 = SPHERICAL_SURFACE('',#12464,3.);
#12464 = AXIS2_PLACEMENT_3D('',#12465,#12466,#12467);
#12465 = CARTESIAN_POINT('',(-80.5,42.5,16.));
#12466 = DIRECTION('',(0.,-0.707106781187,0.707106781187));
#12467 = DIRECTION('',(0.57735026919,-0.57735026919,-0.57735026919));
#12468 = ADVANCED_FACE('',(#12469),#12486,.T.);
#12469 = FACE_BOUND('',#12470,.F.);
#12470 = EDGE_LOOP('',(#12471,#12472,#12473,#12479));
#12471 = ORIENTED_EDGE('',*,*,#12184,.F.);
#12472 = ORIENTED_EDGE('',*,*,#12448,.T.);
#12473 = ORIENTED_EDGE('',*,*,#12474,.T.);
#12474 = EDGE_CURVE('',#12449,#12424,#12475,.T.);
#12475 = LINE('',#12476,#12477);
#12476 = CARTESIAN_POINT('',(-80.5,42.5,19.));
#12477 = VECTOR('',#12478,1.);
#12478 = DIRECTION('',(0.,-1.,0.));
#12479 = ORIENTED_EDGE('',*,*,#12480,.F.);
#12480 = EDGE_CURVE('',#12185,#12424,#12481,.T.);
#12481 = CIRCLE('',#12482,3.);
#12482 = AXIS2_PLACEMENT_3D('',#12483,#12484,#12485);
#12483 = CARTESIAN_POINT('',(-80.5,-42.5,16.));
#12484 = DIRECTION('',(0.,1.,0.));
#12485 = DIRECTION('',(-1.1E-16,0.,-1.));
#12486 = CYLINDRICAL_SURFACE('',#12487,3.);
#12487 = AXIS2_PLACEMENT_3D('',#12488,#12489,#12490);
#12488 = CARTESIAN_POINT('',(-80.5,42.5,16.));
#12489 = DIRECTION('',(0.,-1.,0.));
#12490 = DIRECTION('',(-1.1E-16,-0.,-1.));
#12491 = ADVANCED_FACE('',(#12492),#12503,.T.);
#12492 = FACE_BOUND('',#12493,.T.);
#12493 = EDGE_LOOP('',(#12494,#12495,#12502));
#12494 = ORIENTED_EDGE('',*,*,#12338,.T.);
#12495 = ORIENTED_EDGE('',*,*,#12496,.T.);
#12496 = EDGE_CURVE('',#12331,#12400,#12497,.T.);
#12497 = CIRCLE('',#12498,3.);
#12498 = AXIS2_PLACEMENT_3D('',#12499,#12500,#12501);
#12499 = CARTESIAN_POINT('',(80.5,42.5,16.));
#12500 = DIRECTION('',(1.,-0.,0.));
#12501 = DIRECTION('',(0.,1.1E-16,-1.));
#12502 = ORIENTED_EDGE('',*,*,#12407,.F.);
#12503 = SPHERICAL_SURFACE('',#12504,3.);
#12504 = AXIS2_PLACEMENT_3D('',#12505,#12506,#12507);
#12505 = CARTESIAN_POINT('',(80.5,42.5,16.));
#12506 = DIRECTION('',(0.,0.707106781187,-0.707106781187));
#12507 = DIRECTION('',(-0.57735026919,-0.57735026919,-0.57735026919));
#12508 = ADVANCED_FACE('',(#12509),#12520,.T.);
#12509 = FACE_BOUND('',#12510,.F.);
#12510 = EDGE_LOOP('',(#12511,#12512,#12513,#12519));
#12511 = ORIENTED_EDGE('',*,*,#12357,.F.);
#12512 = ORIENTED_EDGE('',*,*,#12496,.T.);
#12513 = ORIENTED_EDGE('',*,*,#12514,.T.);
#12514 = EDGE_CURVE('',#12400,#12449,#12515,.T.);
#12515 = LINE('',#12516,#12517);
#12516 = CARTESIAN_POINT('',(80.5,42.5,19.));
#12517 = VECTOR('',#12518,1.);
#12518 = DIRECTION('',(-1.,0.,0.));
#12519 = ORIENTED_EDGE('',*,*,#12457,.F.);
#12520 = CYLINDRICAL_SURFACE('',#12521,3.);
#12521 = AXIS2_PLACEMENT_3D('',#12522,#12523,#12524);
#12522 = CARTESIAN_POINT('',(80.5,42.5,16.));
#12523 = DIRECTION('',(-1.,0.,0.));
#12524 = DIRECTION('',(0.,1.1E-16,-1.));
#12525 = ADVANCED_FACE('',(#12526),#12532,.T.);
#12526 = FACE_BOUND('',#12527,.T.);
#12527 = EDGE_LOOP('',(#12528,#12529,#12530,#12531));
#12528 = ORIENTED_EDGE('',*,*,#12474,.T.);
#12529 = ORIENTED_EDGE('',*,*,#12432,.T.);
#12530 = ORIENTED_EDGE('',*,*,#12399,.T.);
#12531 = ORIENTED_EDGE('',*,*,#12514,.T.);
#12532 = PLANE('',#12533);
#12533 = AXIS2_PLACEMENT_3D('',#12534,#12535,#12536);
#12534 = CARTESIAN_POINT('',(0.,0.,19.));
#12535 = DIRECTION('',(0.,0.,1.));
#12536 = DIRECTION('',(1.,0.,0.));
#12537 = ADVANCED_FACE('',(#12538),#12543,.T.);
#12538 = FACE_BOUND('',#12539,.T.);
#12539 = EDGE_LOOP('',(#12540,#12541,#12542));
#12540 = ORIENTED_EDGE('',*,*,#12240,.T.);
#12541 = ORIENTED_EDGE('',*,*,#12423,.T.);
#12542 = ORIENTED_EDGE('',*,*,#12480,.F.);
#12543 = SPHERICAL_SURFACE('',#12544,3.);
#12544 = AXIS2_PLACEMENT_3D('',#12545,#12546,#12547);
#12545 = CARTESIAN_POINT('',(-80.5,-42.5,16.));
#12546 = DIRECTION('',(-0.,-0.707106781187,-0.707106781187));
#12547 = DIRECTION('',(0.57735026919,0.57735026919,-0.57735026919));
#12548 = ( GEOMETRIC_REPRESENTATION_CONTEXT(3) 
GLOBAL_UNCERTAINTY_ASSIGNED_CONTEXT((#12552)) 
GLOBAL_UNIT_ASSIGNED_CONTEXT((#12549,#12550,#12551)) 
REPRESENTATION_CONTEXT('Context #1',
  '3D Context with UNIT and UNCERTAINTY') );
#12549 = ( LENGTH_UNIT() NAMED_UNIT(*) SI_UNIT(.MILLI.,.METRE.) );
#12550 = ( NAMED_UNIT(*) PLANE_ANGLE_UNIT() SI_UNIT($,.RADIAN.) );
#12551 = ( NAMED_UNIT(*) SI_UNIT($,.STERADIAN.) SOLID_ANGLE_UNIT() );
#12552 = UNCERTAINTY_MEASURE_WITH_UNIT(LENGTH_MEASURE(1.E-06),#12549,
  'distance_accuracy_value','confusion accuracy');
#12553 = CONTEXT_DEPENDENT_SHAPE_REPRESENTATION(#12554,#12556);
#12554 = ( REPRESENTATION_RELATIONSHIP('','',#11951,#10) 
REPRESENTATION_RELATIONSHIP_WITH_TRANSFORMATION(#12555) 
SHAPE_REPRESENTATION_RELATIONSHIP() );
#12555 = ITEM_DEFINED_TRANSFORMATION('','',#11,#39);
#12556 = PRODUCT_DEFINITION_SHAPE('Placement','Placement of an item',
  #12557);
#12557 = NEXT_ASSEMBLY_USAGE_OCCURRENCE('7','Thickness','',#5,#11946,$);
#12558 = PRODUCT_RELATED_PRODUCT_CATEGORY('part',$,(#11948));
#12559 = SHAPE_DEFINITION_REPRESENTATION(#12560,#12566);
#12560 = PRODUCT_DEFINITION_SHAPE('','',#12561);
#12561 = PRODUCT_DEFINITION('design','',#12562,#12565);
#12562 = PRODUCT_DEFINITION_FORMATION('','',#12563);
#12563 = PRODUCT('Pocket','Pocket','',(#12564));
#12564 = PRODUCT_CONTEXT('',#2,'mechanical');
#12565 = PRODUCT_DEFINITION_CONTEXT('part definition',#2,'design');
#12566 = ADVANCED_BREP_SHAPE_REPRESENTATION('',(#11,#12567),#13435);
#12567 = MANIFOLD_SOLID_BREP('',#12568);
#12568 = CLOSED_SHELL('',(#12569,#12609,#12640,#12671,#12758,#12843,
    #12855,#12887,#12911,#12936,#12960,#12985,#13009,#13034,#13051,
    #13082,#13106,#13130,#13147,#13178,#13202,#13226,#13243,#13268,
    #13293,#13310,#13335,#13352,#13377,#13394,#13411));
#12569 = ADVANCED_FACE('',(#12570),#12604,.T.);
#12570 = FACE_BOUND('',#12571,.T.);
#12571 = EDGE_LOOP('',(#12572,#12582,#12590,#12598));
#12572 = ORIENTED_EDGE('',*,*,#12573,.T.);
#12573 = EDGE_CURVE('',#12574,#12576,#12578,.T.);
#12574 = VERTEX_POINT('',#12575);
#12575 = CARTESIAN_POINT('',(-80.5,42.5,9.));
#12576 = VERTEX_POINT('',#12577);
#12577 = CARTESIAN_POINT('',(-80.5,42.5,16.));
#12578 = LINE('',#12579,#12580);
#12579 = CARTESIAN_POINT('',(-80.5,42.5,9.));
#12580 = VECTOR('',#12581,1.);
#12581 = DIRECTION('',(0.,0.,1.));
#12582 = ORIENTED_EDGE('',*,*,#12583,.T.);
#12583 = EDGE_CURVE('',#12576,#12584,#12586,.T.);
#12584 = VERTEX_POINT('',#12585);
#12585 = CARTESIAN_POINT('',(-80.5,-42.5,16.));
#12586 = LINE('',#12587,#12588);
#12587 = CARTESIAN_POINT('',(-80.5,42.5,16.));
#12588 = VECTOR('',#12589,1.);
#12589 = DIRECTION('',(0.,-1.,0.));
#12590 = ORIENTED_EDGE('',*,*,#12591,.F.);
#12591 = EDGE_CURVE('',#12592,#12584,#12594,.T.);
#12592 = VERTEX_POINT('',#12593);
#12593 = CARTESIAN_POINT('',(-80.5,-42.5,9.));
#12594 = LINE('',#12595,#12596);
#12595 = CARTESIAN_POINT('',(-80.5,-42.5,9.));
#12596 = VECTOR('',#12597,1.);
#12597 = DIRECTION('',(0.,0.,1.));
#12598 = ORIENTED_EDGE('',*,*,#12599,.F.);
#12599 = EDGE_CURVE('',#12574,#12592,#12600,.T.);
#12600 = LINE('',#12601,#12602);
#12601 = CARTESIAN_POINT('',(-80.5,42.5,9.));
#12602 = VECTOR('',#12603,1.);
#12603 = DIRECTION('',(0.,-1.,0.));
#12604 = PLANE('',#12605);
#12605 = AXIS2_PLACEMENT_3D('',#12606,#12607,#12608);
#12606 = CARTESIAN_POINT('',(-80.5,42.5,9.));
#12607 = DIRECTION('',(1.,0.,0.));
#12608 = DIRECTION('',(0.,-1.,0.));
#12609 = ADVANCED_FACE('',(#12610),#12635,.T.);
#12610 = FACE_BOUND('',#12611,.T.);
#12611 = EDGE_LOOP('',(#12612,#12622,#12628,#12629));
#12612 = ORIENTED_EDGE('',*,*,#12613,.T.);
#12613 = EDGE_CURVE('',#12614,#12616,#12618,.T.);
#12614 = VERTEX_POINT('',#12615);
#12615 = CARTESIAN_POINT('',(80.5,42.5,9.));
#12616 = VERTEX_POINT('',#12617);
#12617 = CARTESIAN_POINT('',(80.5,42.5,16.));
#12618 = LINE('',#12619,#12620);
#12619 = CARTESIAN_POINT('',(80.5,42.5,9.));
#12620 = VECTOR('',#12621,1.);
#12621 = DIRECTION('',(0.,0.,1.));
#12622 = ORIENTED_EDGE('',*,*,#12623,.T.);
#12623 = EDGE_CURVE('',#12616,#12576,#12624,.T.);
#12624 = LINE('',#12625,#12626);
#12625 = CARTESIAN_POINT('',(80.5,42.5,16.));
#12626 = VECTOR('',#12627,1.);
#12627 = DIRECTION('',(-1.,0.,0.));
#12628 = ORIENTED_EDGE('',*,*,#12573,.F.);
#12629 = ORIENTED_EDGE('',*,*,#12630,.F.);
#12630 = EDGE_CURVE('',#12614,#12574,#12631,.T.);
#12631 = LINE('',#12632,#12633);
#12632 = CARTESIAN_POINT('',(80.5,42.5,9.));
#12633 = VECTOR('',#12634,1.);
#12634 = DIRECTION('',(-1.,0.,0.));
#12635 = PLANE('',#12636);
#12636 = AXIS2_PLACEMENT_3D('',#12637,#12638,#12639);
#12637 = CARTESIAN_POINT('',(80.5,42.5,9.));
#12638 = DIRECTION('',(0.,-1.,0.));
#12639 = DIRECTION('',(-1.,0.,0.));
#12640 = ADVANCED_FACE('',(#12641),#12666,.T.);
#12641 = FACE_BOUND('',#12642,.T.);
#12642 = EDGE_LOOP('',(#12643,#12644,#12652,#12660));
#12643 = ORIENTED_EDGE('',*,*,#12591,.T.);
#12644 = ORIENTED_EDGE('',*,*,#12645,.T.);
#12645 = EDGE_CURVE('',#12584,#12646,#12648,.T.);
#12646 = VERTEX_POINT('',#12647);
#12647 = CARTESIAN_POINT('',(80.5,-42.5,16.));
#12648 = LINE('',#12649,#12650);
#12649 = CARTESIAN_POINT('',(-80.5,-42.5,16.));
#12650 = VECTOR('',#12651,1.);
#12651 = DIRECTION('',(1.,0.,0.));
#12652 = ORIENTED_EDGE('',*,*,#12653,.F.);
#12653 = EDGE_CURVE('',#12654,#12646,#12656,.T.);
#12654 = VERTEX_POINT('',#12655);
#12655 = CARTESIAN_POINT('',(80.5,-42.5,9.));
#12656 = LINE('',#12657,#12658);
#12657 = CARTESIAN_POINT('',(80.5,-42.5,9.));
#12658 = VECTOR('',#12659,1.);
#12659 = DIRECTION('',(0.,0.,1.));
#12660 = ORIENTED_EDGE('',*,*,#12661,.F.);
#12661 = EDGE_CURVE('',#12592,#12654,#12662,.T.);
#12662 = LINE('',#12663,#12664);
#12663 = CARTESIAN_POINT('',(-80.5,-42.5,9.));
#12664 = VECTOR('',#12665,1.);
#12665 = DIRECTION('',(1.,0.,0.));
#12666 = PLANE('',#12667);
#12667 = AXIS2_PLACEMENT_3D('',#12668,#12669,#12670);
#12668 = CARTESIAN_POINT('',(-80.5,-42.5,9.));
#12669 = DIRECTION('',(0.,1.,0.));
#12670 = DIRECTION('',(1.,0.,0.));
#12671 = ADVANCED_FACE('',(#12672,#12683),#12753,.F.);
#12672 = FACE_BOUND('',#12673,.F.);
#12673 = EDGE_LOOP('',(#12674,#12675,#12676,#12682));
#12674 = ORIENTED_EDGE('',*,*,#12599,.F.);
#12675 = ORIENTED_EDGE('',*,*,#12630,.F.);
#12676 = ORIENTED_EDGE('',*,*,#12677,.F.);
#12677 = EDGE_CURVE('',#12654,#12614,#12678,.T.);
#12678 = LINE('',#12679,#12680);
#12679 = CARTESIAN_POINT('',(80.5,-42.5,9.));
#12680 = VECTOR('',#12681,1.);
#12681 = DIRECTION('',(0.,1.,0.));
#12682 = ORIENTED_EDGE('',*,*,#12661,.F.);
#12683 = FACE_BOUND('',#12684,.F.);
#12684 = EDGE_LOOP('',(#12685,#12696,#12704,#12713,#12721,#12730,#12738,
    #12747));
#12685 = ORIENTED_EDGE('',*,*,#12686,.T.);
#12686 = EDGE_CURVE('',#12687,#12689,#12691,.T.);
#12687 = VERTEX_POINT('',#12688);
#12688 = CARTESIAN_POINT('',(83.5,42.5,9.));
#12689 = VERTEX_POINT('',#12690);
#12690 = CARTESIAN_POINT('',(80.5,45.5,9.));
#12691 = CIRCLE('',#12692,3.);
#12692 = AXIS2_PLACEMENT_3D('',#12693,#12694,#12695);
#12693 = CARTESIAN_POINT('',(80.5,42.5,9.));
#12694 = DIRECTION('',(-0.,0.,1.));
#12695 = DIRECTION('',(1.1E-16,-1.,0.));
#12696 = ORIENTED_EDGE('',*,*,#12697,.T.);
#12697 = EDGE_CURVE('',#12689,#12698,#12700,.T.);
#12698 = VERTEX_POINT('',#12699);
#12699 = CARTESIAN_POINT('',(-80.5,45.5,9.));
#12700 = LINE('',#12701,#12702);
#12701 = CARTESIAN_POINT('',(80.5,45.5,9.));
#12702 = VECTOR('',#12703,1.);
#12703 = DIRECTION('',(-1.,0.,0.));
#12704 = ORIENTED_EDGE('',*,*,#12705,.F.);
#12705 = EDGE_CURVE('',#12706,#12698,#12708,.T.);
#12706 = VERTEX_POINT('',#12707);
#12707 = CARTESIAN_POINT('',(-83.5,42.5,9.));
#12708 = CIRCLE('',#12709,3.);
#12709 = AXIS2_PLACEMENT_3D('',#12710,#12711,#12712);
#12710 = CARTESIAN_POINT('',(-80.5,42.5,9.));
#12711 = DIRECTION('',(-0.,0.,-1.));
#12712 = DIRECTION('',(-1.1E-16,-1.,0.));
#12713 = ORIENTED_EDGE('',*,*,#12714,.T.);
#12714 = EDGE_CURVE('',#12706,#12715,#12717,.T.);
#12715 = VERTEX_POINT('',#12716);
#12716 = CARTESIAN_POINT('',(-83.5,-42.5,9.));
#12717 = LINE('',#12718,#12719);
#12718 = CARTESIAN_POINT('',(-83.5,42.5,9.));
#12719 = VECTOR('',#12720,1.);
#12720 = DIRECTION('',(0.,-1.,0.));
#12721 = ORIENTED_EDGE('',*,*,#12722,.T.);
#12722 = EDGE_CURVE('',#12715,#12723,#12725,.T.);
#12723 = VERTEX_POINT('',#12724);
#12724 = CARTESIAN_POINT('',(-80.5,-45.5,9.));
#12725 = CIRCLE('',#12726,3.);
#12726 = AXIS2_PLACEMENT_3D('',#12727,#12728,#12729);
#12727 = CARTESIAN_POINT('',(-80.5,-42.5,9.));
#12728 = DIRECTION('',(0.,0.,1.));
#12729 = DIRECTION('',(-1.1E-16,1.,0.));
#12730 = ORIENTED_EDGE('',*,*,#12731,.T.);
#12731 = EDGE_CURVE('',#12723,#12732,#12734,.T.);
#12732 = VERTEX_POINT('',#12733);
#12733 = CARTESIAN_POINT('',(80.5,-45.5,9.));
#12734 = LINE('',#12735,#12736);
#12735 = CARTESIAN_POINT('',(-80.5,-45.5,9.));
#12736 = VECTOR('',#12737,1.);
#12737 = DIRECTION('',(1.,0.,0.));
#12738 = ORIENTED_EDGE('',*,*,#12739,.T.);
#12739 = EDGE_CURVE('',#12732,#12740,#12742,.T.);
#12740 = VERTEX_POINT('',#12741);
#12741 = CARTESIAN_POINT('',(83.5,-42.5,9.));
#12742 = CIRCLE('',#12743,3.);
#12743 = AXIS2_PLACEMENT_3D('',#12744,#12745,#12746);
#12744 = CARTESIAN_POINT('',(80.5,-42.5,9.));
#12745 = DIRECTION('',(0.,0.,1.));
#12746 = DIRECTION('',(-1.,-1.1E-16,0.));
#12747 = ORIENTED_EDGE('',*,*,#12748,.T.);
#12748 = EDGE_CURVE('',#12740,#12687,#12749,.T.);
#12749 = LINE('',#12750,#12751);
#12750 = CARTESIAN_POINT('',(83.5,-42.5,9.));
#12751 = VECTOR('',#12752,1.);
#12752 = DIRECTION('',(0.,1.,0.));
#12753 = PLANE('',#12754);
#12754 = AXIS2_PLACEMENT_3D('',#12755,#12756,#12757);
#12755 = CARTESIAN_POINT('',(0.,0.,9.));
#12756 = DIRECTION('',(0.,0.,1.));
#12757 = DIRECTION('',(1.,0.,0.));
#12758 = ADVANCED_FACE('',(#12759,#12770,#12804),#12838,.F.);
#12759 = FACE_BOUND('',#12760,.F.);
#12760 = EDGE_LOOP('',(#12761,#12762,#12763,#12769));
#12761 = ORIENTED_EDGE('',*,*,#12583,.T.);
#12762 = ORIENTED_EDGE('',*,*,#12645,.T.);
#12763 = ORIENTED_EDGE('',*,*,#12764,.T.);
#12764 = EDGE_CURVE('',#12646,#12616,#12765,.T.);
#12765 = LINE('',#12766,#12767);
#12766 = CARTESIAN_POINT('',(80.5,-42.5,16.));
#12767 = VECTOR('',#12768,1.);
#12768 = DIRECTION('',(0.,1.,0.));
#12769 = ORIENTED_EDGE('',*,*,#12623,.T.);
#12770 = FACE_BOUND('',#12771,.F.);
#12771 = EDGE_LOOP('',(#12772,#12782,#12790,#12798));
#12772 = ORIENTED_EDGE('',*,*,#12773,.F.);
#12773 = EDGE_CURVE('',#12774,#12776,#12778,.T.);
#12774 = VERTEX_POINT('',#12775);
#12775 = CARTESIAN_POINT('',(-58.5,23.,16.));
#12776 = VERTEX_POINT('',#12777);
#12777 = CARTESIAN_POINT('',(-58.5,-23.,16.));
#12778 = LINE('',#12779,#12780);
#12779 = CARTESIAN_POINT('',(-58.5,11.5,16.));
#12780 = VECTOR('',#12781,1.);
#12781 = DIRECTION('',(0.,-1.,0.));
#12782 = ORIENTED_EDGE('',*,*,#12783,.F.);
#12783 = EDGE_CURVE('',#12784,#12774,#12786,.T.);
#12784 = VERTEX_POINT('',#12785);
#12785 = CARTESIAN_POINT('',(-12.5,23.,16.));
#12786 = LINE('',#12787,#12788);
#12787 = CARTESIAN_POINT('',(-6.25,23.,16.));
#12788 = VECTOR('',#12789,1.);
#12789 = DIRECTION('',(-1.,0.,0.));
#12790 = ORIENTED_EDGE('',*,*,#12791,.F.);
#12791 = EDGE_CURVE('',#12792,#12784,#12794,.T.);
#12792 = VERTEX_POINT('',#12793);
#12793 = CARTESIAN_POINT('',(-12.5,-23.,16.));
#12794 = LINE('',#12795,#12796);
#12795 = CARTESIAN_POINT('',(-12.5,-11.5,16.));
#12796 = VECTOR('',#12797,1.);
#12797 = DIRECTION('',(0.,1.,0.));
#12798 = ORIENTED_EDGE('',*,*,#12799,.F.);
#12799 = EDGE_CURVE('',#12776,#12792,#12800,.T.);
#12800 = LINE('',#12801,#12802);
#12801 = CARTESIAN_POINT('',(-29.25,-23.,16.));
#12802 = VECTOR('',#12803,1.);
#12803 = DIRECTION('',(1.,0.,-0.));
#12804 = FACE_BOUND('',#12805,.F.);
#12805 = EDGE_LOOP('',(#12806,#12816,#12824,#12832));
#12806 = ORIENTED_EDGE('',*,*,#12807,.F.);
#12807 = EDGE_CURVE('',#12808,#12810,#12812,.T.);
#12808 = VERTEX_POINT('',#12809);
#12809 = CARTESIAN_POINT('',(12.5,23.,16.));
#12810 = VERTEX_POINT('',#12811);
#12811 = CARTESIAN_POINT('',(12.5,-23.,16.));
#12812 = LINE('',#12813,#12814);
#12813 = CARTESIAN_POINT('',(12.5,11.5,16.));
#12814 = VECTOR('',#12815,1.);
#12815 = DIRECTION('',(0.,-1.,0.));
#12816 = ORIENTED_EDGE('',*,*,#12817,.F.);
#12817 = EDGE_CURVE('',#12818,#12808,#12820,.T.);
#12818 = VERTEX_POINT('',#12819);
#12819 = CARTESIAN_POINT('',(58.5,23.,16.));
#12820 = LINE('',#12821,#12822);
#12821 = CARTESIAN_POINT('',(29.25,23.,16.));
#12822 = VECTOR('',#12823,1.);
#12823 = DIRECTION('',(-1.,0.,0.));
#12824 = ORIENTED_EDGE('',*,*,#12825,.F.);
#12825 = EDGE_CURVE('',#12826,#12818,#12828,.T.);
#12826 = VERTEX_POINT('',#12827);
#12827 = CARTESIAN_POINT('',(58.5,-23.,16.));
#12828 = LINE('',#12829,#12830);
#12829 = CARTESIAN_POINT('',(58.5,-11.5,16.));
#12830 = VECTOR('',#12831,1.);
#12831 = DIRECTION('',(0.,1.,0.));
#12832 = ORIENTED_EDGE('',*,*,#12833,.F.);
#12833 = EDGE_CURVE('',#12810,#12826,#12834,.T.);
#12834 = LINE('',#12835,#12836);
#12835 = CARTESIAN_POINT('',(6.25,-23.,16.));
#12836 = VECTOR('',#12837,1.);
#12837 = DIRECTION('',(1.,0.,-0.));
#12838 = PLANE('',#12839);
#12839 = AXIS2_PLACEMENT_3D('',#12840,#12841,#12842);
#12840 = CARTESIAN_POINT('',(0.,0.,16.));
#12841 = DIRECTION('',(0.,0.,1.));
#12842 = DIRECTION('',(1.,0.,0.));
#12843 = ADVANCED_FACE('',(#12844),#12850,.T.);
#12844 = FACE_BOUND('',#12845,.T.);
#12845 = EDGE_LOOP('',(#12846,#12847,#12848,#12849));
#12846 = ORIENTED_EDGE('',*,*,#12653,.T.);
#12847 = ORIENTED_EDGE('',*,*,#12764,.T.);
#12848 = ORIENTED_EDGE('',*,*,#12613,.F.);
#12849 = ORIENTED_EDGE('',*,*,#12677,.F.);
#12850 = PLANE('',#12851);
#12851 = AXIS2_PLACEMENT_3D('',#12852,#12853,#12854);
#12852 = CARTESIAN_POINT('',(80.5,-42.5,9.));
#12853 = DIRECTION('',(-1.,0.,0.));
#12854 = DIRECTION('',(0.,1.,0.));
#12855 = ADVANCED_FACE('',(#12856),#12882,.T.);
#12856 = FACE_BOUND('',#12857,.T.);
#12857 = EDGE_LOOP('',(#12858,#12866,#12875,#12881));
#12858 = ORIENTED_EDGE('',*,*,#12859,.T.);
#12859 = EDGE_CURVE('',#12689,#12860,#12862,.T.);
#12860 = VERTEX_POINT('',#12861);
#12861 = CARTESIAN_POINT('',(80.5,45.5,16.));
#12862 = LINE('',#12863,#12864);
#12863 = CARTESIAN_POINT('',(80.5,45.5,9.));
#12864 = VECTOR('',#12865,1.);
#12865 = DIRECTION('',(0.,0.,1.));
#12866 = ORIENTED_EDGE('',*,*,#12867,.F.);
#12867 = EDGE_CURVE('',#12868,#12860,#12870,.T.);
#12868 = VERTEX_POINT('',#12869);
#12869 = CARTESIAN_POINT('',(83.5,42.5,16.));
#12870 = CIRCLE('',#12871,3.);
#12871 = AXIS2_PLACEMENT_3D('',#12872,#12873,#12874);
#12872 = CARTESIAN_POINT('',(80.5,42.5,16.));
#12873 = DIRECTION('',(-0.,0.,1.));
#12874 = DIRECTION('',(1.1E-16,-1.,0.));
#12875 = ORIENTED_EDGE('',*,*,#12876,.F.);
#12876 = EDGE_CURVE('',#12687,#12868,#12877,.T.);
#12877 = LINE('',#12878,#12879);
#12878 = CARTESIAN_POINT('',(83.5,42.5,9.));
#12879 = VECTOR('',#12880,1.);
#12880 = DIRECTION('',(0.,0.,1.));
#12881 = ORIENTED_EDGE('',*,*,#12686,.T.);
#12882 = CYLINDRICAL_SURFACE('',#12883,3.);
#12883 = AXIS2_PLACEMENT_3D('',#12884,#12885,#12886);
#12884 = CARTESIAN_POINT('',(80.5,42.5,9.));
#12885 = DIRECTION('',(0.,0.,1.));
#12886 = DIRECTION('',(1.1E-16,-1.,0.));
#12887 = ADVANCED_FACE('',(#12888),#12906,.F.);
#12888 = FACE_BOUND('',#12889,.F.);
#12889 = EDGE_LOOP('',(#12890,#12891,#12892,#12900));
#12890 = ORIENTED_EDGE('',*,*,#12697,.F.);
#12891 = ORIENTED_EDGE('',*,*,#12859,.T.);
#12892 = ORIENTED_EDGE('',*,*,#12893,.T.);
#12893 = EDGE_CURVE('',#12860,#12894,#12896,.T.);
#12894 = VERTEX_POINT('',#12895);
#12895 = CARTESIAN_POINT('',(-80.5,45.5,16.));
#12896 = LINE('',#12897,#12898);
#12897 = CARTESIAN_POINT('',(80.5,45.5,16.));
#12898 = VECTOR('',#12899,1.);
#12899 = DIRECTION('',(-1.,0.,0.));
#12900 = ORIENTED_EDGE('',*,*,#12901,.F.);
#12901 = EDGE_CURVE('',#12698,#12894,#12902,.T.);
#12902 = LINE('',#12903,#12904);
#12903 = CARTESIAN_POINT('',(-80.5,45.5,9.));
#12904 = VECTOR('',#12905,1.);
#12905 = DIRECTION('',(0.,0.,1.));
#12906 = PLANE('',#12907);
#12907 = AXIS2_PLACEMENT_3D('',#12908,#12909,#12910);
#12908 = CARTESIAN_POINT('',(80.5,45.5,9.));
#12909 = DIRECTION('',(0.,-1.,0.));
#12910 = DIRECTION('',(-1.,0.,0.));
#12911 = ADVANCED_FACE('',(#12912),#12931,.T.);
#12912 = FACE_BOUND('',#12913,.F.);
#12913 = EDGE_LOOP('',(#12914,#12915,#12924,#12930));
#12914 = ORIENTED_EDGE('',*,*,#12901,.T.);
#12915 = ORIENTED_EDGE('',*,*,#12916,.F.);
#12916 = EDGE_CURVE('',#12917,#12894,#12919,.T.);
#12917 = VERTEX_POINT('',#12918);
#12918 = CARTESIAN_POINT('',(-83.5,42.5,16.));
#12919 = CIRCLE('',#12920,3.);
#12920 = AXIS2_PLACEMENT_3D('',#12921,#12922,#12923);
#12921 = CARTESIAN_POINT('',(-80.5,42.5,16.));
#12922 = DIRECTION('',(-0.,0.,-1.));
#12923 = DIRECTION('',(-1.1E-16,-1.,0.));
#12924 = ORIENTED_EDGE('',*,*,#12925,.F.);
#12925 = EDGE_CURVE('',#12706,#12917,#12926,.T.);
#12926 = LINE('',#12927,#12928);
#12927 = CARTESIAN_POINT('',(-83.5,42.5,9.));
#12928 = VECTOR('',#12929,1.);
#12929 = DIRECTION('',(0.,0.,1.));
#12930 = ORIENTED_EDGE('',*,*,#12705,.T.);
#12931 = CYLINDRICAL_SURFACE('',#12932,3.);
#12932 = AXIS2_PLACEMENT_3D('',#12933,#12934,#12935);
#12933 = CARTESIAN_POINT('',(-80.5,42.5,9.));
#12934 = DIRECTION('',(0.,0.,1.));
#12935 = DIRECTION('',(-1.1E-16,-1.,0.));
#12936 = ADVANCED_FACE('',(#12937),#12955,.F.);
#12937 = FACE_BOUND('',#12938,.F.);
#12938 = EDGE_LOOP('',(#12939,#12940,#12948,#12954));
#12939 = ORIENTED_EDGE('',*,*,#12925,.T.);
#12940 = ORIENTED_EDGE('',*,*,#12941,.T.);
#12941 = EDGE_CURVE('',#12917,#12942,#12944,.T.);
#12942 = VERTEX_POINT('',#12943);
#12943 = CARTESIAN_POINT('',(-83.5,-42.5,16.));
#12944 = LINE('',#12945,#12946);
#12945 = CARTESIAN_POINT('',(-83.5,42.5,16.));
#12946 = VECTOR('',#12947,1.);
#12947 = DIRECTION('',(0.,-1.,0.));
#12948 = ORIENTED_EDGE('',*,*,#12949,.F.);
#12949 = EDGE_CURVE('',#12715,#12942,#12950,.T.);
#12950 = LINE('',#12951,#12952);
#12951 = CARTESIAN_POINT('',(-83.5,-42.5,9.));
#12952 = VECTOR('',#12953,1.);
#12953 = DIRECTION('',(0.,0.,1.));
#12954 = ORIENTED_EDGE('',*,*,#12714,.F.);
#12955 = PLANE('',#12956);
#12956 = AXIS2_PLACEMENT_3D('',#12957,#12958,#12959);
#12957 = CARTESIAN_POINT('',(-83.5,42.5,9.));
#12958 = DIRECTION('',(1.,0.,0.));
#12959 = DIRECTION('',(0.,-1.,0.));
#12960 = ADVANCED_FACE('',(#12961),#12980,.T.);
#12961 = FACE_BOUND('',#12962,.T.);
#12962 = EDGE_LOOP('',(#12963,#12971,#12978,#12979));
#12963 = ORIENTED_EDGE('',*,*,#12964,.T.);
#12964 = EDGE_CURVE('',#12723,#12965,#12967,.T.);
#12965 = VERTEX_POINT('',#12966);
#12966 = CARTESIAN_POINT('',(-80.5,-45.5,16.));
#12967 = LINE('',#12968,#12969);
#12968 = CARTESIAN_POINT('',(-80.5,-45.5,9.));
#12969 = VECTOR('',#12970,1.);
#12970 = DIRECTION('',(0.,0.,1.));
#12971 = ORIENTED_EDGE('',*,*,#12972,.F.);
#12972 = EDGE_CURVE('',#12942,#12965,#12973,.T.);
#12973 = CIRCLE('',#12974,3.);
#12974 = AXIS2_PLACEMENT_3D('',#12975,#12976,#12977);
#12975 = CARTESIAN_POINT('',(-80.5,-42.5,16.));
#12976 = DIRECTION('',(0.,0.,1.));
#12977 = DIRECTION('',(-1.1E-16,1.,0.));
#12978 = ORIENTED_EDGE('',*,*,#12949,.F.);
#12979 = ORIENTED_EDGE('',*,*,#12722,.T.);
#12980 = CYLINDRICAL_SURFACE('',#12981,3.);
#12981 = AXIS2_PLACEMENT_3D('',#12982,#12983,#12984);
#12982 = CARTESIAN_POINT('',(-80.5,-42.5,9.));
#12983 = DIRECTION('',(0.,0.,1.));
#12984 = DIRECTION('',(-1.1E-16,1.,0.));
#12985 = ADVANCED_FACE('',(#12986),#13004,.F.);
#12986 = FACE_BOUND('',#12987,.F.);
#12987 = EDGE_LOOP('',(#12988,#12996,#12997,#12998));
#12988 = ORIENTED_EDGE('',*,*,#12989,.F.);
#12989 = EDGE_CURVE('',#12732,#12990,#12992,.T.);
#12990 = VERTEX_POINT('',#12991);
#12991 = CARTESIAN_POINT('',(80.5,-45.5,16.));
#12992 = LINE('',#12993,#12994);
#12993 = CARTESIAN_POINT('',(80.5,-45.5,9.));
#12994 = VECTOR('',#12995,1.);
#12995 = DIRECTION('',(0.,0.,1.));
#12996 = ORIENTED_EDGE('',*,*,#12731,.F.);
#12997 = ORIENTED_EDGE('',*,*,#12964,.T.);
#12998 = ORIENTED_EDGE('',*,*,#12999,.T.);
#12999 = EDGE_CURVE('',#12965,#12990,#13000,.T.);
#13000 = LINE('',#13001,#13002);
#13001 = CARTESIAN_POINT('',(-80.5,-45.5,16.));
#13002 = VECTOR('',#13003,1.);
#13003 = DIRECTION('',(1.,0.,0.));
#13004 = PLANE('',#13005);
#13005 = AXIS2_PLACEMENT_3D('',#13006,#13007,#13008);
#13006 = CARTESIAN_POINT('',(-80.5,-45.5,9.));
#13007 = DIRECTION('',(0.,1.,0.));
#13008 = DIRECTION('',(1.,0.,0.));
#13009 = ADVANCED_FACE('',(#13010),#13029,.T.);
#13010 = FACE_BOUND('',#13011,.T.);
#13011 = EDGE_LOOP('',(#13012,#13020,#13027,#13028));
#13012 = ORIENTED_EDGE('',*,*,#13013,.T.);
#13013 = EDGE_CURVE('',#12740,#13014,#13016,.T.);
#13014 = VERTEX_POINT('',#13015);
#13015 = CARTESIAN_POINT('',(83.5,-42.5,16.));
#13016 = LINE('',#13017,#13018);
#13017 = CARTESIAN_POINT('',(83.5,-42.5,9.));
#13018 = VECTOR('',#13019,1.);
#13019 = DIRECTION('',(0.,0.,1.));
#13020 = ORIENTED_EDGE('',*,*,#13021,.F.);
#13021 = EDGE_CURVE('',#12990,#13014,#13022,.T.);
#13022 = CIRCLE('',#13023,3.);
#13023 = AXIS2_PLACEMENT_3D('',#13024,#13025,#13026);
#13024 = CARTESIAN_POINT('',(80.5,-42.5,16.));
#13025 = DIRECTION('',(0.,0.,1.));
#13026 = DIRECTION('',(-1.,-1.1E-16,0.));
#13027 = ORIENTED_EDGE('',*,*,#12989,.F.);
#13028 = ORIENTED_EDGE('',*,*,#12739,.T.);
#13029 = CYLINDRICAL_SURFACE('',#13030,3.);
#13030 = AXIS2_PLACEMENT_3D('',#13031,#13032,#13033);
#13031 = CARTESIAN_POINT('',(80.5,-42.5,9.));
#13032 = DIRECTION('',(0.,0.,1.));
#13033 = DIRECTION('',(-1.,-1.1E-16,0.));
#13034 = ADVANCED_FACE('',(#13035),#13046,.F.);
#13035 = FACE_BOUND('',#13036,.F.);
#13036 = EDGE_LOOP('',(#13037,#13038,#13039,#13040));
#13037 = ORIENTED_EDGE('',*,*,#12876,.F.);
#13038 = ORIENTED_EDGE('',*,*,#12748,.F.);
#13039 = ORIENTED_EDGE('',*,*,#13013,.T.);
#13040 = ORIENTED_EDGE('',*,*,#13041,.T.);
#13041 = EDGE_CURVE('',#13014,#12868,#13042,.T.);
#13042 = LINE('',#13043,#13044);
#13043 = CARTESIAN_POINT('',(83.5,-42.5,16.));
#13044 = VECTOR('',#13045,1.);
#13045 = DIRECTION('',(0.,1.,0.));
#13046 = PLANE('',#13047);
#13047 = AXIS2_PLACEMENT_3D('',#13048,#13049,#13050);
#13048 = CARTESIAN_POINT('',(83.5,-42.5,9.));
#13049 = DIRECTION('',(-1.,0.,0.));
#13050 = DIRECTION('',(0.,1.,0.));
#13051 = ADVANCED_FACE('',(#13052),#13077,.F.);
#13052 = FACE_BOUND('',#13053,.F.);
#13053 = EDGE_LOOP('',(#13054,#13064,#13070,#13071));
#13054 = ORIENTED_EDGE('',*,*,#13055,.F.);
#13055 = EDGE_CURVE('',#13056,#13058,#13060,.T.);
#13056 = VERTEX_POINT('',#13057);
#13057 = CARTESIAN_POINT('',(-58.5,23.,19.));
#13058 = VERTEX_POINT('',#13059);
#13059 = CARTESIAN_POINT('',(-58.5,-23.,19.));
#13060 = LINE('',#13061,#13062);
#13061 = CARTESIAN_POINT('',(-58.5,23.,19.));
#13062 = VECTOR('',#13063,1.);
#13063 = DIRECTION('',(0.,-1.,0.));
#13064 = ORIENTED_EDGE('',*,*,#13065,.T.);
#13065 = EDGE_CURVE('',#13056,#12774,#13066,.T.);
#13066 = LINE('',#13067,#13068);
#13067 = CARTESIAN_POINT('',(-58.5,23.,19.));
#13068 = VECTOR('',#13069,1.);
#13069 = DIRECTION('',(-0.,-0.,-1.));
#13070 = ORIENTED_EDGE('',*,*,#12773,.T.);
#13071 = ORIENTED_EDGE('',*,*,#13072,.F.);
#13072 = EDGE_CURVE('',#13058,#12776,#13073,.T.);
#13073 = LINE('',#13074,#13075);
#13074 = CARTESIAN_POINT('',(-58.5,-23.,19.));
#13075 = VECTOR('',#13076,1.);
#13076 = DIRECTION('',(-0.,-0.,-1.));
#13077 = PLANE('',#13078);
#13078 = AXIS2_PLACEMENT_3D('',#13079,#13080,#13081);
#13079 = CARTESIAN_POINT('',(-58.5,23.,19.));
#13080 = DIRECTION('',(-1.,0.,0.));
#13081 = DIRECTION('',(0.,-1.,0.));
#13082 = ADVANCED_FACE('',(#13083),#13101,.F.);
#13083 = FACE_BOUND('',#13084,.F.);
#13084 = EDGE_LOOP('',(#13085,#13093,#13094,#13095));
#13085 = ORIENTED_EDGE('',*,*,#13086,.F.);
#13086 = EDGE_CURVE('',#13058,#13087,#13089,.T.);
#13087 = VERTEX_POINT('',#13088);
#13088 = CARTESIAN_POINT('',(-12.5,-23.,19.));
#13089 = LINE('',#13090,#13091);
#13090 = CARTESIAN_POINT('',(-58.5,-23.,19.));
#13091 = VECTOR('',#13092,1.);
#13092 = DIRECTION('',(1.,0.,0.));
#13093 = ORIENTED_EDGE('',*,*,#13072,.T.);
#13094 = ORIENTED_EDGE('',*,*,#12799,.T.);
#13095 = ORIENTED_EDGE('',*,*,#13096,.F.);
#13096 = EDGE_CURVE('',#13087,#12792,#13097,.T.);
#13097 = LINE('',#13098,#13099);
#13098 = CARTESIAN_POINT('',(-12.5,-23.,19.));
#13099 = VECTOR('',#13100,1.);
#13100 = DIRECTION('',(-0.,-0.,-1.));
#13101 = PLANE('',#13102);
#13102 = AXIS2_PLACEMENT_3D('',#13103,#13104,#13105);
#13103 = CARTESIAN_POINT('',(-58.5,-23.,19.));
#13104 = DIRECTION('',(0.,-1.,0.));
#13105 = DIRECTION('',(1.,0.,0.));
#13106 = ADVANCED_FACE('',(#13107),#13125,.F.);
#13107 = FACE_BOUND('',#13108,.F.);
#13108 = EDGE_LOOP('',(#13109,#13117,#13118,#13119));
#13109 = ORIENTED_EDGE('',*,*,#13110,.F.);
#13110 = EDGE_CURVE('',#13087,#13111,#13113,.T.);
#13111 = VERTEX_POINT('',#13112);
#13112 = CARTESIAN_POINT('',(-12.5,23.,19.));
#13113 = LINE('',#13114,#13115);
#13114 = CARTESIAN_POINT('',(-12.5,-23.,19.));
#13115 = VECTOR('',#13116,1.);
#13116 = DIRECTION('',(0.,1.,0.));
#13117 = ORIENTED_EDGE('',*,*,#13096,.T.);
#13118 = ORIENTED_EDGE('',*,*,#12791,.T.);
#13119 = ORIENTED_EDGE('',*,*,#13120,.F.);
#13120 = EDGE_CURVE('',#13111,#12784,#13121,.T.);
#13121 = LINE('',#13122,#13123);
#13122 = CARTESIAN_POINT('',(-12.5,23.,19.));
#13123 = VECTOR('',#13124,1.);
#13124 = DIRECTION('',(-0.,-0.,-1.));
#13125 = PLANE('',#13126);
#13126 = AXIS2_PLACEMENT_3D('',#13127,#13128,#13129);
#13127 = CARTESIAN_POINT('',(-12.5,-23.,19.));
#13128 = DIRECTION('',(1.,0.,0.));
#13129 = DIRECTION('',(-0.,1.,0.));
#13130 = ADVANCED_FACE('',(#13131),#13142,.F.);
#13131 = FACE_BOUND('',#13132,.F.);
#13132 = EDGE_LOOP('',(#13133,#13139,#13140,#13141));
#13133 = ORIENTED_EDGE('',*,*,#13134,.F.);
#13134 = EDGE_CURVE('',#13111,#13056,#13135,.T.);
#13135 = LINE('',#13136,#13137);
#13136 = CARTESIAN_POINT('',(-12.5,23.,19.));
#13137 = VECTOR('',#13138,1.);
#13138 = DIRECTION('',(-1.,0.,0.));
#13139 = ORIENTED_EDGE('',*,*,#13120,.T.);
#13140 = ORIENTED_EDGE('',*,*,#12783,.T.);
#13141 = ORIENTED_EDGE('',*,*,#13065,.F.);
#13142 = PLANE('',#13143);
#13143 = AXIS2_PLACEMENT_3D('',#13144,#13145,#13146);
#13144 = CARTESIAN_POINT('',(-12.5,23.,19.));
#13145 = DIRECTION('',(0.,1.,-0.));
#13146 = DIRECTION('',(-1.,0.,0.));
#13147 = ADVANCED_FACE('',(#13148),#13173,.F.);
#13148 = FACE_BOUND('',#13149,.F.);
#13149 = EDGE_LOOP('',(#13150,#13160,#13166,#13167));
#13150 = ORIENTED_EDGE('',*,*,#13151,.F.);
#13151 = EDGE_CURVE('',#13152,#13154,#13156,.T.);
#13152 = VERTEX_POINT('',#13153);
#13153 = CARTESIAN_POINT('',(12.5,23.,19.));
#13154 = VERTEX_POINT('',#13155);
#13155 = CARTESIAN_POINT('',(12.5,-23.,19.));
#13156 = LINE('',#13157,#13158);
#13157 = CARTESIAN_POINT('',(12.5,23.,19.));
#13158 = VECTOR('',#13159,1.);
#13159 = DIRECTION('',(0.,-1.,0.));
#13160 = ORIENTED_EDGE('',*,*,#13161,.T.);
#13161 = EDGE_CURVE('',#13152,#12808,#13162,.T.);
#13162 = LINE('',#13163,#13164);
#13163 = CARTESIAN_POINT('',(12.5,23.,19.));
#13164 = VECTOR('',#13165,1.);
#13165 = DIRECTION('',(-0.,-0.,-1.));
#13166 = ORIENTED_EDGE('',*,*,#12807,.T.);
#13167 = ORIENTED_EDGE('',*,*,#13168,.F.);
#13168 = EDGE_CURVE('',#13154,#12810,#13169,.T.);
#13169 = LINE('',#13170,#13171);
#13170 = CARTESIAN_POINT('',(12.5,-23.,19.));
#13171 = VECTOR('',#13172,1.);
#13172 = DIRECTION('',(-0.,-0.,-1.));
#13173 = PLANE('',#13174);
#13174 = AXIS2_PLACEMENT_3D('',#13175,#13176,#13177);
#13175 = CARTESIAN_POINT('',(12.5,23.,19.));
#13176 = DIRECTION('',(-1.,0.,0.));
#13177 = DIRECTION('',(0.,-1.,0.));
#13178 = ADVANCED_FACE('',(#13179),#13197,.F.);
#13179 = FACE_BOUND('',#13180,.F.);
#13180 = EDGE_LOOP('',(#13181,#13189,#13190,#13191));
#13181 = ORIENTED_EDGE('',*,*,#13182,.F.);
#13182 = EDGE_CURVE('',#13154,#13183,#13185,.T.);
#13183 = VERTEX_POINT('',#13184);
#13184 = CARTESIAN_POINT('',(58.5,-23.,19.));
#13185 = LINE('',#13186,#13187);
#13186 = CARTESIAN_POINT('',(12.5,-23.,19.));
#13187 = VECTOR('',#13188,1.);
#13188 = DIRECTION('',(1.,0.,0.));
#13189 = ORIENTED_EDGE('',*,*,#13168,.T.);
#13190 = ORIENTED_EDGE('',*,*,#12833,.T.);
#13191 = ORIENTED_EDGE('',*,*,#13192,.F.);
#13192 = EDGE_CURVE('',#13183,#12826,#13193,.T.);
#13193 = LINE('',#13194,#13195);
#13194 = CARTESIAN_POINT('',(58.5,-23.,19.));
#13195 = VECTOR('',#13196,1.);
#13196 = DIRECTION('',(-0.,-0.,-1.));
#13197 = PLANE('',#13198);
#13198 = AXIS2_PLACEMENT_3D('',#13199,#13200,#13201);
#13199 = CARTESIAN_POINT('',(12.5,-23.,19.));
#13200 = DIRECTION('',(0.,-1.,0.));
#13201 = DIRECTION('',(1.,0.,0.));
#13202 = ADVANCED_FACE('',(#13203),#13221,.F.);
#13203 = FACE_BOUND('',#13204,.F.);
#13204 = EDGE_LOOP('',(#13205,#13213,#13214,#13215));
#13205 = ORIENTED_EDGE('',*,*,#13206,.F.);
#13206 = EDGE_CURVE('',#13183,#13207,#13209,.T.);
#13207 = VERTEX_POINT('',#13208);
#13208 = CARTESIAN_POINT('',(58.5,23.,19.));
#13209 = LINE('',#13210,#13211);
#13210 = CARTESIAN_POINT('',(58.5,-23.,19.));
#13211 = VECTOR('',#13212,1.);
#13212 = DIRECTION('',(0.,1.,0.));
#13213 = ORIENTED_EDGE('',*,*,#13192,.T.);
#13214 = ORIENTED_EDGE('',*,*,#12825,.T.);
#13215 = ORIENTED_EDGE('',*,*,#13216,.F.);
#13216 = EDGE_CURVE('',#13207,#12818,#13217,.T.);
#13217 = LINE('',#13218,#13219);
#13218 = CARTESIAN_POINT('',(58.5,23.,19.));
#13219 = VECTOR('',#13220,1.);
#13220 = DIRECTION('',(-0.,-0.,-1.));
#13221 = PLANE('',#13222);
#13222 = AXIS2_PLACEMENT_3D('',#13223,#13224,#13225);
#13223 = CARTESIAN_POINT('',(58.5,-23.,19.));
#13224 = DIRECTION('',(1.,0.,0.));
#13225 = DIRECTION('',(-0.,1.,0.));
#13226 = ADVANCED_FACE('',(#13227),#13238,.F.);
#13227 = FACE_BOUND('',#13228,.F.);
#13228 = EDGE_LOOP('',(#13229,#13235,#13236,#13237));
#13229 = ORIENTED_EDGE('',*,*,#13230,.F.);
#13230 = EDGE_CURVE('',#13207,#13152,#13231,.T.);
#13231 = LINE('',#13232,#13233);
#13232 = CARTESIAN_POINT('',(58.5,23.,19.));
#13233 = VECTOR('',#13234,1.);
#13234 = DIRECTION('',(-1.,0.,0.));
#13235 = ORIENTED_EDGE('',*,*,#13216,.T.);
#13236 = ORIENTED_EDGE('',*,*,#12817,.T.);
#13237 = ORIENTED_EDGE('',*,*,#13161,.F.);
#13238 = PLANE('',#13239);
#13239 = AXIS2_PLACEMENT_3D('',#13240,#13241,#13242);
#13240 = CARTESIAN_POINT('',(58.5,23.,19.));
#13241 = DIRECTION('',(0.,1.,-0.));
#13242 = DIRECTION('',(-1.,0.,0.));
#13243 = ADVANCED_FACE('',(#13244),#13263,.T.);
#13244 = FACE_BOUND('',#13245,.T.);
#13245 = EDGE_LOOP('',(#13246,#13247,#13256));
#13246 = ORIENTED_EDGE('',*,*,#12867,.T.);
#13247 = ORIENTED_EDGE('',*,*,#13248,.T.);
#13248 = EDGE_CURVE('',#12860,#13249,#13251,.T.);
#13249 = VERTEX_POINT('',#13250);
#13250 = CARTESIAN_POINT('',(80.5,42.5,19.));
#13251 = CIRCLE('',#13252,3.);
#13252 = AXIS2_PLACEMENT_3D('',#13253,#13254,#13255);
#13253 = CARTESIAN_POINT('',(80.5,42.5,16.));
#13254 = DIRECTION('',(1.,-0.,0.));
#13255 = DIRECTION('',(0.,1.1E-16,-1.));
#13256 = ORIENTED_EDGE('',*,*,#13257,.F.);
#13257 = EDGE_CURVE('',#12868,#13249,#13258,.T.);
#13258 = CIRCLE('',#13259,3.);
#13259 = AXIS2_PLACEMENT_3D('',#13260,#13261,#13262);
#13260 = CARTESIAN_POINT('',(80.5,42.5,16.));
#13261 = DIRECTION('',(0.,-1.,0.));
#13262 = DIRECTION('',(1.1E-16,0.,-1.));
#13263 = SPHERICAL_SURFACE('',#13264,3.);
#13264 = AXIS2_PLACEMENT_3D('',#13265,#13266,#13267);
#13265 = CARTESIAN_POINT('',(80.5,42.5,16.));
#13266 = DIRECTION('',(0.,0.707106781187,-0.707106781187));
#13267 = DIRECTION('',(-0.57735026919,-0.57735026919,-0.57735026919));
#13268 = ADVANCED_FACE('',(#13269),#13288,.T.);
#13269 = FACE_BOUND('',#13270,.F.);
#13270 = EDGE_LOOP('',(#13271,#13272,#13273,#13281));
#13271 = ORIENTED_EDGE('',*,*,#12893,.F.);
#13272 = ORIENTED_EDGE('',*,*,#13248,.T.);
#13273 = ORIENTED_EDGE('',*,*,#13274,.T.);
#13274 = EDGE_CURVE('',#13249,#13275,#13277,.T.);
#13275 = VERTEX_POINT('',#13276);
#13276 = CARTESIAN_POINT('',(-80.5,42.5,19.));
#13277 = LINE('',#13278,#13279);
#13278 = CARTESIAN_POINT('',(80.5,42.5,19.));
#13279 = VECTOR('',#13280,1.);
#13280 = DIRECTION('',(-1.,0.,0.));
#13281 = ORIENTED_EDGE('',*,*,#13282,.F.);
#13282 = EDGE_CURVE('',#12894,#13275,#13283,.T.);
#13283 = CIRCLE('',#13284,3.);
#13284 = AXIS2_PLACEMENT_3D('',#13285,#13286,#13287);
#13285 = CARTESIAN_POINT('',(-80.5,42.5,16.));
#13286 = DIRECTION('',(1.,-0.,0.));
#13287 = DIRECTION('',(0.,1.1E-16,-1.));
#13288 = CYLINDRICAL_SURFACE('',#13289,3.);
#13289 = AXIS2_PLACEMENT_3D('',#13290,#13291,#13292);
#13290 = CARTESIAN_POINT('',(80.5,42.5,16.));
#13291 = DIRECTION('',(-1.,0.,0.));
#13292 = DIRECTION('',(0.,1.1E-16,-1.));
#13293 = ADVANCED_FACE('',(#13294),#13305,.T.);
#13294 = FACE_BOUND('',#13295,.T.);
#13295 = EDGE_LOOP('',(#13296,#13297,#13304));
#13296 = ORIENTED_EDGE('',*,*,#12916,.F.);
#13297 = ORIENTED_EDGE('',*,*,#13298,.T.);
#13298 = EDGE_CURVE('',#12917,#13275,#13299,.T.);
#13299 = CIRCLE('',#13300,3.);
#13300 = AXIS2_PLACEMENT_3D('',#13301,#13302,#13303);
#13301 = CARTESIAN_POINT('',(-80.5,42.5,16.));
#13302 = DIRECTION('',(0.,1.,0.));
#13303 = DIRECTION('',(-1.1E-16,0.,-1.));
#13304 = ORIENTED_EDGE('',*,*,#13282,.F.);
#13305 = SPHERICAL_SURFACE('',#13306,3.);
#13306 = AXIS2_PLACEMENT_3D('',#13307,#13308,#13309);
#13307 = CARTESIAN_POINT('',(-80.5,42.5,16.));
#13308 = DIRECTION('',(0.,-0.707106781187,0.707106781187));
#13309 = DIRECTION('',(0.57735026919,-0.57735026919,-0.57735026919));
#13310 = ADVANCED_FACE('',(#13311),#13330,.T.);
#13311 = FACE_BOUND('',#13312,.F.);
#13312 = EDGE_LOOP('',(#13313,#13314,#13315,#13323));
#13313 = ORIENTED_EDGE('',*,*,#12941,.F.);
#13314 = ORIENTED_EDGE('',*,*,#13298,.T.);
#13315 = ORIENTED_EDGE('',*,*,#13316,.T.);
#13316 = EDGE_CURVE('',#13275,#13317,#13319,.T.);
#13317 = VERTEX_POINT('',#13318);
#13318 = CARTESIAN_POINT('',(-80.5,-42.5,19.));
#13319 = LINE('',#13320,#13321);
#13320 = CARTESIAN_POINT('',(-80.5,42.5,19.));
#13321 = VECTOR('',#13322,1.);
#13322 = DIRECTION('',(0.,-1.,0.));
#13323 = ORIENTED_EDGE('',*,*,#13324,.F.);
#13324 = EDGE_CURVE('',#12942,#13317,#13325,.T.);
#13325 = CIRCLE('',#13326,3.);
#13326 = AXIS2_PLACEMENT_3D('',#13327,#13328,#13329);
#13327 = CARTESIAN_POINT('',(-80.5,-42.5,16.));
#13328 = DIRECTION('',(0.,1.,0.));
#13329 = DIRECTION('',(-1.1E-16,0.,-1.));
#13330 = CYLINDRICAL_SURFACE('',#13331,3.);
#13331 = AXIS2_PLACEMENT_3D('',#13332,#13333,#13334);
#13332 = CARTESIAN_POINT('',(-80.5,42.5,16.));
#13333 = DIRECTION('',(0.,-1.,0.));
#13334 = DIRECTION('',(-1.1E-16,-0.,-1.));
#13335 = ADVANCED_FACE('',(#13336),#13347,.T.);
#13336 = FACE_BOUND('',#13337,.T.);
#13337 = EDGE_LOOP('',(#13338,#13339,#13346));
#13338 = ORIENTED_EDGE('',*,*,#12972,.T.);
#13339 = ORIENTED_EDGE('',*,*,#13340,.T.);
#13340 = EDGE_CURVE('',#12965,#13317,#13341,.T.);
#13341 = CIRCLE('',#13342,3.);
#13342 = AXIS2_PLACEMENT_3D('',#13343,#13344,#13345);
#13343 = CARTESIAN_POINT('',(-80.5,-42.5,16.));
#13344 = DIRECTION('',(-1.,-0.,0.));
#13345 = DIRECTION('',(0.,-1.1E-16,-1.));
#13346 = ORIENTED_EDGE('',*,*,#13324,.F.);
#13347 = SPHERICAL_SURFACE('',#13348,3.);
#13348 = AXIS2_PLACEMENT_3D('',#13349,#13350,#13351);
#13349 = CARTESIAN_POINT('',(-80.5,-42.5,16.));
#13350 = DIRECTION('',(-0.,-0.707106781187,-0.707106781187));
#13351 = DIRECTION('',(0.57735026919,0.57735026919,-0.57735026919));
#13352 = ADVANCED_FACE('',(#13353),#13372,.T.);
#13353 = FACE_BOUND('',#13354,.F.);
#13354 = EDGE_LOOP('',(#13355,#13356,#13357,#13365));
#13355 = ORIENTED_EDGE('',*,*,#12999,.F.);
#13356 = ORIENTED_EDGE('',*,*,#13340,.T.);
#13357 = ORIENTED_EDGE('',*,*,#13358,.T.);
#13358 = EDGE_CURVE('',#13317,#13359,#13361,.T.);
#13359 = VERTEX_POINT('',#13360);
#13360 = CARTESIAN_POINT('',(80.5,-42.5,19.));
#13361 = LINE('',#13362,#13363);
#13362 = CARTESIAN_POINT('',(-80.5,-42.5,19.));
#13363 = VECTOR('',#13364,1.);
#13364 = DIRECTION('',(1.,0.,0.));
#13365 = ORIENTED_EDGE('',*,*,#13366,.F.);
#13366 = EDGE_CURVE('',#12990,#13359,#13367,.T.);
#13367 = CIRCLE('',#13368,3.);
#13368 = AXIS2_PLACEMENT_3D('',#13369,#13370,#13371);
#13369 = CARTESIAN_POINT('',(80.5,-42.5,16.));
#13370 = DIRECTION('',(-1.,-0.,0.));
#13371 = DIRECTION('',(0.,-1.1E-16,-1.));
#13372 = CYLINDRICAL_SURFACE('',#13373,3.);
#13373 = AXIS2_PLACEMENT_3D('',#13374,#13375,#13376);
#13374 = CARTESIAN_POINT('',(-80.5,-42.5,16.));
#13375 = DIRECTION('',(1.,0.,0.));
#13376 = DIRECTION('',(0.,-1.1E-16,-1.));
#13377 = ADVANCED_FACE('',(#13378),#13389,.T.);
#13378 = FACE_BOUND('',#13379,.T.);
#13379 = EDGE_LOOP('',(#13380,#13381,#13388));
#13380 = ORIENTED_EDGE('',*,*,#13021,.T.);
#13381 = ORIENTED_EDGE('',*,*,#13382,.T.);
#13382 = EDGE_CURVE('',#13014,#13359,#13383,.T.);
#13383 = CIRCLE('',#13384,3.);
#13384 = AXIS2_PLACEMENT_3D('',#13385,#13386,#13387);
#13385 = CARTESIAN_POINT('',(80.5,-42.5,16.));
#13386 = DIRECTION('',(0.,-1.,0.));
#13387 = DIRECTION('',(1.1E-16,0.,-1.));
#13388 = ORIENTED_EDGE('',*,*,#13366,.F.);
#13389 = SPHERICAL_SURFACE('',#13390,3.);
#13390 = AXIS2_PLACEMENT_3D('',#13391,#13392,#13393);
#13391 = CARTESIAN_POINT('',(80.5,-42.5,16.));
#13392 = DIRECTION('',(0.707106781187,0.,-0.707106781187));
#13393 = DIRECTION('',(-0.57735026919,0.57735026919,-0.57735026919));
#13394 = ADVANCED_FACE('',(#13395),#13406,.T.);
#13395 = FACE_BOUND('',#13396,.F.);
#13396 = EDGE_LOOP('',(#13397,#13398,#13399,#13405));
#13397 = ORIENTED_EDGE('',*,*,#13041,.F.);
#13398 = ORIENTED_EDGE('',*,*,#13382,.T.);
#13399 = ORIENTED_EDGE('',*,*,#13400,.T.);
#13400 = EDGE_CURVE('',#13359,#13249,#13401,.T.);
#13401 = LINE('',#13402,#13403);
#13402 = CARTESIAN_POINT('',(80.5,-42.5,19.));
#13403 = VECTOR('',#13404,1.);
#13404 = DIRECTION('',(0.,1.,0.));
#13405 = ORIENTED_EDGE('',*,*,#13257,.F.);
#13406 = CYLINDRICAL_SURFACE('',#13407,3.);
#13407 = AXIS2_PLACEMENT_3D('',#13408,#13409,#13410);
#13408 = CARTESIAN_POINT('',(80.5,-42.5,16.));
#13409 = DIRECTION('',(0.,1.,0.));
#13410 = DIRECTION('',(1.1E-16,0.,-1.));
#13411 = ADVANCED_FACE('',(#13412,#13418,#13424),#13430,.T.);
#13412 = FACE_BOUND('',#13413,.T.);
#13413 = EDGE_LOOP('',(#13414,#13415,#13416,#13417));
#13414 = ORIENTED_EDGE('',*,*,#13316,.T.);
#13415 = ORIENTED_EDGE('',*,*,#13358,.T.);
#13416 = ORIENTED_EDGE('',*,*,#13400,.T.);
#13417 = ORIENTED_EDGE('',*,*,#13274,.T.);
#13418 = FACE_BOUND('',#13419,.T.);
#13419 = EDGE_LOOP('',(#13420,#13421,#13422,#13423));
#13420 = ORIENTED_EDGE('',*,*,#13055,.F.);
#13421 = ORIENTED_EDGE('',*,*,#13134,.F.);
#13422 = ORIENTED_EDGE('',*,*,#13110,.F.);
#13423 = ORIENTED_EDGE('',*,*,#13086,.F.);
#13424 = FACE_BOUND('',#13425,.T.);
#13425 = EDGE_LOOP('',(#13426,#13427,#13428,#13429));
#13426 = ORIENTED_EDGE('',*,*,#13151,.F.);
#13427 = ORIENTED_EDGE('',*,*,#13230,.F.);
#13428 = ORIENTED_EDGE('',*,*,#13206,.F.);
#13429 = ORIENTED_EDGE('',*,*,#13182,.F.);
#13430 = PLANE('',#13431);
#13431 = AXIS2_PLACEMENT_3D('',#13432,#13433,#13434);
#13432 = CARTESIAN_POINT('',(0.,0.,19.));
#13433 = DIRECTION('',(0.,0.,1.));
#13434 = DIRECTION('',(1.,0.,0.));
#13435 = ( GEOMETRIC_REPRESENTATION_CONTEXT(3) 
GLOBAL_UNCERTAINTY_ASSIGNED_CONTEXT((#13439)) 
GLOBAL_UNIT_ASSIGNED_CONTEXT((#13436,#13437,#13438)) 
REPRESENTATION_CONTEXT('Context #1',
  '3D Context with UNIT and UNCERTAINTY') );
#13436 = ( LENGTH_UNIT() NAMED_UNIT(*) SI_UNIT(.MILLI.,.METRE.) );
#13437 = ( NAMED_UNIT(*) PLANE_ANGLE_UNIT() SI_UNIT($,.RADIAN.) );
#13438 = ( NAMED_UNIT(*) SI_UNIT($,.STERADIAN.) SOLID_ANGLE_UNIT() );
#13439 = UNCERTAINTY_MEASURE_WITH_UNIT(LENGTH_MEASURE(2.E-05),#13436,
  'distance_accuracy_value','confusion accuracy');
#13440 = CONTEXT_DEPENDENT_SHAPE_REPRESENTATION(#13441,#13443);
#13441 = ( REPRESENTATION_RELATIONSHIP('','',#12566,#10) 
REPRESENTATION_RELATIONSHIP_WITH_TRANSFORMATION(#13442) 
SHAPE_REPRESENTATION_RELATIONSHIP() );
#13442 = ITEM_DEFINED_TRANSFORMATION('','',#11,#43);
#13443 = PRODUCT_DEFINITION_SHAPE('Placement','Placement of an item',
  #13444);
#13444 = NEXT_ASSEMBLY_USAGE_OCCURRENCE('8','Pocket','',#5,#12561,$);
#13445 = PRODUCT_RELATED_PRODUCT_CATEGORY('part',$,(#12563));
#13446 = SHAPE_DEFINITION_REPRESENTATION(#13447,#13453);
#13447 = PRODUCT_DEFINITION_SHAPE('','',#13448);
#13448 = PRODUCT_DEFINITION('design','',#13449,#13452);
#13449 = PRODUCT_DEFINITION_FORMATION('','',#13450);
#13450 = PRODUCT('ShapeString','ShapeString','',(#13451));
#13451 = PRODUCT_CONTEXT('',#2,'mechanical');
#13452 = PRODUCT_DEFINITION_CONTEXT('part definition',#2,'design');
#13453 = SHAPE_REPRESENTATION('',(#11,#13454,#13594,#13734,#13848,#13954
    ,#14150,#14304,#14444,#14534,#14608,#14804,#14944),#15002);
#13454 = SHELL_BASED_SURFACE_MODEL('',(#13455));
#13455 = OPEN_SHELL('',(#13456));
#13456 = ADVANCED_FACE('',(#13457,#13531),#13589,.T.);
#13457 = FACE_BOUND('',#13458,.T.);
#13458 = EDGE_LOOP('',(#13459,#13469,#13477,#13485,#13493,#13501,#13509,
    #13517,#13525));
#13459 = ORIENTED_EDGE('',*,*,#13460,.F.);
#13460 = EDGE_CURVE('',#13461,#13463,#13465,.T.);
#13461 = VERTEX_POINT('',#13462);
#13462 = CARTESIAN_POINT('',(9.999999994736E-08,8.,0.));
#13463 = VERTEX_POINT('',#13464);
#13464 = CARTESIAN_POINT('',(2.169642957143,8.,0.));
#13465 = LINE('',#13466,#13467);
#13466 = CARTESIAN_POINT('',(9.999999983634E-08,8.,0.));
#13467 = VECTOR('',#13468,1.);
#13468 = DIRECTION('',(1.,0.,0.));
#13469 = ORIENTED_EDGE('',*,*,#13470,.F.);
#13470 = EDGE_CURVE('',#13471,#13461,#13473,.T.);
#13471 = VERTEX_POINT('',#13472);
#13472 = CARTESIAN_POINT('',(9.999999994736E-08,0.,0.));
#13473 = LINE('',#13474,#13475);
#13474 = CARTESIAN_POINT('',(9.999999983634E-08,0.,0.));
#13475 = VECTOR('',#13476,1.);
#13476 = DIRECTION('',(0.,1.,0.));
#13477 = ORIENTED_EDGE('',*,*,#13478,.F.);
#13478 = EDGE_CURVE('',#13479,#13471,#13481,.T.);
#13479 = VERTEX_POINT('',#13480);
#13480 = CARTESIAN_POINT('',(1.580357242857,0.,0.));
#13481 = LINE('',#13482,#13483);
#13482 = CARTESIAN_POINT('',(1.580357242857,0.,0.));
#13483 = VECTOR('',#13484,1.);
#13484 = DIRECTION('',(-1.,0.,0.));
#13485 = ORIENTED_EDGE('',*,*,#13486,.F.);
#13486 = EDGE_CURVE('',#13487,#13479,#13489,.T.);
#13487 = VERTEX_POINT('',#13488);
#13488 = CARTESIAN_POINT('',(1.580357242857,2.994285714286,0.));
#13489 = LINE('',#13490,#13491);
#13490 = CARTESIAN_POINT('',(1.580357242857,2.994285714286,0.));
#13491 = VECTOR('',#13492,1.);
#13492 = DIRECTION('',(0.,-1.,0.));
#13493 = ORIENTED_EDGE('',*,*,#13494,.F.);
#13494 = EDGE_CURVE('',#13495,#13487,#13497,.T.);
#13495 = VERTEX_POINT('',#13496);
#13496 = CARTESIAN_POINT('',(2.169642957143,2.994285714286,0.));
#13497 = LINE('',#13498,#13499);
#13498 = CARTESIAN_POINT('',(2.169642957143,2.994285714286,0.));
#13499 = VECTOR('',#13500,1.);
#13500 = DIRECTION('',(-1.,0.,0.));
#13501 = ORIENTED_EDGE('',*,*,#13502,.F.);
#13502 = EDGE_CURVE('',#13503,#13495,#13505,.T.);
#13503 = VERTEX_POINT('',#13504);
#13504 = CARTESIAN_POINT('',(4.550714385714,3.583571428571,0.));
#13505 = B_SPLINE_CURVE_WITH_KNOTS('',2,(#13506,#13507,#13508),
  .UNSPECIFIED.,.F.,.F.,(3,3),(0.,1.),.PIECEWISE_BEZIER_KNOTS.);
#13506 = CARTESIAN_POINT('',(4.550714385714,3.583571428571,0.));
#13507 = CARTESIAN_POINT('',(3.8250001,2.994285714286,0.));
#13508 = CARTESIAN_POINT('',(2.169642957143,2.994285714286,0.));
#13509 = ORIENTED_EDGE('',*,*,#13510,.F.);
#13510 = EDGE_CURVE('',#13511,#13503,#13513,.T.);
#13511 = VERTEX_POINT('',#13512);
#13512 = CARTESIAN_POINT('',(5.276785814286,5.497142857143,0.));
#13513 = B_SPLINE_CURVE_WITH_KNOTS('',2,(#13514,#13515,#13516),
  .UNSPECIFIED.,.F.,.F.,(3,3),(0.,1.),.PIECEWISE_BEZIER_KNOTS.);
#13514 = CARTESIAN_POINT('',(5.276785814286,5.497142857143,0.));
#13515 = CARTESIAN_POINT('',(5.276785814286,4.173214285714,0.));
#13516 = CARTESIAN_POINT('',(4.550714385714,3.583571428571,0.));
#13517 = ORIENTED_EDGE('',*,*,#13518,.F.);
#13518 = EDGE_CURVE('',#13519,#13511,#13521,.T.);
#13519 = VERTEX_POINT('',#13520);
#13520 = CARTESIAN_POINT('',(4.550714385714,7.410357142857,0.));
#13521 = B_SPLINE_CURVE_WITH_KNOTS('',2,(#13522,#13523,#13524),
  .UNSPECIFIED.,.F.,.F.,(3,3),(0.,1.),.PIECEWISE_BEZIER_KNOTS.);
#13522 = CARTESIAN_POINT('',(4.550714385714,7.410357142857,0.));
#13523 = CARTESIAN_POINT('',(5.276785814286,6.821071428571,0.));
#13524 = CARTESIAN_POINT('',(5.276785814286,5.497142857143,0.));
#13525 = ORIENTED_EDGE('',*,*,#13526,.F.);
#13526 = EDGE_CURVE('',#13463,#13519,#13527,.T.);
#13527 = B_SPLINE_CURVE_WITH_KNOTS('',2,(#13528,#13529,#13530),
  .UNSPECIFIED.,.F.,.F.,(3,3),(0.,1.),.PIECEWISE_BEZIER_KNOTS.);
#13528 = CARTESIAN_POINT('',(2.169642957143,8.,0.));
#13529 = CARTESIAN_POINT('',(3.8250001,8.,0.));
#13530 = CARTESIAN_POINT('',(4.550714385714,7.410357142857,0.));
#13531 = FACE_BOUND('',#13532,.T.);
#13532 = EDGE_LOOP('',(#13533,#13543,#13551,#13559,#13567,#13575,#13583)
  );
#13533 = ORIENTED_EDGE('',*,*,#13534,.F.);
#13534 = EDGE_CURVE('',#13535,#13537,#13539,.T.);
#13535 = VERTEX_POINT('',#13536);
#13536 = CARTESIAN_POINT('',(1.580357242857,6.674285714286,0.));
#13537 = VERTEX_POINT('',#13538);
#13538 = CARTESIAN_POINT('',(1.580357242857,4.32,0.));
#13539 = LINE('',#13540,#13541);
#13540 = CARTESIAN_POINT('',(1.580357242857,6.674285714286,0.));
#13541 = VECTOR('',#13542,1.);
#13542 = DIRECTION('',(0.,-1.,0.));
#13543 = ORIENTED_EDGE('',*,*,#13544,.F.);
#13544 = EDGE_CURVE('',#13545,#13535,#13547,.T.);
#13545 = VERTEX_POINT('',#13546);
#13546 = CARTESIAN_POINT('',(2.228571528571,6.674285714286,0.));
#13547 = LINE('',#13548,#13549);
#13548 = CARTESIAN_POINT('',(2.228571528571,6.674285714286,0.));
#13549 = VECTOR('',#13550,1.);
#13550 = DIRECTION('',(-1.,0.,0.));
#13551 = ORIENTED_EDGE('',*,*,#13552,.F.);
#13552 = EDGE_CURVE('',#13553,#13545,#13555,.T.);
#13553 = VERTEX_POINT('',#13554);
#13554 = CARTESIAN_POINT('',(3.318571528571,6.410714285714,0.));
#13555 = B_SPLINE_CURVE_WITH_KNOTS('',2,(#13556,#13557,#13558),
  .UNSPECIFIED.,.F.,.F.,(3,3),(0.,1.),.PIECEWISE_BEZIER_KNOTS.);
#13556 = CARTESIAN_POINT('',(3.318571528571,6.410714285714,0.));
#13557 = CARTESIAN_POINT('',(3.005357242857,6.674285714286,0.));
#13558 = CARTESIAN_POINT('',(2.228571528571,6.674285714286,0.));
#13559 = ORIENTED_EDGE('',*,*,#13560,.F.);
#13560 = EDGE_CURVE('',#13561,#13553,#13563,.T.);
#13561 = VERTEX_POINT('',#13562);
#13562 = CARTESIAN_POINT('',(3.632142957143,5.497142857143,0.));
#13563 = B_SPLINE_CURVE_WITH_KNOTS('',2,(#13564,#13565,#13566),
  .UNSPECIFIED.,.F.,.F.,(3,3),(0.,1.),.PIECEWISE_BEZIER_KNOTS.);
#13564 = CARTESIAN_POINT('',(3.632142957143,5.497142857143,0.));
#13565 = CARTESIAN_POINT('',(3.632142957143,6.1475,0.));
#13566 = CARTESIAN_POINT('',(3.318571528571,6.410714285714,0.));
#13567 = ORIENTED_EDGE('',*,*,#13568,.F.);
#13568 = EDGE_CURVE('',#13569,#13561,#13571,.T.);
#13569 = VERTEX_POINT('',#13570);
#13570 = CARTESIAN_POINT('',(3.318571528571,4.583214285714,0.));
#13571 = B_SPLINE_CURVE_WITH_KNOTS('',2,(#13572,#13573,#13574),
  .UNSPECIFIED.,.F.,.F.,(3,3),(0.,1.),.PIECEWISE_BEZIER_KNOTS.);
#13572 = CARTESIAN_POINT('',(3.318571528571,4.583214285714,0.));
#13573 = CARTESIAN_POINT('',(3.632142957143,4.846785714286,0.));
#13574 = CARTESIAN_POINT('',(3.632142957143,5.497142857143,0.));
#13575 = ORIENTED_EDGE('',*,*,#13576,.F.);
#13576 = EDGE_CURVE('',#13577,#13569,#13579,.T.);
#13577 = VERTEX_POINT('',#13578);
#13578 = CARTESIAN_POINT('',(2.228571528571,4.32,0.));
#13579 = B_SPLINE_CURVE_WITH_KNOTS('',2,(#13580,#13581,#13582),
  .UNSPECIFIED.,.F.,.F.,(3,3),(0.,1.),.PIECEWISE_BEZIER_KNOTS.);
#13580 = CARTESIAN_POINT('',(2.228571528571,4.32,0.));
#13581 = CARTESIAN_POINT('',(3.005357242857,4.32,0.));
#13582 = CARTESIAN_POINT('',(3.318571528571,4.583214285714,0.));
#13583 = ORIENTED_EDGE('',*,*,#13584,.F.);
#13584 = EDGE_CURVE('',#13537,#13577,#13585,.T.);
#13585 = LINE('',#13586,#13587);
#13586 = CARTESIAN_POINT('',(1.580357242857,4.32,0.));
#13587 = VECTOR('',#13588,1.);
#13588 = DIRECTION('',(1.,0.,0.));
#13589 = PLANE('',#13590);
#13590 = AXIS2_PLACEMENT_3D('',#13591,#13592,#13593);
#13591 = CARTESIAN_POINT('',(2.06333070458,4.611950524945,0.));
#13592 = DIRECTION('',(0.,0.,1.));
#13593 = DIRECTION('',(1.,0.,0.));
#13594 = SHELL_BASED_SURFACE_MODEL('',(#13595));
#13595 = OPEN_SHELL('',(#13596));
#13596 = ADVANCED_FACE('',(#13597,#13663),#13729,.T.);
#13597 = FACE_BOUND('',#13598,.T.);
#13598 = EDGE_LOOP('',(#13599,#13609,#13617,#13625,#13633,#13641,#13649,
    #13657));
#13599 = ORIENTED_EDGE('',*,*,#13600,.F.);
#13600 = EDGE_CURVE('',#13601,#13603,#13605,.T.);
#13601 = VERTEX_POINT('',#13602);
#13602 = CARTESIAN_POINT('',(6.230714385714,3.986071428571,0.));
#13603 = VERTEX_POINT('',#13604);
#13604 = CARTESIAN_POINT('',(6.940357242857,7.087142857143,0.));
#13605 = B_SPLINE_CURVE_WITH_KNOTS('',2,(#13606,#13607,#13608),
  .UNSPECIFIED.,.F.,.F.,(3,3),(0.,1.),.PIECEWISE_BEZIER_KNOTS.);
#13606 = CARTESIAN_POINT('',(6.230714385714,3.986071428571,0.));
#13607 = CARTESIAN_POINT('',(6.230714385714,6.0375,0.));
#13608 = CARTESIAN_POINT('',(6.940357242857,7.087142857143,0.));
#13609 = ORIENTED_EDGE('',*,*,#13610,.F.);
#13610 = EDGE_CURVE('',#13611,#13601,#13613,.T.);
#13611 = VERTEX_POINT('',#13612);
#13612 = CARTESIAN_POINT('',(6.940357242857,0.889642857143,0.));
#13613 = B_SPLINE_CURVE_WITH_KNOTS('',2,(#13614,#13615,#13616),
  .UNSPECIFIED.,.F.,.F.,(3,3),(0.,1.),.PIECEWISE_BEZIER_KNOTS.);
#13614 = CARTESIAN_POINT('',(6.940357242857,0.889642857143,0.));
#13615 = CARTESIAN_POINT('',(6.230714385714,1.939642857143,0.));
#13616 = CARTESIAN_POINT('',(6.230714385714,3.986071428571,0.));
#13617 = ORIENTED_EDGE('',*,*,#13618,.F.);
#13618 = EDGE_CURVE('',#13619,#13611,#13621,.T.);
#13619 = VERTEX_POINT('',#13620);
#13620 = CARTESIAN_POINT('',(9.037857242857,-0.16,0.));
#13621 = B_SPLINE_CURVE_WITH_KNOTS('',2,(#13622,#13623,#13624),
  .UNSPECIFIED.,.F.,.F.,(3,3),(0.,1.),.PIECEWISE_BEZIER_KNOTS.);
#13622 = CARTESIAN_POINT('',(9.037857242857,-0.16,0.));
#13623 = CARTESIAN_POINT('',(7.650357242857,-0.16,0.));
#13624 = CARTESIAN_POINT('',(6.940357242857,0.889642857143,0.));
#13625 = ORIENTED_EDGE('',*,*,#13626,.F.);
#13626 = EDGE_CURVE('',#13627,#13619,#13629,.T.);
#13627 = VERTEX_POINT('',#13628);
#13628 = CARTESIAN_POINT('',(11.140357242857,0.889642857143,0.));
#13629 = B_SPLINE_CURVE_WITH_KNOTS('',2,(#13630,#13631,#13632),
  .UNSPECIFIED.,.F.,.F.,(3,3),(0.,1.),.PIECEWISE_BEZIER_KNOTS.);
#13630 = CARTESIAN_POINT('',(11.140357242857,0.889642857143,0.));
#13631 = CARTESIAN_POINT('',(10.430714385714,-0.16,0.));
#13632 = CARTESIAN_POINT('',(9.037857242857,-0.16,0.));
#13633 = ORIENTED_EDGE('',*,*,#13634,.F.);
#13634 = EDGE_CURVE('',#13635,#13627,#13637,.T.);
#13635 = VERTEX_POINT('',#13636);
#13636 = CARTESIAN_POINT('',(11.850357242857,3.986071428571,0.));
#13637 = B_SPLINE_CURVE_WITH_KNOTS('',2,(#13638,#13639,#13640),
  .UNSPECIFIED.,.F.,.F.,(3,3),(0.,1.),.PIECEWISE_BEZIER_KNOTS.);
#13638 = CARTESIAN_POINT('',(11.850357242857,3.986071428571,0.));
#13639 = CARTESIAN_POINT('',(11.850357242857,1.939642857143,0.));
#13640 = CARTESIAN_POINT('',(11.140357242857,0.889642857143,0.));
#13641 = ORIENTED_EDGE('',*,*,#13642,.F.);
#13642 = EDGE_CURVE('',#13643,#13635,#13645,.T.);
#13643 = VERTEX_POINT('',#13644);
#13644 = CARTESIAN_POINT('',(11.140357242857,7.087142857143,0.));
#13645 = B_SPLINE_CURVE_WITH_KNOTS('',2,(#13646,#13647,#13648),
  .UNSPECIFIED.,.F.,.F.,(3,3),(0.,1.),.PIECEWISE_BEZIER_KNOTS.);
#13646 = CARTESIAN_POINT('',(11.140357242857,7.087142857143,0.));
#13647 = CARTESIAN_POINT('',(11.850357242857,6.0375,0.));
#13648 = CARTESIAN_POINT('',(11.850357242857,3.986071428571,0.));
#13649 = ORIENTED_EDGE('',*,*,#13650,.F.);
#13650 = EDGE_CURVE('',#13651,#13643,#13653,.T.);
#13651 = VERTEX_POINT('',#13652);
#13652 = CARTESIAN_POINT('',(9.037857242857,8.137142857143,0.));
#13653 = B_SPLINE_CURVE_WITH_KNOTS('',2,(#13654,#13655,#13656),
  .UNSPECIFIED.,.F.,.F.,(3,3),(0.,1.),.PIECEWISE_BEZIER_KNOTS.);
#13654 = CARTESIAN_POINT('',(9.037857242857,8.137142857143,0.));
#13655 = CARTESIAN_POINT('',(10.430714385714,8.137142857143,0.));
#13656 = CARTESIAN_POINT('',(11.140357242857,7.087142857143,0.));
#13657 = ORIENTED_EDGE('',*,*,#13658,.F.);
#13658 = EDGE_CURVE('',#13603,#13651,#13659,.T.);
#13659 = B_SPLINE_CURVE_WITH_KNOTS('',2,(#13660,#13661,#13662),
  .UNSPECIFIED.,.F.,.F.,(3,3),(0.,1.),.PIECEWISE_BEZIER_KNOTS.);
#13660 = CARTESIAN_POINT('',(6.940357242857,7.087142857143,0.));
#13661 = CARTESIAN_POINT('',(7.650357242857,8.137142857143,0.));
#13662 = CARTESIAN_POINT('',(9.037857242857,8.137142857143,0.));
#13663 = FACE_BOUND('',#13664,.T.);
#13664 = EDGE_LOOP('',(#13665,#13675,#13683,#13691,#13699,#13707,#13715,
    #13723));
#13665 = ORIENTED_EDGE('',*,*,#13666,.F.);
#13666 = EDGE_CURVE('',#13667,#13669,#13671,.T.);
#13667 = VERTEX_POINT('',#13668);
#13668 = CARTESIAN_POINT('',(9.037857242857,6.72,0.));
#13669 = VERTEX_POINT('',#13670);
#13670 = CARTESIAN_POINT('',(8.153928671429,6.073928571429,0.));
#13671 = B_SPLINE_CURVE_WITH_KNOTS('',2,(#13672,#13673,#13674),
  .UNSPECIFIED.,.F.,.F.,(3,3),(0.,1.),.PIECEWISE_BEZIER_KNOTS.);
#13672 = CARTESIAN_POINT('',(9.037857242857,6.72,0.));
#13673 = CARTESIAN_POINT('',(8.4325001,6.72,0.));
#13674 = CARTESIAN_POINT('',(8.153928671429,6.073928571429,0.));
#13675 = ORIENTED_EDGE('',*,*,#13676,.F.);
#13676 = EDGE_CURVE('',#13677,#13667,#13679,.T.);
#13677 = VERTEX_POINT('',#13678);
#13678 = CARTESIAN_POINT('',(9.927142957143,6.073928571429,0.));
#13679 = B_SPLINE_CURVE_WITH_KNOTS('',2,(#13680,#13681,#13682),
  .UNSPECIFIED.,.F.,.F.,(3,3),(0.,1.),.PIECEWISE_BEZIER_KNOTS.);
#13680 = CARTESIAN_POINT('',(9.927142957143,6.073928571429,0.));
#13681 = CARTESIAN_POINT('',(9.648571528571,6.72,0.));
#13682 = CARTESIAN_POINT('',(9.037857242857,6.72,0.));
#13683 = ORIENTED_EDGE('',*,*,#13684,.F.);
#13684 = EDGE_CURVE('',#13685,#13677,#13687,.T.);
#13685 = VERTEX_POINT('',#13686);
#13686 = CARTESIAN_POINT('',(10.205714385714,3.985714285714,0.));
#13687 = B_SPLINE_CURVE_WITH_KNOTS('',2,(#13688,#13689,#13690),
  .UNSPECIFIED.,.F.,.F.,(3,3),(0.,1.),.PIECEWISE_BEZIER_KNOTS.);
#13688 = CARTESIAN_POINT('',(10.205714385714,3.985714285714,0.));
#13689 = CARTESIAN_POINT('',(10.205714385714,5.427857142857,0.));
#13690 = CARTESIAN_POINT('',(9.927142957143,6.073928571429,0.));
#13691 = ORIENTED_EDGE('',*,*,#13692,.F.);
#13692 = EDGE_CURVE('',#13693,#13685,#13695,.T.);
#13693 = VERTEX_POINT('',#13694);
#13694 = CARTESIAN_POINT('',(9.927142957143,1.903214285714,0.));
#13695 = B_SPLINE_CURVE_WITH_KNOTS('',2,(#13696,#13697,#13698),
  .UNSPECIFIED.,.F.,.F.,(3,3),(0.,1.),.PIECEWISE_BEZIER_KNOTS.);
#13696 = CARTESIAN_POINT('',(9.927142957143,1.903214285714,0.));
#13697 = CARTESIAN_POINT('',(10.205714385714,2.549285714286,0.));
#13698 = CARTESIAN_POINT('',(10.205714385714,3.985714285714,0.));
#13699 = ORIENTED_EDGE('',*,*,#13700,.F.);
#13700 = EDGE_CURVE('',#13701,#13693,#13703,.T.);
#13701 = VERTEX_POINT('',#13702);
#13702 = CARTESIAN_POINT('',(9.037857242857,1.257142857143,0.));
#13703 = B_SPLINE_CURVE_WITH_KNOTS('',2,(#13704,#13705,#13706),
  .UNSPECIFIED.,.F.,.F.,(3,3),(0.,1.),.PIECEWISE_BEZIER_KNOTS.);
#13704 = CARTESIAN_POINT('',(9.037857242857,1.257142857143,0.));
#13705 = CARTESIAN_POINT('',(9.648571528571,1.257142857143,0.));
#13706 = CARTESIAN_POINT('',(9.927142957143,1.903214285714,0.));
#13707 = ORIENTED_EDGE('',*,*,#13708,.F.);
#13708 = EDGE_CURVE('',#13709,#13701,#13711,.T.);
#13709 = VERTEX_POINT('',#13710);
#13710 = CARTESIAN_POINT('',(8.153928671429,1.903214285714,0.));
#13711 = B_SPLINE_CURVE_WITH_KNOTS('',2,(#13712,#13713,#13714),
  .UNSPECIFIED.,.F.,.F.,(3,3),(0.,1.),.PIECEWISE_BEZIER_KNOTS.);
#13712 = CARTESIAN_POINT('',(8.153928671429,1.903214285714,0.));
#13713 = CARTESIAN_POINT('',(8.4325001,1.257142857143,0.));
#13714 = CARTESIAN_POINT('',(9.037857242857,1.257142857143,0.));
#13715 = ORIENTED_EDGE('',*,*,#13716,.F.);
#13716 = EDGE_CURVE('',#13717,#13709,#13719,.T.);
#13717 = VERTEX_POINT('',#13718);
#13718 = CARTESIAN_POINT('',(7.875357242857,3.985714285714,0.));
#13719 = B_SPLINE_CURVE_WITH_KNOTS('',2,(#13720,#13721,#13722),
  .UNSPECIFIED.,.F.,.F.,(3,3),(0.,1.),.PIECEWISE_BEZIER_KNOTS.);
#13720 = CARTESIAN_POINT('',(7.875357242857,3.985714285714,0.));
#13721 = CARTESIAN_POINT('',(7.875357242857,2.549285714286,0.));
#13722 = CARTESIAN_POINT('',(8.153928671429,1.903214285714,0.));
#13723 = ORIENTED_EDGE('',*,*,#13724,.F.);
#13724 = EDGE_CURVE('',#13669,#13717,#13725,.T.);
#13725 = B_SPLINE_CURVE_WITH_KNOTS('',2,(#13726,#13727,#13728),
  .UNSPECIFIED.,.F.,.F.,(3,3),(0.,1.),.PIECEWISE_BEZIER_KNOTS.);
#13726 = CARTESIAN_POINT('',(8.153928671429,6.073928571429,0.));
#13727 = CARTESIAN_POINT('',(7.875357242857,5.427857142857,0.));
#13728 = CARTESIAN_POINT('',(7.875357242857,3.985714285714,0.));
#13729 = PLANE('',#13730);
#13730 = AXIS2_PLACEMENT_3D('',#13731,#13732,#13733);
#13731 = CARTESIAN_POINT('',(9.040399888689,3.988507574808,0.));
#13732 = DIRECTION('',(0.,0.,1.));
#13733 = DIRECTION('',(1.,0.,0.));
#13734 = SHELL_BASED_SURFACE_MODEL('',(#13735));
#13735 = OPEN_SHELL('',(#13736));
#13736 = ADVANCED_FACE('',(#13737),#13843,.T.);
#13737 = FACE_BOUND('',#13738,.T.);
#13738 = EDGE_LOOP('',(#13739,#13749,#13757,#13765,#13773,#13781,#13789,
    #13797,#13805,#13813,#13821,#13829,#13837));
#13739 = ORIENTED_EDGE('',*,*,#13740,.F.);
#13740 = EDGE_CURVE('',#13741,#13743,#13745,.T.);
#13741 = VERTEX_POINT('',#13742);
#13742 = CARTESIAN_POINT('',(12.343571528571,8.,0.));
#13743 = VERTEX_POINT('',#13744);
#13744 = CARTESIAN_POINT('',(13.725714385714,8.,0.));
#13745 = LINE('',#13746,#13747);
#13746 = CARTESIAN_POINT('',(12.343571528571,8.,0.));
#13747 = VECTOR('',#13748,1.);
#13748 = DIRECTION('',(1.,0.,0.));
#13749 = ORIENTED_EDGE('',*,*,#13750,.F.);
#13750 = EDGE_CURVE('',#13751,#13741,#13753,.T.);
#13751 = VERTEX_POINT('',#13752);
#13752 = CARTESIAN_POINT('',(13.329285814286,0.,0.));
#13753 = LINE('',#13754,#13755);
#13754 = CARTESIAN_POINT('',(13.329285814286,0.,0.));
#13755 = VECTOR('',#13756,1.);
#13756 = DIRECTION('',(-0.122289497557,0.992494472925,0.));
#13757 = ORIENTED_EDGE('',*,*,#13758,.F.);
#13758 = EDGE_CURVE('',#13759,#13751,#13761,.T.);
#13759 = VERTEX_POINT('',#13760);
#13760 = CARTESIAN_POINT('',(14.791785814286,0.,0.));
#13761 = LINE('',#13762,#13763);
#13762 = CARTESIAN_POINT('',(14.791785814286,0.,0.));
#13763 = VECTOR('',#13764,1.);
#13764 = DIRECTION('',(-1.,0.,0.));
#13765 = ORIENTED_EDGE('',*,*,#13766,.F.);
#13766 = EDGE_CURVE('',#13767,#13759,#13769,.T.);
#13767 = VERTEX_POINT('',#13768);
#13768 = CARTESIAN_POINT('',(15.643571528571,4.196428571429,0.));
#13769 = LINE('',#13770,#13771);
#13770 = CARTESIAN_POINT('',(15.643571528571,4.196428571429,0.));
#13771 = VECTOR('',#13772,1.);
#13772 = DIRECTION('',(-0.198922249381,-0.980015274729,0.));
#13773 = ORIENTED_EDGE('',*,*,#13774,.F.);
#13774 = EDGE_CURVE('',#13775,#13767,#13777,.T.);
#13775 = VERTEX_POINT('',#13776);
#13776 = CARTESIAN_POINT('',(16.554285814286,0.,0.));
#13777 = LINE('',#13778,#13779);
#13778 = CARTESIAN_POINT('',(16.554285814286,0.,0.));
#13779 = VECTOR('',#13780,1.);
#13780 = DIRECTION('',(-0.212084339089,0.977251366391,0.));
#13781 = ORIENTED_EDGE('',*,*,#13782,.F.);
#13782 = EDGE_CURVE('',#13783,#13775,#13785,.T.);
#13783 = VERTEX_POINT('',#13784);
#13784 = CARTESIAN_POINT('',(18.0275001,0.,0.));
#13785 = LINE('',#13786,#13787);
#13786 = CARTESIAN_POINT('',(18.0275001,0.,0.));
#13787 = VECTOR('',#13788,1.);
#13788 = DIRECTION('',(-1.,0.,0.));
#13789 = ORIENTED_EDGE('',*,*,#13790,.F.);
#13790 = EDGE_CURVE('',#13791,#13783,#13793,.T.);
#13791 = VERTEX_POINT('',#13792);
#13792 = CARTESIAN_POINT('',(18.948928671429,8.,0.));
#13793 = LINE('',#13794,#13795);
#13794 = CARTESIAN_POINT('',(18.948928671429,8.,0.));
#13795 = VECTOR('',#13796,1.);
#13796 = DIRECTION('',(-0.114422104277,-0.99343222318,0.));
#13797 = ORIENTED_EDGE('',*,*,#13798,.F.);
#13798 = EDGE_CURVE('',#13799,#13791,#13801,.T.);
#13799 = VERTEX_POINT('',#13800);
#13800 = CARTESIAN_POINT('',(17.556071528571,8.,0.));
#13801 = LINE('',#13802,#13803);
#13802 = CARTESIAN_POINT('',(17.556071528571,8.,0.));
#13803 = VECTOR('',#13804,1.);
#13804 = DIRECTION('',(1.,0.,0.));
#13805 = ORIENTED_EDGE('',*,*,#13806,.F.);
#13806 = EDGE_CURVE('',#13807,#13799,#13809,.T.);
#13807 = VERTEX_POINT('',#13808);
#13808 = CARTESIAN_POINT('',(17.106071528571,2.125,0.));
#13809 = LINE('',#13810,#13811);
#13810 = CARTESIAN_POINT('',(17.106071528571,2.125,0.));
#13811 = VECTOR('',#13812,1.);
#13812 = DIRECTION('',(7.637203845135E-02,0.997079390893,0.));
#13813 = ORIENTED_EDGE('',*,*,#13814,.F.);
#13814 = EDGE_CURVE('',#13815,#13807,#13817,.T.);
#13815 = VERTEX_POINT('',#13816);
#13816 = CARTESIAN_POINT('',(16.3025001,5.92,0.));
#13817 = LINE('',#13818,#13819);
#13818 = CARTESIAN_POINT('',(16.3025001,5.92,0.));
#13819 = VECTOR('',#13820,1.);
#13820 = DIRECTION('',(0.207151782016,-0.978308815869,0.));
#13821 = ORIENTED_EDGE('',*,*,#13822,.F.);
#13822 = EDGE_CURVE('',#13823,#13815,#13825,.T.);
#13823 = VERTEX_POINT('',#13824);
#13824 = CARTESIAN_POINT('',(14.9900001,5.92,0.));
#13825 = LINE('',#13826,#13827);
#13826 = CARTESIAN_POINT('',(14.9900001,5.92,0.));
#13827 = VECTOR('',#13828,1.);
#13828 = DIRECTION('',(1.,0.,0.));
#13829 = ORIENTED_EDGE('',*,*,#13830,.F.);
#13830 = EDGE_CURVE('',#13831,#13823,#13833,.T.);
#13831 = VERTEX_POINT('',#13832);
#13832 = CARTESIAN_POINT('',(14.298928671429,2.125,0.));
#13833 = LINE('',#13834,#13835);
#13834 = CARTESIAN_POINT('',(14.298928671429,2.125,0.));
#13835 = VECTOR('',#13836,1.);
#13836 = DIRECTION('',(0.179154301852,0.983820987847,0.));
#13837 = ORIENTED_EDGE('',*,*,#13838,.F.);
#13838 = EDGE_CURVE('',#13743,#13831,#13839,.T.);
#13839 = LINE('',#13840,#13841);
#13840 = CARTESIAN_POINT('',(13.725714385714,8.,0.));
#13841 = VECTOR('',#13842,1.);
#13842 = DIRECTION('',(9.710727312762E-02,-0.995273920841,0.));
#13843 = PLANE('',#13844);
#13844 = AXIS2_PLACEMENT_3D('',#13845,#13846,#13847);
#13845 = CARTESIAN_POINT('',(15.665625460605,3.966310040709,0.));
#13846 = DIRECTION('',(0.,0.,1.));
#13847 = DIRECTION('',(1.,0.,0.));
#13848 = SHELL_BASED_SURFACE_MODEL('',(#13849));
#13849 = OPEN_SHELL('',(#13850));
#13850 = ADVANCED_FACE('',(#13851),#13949,.T.);
#13851 = FACE_BOUND('',#13852,.T.);
#13852 = EDGE_LOOP('',(#13853,#13863,#13871,#13879,#13887,#13895,#13903,
    #13911,#13919,#13927,#13935,#13943));
#13853 = ORIENTED_EDGE('',*,*,#13854,.F.);
#13854 = EDGE_CURVE('',#13855,#13857,#13859,.T.);
#13855 = VERTEX_POINT('',#13856);
#13856 = CARTESIAN_POINT('',(24.831428671429,0.,0.));
#13857 = VERTEX_POINT('',#13858);
#13858 = CARTESIAN_POINT('',(19.849285814286,0.,0.));
#13859 = LINE('',#13860,#13861);
#13860 = CARTESIAN_POINT('',(24.831428671429,0.,0.));
#13861 = VECTOR('',#13862,1.);
#13862 = DIRECTION('',(-1.,0.,0.));
#13863 = ORIENTED_EDGE('',*,*,#13864,.F.);
#13864 = EDGE_CURVE('',#13865,#13855,#13867,.T.);
#13865 = VERTEX_POINT('',#13866);
#13866 = CARTESIAN_POINT('',(24.831428671429,1.394285714286,0.));
#13867 = LINE('',#13868,#13869);
#13868 = CARTESIAN_POINT('',(24.831428671429,1.394285714286,0.));
#13869 = VECTOR('',#13870,1.);
#13870 = DIRECTION('',(0.,-1.,0.));
#13871 = ORIENTED_EDGE('',*,*,#13872,.F.);
#13872 = EDGE_CURVE('',#13873,#13865,#13875,.T.);
#13873 = VERTEX_POINT('',#13874);
#13874 = CARTESIAN_POINT('',(21.429642957143,1.394285714286,0.));
#13875 = LINE('',#13876,#13877);
#13876 = CARTESIAN_POINT('',(21.429642957143,1.394285714286,0.));
#13877 = VECTOR('',#13878,1.);
#13878 = DIRECTION('',(1.,0.,0.));
#13879 = ORIENTED_EDGE('',*,*,#13880,.F.);
#13880 = EDGE_CURVE('',#13881,#13873,#13883,.T.);
#13881 = VERTEX_POINT('',#13882);
#13882 = CARTESIAN_POINT('',(21.429642957143,3.497142857143,0.));
#13883 = LINE('',#13884,#13885);
#13884 = CARTESIAN_POINT('',(21.429642957143,3.497142857143,0.));
#13885 = VECTOR('',#13886,1.);
#13886 = DIRECTION('',(0.,-1.,0.));
#13887 = ORIENTED_EDGE('',*,*,#13888,.F.);
#13888 = EDGE_CURVE('',#13889,#13881,#13891,.T.);
#13889 = VERTEX_POINT('',#13890);
#13890 = CARTESIAN_POINT('',(24.5100001,3.497142857143,0.));
#13891 = LINE('',#13892,#13893);
#13892 = CARTESIAN_POINT('',(24.5100001,3.497142857143,0.));
#13893 = VECTOR('',#13894,1.);
#13894 = DIRECTION('',(-1.,0.,0.));
#13895 = ORIENTED_EDGE('',*,*,#13896,.F.);
#13896 = EDGE_CURVE('',#13897,#13889,#13899,.T.);
#13897 = VERTEX_POINT('',#13898);
#13898 = CARTESIAN_POINT('',(24.5100001,4.891428571429,0.));
#13899 = LINE('',#13900,#13901);
#13900 = CARTESIAN_POINT('',(24.5100001,4.891428571429,0.));
#13901 = VECTOR('',#13902,1.);
#13902 = DIRECTION('',(0.,-1.,0.));
#13903 = ORIENTED_EDGE('',*,*,#13904,.F.);
#13904 = EDGE_CURVE('',#13905,#13897,#13907,.T.);
#13905 = VERTEX_POINT('',#13906);
#13906 = CARTESIAN_POINT('',(21.429642957143,4.891428571429,0.));
#13907 = LINE('',#13908,#13909);
#13908 = CARTESIAN_POINT('',(21.429642957143,4.891428571429,0.));
#13909 = VECTOR('',#13910,1.);
#13910 = DIRECTION('',(1.,0.,0.));
#13911 = ORIENTED_EDGE('',*,*,#13912,.F.);
#13912 = EDGE_CURVE('',#13913,#13905,#13915,.T.);
#13913 = VERTEX_POINT('',#13914);
#13914 = CARTESIAN_POINT('',(21.429642957143,6.605714285714,0.));
#13915 = LINE('',#13916,#13917);
#13916 = CARTESIAN_POINT('',(21.429642957143,6.605714285714,0.));
#13917 = VECTOR('',#13918,1.);
#13918 = DIRECTION('',(0.,-1.,0.));
#13919 = ORIENTED_EDGE('',*,*,#13920,.F.);
#13920 = EDGE_CURVE('',#13921,#13913,#13923,.T.);
#13921 = VERTEX_POINT('',#13922);
#13922 = CARTESIAN_POINT('',(24.831428671429,6.605714285714,0.));
#13923 = LINE('',#13924,#13925);
#13924 = CARTESIAN_POINT('',(24.831428671429,6.605714285714,0.));
#13925 = VECTOR('',#13926,1.);
#13926 = DIRECTION('',(-1.,0.,0.));
#13927 = ORIENTED_EDGE('',*,*,#13928,.F.);
#13928 = EDGE_CURVE('',#13929,#13921,#13931,.T.);
#13929 = VERTEX_POINT('',#13930);
#13930 = CARTESIAN_POINT('',(24.831428671429,8.,0.));
#13931 = LINE('',#13932,#13933);
#13932 = CARTESIAN_POINT('',(24.831428671429,8.,0.));
#13933 = VECTOR('',#13934,1.);
#13934 = DIRECTION('',(0.,-1.,0.));
#13935 = ORIENTED_EDGE('',*,*,#13936,.F.);
#13936 = EDGE_CURVE('',#13937,#13929,#13939,.T.);
#13937 = VERTEX_POINT('',#13938);
#13938 = CARTESIAN_POINT('',(19.849285814286,8.,0.));
#13939 = LINE('',#13940,#13941);
#13940 = CARTESIAN_POINT('',(19.849285814286,8.,0.));
#13941 = VECTOR('',#13942,1.);
#13942 = DIRECTION('',(1.,0.,0.));
#13943 = ORIENTED_EDGE('',*,*,#13944,.F.);
#13944 = EDGE_CURVE('',#13857,#13937,#13945,.T.);
#13945 = LINE('',#13946,#13947);
#13946 = CARTESIAN_POINT('',(19.849285814286,0.,0.));
#13947 = VECTOR('',#13948,1.);
#13948 = DIRECTION('',(0.,1.,0.));
#13949 = PLANE('',#13950);
#13950 = AXIS2_PLACEMENT_3D('',#13951,#13952,#13953);
#13951 = CARTESIAN_POINT('',(22.232999608519,4.030747051114,0.));
#13952 = DIRECTION('',(0.,0.,1.));
#13953 = DIRECTION('',(1.,0.,0.));
#13954 = SHELL_BASED_SURFACE_MODEL('',(#13955));
#13955 = OPEN_SHELL('',(#13956));
#13956 = ADVANCED_FACE('',(#13957,#14087),#14145,.T.);
#13957 = FACE_BOUND('',#13958,.T.);
#13958 = EDGE_LOOP('',(#13959,#13969,#13977,#13985,#13993,#14001,#14009,
    #14017,#14025,#14033,#14041,#14049,#14057,#14065,#14073,#14081));
#13959 = ORIENTED_EDGE('',*,*,#13960,.F.);
#13960 = EDGE_CURVE('',#13961,#13963,#13965,.T.);
#13961 = VERTEX_POINT('',#13962);
#13962 = CARTESIAN_POINT('',(29.878214385714,3.768928571429,0.));
#13963 = VERTEX_POINT('',#13964);
#13964 = CARTESIAN_POINT('',(30.287857242857,3.547142857143,0.));
#13965 = B_SPLINE_CURVE_WITH_KNOTS('',2,(#13966,#13967,#13968),
  .UNSPECIFIED.,.F.,.F.,(3,3),(0.,1.),.PIECEWISE_BEZIER_KNOTS.);
#13966 = CARTESIAN_POINT('',(29.878214385714,3.768928571429,0.));
#13967 = CARTESIAN_POINT('',(30.113928671429,3.720714285714,0.));
#13968 = CARTESIAN_POINT('',(30.287857242857,3.547142857143,0.));
#13969 = ORIENTED_EDGE('',*,*,#13970,.F.);
#13970 = EDGE_CURVE('',#13971,#13961,#13973,.T.);
#13971 = VERTEX_POINT('',#13972);
#13972 = CARTESIAN_POINT('',(31.035357242857,4.354285714286,0.));
#13973 = B_SPLINE_CURVE_WITH_KNOTS('',2,(#13974,#13975,#13976),
  .UNSPECIFIED.,.F.,.F.,(3,3),(0.,1.),.PIECEWISE_BEZIER_KNOTS.);
#13974 = CARTESIAN_POINT('',(31.035357242857,4.354285714286,0.));
#13975 = CARTESIAN_POINT('',(30.633571528571,3.865714285714,0.));
#13976 = CARTESIAN_POINT('',(29.878214385714,3.768928571429,0.));
#13977 = ORIENTED_EDGE('',*,*,#13978,.F.);
#13978 = EDGE_CURVE('',#13979,#13971,#13981,.T.);
#13979 = VERTEX_POINT('',#13980);
#13980 = CARTESIAN_POINT('',(31.437142957143,5.669642857143,0.));
#13981 = B_SPLINE_CURVE_WITH_KNOTS('',2,(#13982,#13983,#13984),
  .UNSPECIFIED.,.F.,.F.,(3,3),(0.,1.),.PIECEWISE_BEZIER_KNOTS.);
#13982 = CARTESIAN_POINT('',(31.437142957143,5.669642857143,0.));
#13983 = CARTESIAN_POINT('',(31.437142957143,4.842857142857,0.));
#13984 = CARTESIAN_POINT('',(31.035357242857,4.354285714286,0.));
#13985 = ORIENTED_EDGE('',*,*,#13986,.F.);
#13986 = EDGE_CURVE('',#13987,#13979,#13989,.T.);
#13987 = VERTEX_POINT('',#13988);
#13988 = CARTESIAN_POINT('',(30.764642957143,7.452142857143,0.));
#13989 = B_SPLINE_CURVE_WITH_KNOTS('',2,(#13990,#13991,#13992),
  .UNSPECIFIED.,.F.,.F.,(3,3),(0.,1.),.PIECEWISE_BEZIER_KNOTS.);
#13990 = CARTESIAN_POINT('',(30.764642957143,7.452142857143,0.));
#13991 = CARTESIAN_POINT('',(31.437142957143,6.904642857143,0.));
#13992 = CARTESIAN_POINT('',(31.437142957143,5.669642857143,0.));
#13993 = ORIENTED_EDGE('',*,*,#13994,.F.);
#13994 = EDGE_CURVE('',#13995,#13987,#13997,.T.);
#13995 = VERTEX_POINT('',#13996);
#13996 = CARTESIAN_POINT('',(28.549642957143,8.,0.));
#13997 = B_SPLINE_CURVE_WITH_KNOTS('',2,(#13998,#13999,#14000),
  .UNSPECIFIED.,.F.,.F.,(3,3),(0.,1.),.PIECEWISE_BEZIER_KNOTS.);
#13998 = CARTESIAN_POINT('',(28.549642957143,8.,0.));
#13999 = CARTESIAN_POINT('',(30.0925001,8.,0.));
#14000 = CARTESIAN_POINT('',(30.764642957143,7.452142857143,0.));
#14001 = ORIENTED_EDGE('',*,*,#14002,.F.);
#14002 = EDGE_CURVE('',#14003,#13995,#14005,.T.);
#14003 = VERTEX_POINT('',#14004);
#14004 = CARTESIAN_POINT('',(26.2675001,8.,0.));
#14005 = LINE('',#14006,#14007);
#14006 = CARTESIAN_POINT('',(26.2675001,8.,0.));
#14007 = VECTOR('',#14008,1.);
#14008 = DIRECTION('',(1.,0.,0.));
#14009 = ORIENTED_EDGE('',*,*,#14010,.F.);
#14010 = EDGE_CURVE('',#14011,#14003,#14013,.T.);
#14011 = VERTEX_POINT('',#14012);
#14012 = CARTESIAN_POINT('',(26.2675001,0.,0.));
#14013 = LINE('',#14014,#14015);
#14014 = CARTESIAN_POINT('',(26.2675001,0.,0.));
#14015 = VECTOR('',#14016,1.);
#14016 = DIRECTION('',(0.,1.,0.));
#14017 = ORIENTED_EDGE('',*,*,#14018,.F.);
#14018 = EDGE_CURVE('',#14019,#14011,#14021,.T.);
#14019 = VERTEX_POINT('',#14020);
#14020 = CARTESIAN_POINT('',(27.847857242857,0.,0.));
#14021 = LINE('',#14022,#14023);
#14022 = CARTESIAN_POINT('',(27.847857242857,0.,0.));
#14023 = VECTOR('',#14024,1.);
#14024 = DIRECTION('',(-1.,0.,0.));
#14025 = ORIENTED_EDGE('',*,*,#14026,.F.);
#14026 = EDGE_CURVE('',#14027,#14019,#14029,.T.);
#14027 = VERTEX_POINT('',#14028);
#14028 = CARTESIAN_POINT('',(27.847857242857,3.154285714286,0.));
#14029 = LINE('',#14030,#14031);
#14030 = CARTESIAN_POINT('',(27.847857242857,3.154285714286,0.));
#14031 = VECTOR('',#14032,1.);
#14032 = DIRECTION('',(0.,-1.,0.));
#14033 = ORIENTED_EDGE('',*,*,#14034,.F.);
#14034 = EDGE_CURVE('',#14035,#14027,#14037,.T.);
#14035 = VERTEX_POINT('',#14036);
#14036 = CARTESIAN_POINT('',(28.351428671429,3.154285714286,0.));
#14037 = LINE('',#14038,#14039);
#14038 = CARTESIAN_POINT('',(28.351428671429,3.154285714286,0.));
#14039 = VECTOR('',#14040,1.);
#14040 = DIRECTION('',(-1.,0.,0.));
#14041 = ORIENTED_EDGE('',*,*,#14042,.F.);
#14042 = EDGE_CURVE('',#14043,#14035,#14045,.T.);
#14043 = VERTEX_POINT('',#14044);
#14044 = CARTESIAN_POINT('',(29.347857242857,2.250714285714,0.));
#14045 = B_SPLINE_CURVE_WITH_KNOTS('',2,(#14046,#14047,#14048),
  .UNSPECIFIED.,.F.,.F.,(3,3),(0.,1.),.PIECEWISE_BEZIER_KNOTS.);
#14046 = CARTESIAN_POINT('',(29.347857242857,2.250714285714,0.));
#14047 = CARTESIAN_POINT('',(28.924642957143,3.154285714286,0.));
#14048 = CARTESIAN_POINT('',(28.351428671429,3.154285714286,0.));
#14049 = ORIENTED_EDGE('',*,*,#14050,.F.);
#14050 = EDGE_CURVE('',#14051,#14043,#14053,.T.);
#14051 = VERTEX_POINT('',#14052);
#14052 = CARTESIAN_POINT('',(29.460357242857,2.015357142857,0.));
#14053 = B_SPLINE_CURVE_WITH_KNOTS('',2,(#14054,#14055,#14056),
  .UNSPECIFIED.,.F.,.F.,(3,3),(0.,1.),.PIECEWISE_BEZIER_KNOTS.);
#14054 = CARTESIAN_POINT('',(29.460357242857,2.015357142857,0.));
#14055 = CARTESIAN_POINT('',(29.4175001,2.101071428571,0.));
#14056 = CARTESIAN_POINT('',(29.347857242857,2.250714285714,0.));
#14057 = ORIENTED_EDGE('',*,*,#14058,.F.);
#14058 = EDGE_CURVE('',#14059,#14051,#14061,.T.);
#14059 = VERTEX_POINT('',#14060);
#14060 = CARTESIAN_POINT('',(30.424642957143,0.,0.));
#14061 = LINE('',#14062,#14063);
#14062 = CARTESIAN_POINT('',(30.424642957143,0.,0.));
#14063 = VECTOR('',#14064,1.);
#14064 = DIRECTION('',(-0.431608214028,0.902061167318,0.));
#14065 = ORIENTED_EDGE('',*,*,#14066,.F.);
#14066 = EDGE_CURVE('',#14067,#14059,#14069,.T.);
#14067 = VERTEX_POINT('',#14068);
#14068 = CARTESIAN_POINT('',(32.160357242857,0.,0.));
#14069 = LINE('',#14070,#14071);
#14070 = CARTESIAN_POINT('',(32.160357242857,0.,0.));
#14071 = VECTOR('',#14072,1.);
#14072 = DIRECTION('',(-1.,0.,0.));
#14073 = ORIENTED_EDGE('',*,*,#14074,.F.);
#14074 = EDGE_CURVE('',#14075,#14067,#14077,.T.);
#14075 = VERTEX_POINT('',#14076);
#14076 = CARTESIAN_POINT('',(30.713928671429,2.871071428571,0.));
#14077 = LINE('',#14078,#14079);
#14078 = CARTESIAN_POINT('',(30.713928671429,2.871071428571,0.));
#14079 = VECTOR('',#14080,1.);
#14080 = DIRECTION('',(0.449922184078,-0.89306776242,0.));
#14081 = ORIENTED_EDGE('',*,*,#14082,.F.);
#14082 = EDGE_CURVE('',#13963,#14075,#14083,.T.);
#14083 = B_SPLINE_CURVE_WITH_KNOTS('',2,(#14084,#14085,#14086),
  .UNSPECIFIED.,.F.,.F.,(3,3),(0.,1.),.PIECEWISE_BEZIER_KNOTS.);
#14084 = CARTESIAN_POINT('',(30.287857242857,3.547142857143,0.));
#14085 = CARTESIAN_POINT('',(30.462142957143,3.373571428571,0.));
#14086 = CARTESIAN_POINT('',(30.713928671429,2.871071428571,0.));
#14087 = FACE_BOUND('',#14088,.T.);
#14088 = EDGE_LOOP('',(#14089,#14099,#14107,#14115,#14123,#14131,#14139)
  );
#14089 = ORIENTED_EDGE('',*,*,#14090,.F.);
#14090 = EDGE_CURVE('',#14091,#14093,#14095,.T.);
#14091 = VERTEX_POINT('',#14092);
#14092 = CARTESIAN_POINT('',(27.847857242857,6.674285714286,0.));
#14093 = VERTEX_POINT('',#14094);
#14094 = CARTESIAN_POINT('',(27.847857242857,4.48,0.));
#14095 = LINE('',#14096,#14097);
#14096 = CARTESIAN_POINT('',(27.847857242857,6.674285714286,0.));
#14097 = VECTOR('',#14098,1.);
#14098 = DIRECTION('',(0.,-1.,0.));
#14099 = ORIENTED_EDGE('',*,*,#14100,.F.);
#14100 = EDGE_CURVE('',#14101,#14091,#14103,.T.);
#14101 = VERTEX_POINT('',#14102);
#14102 = CARTESIAN_POINT('',(28.5925001,6.674285714286,0.));
#14103 = LINE('',#14104,#14105);
#14104 = CARTESIAN_POINT('',(28.5925001,6.674285714286,0.));
#14105 = VECTOR('',#14106,1.);
#14106 = DIRECTION('',(-1.,0.,0.));
#14107 = ORIENTED_EDGE('',*,*,#14108,.F.);
#14108 = EDGE_CURVE('',#14109,#14101,#14111,.T.);
#14109 = VERTEX_POINT('',#14110);
#14110 = CARTESIAN_POINT('',(29.524642957143,6.420714285714,0.));
#14111 = B_SPLINE_CURVE_WITH_KNOTS('',2,(#14112,#14113,#14114),
  .UNSPECIFIED.,.F.,.F.,(3,3),(0.,1.),.PIECEWISE_BEZIER_KNOTS.);
#14112 = CARTESIAN_POINT('',(29.524642957143,6.420714285714,0.));
#14113 = CARTESIAN_POINT('',(29.246071528571,6.674285714286,0.));
#14114 = CARTESIAN_POINT('',(28.5925001,6.674285714286,0.));
#14115 = ORIENTED_EDGE('',*,*,#14116,.F.);
#14116 = EDGE_CURVE('',#14117,#14109,#14119,.T.);
#14117 = VERTEX_POINT('',#14118);
#14118 = CARTESIAN_POINT('',(29.803214385714,5.58,0.));
#14119 = B_SPLINE_CURVE_WITH_KNOTS('',2,(#14120,#14121,#14122),
  .UNSPECIFIED.,.F.,.F.,(3,3),(0.,1.),.PIECEWISE_BEZIER_KNOTS.);
#14120 = CARTESIAN_POINT('',(29.803214385714,5.58,0.));
#14121 = CARTESIAN_POINT('',(29.803214385714,6.1675,0.));
#14122 = CARTESIAN_POINT('',(29.524642957143,6.420714285714,0.));
#14123 = ORIENTED_EDGE('',*,*,#14124,.F.);
#14124 = EDGE_CURVE('',#14125,#14117,#14127,.T.);
#14125 = VERTEX_POINT('',#14126);
#14126 = CARTESIAN_POINT('',(29.521785814286,4.736071428571,0.));
#14127 = B_SPLINE_CURVE_WITH_KNOTS('',2,(#14128,#14129,#14130),
  .UNSPECIFIED.,.F.,.F.,(3,3),(0.,1.),.PIECEWISE_BEZIER_KNOTS.);
#14128 = CARTESIAN_POINT('',(29.521785814286,4.736071428571,0.));
#14129 = CARTESIAN_POINT('',(29.803214385714,4.992142857143,0.));
#14130 = CARTESIAN_POINT('',(29.803214385714,5.58,0.));
#14131 = ORIENTED_EDGE('',*,*,#14132,.F.);
#14132 = EDGE_CURVE('',#14133,#14125,#14135,.T.);
#14133 = VERTEX_POINT('',#14134);
#14134 = CARTESIAN_POINT('',(28.5925001,4.48,0.));
#14135 = B_SPLINE_CURVE_WITH_KNOTS('',2,(#14136,#14137,#14138),
  .UNSPECIFIED.,.F.,.F.,(3,3),(0.,1.),.PIECEWISE_BEZIER_KNOTS.);
#14136 = CARTESIAN_POINT('',(28.5925001,4.48,0.));
#14137 = CARTESIAN_POINT('',(29.240714385714,4.48,0.));
#14138 = CARTESIAN_POINT('',(29.521785814286,4.736071428571,0.));
#14139 = ORIENTED_EDGE('',*,*,#14140,.F.);
#14140 = EDGE_CURVE('',#14093,#14133,#14141,.T.);
#14141 = LINE('',#14142,#14143);
#14142 = CARTESIAN_POINT('',(27.847857242857,4.48,0.));
#14143 = VECTOR('',#14144,1.);
#14144 = DIRECTION('',(1.,0.,0.));
#14145 = PLANE('',#14146);
#14146 = AXIS2_PLACEMENT_3D('',#14147,#14148,#14149);
#14147 = CARTESIAN_POINT('',(28.794316103482,3.924060552473,0.));
#14148 = DIRECTION('',(0.,0.,1.));
#14149 = DIRECTION('',(1.,0.,0.));
#14150 = SHELL_BASED_SURFACE_MODEL('',(#14151));
#14151 = OPEN_SHELL('',(#14152));
#14152 = ADVANCED_FACE('',(#14153),#14299,.T.);
#14153 = FACE_BOUND('',#14154,.T.);
#14154 = EDGE_LOOP('',(#14155,#14165,#14173,#14181,#14189,#14197,#14205,
    #14213,#14221,#14229,#14237,#14245,#14253,#14261,#14269,#14277,
    #14285,#14293));
#14155 = ORIENTED_EDGE('',*,*,#14156,.F.);
#14156 = EDGE_CURVE('',#14157,#14159,#14161,.T.);
#14157 = VERTEX_POINT('',#14158);
#14158 = CARTESIAN_POINT('',(44.5575001,0.228571428571,0.));
#14159 = VERTEX_POINT('',#14160);
#14160 = CARTESIAN_POINT('',(43.7700001,-6.285714285714E-02,0.));
#14161 = B_SPLINE_CURVE_WITH_KNOTS('',2,(#14162,#14163,#14164),
  .UNSPECIFIED.,.F.,.F.,(3,3),(0.,1.),.PIECEWISE_BEZIER_KNOTS.);
#14162 = CARTESIAN_POINT('',(44.5575001,0.228571428571,0.));
#14163 = CARTESIAN_POINT('',(44.1825001,3.428571428571E-02,0.));
#14164 = CARTESIAN_POINT('',(43.7700001,-6.285714285714E-02,0.));
#14165 = ORIENTED_EDGE('',*,*,#14166,.F.);
#14166 = EDGE_CURVE('',#14167,#14157,#14169,.T.);
#14167 = VERTEX_POINT('',#14168);
#14168 = CARTESIAN_POINT('',(44.5575001,1.988571428571,0.));
#14169 = LINE('',#14170,#14171);
#14170 = CARTESIAN_POINT('',(44.5575001,1.988571428571,0.));
#14171 = VECTOR('',#14172,1.);
#14172 = DIRECTION('',(0.,-1.,0.));
#14173 = ORIENTED_EDGE('',*,*,#14174,.F.);
#14174 = EDGE_CURVE('',#14175,#14167,#14177,.T.);
#14175 = VERTEX_POINT('',#14176);
#14176 = CARTESIAN_POINT('',(43.767142957143,1.433214285714,0.));
#14177 = B_SPLINE_CURVE_WITH_KNOTS('',2,(#14178,#14179,#14180),
  .UNSPECIFIED.,.F.,.F.,(3,3),(0.,1.),.PIECEWISE_BEZIER_KNOTS.);
#14178 = CARTESIAN_POINT('',(43.767142957143,1.433214285714,0.));
#14179 = CARTESIAN_POINT('',(44.150357242857,1.609285714286,0.));
#14180 = CARTESIAN_POINT('',(44.5575001,1.988571428571,0.));
#14181 = ORIENTED_EDGE('',*,*,#14182,.F.);
#14182 = EDGE_CURVE('',#14183,#14175,#14185,.T.);
#14183 = VERTEX_POINT('',#14184);
#14184 = CARTESIAN_POINT('',(42.977142957143,1.257142857143,0.));
#14185 = B_SPLINE_CURVE_WITH_KNOTS('',2,(#14186,#14187,#14188),
  .UNSPECIFIED.,.F.,.F.,(3,3),(0.,1.),.PIECEWISE_BEZIER_KNOTS.);
#14186 = CARTESIAN_POINT('',(42.977142957143,1.257142857143,0.));
#14187 = CARTESIAN_POINT('',(43.384285814286,1.257142857143,0.));
#14188 = CARTESIAN_POINT('',(43.767142957143,1.433214285714,0.));
#14189 = ORIENTED_EDGE('',*,*,#14190,.F.);
#14190 = EDGE_CURVE('',#14191,#14183,#14193,.T.);
#14191 = VERTEX_POINT('',#14192);
#14192 = CARTESIAN_POINT('',(41.667142957143,1.946071428571,0.));
#14193 = B_SPLINE_CURVE_WITH_KNOTS('',2,(#14194,#14195,#14196),
  .UNSPECIFIED.,.F.,.F.,(3,3),(0.,1.),.PIECEWISE_BEZIER_KNOTS.);
#14194 = CARTESIAN_POINT('',(41.667142957143,1.946071428571,0.));
#14195 = CARTESIAN_POINT('',(42.109285814286,1.257142857143,0.));
#14196 = CARTESIAN_POINT('',(42.977142957143,1.257142857143,0.));
#14197 = ORIENTED_EDGE('',*,*,#14198,.F.);
#14198 = EDGE_CURVE('',#14199,#14191,#14201,.T.);
#14199 = VERTEX_POINT('',#14200);
#14200 = CARTESIAN_POINT('',(41.225357242857,3.985714285714,0.));
#14201 = B_SPLINE_CURVE_WITH_KNOTS('',2,(#14202,#14203,#14204),
  .UNSPECIFIED.,.F.,.F.,(3,3),(0.,1.),.PIECEWISE_BEZIER_KNOTS.);
#14202 = CARTESIAN_POINT('',(41.225357242857,3.985714285714,0.));
#14203 = CARTESIAN_POINT('',(41.225357242857,2.635,0.));
#14204 = CARTESIAN_POINT('',(41.667142957143,1.946071428571,0.));
#14205 = ORIENTED_EDGE('',*,*,#14206,.F.);
#14206 = EDGE_CURVE('',#14207,#14199,#14209,.T.);
#14207 = VERTEX_POINT('',#14208);
#14208 = CARTESIAN_POINT('',(41.667142957143,6.031071428571,0.));
#14209 = B_SPLINE_CURVE_WITH_KNOTS('',2,(#14210,#14211,#14212),
  .UNSPECIFIED.,.F.,.F.,(3,3),(0.,1.),.PIECEWISE_BEZIER_KNOTS.);
#14210 = CARTESIAN_POINT('',(41.667142957143,6.031071428571,0.));
#14211 = CARTESIAN_POINT('',(41.225357242857,5.342142857143,0.));
#14212 = CARTESIAN_POINT('',(41.225357242857,3.985714285714,0.));
#14213 = ORIENTED_EDGE('',*,*,#14214,.F.);
#14214 = EDGE_CURVE('',#14215,#14207,#14217,.T.);
#14215 = VERTEX_POINT('',#14216);
#14216 = CARTESIAN_POINT('',(42.977142957143,6.72,0.));
#14217 = B_SPLINE_CURVE_WITH_KNOTS('',2,(#14218,#14219,#14220),
  .UNSPECIFIED.,.F.,.F.,(3,3),(0.,1.),.PIECEWISE_BEZIER_KNOTS.);
#14218 = CARTESIAN_POINT('',(42.977142957143,6.72,0.));
#14219 = CARTESIAN_POINT('',(42.109285814286,6.72,0.));
#14220 = CARTESIAN_POINT('',(41.667142957143,6.031071428571,0.));
#14221 = ORIENTED_EDGE('',*,*,#14222,.F.);
#14222 = EDGE_CURVE('',#14223,#14215,#14225,.T.);
#14223 = VERTEX_POINT('',#14224);
#14224 = CARTESIAN_POINT('',(43.767142957143,6.543928571429,0.));
#14225 = B_SPLINE_CURVE_WITH_KNOTS('',2,(#14226,#14227,#14228),
  .UNSPECIFIED.,.F.,.F.,(3,3),(0.,1.),.PIECEWISE_BEZIER_KNOTS.);
#14226 = CARTESIAN_POINT('',(43.767142957143,6.543928571429,0.));
#14227 = CARTESIAN_POINT('',(43.384285814286,6.72,0.));
#14228 = CARTESIAN_POINT('',(42.977142957143,6.72,0.));
#14229 = ORIENTED_EDGE('',*,*,#14230,.F.);
#14230 = EDGE_CURVE('',#14231,#14223,#14233,.T.);
#14231 = VERTEX_POINT('',#14232);
#14232 = CARTESIAN_POINT('',(44.5575001,5.988571428571,0.));
#14233 = B_SPLINE_CURVE_WITH_KNOTS('',2,(#14234,#14235,#14236),
  .UNSPECIFIED.,.F.,.F.,(3,3),(0.,1.),.PIECEWISE_BEZIER_KNOTS.);
#14234 = CARTESIAN_POINT('',(44.5575001,5.988571428571,0.));
#14235 = CARTESIAN_POINT('',(44.150357242857,6.367857142857,0.));
#14236 = CARTESIAN_POINT('',(43.767142957143,6.543928571429,0.));
#14237 = ORIENTED_EDGE('',*,*,#14238,.F.);
#14238 = EDGE_CURVE('',#14239,#14231,#14241,.T.);
#14239 = VERTEX_POINT('',#14240);
#14240 = CARTESIAN_POINT('',(44.5575001,7.748571428571,0.));
#14241 = LINE('',#14242,#14243);
#14242 = CARTESIAN_POINT('',(44.5575001,7.748571428571,0.));
#14243 = VECTOR('',#14244,1.);
#14244 = DIRECTION('',(0.,-1.,0.));
#14245 = ORIENTED_EDGE('',*,*,#14246,.F.);
#14246 = EDGE_CURVE('',#14247,#14239,#14249,.T.);
#14247 = VERTEX_POINT('',#14248);
#14248 = CARTESIAN_POINT('',(43.775357242857,8.04,0.));
#14249 = B_SPLINE_CURVE_WITH_KNOTS('',2,(#14250,#14251,#14252),
  .UNSPECIFIED.,.F.,.F.,(3,3),(0.,1.),.PIECEWISE_BEZIER_KNOTS.);
#14250 = CARTESIAN_POINT('',(43.775357242857,8.04,0.));
#14251 = CARTESIAN_POINT('',(44.193214385714,7.942857142857,0.));
#14252 = CARTESIAN_POINT('',(44.5575001,7.748571428571,0.));
#14253 = ORIENTED_EDGE('',*,*,#14254,.F.);
#14254 = EDGE_CURVE('',#14255,#14247,#14257,.T.);
#14255 = VERTEX_POINT('',#14256);
#14256 = CARTESIAN_POINT('',(42.902142957143,8.137142857143,0.));
#14257 = B_SPLINE_CURVE_WITH_KNOTS('',2,(#14258,#14259,#14260),
  .UNSPECIFIED.,.F.,.F.,(3,3),(0.,1.),.PIECEWISE_BEZIER_KNOTS.);
#14258 = CARTESIAN_POINT('',(42.902142957143,8.137142857143,0.));
#14259 = CARTESIAN_POINT('',(43.3575001,8.137142857143,0.));
#14260 = CARTESIAN_POINT('',(43.775357242857,8.04,0.));
#14261 = ORIENTED_EDGE('',*,*,#14262,.F.);
#14262 = EDGE_CURVE('',#14263,#14255,#14265,.T.);
#14263 = VERTEX_POINT('',#14264);
#14264 = CARTESIAN_POINT('',(40.4325001,7.071071428571,0.));
#14265 = B_SPLINE_CURVE_WITH_KNOTS('',2,(#14266,#14267,#14268),
  .UNSPECIFIED.,.F.,.F.,(3,3),(0.,1.),.PIECEWISE_BEZIER_KNOTS.);
#14266 = CARTESIAN_POINT('',(40.4325001,7.071071428571,0.));
#14267 = CARTESIAN_POINT('',(41.284285814286,8.137142857143,0.));
#14268 = CARTESIAN_POINT('',(42.902142957143,8.137142857143,0.));
#14269 = ORIENTED_EDGE('',*,*,#14270,.F.);
#14270 = EDGE_CURVE('',#14271,#14263,#14273,.T.);
#14271 = VERTEX_POINT('',#14272);
#14272 = CARTESIAN_POINT('',(39.580714385714,3.986071428571,0.));
#14273 = B_SPLINE_CURVE_WITH_KNOTS('',2,(#14274,#14275,#14276),
  .UNSPECIFIED.,.F.,.F.,(3,3),(0.,1.),.PIECEWISE_BEZIER_KNOTS.);
#14274 = CARTESIAN_POINT('',(39.580714385714,3.986071428571,0.));
#14275 = CARTESIAN_POINT('',(39.580714385714,6.005357142857,0.));
#14276 = CARTESIAN_POINT('',(40.4325001,7.071071428571,0.));
#14277 = ORIENTED_EDGE('',*,*,#14278,.F.);
#14278 = EDGE_CURVE('',#14279,#14271,#14281,.T.);
#14279 = VERTEX_POINT('',#14280);
#14280 = CARTESIAN_POINT('',(40.4325001,0.905714285714,0.));
#14281 = B_SPLINE_CURVE_WITH_KNOTS('',2,(#14282,#14283,#14284),
  .UNSPECIFIED.,.F.,.F.,(3,3),(0.,1.),.PIECEWISE_BEZIER_KNOTS.);
#14282 = CARTESIAN_POINT('',(40.4325001,0.905714285714,0.));
#14283 = CARTESIAN_POINT('',(39.580714385714,1.971785714286,0.));
#14284 = CARTESIAN_POINT('',(39.580714385714,3.986071428571,0.));
#14285 = ORIENTED_EDGE('',*,*,#14286,.F.);
#14286 = EDGE_CURVE('',#14287,#14279,#14289,.T.);
#14287 = VERTEX_POINT('',#14288);
#14288 = CARTESIAN_POINT('',(42.902142957143,-0.16,0.));
#14289 = B_SPLINE_CURVE_WITH_KNOTS('',2,(#14290,#14291,#14292),
  .UNSPECIFIED.,.F.,.F.,(3,3),(0.,1.),.PIECEWISE_BEZIER_KNOTS.);
#14290 = CARTESIAN_POINT('',(42.902142957143,-0.16,0.));
#14291 = CARTESIAN_POINT('',(41.284285814286,-0.16,0.));
#14292 = CARTESIAN_POINT('',(40.4325001,0.905714285714,0.));
#14293 = ORIENTED_EDGE('',*,*,#14294,.F.);
#14294 = EDGE_CURVE('',#14159,#14287,#14295,.T.);
#14295 = B_SPLINE_CURVE_WITH_KNOTS('',2,(#14296,#14297,#14298),
  .UNSPECIFIED.,.F.,.F.,(3,3),(0.,1.),.PIECEWISE_BEZIER_KNOTS.);
#14296 = CARTESIAN_POINT('',(43.7700001,-6.285714285714E-02,0.));
#14297 = CARTESIAN_POINT('',(43.3575001,-0.16,0.));
#14298 = CARTESIAN_POINT('',(42.902142957143,-0.16,0.));
#14299 = PLANE('',#14300);
#14300 = AXIS2_PLACEMENT_3D('',#14301,#14302,#14303);
#14301 = CARTESIAN_POINT('',(42.123764761568,3.988633026927,0.));
#14302 = DIRECTION('',(0.,0.,1.));
#14303 = DIRECTION('',(1.,0.,0.));
#14304 = SHELL_BASED_SURFACE_MODEL('',(#14305));
#14305 = OPEN_SHELL('',(#14306));
#14306 = ADVANCED_FACE('',(#14307,#14373),#14439,.T.);
#14307 = FACE_BOUND('',#14308,.T.);
#14308 = EDGE_LOOP('',(#14309,#14319,#14327,#14335,#14343,#14351,#14359,
    #14367));
#14309 = ORIENTED_EDGE('',*,*,#14310,.F.);
#14310 = EDGE_CURVE('',#14311,#14313,#14315,.T.);
#14311 = VERTEX_POINT('',#14312);
#14312 = CARTESIAN_POINT('',(45.8650001,3.986071428571,0.));
#14313 = VERTEX_POINT('',#14314);
#14314 = CARTESIAN_POINT('',(46.574642957143,7.087142857143,0.));
#14315 = B_SPLINE_CURVE_WITH_KNOTS('',2,(#14316,#14317,#14318),
  .UNSPECIFIED.,.F.,.F.,(3,3),(0.,1.),.PIECEWISE_BEZIER_KNOTS.);
#14316 = CARTESIAN_POINT('',(45.8650001,3.986071428571,0.));
#14317 = CARTESIAN_POINT('',(45.8650001,6.0375,0.));
#14318 = CARTESIAN_POINT('',(46.574642957143,7.087142857143,0.));
#14319 = ORIENTED_EDGE('',*,*,#14320,.F.);
#14320 = EDGE_CURVE('',#14321,#14311,#14323,.T.);
#14321 = VERTEX_POINT('',#14322);
#14322 = CARTESIAN_POINT('',(46.574642957143,0.889642857143,0.));
#14323 = B_SPLINE_CURVE_WITH_KNOTS('',2,(#14324,#14325,#14326),
  .UNSPECIFIED.,.F.,.F.,(3,3),(0.,1.),.PIECEWISE_BEZIER_KNOTS.);
#14324 = CARTESIAN_POINT('',(46.574642957143,0.889642857143,0.));
#14325 = CARTESIAN_POINT('',(45.8650001,1.939642857143,0.));
#14326 = CARTESIAN_POINT('',(45.8650001,3.986071428571,0.));
#14327 = ORIENTED_EDGE('',*,*,#14328,.F.);
#14328 = EDGE_CURVE('',#14329,#14321,#14331,.T.);
#14329 = VERTEX_POINT('',#14330);
#14330 = CARTESIAN_POINT('',(48.672142957143,-0.16,0.));
#14331 = B_SPLINE_CURVE_WITH_KNOTS('',2,(#14332,#14333,#14334),
  .UNSPECIFIED.,.F.,.F.,(3,3),(0.,1.),.PIECEWISE_BEZIER_KNOTS.);
#14332 = CARTESIAN_POINT('',(48.672142957143,-0.16,0.));
#14333 = CARTESIAN_POINT('',(47.284642957143,-0.16,0.));
#14334 = CARTESIAN_POINT('',(46.574642957143,0.889642857143,0.));
#14335 = ORIENTED_EDGE('',*,*,#14336,.F.);
#14336 = EDGE_CURVE('',#14337,#14329,#14339,.T.);
#14337 = VERTEX_POINT('',#14338);
#14338 = CARTESIAN_POINT('',(50.774642957143,0.889642857143,0.));
#14339 = B_SPLINE_CURVE_WITH_KNOTS('',2,(#14340,#14341,#14342),
  .UNSPECIFIED.,.F.,.F.,(3,3),(0.,1.),.PIECEWISE_BEZIER_KNOTS.);
#14340 = CARTESIAN_POINT('',(50.774642957143,0.889642857143,0.));
#14341 = CARTESIAN_POINT('',(50.0650001,-0.16,0.));
#14342 = CARTESIAN_POINT('',(48.672142957143,-0.16,0.));
#14343 = ORIENTED_EDGE('',*,*,#14344,.F.);
#14344 = EDGE_CURVE('',#14345,#14337,#14347,.T.);
#14345 = VERTEX_POINT('',#14346);
#14346 = CARTESIAN_POINT('',(51.484642957143,3.986071428571,0.));
#14347 = B_SPLINE_CURVE_WITH_KNOTS('',2,(#14348,#14349,#14350),
  .UNSPECIFIED.,.F.,.F.,(3,3),(0.,1.),.PIECEWISE_BEZIER_KNOTS.);
#14348 = CARTESIAN_POINT('',(51.484642957143,3.986071428571,0.));
#14349 = CARTESIAN_POINT('',(51.484642957143,1.939642857143,0.));
#14350 = CARTESIAN_POINT('',(50.774642957143,0.889642857143,0.));
#14351 = ORIENTED_EDGE('',*,*,#14352,.F.);
#14352 = EDGE_CURVE('',#14353,#14345,#14355,.T.);
#14353 = VERTEX_POINT('',#14354);
#14354 = CARTESIAN_POINT('',(50.774642957143,7.087142857143,0.));
#14355 = B_SPLINE_CURVE_WITH_KNOTS('',2,(#14356,#14357,#14358),
  .UNSPECIFIED.,.F.,.F.,(3,3),(0.,1.),.PIECEWISE_BEZIER_KNOTS.);
#14356 = CARTESIAN_POINT('',(50.774642957143,7.087142857143,0.));
#14357 = CARTESIAN_POINT('',(51.484642957143,6.0375,0.));
#14358 = CARTESIAN_POINT('',(51.484642957143,3.986071428571,0.));
#14359 = ORIENTED_EDGE('',*,*,#14360,.F.);
#14360 = EDGE_CURVE('',#14361,#14353,#14363,.T.);
#14361 = VERTEX_POINT('',#14362);
#14362 = CARTESIAN_POINT('',(48.672142957143,8.137142857143,0.));
#14363 = B_SPLINE_CURVE_WITH_KNOTS('',2,(#14364,#14365,#14366),
  .UNSPECIFIED.,.F.,.F.,(3,3),(0.,1.),.PIECEWISE_BEZIER_KNOTS.);
#14364 = CARTESIAN_POINT('',(48.672142957143,8.137142857143,0.));
#14365 = CARTESIAN_POINT('',(50.0650001,8.137142857143,0.));
#14366 = CARTESIAN_POINT('',(50.774642957143,7.087142857143,0.));
#14367 = ORIENTED_EDGE('',*,*,#14368,.F.);
#14368 = EDGE_CURVE('',#14313,#14361,#14369,.T.);
#14369 = B_SPLINE_CURVE_WITH_KNOTS('',2,(#14370,#14371,#14372),
  .UNSPECIFIED.,.F.,.F.,(3,3),(0.,1.),.PIECEWISE_BEZIER_KNOTS.);
#14370 = CARTESIAN_POINT('',(46.574642957143,7.087142857143,0.));
#14371 = CARTESIAN_POINT('',(47.284642957143,8.137142857143,0.));
#14372 = CARTESIAN_POINT('',(48.672142957143,8.137142857143,0.));
#14373 = FACE_BOUND('',#14374,.T.);
#14374 = EDGE_LOOP('',(#14375,#14385,#14393,#14401,#14409,#14417,#14425,
    #14433));
#14375 = ORIENTED_EDGE('',*,*,#14376,.F.);
#14376 = EDGE_CURVE('',#14377,#14379,#14381,.T.);
#14377 = VERTEX_POINT('',#14378);
#14378 = CARTESIAN_POINT('',(48.672142957143,6.72,0.));
#14379 = VERTEX_POINT('',#14380);
#14380 = CARTESIAN_POINT('',(47.788214385714,6.073928571429,0.));
#14381 = B_SPLINE_CURVE_WITH_KNOTS('',2,(#14382,#14383,#14384),
  .UNSPECIFIED.,.F.,.F.,(3,3),(0.,1.),.PIECEWISE_BEZIER_KNOTS.);
#14382 = CARTESIAN_POINT('',(48.672142957143,6.72,0.));
#14383 = CARTESIAN_POINT('',(48.066785814286,6.72,0.));
#14384 = CARTESIAN_POINT('',(47.788214385714,6.073928571429,0.));
#14385 = ORIENTED_EDGE('',*,*,#14386,.F.);
#14386 = EDGE_CURVE('',#14387,#14377,#14389,.T.);
#14387 = VERTEX_POINT('',#14388);
#14388 = CARTESIAN_POINT('',(49.561428671429,6.073928571429,0.));
#14389 = B_SPLINE_CURVE_WITH_KNOTS('',2,(#14390,#14391,#14392),
  .UNSPECIFIED.,.F.,.F.,(3,3),(0.,1.),.PIECEWISE_BEZIER_KNOTS.);
#14390 = CARTESIAN_POINT('',(49.561428671429,6.073928571429,0.));
#14391 = CARTESIAN_POINT('',(49.282857242857,6.72,0.));
#14392 = CARTESIAN_POINT('',(48.672142957143,6.72,0.));
#14393 = ORIENTED_EDGE('',*,*,#14394,.F.);
#14394 = EDGE_CURVE('',#14395,#14387,#14397,.T.);
#14395 = VERTEX_POINT('',#14396);
#14396 = CARTESIAN_POINT('',(49.8400001,3.985714285714,0.));
#14397 = B_SPLINE_CURVE_WITH_KNOTS('',2,(#14398,#14399,#14400),
  .UNSPECIFIED.,.F.,.F.,(3,3),(0.,1.),.PIECEWISE_BEZIER_KNOTS.);
#14398 = CARTESIAN_POINT('',(49.8400001,3.985714285714,0.));
#14399 = CARTESIAN_POINT('',(49.8400001,5.427857142857,0.));
#14400 = CARTESIAN_POINT('',(49.561428671429,6.073928571429,0.));
#14401 = ORIENTED_EDGE('',*,*,#14402,.F.);
#14402 = EDGE_CURVE('',#14403,#14395,#14405,.T.);
#14403 = VERTEX_POINT('',#14404);
#14404 = CARTESIAN_POINT('',(49.561428671429,1.903214285714,0.));
#14405 = B_SPLINE_CURVE_WITH_KNOTS('',2,(#14406,#14407,#14408),
  .UNSPECIFIED.,.F.,.F.,(3,3),(0.,1.),.PIECEWISE_BEZIER_KNOTS.);
#14406 = CARTESIAN_POINT('',(49.561428671429,1.903214285714,0.));
#14407 = CARTESIAN_POINT('',(49.8400001,2.549285714286,0.));
#14408 = CARTESIAN_POINT('',(49.8400001,3.985714285714,0.));
#14409 = ORIENTED_EDGE('',*,*,#14410,.F.);
#14410 = EDGE_CURVE('',#14411,#14403,#14413,.T.);
#14411 = VERTEX_POINT('',#14412);
#14412 = CARTESIAN_POINT('',(48.672142957143,1.257142857143,0.));
#14413 = B_SPLINE_CURVE_WITH_KNOTS('',2,(#14414,#14415,#14416),
  .UNSPECIFIED.,.F.,.F.,(3,3),(0.,1.),.PIECEWISE_BEZIER_KNOTS.);
#14414 = CARTESIAN_POINT('',(48.672142957143,1.257142857143,0.));
#14415 = CARTESIAN_POINT('',(49.282857242857,1.257142857143,0.));
#14416 = CARTESIAN_POINT('',(49.561428671429,1.903214285714,0.));
#14417 = ORIENTED_EDGE('',*,*,#14418,.F.);
#14418 = EDGE_CURVE('',#14419,#14411,#14421,.T.);
#14419 = VERTEX_POINT('',#14420);
#14420 = CARTESIAN_POINT('',(47.788214385714,1.903214285714,0.));
#14421 = B_SPLINE_CURVE_WITH_KNOTS('',2,(#14422,#14423,#14424),
  .UNSPECIFIED.,.F.,.F.,(3,3),(0.,1.),.PIECEWISE_BEZIER_KNOTS.);
#14422 = CARTESIAN_POINT('',(47.788214385714,1.903214285714,0.));
#14423 = CARTESIAN_POINT('',(48.066785814286,1.257142857143,0.));
#14424 = CARTESIAN_POINT('',(48.672142957143,1.257142857143,0.));
#14425 = ORIENTED_EDGE('',*,*,#14426,.F.);
#14426 = EDGE_CURVE('',#14427,#14419,#14429,.T.);
#14427 = VERTEX_POINT('',#14428);
#14428 = CARTESIAN_POINT('',(47.509642957143,3.985714285714,0.));
#14429 = B_SPLINE_CURVE_WITH_KNOTS('',2,(#14430,#14431,#14432),
  .UNSPECIFIED.,.F.,.F.,(3,3),(0.,1.),.PIECEWISE_BEZIER_KNOTS.);
#14430 = CARTESIAN_POINT('',(47.509642957143,3.985714285714,0.));
#14431 = CARTESIAN_POINT('',(47.509642957143,2.549285714286,0.));
#14432 = CARTESIAN_POINT('',(47.788214385714,1.903214285714,0.));
#14433 = ORIENTED_EDGE('',*,*,#14434,.F.);
#14434 = EDGE_CURVE('',#14379,#14427,#14435,.T.);
#14435 = B_SPLINE_CURVE_WITH_KNOTS('',2,(#14436,#14437,#14438),
  .UNSPECIFIED.,.F.,.F.,(3,3),(0.,1.),.PIECEWISE_BEZIER_KNOTS.);
#14436 = CARTESIAN_POINT('',(47.788214385714,6.073928571429,0.));
#14437 = CARTESIAN_POINT('',(47.509642957143,5.427857142857,0.));
#14438 = CARTESIAN_POINT('',(47.509642957143,3.985714285714,0.));
#14439 = PLANE('',#14440);
#14440 = AXIS2_PLACEMENT_3D('',#14441,#14442,#14443);
#14441 = CARTESIAN_POINT('',(48.674685602974,3.988507574808,0.));
#14442 = DIRECTION('',(0.,0.,1.));
#14443 = DIRECTION('',(1.,0.,0.));
#14444 = SHELL_BASED_SURFACE_MODEL('',(#14445));
#14445 = OPEN_SHELL('',(#14446));
#14446 = ADVANCED_FACE('',(#14447),#14529,.T.);
#14447 = FACE_BOUND('',#14448,.T.);
#14448 = EDGE_LOOP('',(#14449,#14459,#14467,#14475,#14483,#14491,#14499,
    #14507,#14515,#14523));
#14449 = ORIENTED_EDGE('',*,*,#14450,.F.);
#14450 = EDGE_CURVE('',#14451,#14453,#14455,.T.);
#14451 = VERTEX_POINT('',#14452);
#14452 = CARTESIAN_POINT('',(52.615357242857,8.,0.));
#14453 = VERTEX_POINT('',#14454);
#14454 = CARTESIAN_POINT('',(54.313571528571,8.,0.));
#14455 = LINE('',#14456,#14457);
#14456 = CARTESIAN_POINT('',(52.615357242857,8.,0.));
#14457 = VECTOR('',#14458,1.);
#14458 = DIRECTION('',(1.,0.,0.));
#14459 = ORIENTED_EDGE('',*,*,#14460,.F.);
#14460 = EDGE_CURVE('',#14461,#14451,#14463,.T.);
#14461 = VERTEX_POINT('',#14462);
#14462 = CARTESIAN_POINT('',(52.615357242857,0.,0.));
#14463 = LINE('',#14464,#14465);
#14464 = CARTESIAN_POINT('',(52.615357242857,0.,0.));
#14465 = VECTOR('',#14466,1.);
#14466 = DIRECTION('',(0.,1.,0.));
#14467 = ORIENTED_EDGE('',*,*,#14468,.F.);
#14468 = EDGE_CURVE('',#14469,#14461,#14471,.T.);
#14469 = VERTEX_POINT('',#14470);
#14470 = CARTESIAN_POINT('',(54.008214385714,0.,0.));
#14471 = LINE('',#14472,#14473);
#14472 = CARTESIAN_POINT('',(54.008214385714,0.,0.));
#14473 = VECTOR('',#14474,1.);
#14474 = DIRECTION('',(-1.,0.,0.));
#14475 = ORIENTED_EDGE('',*,*,#14476,.F.);
#14476 = EDGE_CURVE('',#14477,#14469,#14479,.T.);
#14477 = VERTEX_POINT('',#14478);
#14478 = CARTESIAN_POINT('',(54.008214385714,5.813928571429,0.));
#14479 = LINE('',#14480,#14481);
#14480 = CARTESIAN_POINT('',(54.008214385714,5.813928571429,0.));
#14481 = VECTOR('',#14482,1.);
#14482 = DIRECTION('',(0.,-1.,0.));
#14483 = ORIENTED_EDGE('',*,*,#14484,.F.);
#14484 = EDGE_CURVE('',#14485,#14477,#14487,.T.);
#14485 = VERTEX_POINT('',#14486);
#14486 = CARTESIAN_POINT('',(56.2475001,0.,0.));
#14487 = LINE('',#14488,#14489);
#14488 = CARTESIAN_POINT('',(56.2475001,0.,0.));
#14489 = VECTOR('',#14490,1.);
#14490 = DIRECTION('',(-0.359420787632,0.933175598383,0.));
#14491 = ORIENTED_EDGE('',*,*,#14492,.F.);
#14492 = EDGE_CURVE('',#14493,#14485,#14495,.T.);
#14493 = VERTEX_POINT('',#14494);
#14494 = CARTESIAN_POINT('',(57.9350001,0.,0.));
#14495 = LINE('',#14496,#14497);
#14496 = CARTESIAN_POINT('',(57.9350001,0.,0.));
#14497 = VECTOR('',#14498,1.);
#14498 = DIRECTION('',(-1.,0.,0.));
#14499 = ORIENTED_EDGE('',*,*,#14500,.F.);
#14500 = EDGE_CURVE('',#14501,#14493,#14503,.T.);
#14501 = VERTEX_POINT('',#14502);
#14502 = CARTESIAN_POINT('',(57.9350001,8.,0.));
#14503 = LINE('',#14504,#14505);
#14504 = CARTESIAN_POINT('',(57.9350001,8.,0.));
#14505 = VECTOR('',#14506,1.);
#14506 = DIRECTION('',(0.,-1.,0.));
#14507 = ORIENTED_EDGE('',*,*,#14508,.F.);
#14508 = EDGE_CURVE('',#14509,#14501,#14511,.T.);
#14509 = VERTEX_POINT('',#14510);
#14510 = CARTESIAN_POINT('',(56.542142957143,8.,0.));
#14511 = LINE('',#14512,#14513);
#14512 = CARTESIAN_POINT('',(56.542142957143,8.,0.));
#14513 = VECTOR('',#14514,1.);
#14514 = DIRECTION('',(1.,0.,0.));
#14515 = ORIENTED_EDGE('',*,*,#14516,.F.);
#14516 = EDGE_CURVE('',#14517,#14509,#14519,.T.);
#14517 = VERTEX_POINT('',#14518);
#14518 = CARTESIAN_POINT('',(56.542142957143,2.186071428571,0.));
#14519 = LINE('',#14520,#14521);
#14520 = CARTESIAN_POINT('',(56.542142957143,2.186071428571,0.));
#14521 = VECTOR('',#14522,1.);
#14522 = DIRECTION('',(0.,1.,0.));
#14523 = ORIENTED_EDGE('',*,*,#14524,.F.);
#14524 = EDGE_CURVE('',#14453,#14517,#14525,.T.);
#14525 = LINE('',#14526,#14527);
#14526 = CARTESIAN_POINT('',(54.313571528571,8.,0.));
#14527 = VECTOR('',#14528,1.);
#14528 = DIRECTION('',(0.357921841948,-0.933751548891,0.));
#14529 = PLANE('',#14530);
#14530 = AXIS2_PLACEMENT_3D('',#14531,#14532,#14533);
#14531 = CARTESIAN_POINT('',(55.275663567628,4.000835712841,0.));
#14532 = DIRECTION('',(0.,0.,1.));
#14533 = DIRECTION('',(1.,0.,0.));
#14534 = SHELL_BASED_SURFACE_MODEL('',(#14535));
#14535 = OPEN_SHELL('',(#14536));
#14536 = ADVANCED_FACE('',(#14537),#14603,.T.);
#14537 = FACE_BOUND('',#14538,.T.);
#14538 = EDGE_LOOP('',(#14539,#14549,#14557,#14565,#14573,#14581,#14589,
    #14597));
#14539 = ORIENTED_EDGE('',*,*,#14540,.F.);
#14540 = EDGE_CURVE('',#14541,#14543,#14545,.T.);
#14541 = VERTEX_POINT('',#14542);
#14542 = CARTESIAN_POINT('',(62.676428671429,0.,0.));
#14543 = VERTEX_POINT('',#14544);
#14544 = CARTESIAN_POINT('',(61.096071528571,0.,0.));
#14545 = LINE('',#14546,#14547);
#14546 = CARTESIAN_POINT('',(62.676428671429,0.,0.));
#14547 = VECTOR('',#14548,1.);
#14548 = DIRECTION('',(-1.,0.,0.));
#14549 = ORIENTED_EDGE('',*,*,#14550,.F.);
#14550 = EDGE_CURVE('',#14551,#14541,#14553,.T.);
#14551 = VERTEX_POINT('',#14552);
#14552 = CARTESIAN_POINT('',(62.676428671429,6.628571428571,0.));
#14553 = LINE('',#14554,#14555);
#14554 = CARTESIAN_POINT('',(62.676428671429,6.628571428571,0.));
#14555 = VECTOR('',#14556,1.);
#14556 = DIRECTION('',(0.,-1.,0.));
#14557 = ORIENTED_EDGE('',*,*,#14558,.F.);
#14558 = EDGE_CURVE('',#14559,#14551,#14561,.T.);
#14559 = VERTEX_POINT('',#14560);
#14560 = CARTESIAN_POINT('',(64.706785814286,6.628571428571,0.));
#14561 = LINE('',#14562,#14563);
#14562 = CARTESIAN_POINT('',(64.706785814286,6.628571428571,0.));
#14563 = VECTOR('',#14564,1.);
#14564 = DIRECTION('',(-1.,0.,0.));
#14565 = ORIENTED_EDGE('',*,*,#14566,.F.);
#14566 = EDGE_CURVE('',#14567,#14559,#14569,.T.);
#14567 = VERTEX_POINT('',#14568);
#14568 = CARTESIAN_POINT('',(64.706785814286,8.,0.));
#14569 = LINE('',#14570,#14571);
#14570 = CARTESIAN_POINT('',(64.706785814286,8.,0.));
#14571 = VECTOR('',#14572,1.);
#14572 = DIRECTION('',(0.,-1.,0.));
#14573 = ORIENTED_EDGE('',*,*,#14574,.F.);
#14574 = EDGE_CURVE('',#14575,#14567,#14577,.T.);
#14575 = VERTEX_POINT('',#14576);
#14576 = CARTESIAN_POINT('',(59.065714385714,8.,0.));
#14577 = LINE('',#14578,#14579);
#14578 = CARTESIAN_POINT('',(59.065714385714,8.,0.));
#14579 = VECTOR('',#14580,1.);
#14580 = DIRECTION('',(1.,0.,0.));
#14581 = ORIENTED_EDGE('',*,*,#14582,.F.);
#14582 = EDGE_CURVE('',#14583,#14575,#14585,.T.);
#14583 = VERTEX_POINT('',#14584);
#14584 = CARTESIAN_POINT('',(59.065714385714,6.628571428571,0.));
#14585 = LINE('',#14586,#14587);
#14586 = CARTESIAN_POINT('',(59.065714385714,6.628571428571,0.));
#14587 = VECTOR('',#14588,1.);
#14588 = DIRECTION('',(0.,1.,0.));
#14589 = ORIENTED_EDGE('',*,*,#14590,.F.);
#14590 = EDGE_CURVE('',#14591,#14583,#14593,.T.);
#14591 = VERTEX_POINT('',#14592);
#14592 = CARTESIAN_POINT('',(61.096071528571,6.628571428571,0.));
#14593 = LINE('',#14594,#14595);
#14594 = CARTESIAN_POINT('',(61.096071528571,6.628571428571,0.));
#14595 = VECTOR('',#14596,1.);
#14596 = DIRECTION('',(-1.,0.,0.));
#14597 = ORIENTED_EDGE('',*,*,#14598,.F.);
#14598 = EDGE_CURVE('',#14543,#14591,#14599,.T.);
#14599 = LINE('',#14600,#14601);
#14600 = CARTESIAN_POINT('',(61.096071528571,0.,0.));
#14601 = VECTOR('',#14602,1.);
#14602 = DIRECTION('',(0.,1.,0.));
#14603 = PLANE('',#14604);
#14604 = AXIS2_PLACEMENT_3D('',#14605,#14606,#14607);
#14605 = CARTESIAN_POINT('',(61.8862501,4.986606324687,0.));
#14606 = DIRECTION('',(0.,0.,1.));
#14607 = DIRECTION('',(1.,0.,0.));
#14608 = SHELL_BASED_SURFACE_MODEL('',(#14609));
#14609 = OPEN_SHELL('',(#14610));
#14610 = ADVANCED_FACE('',(#14611,#14741),#14799,.T.);
#14611 = FACE_BOUND('',#14612,.T.);
#14612 = EDGE_LOOP('',(#14613,#14623,#14631,#14639,#14647,#14655,#14663,
    #14671,#14679,#14687,#14695,#14703,#14711,#14719,#14727,#14735));
#14613 = ORIENTED_EDGE('',*,*,#14614,.F.);
#14614 = EDGE_CURVE('',#14615,#14617,#14619,.T.);
#14615 = VERTEX_POINT('',#14616);
#14616 = CARTESIAN_POINT('',(69.5125001,3.768928571429,0.));
#14617 = VERTEX_POINT('',#14618);
#14618 = CARTESIAN_POINT('',(69.922142957143,3.547142857143,0.));
#14619 = B_SPLINE_CURVE_WITH_KNOTS('',2,(#14620,#14621,#14622),
  .UNSPECIFIED.,.F.,.F.,(3,3),(0.,1.),.PIECEWISE_BEZIER_KNOTS.);
#14620 = CARTESIAN_POINT('',(69.5125001,3.768928571429,0.));
#14621 = CARTESIAN_POINT('',(69.748214385714,3.720714285714,0.));
#14622 = CARTESIAN_POINT('',(69.922142957143,3.547142857143,0.));
#14623 = ORIENTED_EDGE('',*,*,#14624,.F.);
#14624 = EDGE_CURVE('',#14625,#14615,#14627,.T.);
#14625 = VERTEX_POINT('',#14626);
#14626 = CARTESIAN_POINT('',(70.669642957143,4.354285714286,0.));
#14627 = B_SPLINE_CURVE_WITH_KNOTS('',2,(#14628,#14629,#14630),
  .UNSPECIFIED.,.F.,.F.,(3,3),(0.,1.),.PIECEWISE_BEZIER_KNOTS.);
#14628 = CARTESIAN_POINT('',(70.669642957143,4.354285714286,0.));
#14629 = CARTESIAN_POINT('',(70.267857242857,3.865714285714,0.));
#14630 = CARTESIAN_POINT('',(69.5125001,3.768928571429,0.));
#14631 = ORIENTED_EDGE('',*,*,#14632,.F.);
#14632 = EDGE_CURVE('',#14633,#14625,#14635,.T.);
#14633 = VERTEX_POINT('',#14634);
#14634 = CARTESIAN_POINT('',(71.071428671429,5.669642857143,0.));
#14635 = B_SPLINE_CURVE_WITH_KNOTS('',2,(#14636,#14637,#14638),
  .UNSPECIFIED.,.F.,.F.,(3,3),(0.,1.),.PIECEWISE_BEZIER_KNOTS.);
#14636 = CARTESIAN_POINT('',(71.071428671429,5.669642857143,0.));
#14637 = CARTESIAN_POINT('',(71.071428671429,4.842857142857,0.));
#14638 = CARTESIAN_POINT('',(70.669642957143,4.354285714286,0.));
#14639 = ORIENTED_EDGE('',*,*,#14640,.F.);
#14640 = EDGE_CURVE('',#14641,#14633,#14643,.T.);
#14641 = VERTEX_POINT('',#14642);
#14642 = CARTESIAN_POINT('',(70.398928671429,7.452142857143,0.));
#14643 = B_SPLINE_CURVE_WITH_KNOTS('',2,(#14644,#14645,#14646),
  .UNSPECIFIED.,.F.,.F.,(3,3),(0.,1.),.PIECEWISE_BEZIER_KNOTS.);
#14644 = CARTESIAN_POINT('',(70.398928671429,7.452142857143,0.));
#14645 = CARTESIAN_POINT('',(71.071428671429,6.904642857143,0.));
#14646 = CARTESIAN_POINT('',(71.071428671429,5.669642857143,0.));
#14647 = ORIENTED_EDGE('',*,*,#14648,.F.);
#14648 = EDGE_CURVE('',#14649,#14641,#14651,.T.);
#14649 = VERTEX_POINT('',#14650);
#14650 = CARTESIAN_POINT('',(68.183928671429,8.,0.));
#14651 = B_SPLINE_CURVE_WITH_KNOTS('',2,(#14652,#14653,#14654),
  .UNSPECIFIED.,.F.,.F.,(3,3),(0.,1.),.PIECEWISE_BEZIER_KNOTS.);
#14652 = CARTESIAN_POINT('',(68.183928671429,8.,0.));
#14653 = CARTESIAN_POINT('',(69.726785814286,8.,0.));
#14654 = CARTESIAN_POINT('',(70.398928671429,7.452142857143,0.));
#14655 = ORIENTED_EDGE('',*,*,#14656,.F.);
#14656 = EDGE_CURVE('',#14657,#14649,#14659,.T.);
#14657 = VERTEX_POINT('',#14658);
#14658 = CARTESIAN_POINT('',(65.901785814286,8.,0.));
#14659 = LINE('',#14660,#14661);
#14660 = CARTESIAN_POINT('',(65.901785814286,8.,0.));
#14661 = VECTOR('',#14662,1.);
#14662 = DIRECTION('',(1.,0.,0.));
#14663 = ORIENTED_EDGE('',*,*,#14664,.F.);
#14664 = EDGE_CURVE('',#14665,#14657,#14667,.T.);
#14665 = VERTEX_POINT('',#14666);
#14666 = CARTESIAN_POINT('',(65.901785814286,0.,0.));
#14667 = LINE('',#14668,#14669);
#14668 = CARTESIAN_POINT('',(65.901785814286,0.,0.));
#14669 = VECTOR('',#14670,1.);
#14670 = DIRECTION('',(0.,1.,0.));
#14671 = ORIENTED_EDGE('',*,*,#14672,.F.);
#14672 = EDGE_CURVE('',#14673,#14665,#14675,.T.);
#14673 = VERTEX_POINT('',#14674);
#14674 = CARTESIAN_POINT('',(67.482142957143,0.,0.));
#14675 = LINE('',#14676,#14677);
#14676 = CARTESIAN_POINT('',(67.482142957143,0.,0.));
#14677 = VECTOR('',#14678,1.);
#14678 = DIRECTION('',(-1.,0.,0.));
#14679 = ORIENTED_EDGE('',*,*,#14680,.F.);
#14680 = EDGE_CURVE('',#14681,#14673,#14683,.T.);
#14681 = VERTEX_POINT('',#14682);
#14682 = CARTESIAN_POINT('',(67.482142957143,3.154285714286,0.));
#14683 = LINE('',#14684,#14685);
#14684 = CARTESIAN_POINT('',(67.482142957143,3.154285714286,0.));
#14685 = VECTOR('',#14686,1.);
#14686 = DIRECTION('',(0.,-1.,0.));
#14687 = ORIENTED_EDGE('',*,*,#14688,.F.);
#14688 = EDGE_CURVE('',#14689,#14681,#14691,.T.);
#14689 = VERTEX_POINT('',#14690);
#14690 = CARTESIAN_POINT('',(67.985714385714,3.154285714286,0.));
#14691 = LINE('',#14692,#14693);
#14692 = CARTESIAN_POINT('',(67.985714385714,3.154285714286,0.));
#14693 = VECTOR('',#14694,1.);
#14694 = DIRECTION('',(-1.,0.,0.));
#14695 = ORIENTED_EDGE('',*,*,#14696,.F.);
#14696 = EDGE_CURVE('',#14697,#14689,#14699,.T.);
#14697 = VERTEX_POINT('',#14698);
#14698 = CARTESIAN_POINT('',(68.982142957143,2.250714285714,0.));
#14699 = B_SPLINE_CURVE_WITH_KNOTS('',2,(#14700,#14701,#14702),
  .UNSPECIFIED.,.F.,.F.,(3,3),(0.,1.),.PIECEWISE_BEZIER_KNOTS.);
#14700 = CARTESIAN_POINT('',(68.982142957143,2.250714285714,0.));
#14701 = CARTESIAN_POINT('',(68.558928671429,3.154285714286,0.));
#14702 = CARTESIAN_POINT('',(67.985714385714,3.154285714286,0.));
#14703 = ORIENTED_EDGE('',*,*,#14704,.F.);
#14704 = EDGE_CURVE('',#14705,#14697,#14707,.T.);
#14705 = VERTEX_POINT('',#14706);
#14706 = CARTESIAN_POINT('',(69.094642957143,2.015357142857,0.));
#14707 = B_SPLINE_CURVE_WITH_KNOTS('',2,(#14708,#14709,#14710),
  .UNSPECIFIED.,.F.,.F.,(3,3),(0.,1.),.PIECEWISE_BEZIER_KNOTS.);
#14708 = CARTESIAN_POINT('',(69.094642957143,2.015357142857,0.));
#14709 = CARTESIAN_POINT('',(69.051785814286,2.101071428571,0.));
#14710 = CARTESIAN_POINT('',(68.982142957143,2.250714285714,0.));
#14711 = ORIENTED_EDGE('',*,*,#14712,.F.);
#14712 = EDGE_CURVE('',#14713,#14705,#14715,.T.);
#14713 = VERTEX_POINT('',#14714);
#14714 = CARTESIAN_POINT('',(70.058928671429,0.,0.));
#14715 = LINE('',#14716,#14717);
#14716 = CARTESIAN_POINT('',(70.058928671429,0.,0.));
#14717 = VECTOR('',#14718,1.);
#14718 = DIRECTION('',(-0.431608214028,0.902061167318,0.));
#14719 = ORIENTED_EDGE('',*,*,#14720,.F.);
#14720 = EDGE_CURVE('',#14721,#14713,#14723,.T.);
#14721 = VERTEX_POINT('',#14722);
#14722 = CARTESIAN_POINT('',(71.794642957143,0.,0.));
#14723 = LINE('',#14724,#14725);
#14724 = CARTESIAN_POINT('',(71.794642957143,0.,0.));
#14725 = VECTOR('',#14726,1.);
#14726 = DIRECTION('',(-1.,0.,0.));
#14727 = ORIENTED_EDGE('',*,*,#14728,.F.);
#14728 = EDGE_CURVE('',#14729,#14721,#14731,.T.);
#14729 = VERTEX_POINT('',#14730);
#14730 = CARTESIAN_POINT('',(70.348214385714,2.871071428571,0.));
#14731 = LINE('',#14732,#14733);
#14732 = CARTESIAN_POINT('',(70.348214385714,2.871071428571,0.));
#14733 = VECTOR('',#14734,1.);
#14734 = DIRECTION('',(0.449922184078,-0.89306776242,0.));
#14735 = ORIENTED_EDGE('',*,*,#14736,.F.);
#14736 = EDGE_CURVE('',#14617,#14729,#14737,.T.);
#14737 = B_SPLINE_CURVE_WITH_KNOTS('',2,(#14738,#14739,#14740),
  .UNSPECIFIED.,.F.,.F.,(3,3),(0.,1.),.PIECEWISE_BEZIER_KNOTS.);
#14738 = CARTESIAN_POINT('',(69.922142957143,3.547142857143,0.));
#14739 = CARTESIAN_POINT('',(70.096428671429,3.373571428571,0.));
#14740 = CARTESIAN_POINT('',(70.348214385714,2.871071428571,0.));
#14741 = FACE_BOUND('',#14742,.T.);
#14742 = EDGE_LOOP('',(#14743,#14753,#14761,#14769,#14777,#14785,#14793)
  );
#14743 = ORIENTED_EDGE('',*,*,#14744,.F.);
#14744 = EDGE_CURVE('',#14745,#14747,#14749,.T.);
#14745 = VERTEX_POINT('',#14746);
#14746 = CARTESIAN_POINT('',(67.482142957143,6.674285714286,0.));
#14747 = VERTEX_POINT('',#14748);
#14748 = CARTESIAN_POINT('',(67.482142957143,4.48,0.));
#14749 = LINE('',#14750,#14751);
#14750 = CARTESIAN_POINT('',(67.482142957143,6.674285714286,0.));
#14751 = VECTOR('',#14752,1.);
#14752 = DIRECTION('',(0.,-1.,0.));
#14753 = ORIENTED_EDGE('',*,*,#14754,.F.);
#14754 = EDGE_CURVE('',#14755,#14745,#14757,.T.);
#14755 = VERTEX_POINT('',#14756);
#14756 = CARTESIAN_POINT('',(68.226785814286,6.674285714286,0.));
#14757 = LINE('',#14758,#14759);
#14758 = CARTESIAN_POINT('',(68.226785814286,6.674285714286,0.));
#14759 = VECTOR('',#14760,1.);
#14760 = DIRECTION('',(-1.,0.,0.));
#14761 = ORIENTED_EDGE('',*,*,#14762,.F.);
#14762 = EDGE_CURVE('',#14763,#14755,#14765,.T.);
#14763 = VERTEX_POINT('',#14764);
#14764 = CARTESIAN_POINT('',(69.158928671429,6.420714285714,0.));
#14765 = B_SPLINE_CURVE_WITH_KNOTS('',2,(#14766,#14767,#14768),
  .UNSPECIFIED.,.F.,.F.,(3,3),(0.,1.),.PIECEWISE_BEZIER_KNOTS.);
#14766 = CARTESIAN_POINT('',(69.158928671429,6.420714285714,0.));
#14767 = CARTESIAN_POINT('',(68.880357242857,6.674285714286,0.));
#14768 = CARTESIAN_POINT('',(68.226785814286,6.674285714286,0.));
#14769 = ORIENTED_EDGE('',*,*,#14770,.F.);
#14770 = EDGE_CURVE('',#14771,#14763,#14773,.T.);
#14771 = VERTEX_POINT('',#14772);
#14772 = CARTESIAN_POINT('',(69.4375001,5.58,0.));
#14773 = B_SPLINE_CURVE_WITH_KNOTS('',2,(#14774,#14775,#14776),
  .UNSPECIFIED.,.F.,.F.,(3,3),(0.,1.),.PIECEWISE_BEZIER_KNOTS.);
#14774 = CARTESIAN_POINT('',(69.4375001,5.58,0.));
#14775 = CARTESIAN_POINT('',(69.4375001,6.1675,0.));
#14776 = CARTESIAN_POINT('',(69.158928671429,6.420714285714,0.));
#14777 = ORIENTED_EDGE('',*,*,#14778,.F.);
#14778 = EDGE_CURVE('',#14779,#14771,#14781,.T.);
#14779 = VERTEX_POINT('',#14780);
#14780 = CARTESIAN_POINT('',(69.156071528571,4.736071428571,0.));
#14781 = B_SPLINE_CURVE_WITH_KNOTS('',2,(#14782,#14783,#14784),
  .UNSPECIFIED.,.F.,.F.,(3,3),(0.,1.),.PIECEWISE_BEZIER_KNOTS.);
#14782 = CARTESIAN_POINT('',(69.156071528571,4.736071428571,0.));
#14783 = CARTESIAN_POINT('',(69.4375001,4.992142857143,0.));
#14784 = CARTESIAN_POINT('',(69.4375001,5.58,0.));
#14785 = ORIENTED_EDGE('',*,*,#14786,.F.);
#14786 = EDGE_CURVE('',#14787,#14779,#14789,.T.);
#14787 = VERTEX_POINT('',#14788);
#14788 = CARTESIAN_POINT('',(68.226785814286,4.48,0.));
#14789 = B_SPLINE_CURVE_WITH_KNOTS('',2,(#14790,#14791,#14792),
  .UNSPECIFIED.,.F.,.F.,(3,3),(0.,1.),.PIECEWISE_BEZIER_KNOTS.);
#14790 = CARTESIAN_POINT('',(68.226785814286,4.48,0.));
#14791 = CARTESIAN_POINT('',(68.8750001,4.48,0.));
#14792 = CARTESIAN_POINT('',(69.156071528571,4.736071428571,0.));
#14793 = ORIENTED_EDGE('',*,*,#14794,.F.);
#14794 = EDGE_CURVE('',#14747,#14787,#14795,.T.);
#14795 = LINE('',#14796,#14797);
#14796 = CARTESIAN_POINT('',(67.482142957143,4.48,0.));
#14797 = VECTOR('',#14798,1.);
#14798 = DIRECTION('',(1.,0.,0.));
#14799 = PLANE('',#14800);
#14800 = AXIS2_PLACEMENT_3D('',#14801,#14802,#14803);
#14801 = CARTESIAN_POINT('',(68.428601817768,3.924060552473,0.));
#14802 = DIRECTION('',(0.,0.,1.));
#14803 = DIRECTION('',(1.,0.,0.));
#14804 = SHELL_BASED_SURFACE_MODEL('',(#14805));
#14805 = OPEN_SHELL('',(#14806));
#14806 = ADVANCED_FACE('',(#14807,#14873),#14939,.T.);
#14807 = FACE_BOUND('',#14808,.T.);
#14808 = EDGE_LOOP('',(#14809,#14819,#14827,#14835,#14843,#14851,#14859,
    #14867));
#14809 = ORIENTED_EDGE('',*,*,#14810,.F.);
#14810 = EDGE_CURVE('',#14811,#14813,#14815,.T.);
#14811 = VERTEX_POINT('',#14812);
#14812 = CARTESIAN_POINT('',(72.287857242857,3.986071428571,0.));
#14813 = VERTEX_POINT('',#14814);
#14814 = CARTESIAN_POINT('',(72.9975001,7.087142857143,0.));
#14815 = B_SPLINE_CURVE_WITH_KNOTS('',2,(#14816,#14817,#14818),
  .UNSPECIFIED.,.F.,.F.,(3,3),(0.,1.),.PIECEWISE_BEZIER_KNOTS.);
#14816 = CARTESIAN_POINT('',(72.287857242857,3.986071428571,0.));
#14817 = CARTESIAN_POINT('',(72.287857242857,6.0375,0.));
#14818 = CARTESIAN_POINT('',(72.9975001,7.087142857143,0.));
#14819 = ORIENTED_EDGE('',*,*,#14820,.F.);
#14820 = EDGE_CURVE('',#14821,#14811,#14823,.T.);
#14821 = VERTEX_POINT('',#14822);
#14822 = CARTESIAN_POINT('',(72.9975001,0.889642857143,0.));
#14823 = B_SPLINE_CURVE_WITH_KNOTS('',2,(#14824,#14825,#14826),
  .UNSPECIFIED.,.F.,.F.,(3,3),(0.,1.),.PIECEWISE_BEZIER_KNOTS.);
#14824 = CARTESIAN_POINT('',(72.9975001,0.889642857143,0.));
#14825 = CARTESIAN_POINT('',(72.287857242857,1.939642857143,0.));
#14826 = CARTESIAN_POINT('',(72.287857242857,3.986071428571,0.));
#14827 = ORIENTED_EDGE('',*,*,#14828,.F.);
#14828 = EDGE_CURVE('',#14829,#14821,#14831,.T.);
#14829 = VERTEX_POINT('',#14830);
#14830 = CARTESIAN_POINT('',(75.0950001,-0.16,0.));
#14831 = B_SPLINE_CURVE_WITH_KNOTS('',2,(#14832,#14833,#14834),
  .UNSPECIFIED.,.F.,.F.,(3,3),(0.,1.),.PIECEWISE_BEZIER_KNOTS.);
#14832 = CARTESIAN_POINT('',(75.0950001,-0.16,0.));
#14833 = CARTESIAN_POINT('',(73.7075001,-0.16,0.));
#14834 = CARTESIAN_POINT('',(72.9975001,0.889642857143,0.));
#14835 = ORIENTED_EDGE('',*,*,#14836,.F.);
#14836 = EDGE_CURVE('',#14837,#14829,#14839,.T.);
#14837 = VERTEX_POINT('',#14838);
#14838 = CARTESIAN_POINT('',(77.1975001,0.889642857143,0.));
#14839 = B_SPLINE_CURVE_WITH_KNOTS('',2,(#14840,#14841,#14842),
  .UNSPECIFIED.,.F.,.F.,(3,3),(0.,1.),.PIECEWISE_BEZIER_KNOTS.);
#14840 = CARTESIAN_POINT('',(77.1975001,0.889642857143,0.));
#14841 = CARTESIAN_POINT('',(76.487857242857,-0.16,0.));
#14842 = CARTESIAN_POINT('',(75.0950001,-0.16,0.));
#14843 = ORIENTED_EDGE('',*,*,#14844,.F.);
#14844 = EDGE_CURVE('',#14845,#14837,#14847,.T.);
#14845 = VERTEX_POINT('',#14846);
#14846 = CARTESIAN_POINT('',(77.9075001,3.986071428571,0.));
#14847 = B_SPLINE_CURVE_WITH_KNOTS('',2,(#14848,#14849,#14850),
  .UNSPECIFIED.,.F.,.F.,(3,3),(0.,1.),.PIECEWISE_BEZIER_KNOTS.);
#14848 = CARTESIAN_POINT('',(77.9075001,3.986071428571,0.));
#14849 = CARTESIAN_POINT('',(77.9075001,1.939642857143,0.));
#14850 = CARTESIAN_POINT('',(77.1975001,0.889642857143,0.));
#14851 = ORIENTED_EDGE('',*,*,#14852,.F.);
#14852 = EDGE_CURVE('',#14853,#14845,#14855,.T.);
#14853 = VERTEX_POINT('',#14854);
#14854 = CARTESIAN_POINT('',(77.1975001,7.087142857143,0.));
#14855 = B_SPLINE_CURVE_WITH_KNOTS('',2,(#14856,#14857,#14858),
  .UNSPECIFIED.,.F.,.F.,(3,3),(0.,1.),.PIECEWISE_BEZIER_KNOTS.);
#14856 = CARTESIAN_POINT('',(77.1975001,7.087142857143,0.));
#14857 = CARTESIAN_POINT('',(77.9075001,6.0375,0.));
#14858 = CARTESIAN_POINT('',(77.9075001,3.986071428571,0.));
#14859 = ORIENTED_EDGE('',*,*,#14860,.F.);
#14860 = EDGE_CURVE('',#14861,#14853,#14863,.T.);
#14861 = VERTEX_POINT('',#14862);
#14862 = CARTESIAN_POINT('',(75.0950001,8.137142857143,0.));
#14863 = B_SPLINE_CURVE_WITH_KNOTS('',2,(#14864,#14865,#14866),
  .UNSPECIFIED.,.F.,.F.,(3,3),(0.,1.),.PIECEWISE_BEZIER_KNOTS.);
#14864 = CARTESIAN_POINT('',(75.0950001,8.137142857143,0.));
#14865 = CARTESIAN_POINT('',(76.487857242857,8.137142857143,0.));
#14866 = CARTESIAN_POINT('',(77.1975001,7.087142857143,0.));
#14867 = ORIENTED_EDGE('',*,*,#14868,.F.);
#14868 = EDGE_CURVE('',#14813,#14861,#14869,.T.);
#14869 = B_SPLINE_CURVE_WITH_KNOTS('',2,(#14870,#14871,#14872),
  .UNSPECIFIED.,.F.,.F.,(3,3),(0.,1.),.PIECEWISE_BEZIER_KNOTS.);
#14870 = CARTESIAN_POINT('',(72.9975001,7.087142857143,0.));
#14871 = CARTESIAN_POINT('',(73.7075001,8.137142857143,0.));
#14872 = CARTESIAN_POINT('',(75.0950001,8.137142857143,0.));
#14873 = FACE_BOUND('',#14874,.T.);
#14874 = EDGE_LOOP('',(#14875,#14885,#14893,#14901,#14909,#14917,#14925,
    #14933));
#14875 = ORIENTED_EDGE('',*,*,#14876,.F.);
#14876 = EDGE_CURVE('',#14877,#14879,#14881,.T.);
#14877 = VERTEX_POINT('',#14878);
#14878 = CARTESIAN_POINT('',(75.0950001,6.72,0.));
#14879 = VERTEX_POINT('',#14880);
#14880 = CARTESIAN_POINT('',(74.211071528571,6.073928571429,0.));
#14881 = B_SPLINE_CURVE_WITH_KNOTS('',2,(#14882,#14883,#14884),
  .UNSPECIFIED.,.F.,.F.,(3,3),(0.,1.),.PIECEWISE_BEZIER_KNOTS.);
#14882 = CARTESIAN_POINT('',(75.0950001,6.72,0.));
#14883 = CARTESIAN_POINT('',(74.489642957143,6.72,0.));
#14884 = CARTESIAN_POINT('',(74.211071528571,6.073928571429,0.));
#14885 = ORIENTED_EDGE('',*,*,#14886,.F.);
#14886 = EDGE_CURVE('',#14887,#14877,#14889,.T.);
#14887 = VERTEX_POINT('',#14888);
#14888 = CARTESIAN_POINT('',(75.984285814286,6.073928571429,0.));
#14889 = B_SPLINE_CURVE_WITH_KNOTS('',2,(#14890,#14891,#14892),
  .UNSPECIFIED.,.F.,.F.,(3,3),(0.,1.),.PIECEWISE_BEZIER_KNOTS.);
#14890 = CARTESIAN_POINT('',(75.984285814286,6.073928571429,0.));
#14891 = CARTESIAN_POINT('',(75.705714385714,6.72,0.));
#14892 = CARTESIAN_POINT('',(75.0950001,6.72,0.));
#14893 = ORIENTED_EDGE('',*,*,#14894,.F.);
#14894 = EDGE_CURVE('',#14895,#14887,#14897,.T.);
#14895 = VERTEX_POINT('',#14896);
#14896 = CARTESIAN_POINT('',(76.262857242857,3.985714285714,0.));
#14897 = B_SPLINE_CURVE_WITH_KNOTS('',2,(#14898,#14899,#14900),
  .UNSPECIFIED.,.F.,.F.,(3,3),(0.,1.),.PIECEWISE_BEZIER_KNOTS.);
#14898 = CARTESIAN_POINT('',(76.262857242857,3.985714285714,0.));
#14899 = CARTESIAN_POINT('',(76.262857242857,5.427857142857,0.));
#14900 = CARTESIAN_POINT('',(75.984285814286,6.073928571429,0.));
#14901 = ORIENTED_EDGE('',*,*,#14902,.F.);
#14902 = EDGE_CURVE('',#14903,#14895,#14905,.T.);
#14903 = VERTEX_POINT('',#14904);
#14904 = CARTESIAN_POINT('',(75.984285814286,1.903214285714,0.));
#14905 = B_SPLINE_CURVE_WITH_KNOTS('',2,(#14906,#14907,#14908),
  .UNSPECIFIED.,.F.,.F.,(3,3),(0.,1.),.PIECEWISE_BEZIER_KNOTS.);
#14906 = CARTESIAN_POINT('',(75.984285814286,1.903214285714,0.));
#14907 = CARTESIAN_POINT('',(76.262857242857,2.549285714286,0.));
#14908 = CARTESIAN_POINT('',(76.262857242857,3.985714285714,0.));
#14909 = ORIENTED_EDGE('',*,*,#14910,.F.);
#14910 = EDGE_CURVE('',#14911,#14903,#14913,.T.);
#14911 = VERTEX_POINT('',#14912);
#14912 = CARTESIAN_POINT('',(75.0950001,1.257142857143,0.));
#14913 = B_SPLINE_CURVE_WITH_KNOTS('',2,(#14914,#14915,#14916),
  .UNSPECIFIED.,.F.,.F.,(3,3),(0.,1.),.PIECEWISE_BEZIER_KNOTS.);
#14914 = CARTESIAN_POINT('',(75.0950001,1.257142857143,0.));
#14915 = CARTESIAN_POINT('',(75.705714385714,1.257142857143,0.));
#14916 = CARTESIAN_POINT('',(75.984285814286,1.903214285714,0.));
#14917 = ORIENTED_EDGE('',*,*,#14918,.F.);
#14918 = EDGE_CURVE('',#14919,#14911,#14921,.T.);
#14919 = VERTEX_POINT('',#14920);
#14920 = CARTESIAN_POINT('',(74.211071528571,1.903214285714,0.));
#14921 = B_SPLINE_CURVE_WITH_KNOTS('',2,(#14922,#14923,#14924),
  .UNSPECIFIED.,.F.,.F.,(3,3),(0.,1.),.PIECEWISE_BEZIER_KNOTS.);
#14922 = CARTESIAN_POINT('',(74.211071528571,1.903214285714,0.));
#14923 = CARTESIAN_POINT('',(74.489642957143,1.257142857143,0.));
#14924 = CARTESIAN_POINT('',(75.0950001,1.257142857143,0.));
#14925 = ORIENTED_EDGE('',*,*,#14926,.F.);
#14926 = EDGE_CURVE('',#14927,#14919,#14929,.T.);
#14927 = VERTEX_POINT('',#14928);
#14928 = CARTESIAN_POINT('',(73.9325001,3.985714285714,0.));
#14929 = B_SPLINE_CURVE_WITH_KNOTS('',2,(#14930,#14931,#14932),
  .UNSPECIFIED.,.F.,.F.,(3,3),(0.,1.),.PIECEWISE_BEZIER_KNOTS.);
#14930 = CARTESIAN_POINT('',(73.9325001,3.985714285714,0.));
#14931 = CARTESIAN_POINT('',(73.9325001,2.549285714286,0.));
#14932 = CARTESIAN_POINT('',(74.211071528571,1.903214285714,0.));
#14933 = ORIENTED_EDGE('',*,*,#14934,.F.);
#14934 = EDGE_CURVE('',#14879,#14927,#14935,.T.);
#14935 = B_SPLINE_CURVE_WITH_KNOTS('',2,(#14936,#14937,#14938),
  .UNSPECIFIED.,.F.,.F.,(3,3),(0.,1.),.PIECEWISE_BEZIER_KNOTS.);
#14936 = CARTESIAN_POINT('',(74.211071528571,6.073928571429,0.));
#14937 = CARTESIAN_POINT('',(73.9325001,5.427857142857,0.));
#14938 = CARTESIAN_POINT('',(73.9325001,3.985714285714,0.));
#14939 = PLANE('',#14940);
#14940 = AXIS2_PLACEMENT_3D('',#14941,#14942,#14943);
#14941 = CARTESIAN_POINT('',(75.097542745832,3.988507574808,0.));
#14942 = DIRECTION('',(0.,0.,1.));
#14943 = DIRECTION('',(1.,0.,0.));
#14944 = SHELL_BASED_SURFACE_MODEL('',(#14945));
#14945 = OPEN_SHELL('',(#14946));
#14946 = ADVANCED_FACE('',(#14947),#14997,.T.);
#14947 = FACE_BOUND('',#14948,.T.);
#14948 = EDGE_LOOP('',(#14949,#14959,#14967,#14975,#14983,#14991));
#14949 = ORIENTED_EDGE('',*,*,#14950,.F.);
#14950 = EDGE_CURVE('',#14951,#14953,#14955,.T.);
#14951 = VERTEX_POINT('',#14952);
#14952 = CARTESIAN_POINT('',(79.606071528571,0.,0.));
#14953 = VERTEX_POINT('',#14954);
#14954 = CARTESIAN_POINT('',(79.606071528571,8.,0.));
#14955 = LINE('',#14956,#14957);
#14956 = CARTESIAN_POINT('',(79.606071528571,0.,0.));
#14957 = VECTOR('',#14958,1.);
#14958 = DIRECTION('',(0.,1.,0.));
#14959 = ORIENTED_EDGE('',*,*,#14960,.F.);
#14960 = EDGE_CURVE('',#14961,#14951,#14963,.T.);
#14961 = VERTEX_POINT('',#14962);
#14962 = CARTESIAN_POINT('',(84.566785814286,0.,0.));
#14963 = LINE('',#14964,#14965);
#14964 = CARTESIAN_POINT('',(84.566785814286,0.,0.));
#14965 = VECTOR('',#14966,1.);
#14966 = DIRECTION('',(-1.,0.,0.));
#14967 = ORIENTED_EDGE('',*,*,#14968,.F.);
#14968 = EDGE_CURVE('',#14969,#14961,#14971,.T.);
#14969 = VERTEX_POINT('',#14970);
#14970 = CARTESIAN_POINT('',(84.566785814286,1.394285714286,0.));
#14971 = LINE('',#14972,#14973);
#14972 = CARTESIAN_POINT('',(84.566785814286,1.394285714286,0.));
#14973 = VECTOR('',#14974,1.);
#14974 = DIRECTION('',(0.,-1.,0.));
#14975 = ORIENTED_EDGE('',*,*,#14976,.F.);
#14976 = EDGE_CURVE('',#14977,#14969,#14979,.T.);
#14977 = VERTEX_POINT('',#14978);
#14978 = CARTESIAN_POINT('',(81.186428671429,1.394285714286,0.));
#14979 = LINE('',#14980,#14981);
#14980 = CARTESIAN_POINT('',(81.186428671429,1.394285714286,0.));
#14981 = VECTOR('',#14982,1.);
#14982 = DIRECTION('',(1.,0.,0.));
#14983 = ORIENTED_EDGE('',*,*,#14984,.F.);
#14984 = EDGE_CURVE('',#14985,#14977,#14987,.T.);
#14985 = VERTEX_POINT('',#14986);
#14986 = CARTESIAN_POINT('',(81.186428671429,8.,0.));
#14987 = LINE('',#14988,#14989);
#14988 = CARTESIAN_POINT('',(81.186428671429,8.,0.));
#14989 = VECTOR('',#14990,1.);
#14990 = DIRECTION('',(0.,-1.,0.));
#14991 = ORIENTED_EDGE('',*,*,#14992,.F.);
#14992 = EDGE_CURVE('',#14953,#14985,#14993,.T.);
#14993 = LINE('',#14994,#14995);
#14994 = CARTESIAN_POINT('',(79.606071528571,8.,0.));
#14995 = VECTOR('',#14996,1.);
#14996 = DIRECTION('',(1.,0.,0.));
#14997 = PLANE('',#14998);
#14998 = AXIS2_PLACEMENT_3D('',#14999,#15000,#15001);
#14999 = CARTESIAN_POINT('',(81.22499183326,3.138563161831,0.));
#15000 = DIRECTION('',(0.,0.,1.));
#15001 = DIRECTION('',(1.,0.,0.));
#15002 = ( GEOMETRIC_REPRESENTATION_CONTEXT(3) 
GLOBAL_UNCERTAINTY_ASSIGNED_CONTEXT((#15006)) 
GLOBAL_UNIT_ASSIGNED_CONTEXT((#15003,#15004,#15005)) 
REPRESENTATION_CONTEXT('Context #1',
  '3D Context with UNIT and UNCERTAINTY') );
#15003 = ( LENGTH_UNIT() NAMED_UNIT(*) SI_UNIT(.MILLI.,.METRE.) );
#15004 = ( NAMED_UNIT(*) PLANE_ANGLE_UNIT() SI_UNIT($,.RADIAN.) );
#15005 = ( NAMED_UNIT(*) SI_UNIT($,.STERADIAN.) SOLID_ANGLE_UNIT() );
#15006 = UNCERTAINTY_MEASURE_WITH_UNIT(LENGTH_MEASURE(1.E-07),#15003,
  'distance_accuracy_value','confusion accuracy');
#15007 = CONTEXT_DEPENDENT_SHAPE_REPRESENTATION(#15008,#15010);
#15008 = ( REPRESENTATION_RELATIONSHIP('','',#13453,#10) 
REPRESENTATION_RELATIONSHIP_WITH_TRANSFORMATION(#15009) 
SHAPE_REPRESENTATION_RELATIONSHIP() );
#15009 = ITEM_DEFINED_TRANSFORMATION('','',#11,#47);
#15010 = PRODUCT_DEFINITION_SHAPE('Placement','Placement of an item',
  #15011);
#15011 = NEXT_ASSEMBLY_USAGE_OCCURRENCE('9','ShapeString','',#5,#13448,$
  );
#15012 = PRODUCT_RELATED_PRODUCT_CATEGORY('part',$,(#13450));
#15013 = SHAPE_DEFINITION_REPRESENTATION(#15014,#15020);
#15014 = PRODUCT_DEFINITION_SHAPE('','',#15015);
#15015 = PRODUCT_DEFINITION('design','',#15016,#15019);
#15016 = PRODUCT_DEFINITION_FORMATION('','',#15017);
#15017 = PRODUCT('ShapeString001','ShapeString001','',(#15018));
#15018 = PRODUCT_CONTEXT('',#2,'mechanical');
#15019 = PRODUCT_DEFINITION_CONTEXT('part definition',#2,'design');
#15020 = SHAPE_REPRESENTATION('',(#11,#15021,#15079,#15185,#15275,#15381
    ,#15481,#15635,#15709,#15815,#15881),#15987);
#15021 = SHELL_BASED_SURFACE_MODEL('',(#15022));
#15022 = OPEN_SHELL('',(#15023));
#15023 = ADVANCED_FACE('',(#15024),#15074,.T.);
#15024 = FACE_BOUND('',#15025,.T.);
#15025 = EDGE_LOOP('',(#15026,#15036,#15044,#15052,#15060,#15068));
#15026 = ORIENTED_EDGE('',*,*,#15027,.F.);
#15027 = EDGE_CURVE('',#15028,#15030,#15032,.T.);
#15028 = VERTEX_POINT('',#15029);
#15029 = CARTESIAN_POINT('',(1.110223024625E-15,0.,0.));
#15030 = VERTEX_POINT('',#15031);
#15031 = CARTESIAN_POINT('',(1.110223024625E-15,9.,0.));
#15032 = LINE('',#15033,#15034);
#15033 = CARTESIAN_POINT('',(6.661338147751E-16,0.,0.));
#15034 = VECTOR('',#15035,1.);
#15035 = DIRECTION('',(0.,1.,0.));
#15036 = ORIENTED_EDGE('',*,*,#15037,.F.);
#15037 = EDGE_CURVE('',#15038,#15028,#15040,.T.);
#15038 = VERTEX_POINT('',#15039);
#15039 = CARTESIAN_POINT('',(5.580803571429,0.,0.));
#15040 = LINE('',#15041,#15042);
#15041 = CARTESIAN_POINT('',(5.580803571429,0.,0.));
#15042 = VECTOR('',#15043,1.);
#15043 = DIRECTION('',(-1.,0.,0.));
#15044 = ORIENTED_EDGE('',*,*,#15045,.F.);
#15045 = EDGE_CURVE('',#15046,#15038,#15048,.T.);
#15046 = VERTEX_POINT('',#15047);
#15047 = CARTESIAN_POINT('',(5.580803571429,1.568571428571,0.));
#15048 = LINE('',#15049,#15050);
#15049 = CARTESIAN_POINT('',(5.580803571429,1.568571428571,0.));
#15050 = VECTOR('',#15051,1.);
#15051 = DIRECTION('',(0.,-1.,0.));
#15052 = ORIENTED_EDGE('',*,*,#15053,.F.);
#15053 = EDGE_CURVE('',#15054,#15046,#15056,.T.);
#15054 = VERTEX_POINT('',#15055);
#15055 = CARTESIAN_POINT('',(1.777901785714,1.568571428571,0.));
#15056 = LINE('',#15057,#15058);
#15057 = CARTESIAN_POINT('',(1.777901785714,1.568571428571,0.));
#15058 = VECTOR('',#15059,1.);
#15059 = DIRECTION('',(1.,0.,0.));
#15060 = ORIENTED_EDGE('',*,*,#15061,.F.);
#15061 = EDGE_CURVE('',#15062,#15054,#15064,.T.);
#15062 = VERTEX_POINT('',#15063);
#15063 = CARTESIAN_POINT('',(1.777901785714,9.,0.));
#15064 = LINE('',#15065,#15066);
#15065 = CARTESIAN_POINT('',(1.777901785714,9.,0.));
#15066 = VECTOR('',#15067,1.);
#15067 = DIRECTION('',(0.,-1.,0.));
#15068 = ORIENTED_EDGE('',*,*,#15069,.F.);
#15069 = EDGE_CURVE('',#15030,#15062,#15070,.T.);
#15070 = LINE('',#15071,#15072);
#15071 = CARTESIAN_POINT('',(6.661338147751E-16,9.,0.));
#15072 = VECTOR('',#15073,1.);
#15073 = DIRECTION('',(1.,0.,0.));
#15074 = PLANE('',#15075);
#15075 = AXIS2_PLACEMENT_3D('',#15076,#15077,#15078);
#15076 = CARTESIAN_POINT('',(1.821285342774,3.53088355706,0.));
#15077 = DIRECTION('',(0.,0.,1.));
#15078 = DIRECTION('',(1.,0.,0.));
#15079 = SHELL_BASED_SURFACE_MODEL('',(#15080));
#15080 = OPEN_SHELL('',(#15081));
#15081 = ADVANCED_FACE('',(#15082),#15180,.T.);
#15082 = FACE_BOUND('',#15083,.T.);
#15083 = EDGE_LOOP('',(#15084,#15094,#15102,#15110,#15118,#15126,#15134,
    #15142,#15150,#15158,#15166,#15174));
#15084 = ORIENTED_EDGE('',*,*,#15085,.F.);
#15085 = EDGE_CURVE('',#15086,#15088,#15090,.T.);
#15086 = VERTEX_POINT('',#15087);
#15087 = CARTESIAN_POINT('',(7.112008928571,7.431428571429,0.));
#15088 = VERTEX_POINT('',#15089);
#15089 = CARTESIAN_POINT('',(7.112008928571,9.,0.));
#15090 = LINE('',#15091,#15092);
#15091 = CARTESIAN_POINT('',(7.112008928571,7.431428571429,0.));
#15092 = VECTOR('',#15093,1.);
#15093 = DIRECTION('',(0.,1.,0.));
#15094 = ORIENTED_EDGE('',*,*,#15095,.F.);
#15095 = EDGE_CURVE('',#15096,#15086,#15098,.T.);
#15096 = VERTEX_POINT('',#15097);
#15097 = CARTESIAN_POINT('',(8.901964285714,7.431428571429,0.));
#15098 = LINE('',#15099,#15100);
#15099 = CARTESIAN_POINT('',(8.901964285714,7.431428571429,0.));
#15100 = VECTOR('',#15101,1.);
#15101 = DIRECTION('',(-1.,0.,0.));
#15102 = ORIENTED_EDGE('',*,*,#15103,.F.);
#15103 = EDGE_CURVE('',#15104,#15096,#15106,.T.);
#15104 = VERTEX_POINT('',#15105);
#15105 = CARTESIAN_POINT('',(8.901964285714,1.568571428571,0.));
#15106 = LINE('',#15107,#15108);
#15107 = CARTESIAN_POINT('',(8.901964285714,1.568571428571,0.));
#15108 = VECTOR('',#15109,1.);
#15109 = DIRECTION('',(0.,1.,0.));
#15110 = ORIENTED_EDGE('',*,*,#15111,.F.);
#15111 = EDGE_CURVE('',#15112,#15104,#15114,.T.);
#15112 = VERTEX_POINT('',#15113);
#15113 = CARTESIAN_POINT('',(7.112008928571,1.568571428571,0.));
#15114 = LINE('',#15115,#15116);
#15115 = CARTESIAN_POINT('',(7.112008928571,1.568571428571,0.));
#15116 = VECTOR('',#15117,1.);
#15117 = DIRECTION('',(1.,0.,0.));
#15118 = ORIENTED_EDGE('',*,*,#15119,.F.);
#15119 = EDGE_CURVE('',#15120,#15112,#15122,.T.);
#15120 = VERTEX_POINT('',#15121);
#15121 = CARTESIAN_POINT('',(7.112008928571,0.,0.));
#15122 = LINE('',#15123,#15124);
#15123 = CARTESIAN_POINT('',(7.112008928571,0.,0.));
#15124 = VECTOR('',#15125,1.);
#15125 = DIRECTION('',(0.,1.,0.));
#15126 = ORIENTED_EDGE('',*,*,#15127,.F.);
#15127 = EDGE_CURVE('',#15128,#15120,#15130,.T.);
#15128 = VERTEX_POINT('',#15129);
#15129 = CARTESIAN_POINT('',(12.469821428571,0.,0.));
#15130 = LINE('',#15131,#15132);
#15131 = CARTESIAN_POINT('',(12.469821428571,0.,0.));
#15132 = VECTOR('',#15133,1.);
#15133 = DIRECTION('',(-1.,0.,0.));
#15134 = ORIENTED_EDGE('',*,*,#15135,.F.);
#15135 = EDGE_CURVE('',#15136,#15128,#15138,.T.);
#15136 = VERTEX_POINT('',#15137);
#15137 = CARTESIAN_POINT('',(12.469821428571,1.568571428571,0.));
#15138 = LINE('',#15139,#15140);
#15139 = CARTESIAN_POINT('',(12.469821428571,1.568571428571,0.));
#15140 = VECTOR('',#15141,1.);
#15141 = DIRECTION('',(0.,-1.,0.));
#15142 = ORIENTED_EDGE('',*,*,#15143,.F.);
#15143 = EDGE_CURVE('',#15144,#15136,#15146,.T.);
#15144 = VERTEX_POINT('',#15145);
#15145 = CARTESIAN_POINT('',(10.679866071429,1.568571428571,0.));
#15146 = LINE('',#15147,#15148);
#15147 = CARTESIAN_POINT('',(10.679866071429,1.568571428571,0.));
#15148 = VECTOR('',#15149,1.);
#15149 = DIRECTION('',(1.,0.,0.));
#15150 = ORIENTED_EDGE('',*,*,#15151,.F.);
#15151 = EDGE_CURVE('',#15152,#15144,#15154,.T.);
#15152 = VERTEX_POINT('',#15153);
#15153 = CARTESIAN_POINT('',(10.679866071429,7.431428571429,0.));
#15154 = LINE('',#15155,#15156);
#15155 = CARTESIAN_POINT('',(10.679866071429,7.431428571429,0.));
#15156 = VECTOR('',#15157,1.);
#15157 = DIRECTION('',(0.,-1.,0.));
#15158 = ORIENTED_EDGE('',*,*,#15159,.F.);
#15159 = EDGE_CURVE('',#15160,#15152,#15162,.T.);
#15160 = VERTEX_POINT('',#15161);
#15161 = CARTESIAN_POINT('',(12.469821428571,7.431428571429,0.));
#15162 = LINE('',#15163,#15164);
#15163 = CARTESIAN_POINT('',(12.469821428571,7.431428571429,0.));
#15164 = VECTOR('',#15165,1.);
#15165 = DIRECTION('',(-1.,0.,0.));
#15166 = ORIENTED_EDGE('',*,*,#15167,.F.);
#15167 = EDGE_CURVE('',#15168,#15160,#15170,.T.);
#15168 = VERTEX_POINT('',#15169);
#15169 = CARTESIAN_POINT('',(12.469821428571,9.,0.));
#15170 = LINE('',#15171,#15172);
#15171 = CARTESIAN_POINT('',(12.469821428571,9.,0.));
#15172 = VECTOR('',#15173,1.);
#15173 = DIRECTION('',(0.,-1.,0.));
#15174 = ORIENTED_EDGE('',*,*,#15175,.F.);
#15175 = EDGE_CURVE('',#15088,#15168,#15176,.T.);
#15176 = LINE('',#15177,#15178);
#15177 = CARTESIAN_POINT('',(7.112008928571,9.,0.));
#15178 = VECTOR('',#15179,1.);
#15179 = DIRECTION('',(1.,0.,0.));
#15180 = PLANE('',#15181);
#15181 = AXIS2_PLACEMENT_3D('',#15182,#15183,#15184);
#15182 = CARTESIAN_POINT('',(9.790915178571,4.5,0.));
#15183 = DIRECTION('',(0.,0.,1.));
#15184 = DIRECTION('',(1.,0.,0.));
#15185 = SHELL_BASED_SURFACE_MODEL('',(#15186));
#15186 = OPEN_SHELL('',(#15187));
#15187 = ADVANCED_FACE('',(#15188),#15270,.T.);
#15188 = FACE_BOUND('',#15189,.T.);
#15189 = EDGE_LOOP('',(#15190,#15200,#15208,#15216,#15224,#15232,#15240,
    #15248,#15256,#15264));
#15190 = ORIENTED_EDGE('',*,*,#15191,.F.);
#15191 = EDGE_CURVE('',#15192,#15194,#15196,.T.);
#15192 = VERTEX_POINT('',#15193);
#15193 = CARTESIAN_POINT('',(14.224017857143,9.,0.));
#15194 = VERTEX_POINT('',#15195);
#15195 = CARTESIAN_POINT('',(16.134508928571,9.,0.));
#15196 = LINE('',#15197,#15198);
#15197 = CARTESIAN_POINT('',(14.224017857143,9.,0.));
#15198 = VECTOR('',#15199,1.);
#15199 = DIRECTION('',(1.,0.,0.));
#15200 = ORIENTED_EDGE('',*,*,#15201,.F.);
#15201 = EDGE_CURVE('',#15202,#15192,#15204,.T.);
#15202 = VERTEX_POINT('',#15203);
#15203 = CARTESIAN_POINT('',(14.224017857143,0.,0.));
#15204 = LINE('',#15205,#15206);
#15205 = CARTESIAN_POINT('',(14.224017857143,0.,0.));
#15206 = VECTOR('',#15207,1.);
#15207 = DIRECTION('',(0.,1.,0.));
#15208 = ORIENTED_EDGE('',*,*,#15209,.F.);
#15209 = EDGE_CURVE('',#15210,#15202,#15212,.T.);
#15210 = VERTEX_POINT('',#15211);
#15211 = CARTESIAN_POINT('',(15.790982142857,0.,0.));
#15212 = LINE('',#15213,#15214);
#15213 = CARTESIAN_POINT('',(15.790982142857,0.,0.));
#15214 = VECTOR('',#15215,1.);
#15215 = DIRECTION('',(-1.,0.,0.));
#15216 = ORIENTED_EDGE('',*,*,#15217,.F.);
#15217 = EDGE_CURVE('',#15218,#15210,#15220,.T.);
#15218 = VERTEX_POINT('',#15219);
#15219 = CARTESIAN_POINT('',(15.790982142857,6.540669642857,0.));
#15220 = LINE('',#15221,#15222);
#15221 = CARTESIAN_POINT('',(15.790982142857,6.540669642857,0.));
#15222 = VECTOR('',#15223,1.);
#15223 = DIRECTION('',(0.,-1.,0.));
#15224 = ORIENTED_EDGE('',*,*,#15225,.F.);
#15225 = EDGE_CURVE('',#15226,#15218,#15228,.T.);
#15226 = VERTEX_POINT('',#15227);
#15227 = CARTESIAN_POINT('',(18.310178571429,0.,0.));
#15228 = LINE('',#15229,#15230);
#15229 = CARTESIAN_POINT('',(18.310178571429,0.,0.));
#15230 = VECTOR('',#15231,1.);
#15231 = DIRECTION('',(-0.359420787632,0.933175598383,0.));
#15232 = ORIENTED_EDGE('',*,*,#15233,.F.);
#15233 = EDGE_CURVE('',#15234,#15226,#15236,.T.);
#15234 = VERTEX_POINT('',#15235);
#15235 = CARTESIAN_POINT('',(20.208616071429,0.,0.));
#15236 = LINE('',#15237,#15238);
#15237 = CARTESIAN_POINT('',(20.208616071429,0.,0.));
#15238 = VECTOR('',#15239,1.);
#15239 = DIRECTION('',(-1.,0.,0.));
#15240 = ORIENTED_EDGE('',*,*,#15241,.F.);
#15241 = EDGE_CURVE('',#15242,#15234,#15244,.T.);
#15242 = VERTEX_POINT('',#15243);
#15243 = CARTESIAN_POINT('',(20.208616071429,9.,0.));
#15244 = LINE('',#15245,#15246);
#15245 = CARTESIAN_POINT('',(20.208616071429,9.,0.));
#15246 = VECTOR('',#15247,1.);
#15247 = DIRECTION('',(0.,-1.,0.));
#15248 = ORIENTED_EDGE('',*,*,#15249,.F.);
#15249 = EDGE_CURVE('',#15250,#15242,#15252,.T.);
#15250 = VERTEX_POINT('',#15251);
#15251 = CARTESIAN_POINT('',(18.641651785714,9.,0.));
#15252 = LINE('',#15253,#15254);
#15253 = CARTESIAN_POINT('',(18.641651785714,9.,0.));
#15254 = VECTOR('',#15255,1.);
#15255 = DIRECTION('',(1.,0.,0.));
#15256 = ORIENTED_EDGE('',*,*,#15257,.F.);
#15257 = EDGE_CURVE('',#15258,#15250,#15260,.T.);
#15258 = VERTEX_POINT('',#15259);
#15259 = CARTESIAN_POINT('',(18.641651785714,2.459330357143,0.));
#15260 = LINE('',#15261,#15262);
#15261 = CARTESIAN_POINT('',(18.641651785714,2.459330357143,0.));
#15262 = VECTOR('',#15263,1.);
#15263 = DIRECTION('',(0.,1.,0.));
#15264 = ORIENTED_EDGE('',*,*,#15265,.F.);
#15265 = EDGE_CURVE('',#15194,#15258,#15266,.T.);
#15266 = LINE('',#15267,#15268);
#15267 = CARTESIAN_POINT('',(16.134508928571,9.,0.));
#15268 = VECTOR('',#15269,1.);
#15269 = DIRECTION('',(0.357921841948,-0.933751548891,0.));
#15270 = PLANE('',#15271);
#15271 = AXIS2_PLACEMENT_3D('',#15272,#15273,#15274);
#15272 = CARTESIAN_POINT('',(17.21686247251,4.500940176946,0.));
#15273 = DIRECTION('',(0.,0.,1.));
#15274 = DIRECTION('',(1.,0.,0.));
#15275 = SHELL_BASED_SURFACE_MODEL('',(#15276));
#15276 = OPEN_SHELL('',(#15277));
#15277 = ADVANCED_FACE('',(#15278),#15376,.T.);
#15278 = FACE_BOUND('',#15279,.T.);
#15279 = EDGE_LOOP('',(#15280,#15290,#15298,#15306,#15314,#15322,#15330,
    #15338,#15346,#15354,#15362,#15370));
#15280 = ORIENTED_EDGE('',*,*,#15281,.F.);
#15281 = EDGE_CURVE('',#15282,#15284,#15286,.T.);
#15282 = VERTEX_POINT('',#15283);
#15283 = CARTESIAN_POINT('',(27.555669642857,0.,0.));
#15284 = VERTEX_POINT('',#15285);
#15285 = CARTESIAN_POINT('',(21.950758928571,0.,0.));
#15286 = LINE('',#15287,#15288);
#15287 = CARTESIAN_POINT('',(27.555669642857,0.,0.));
#15288 = VECTOR('',#15289,1.);
#15289 = DIRECTION('',(-1.,0.,0.));
#15290 = ORIENTED_EDGE('',*,*,#15291,.F.);
#15291 = EDGE_CURVE('',#15292,#15282,#15294,.T.);
#15292 = VERTEX_POINT('',#15293);
#15293 = CARTESIAN_POINT('',(27.555669642857,1.568571428571,0.));
#15294 = LINE('',#15295,#15296);
#15295 = CARTESIAN_POINT('',(27.555669642857,1.568571428571,0.));
#15296 = VECTOR('',#15297,1.);
#15297 = DIRECTION('',(0.,-1.,0.));
#15298 = ORIENTED_EDGE('',*,*,#15299,.F.);
#15299 = EDGE_CURVE('',#15300,#15292,#15302,.T.);
#15300 = VERTEX_POINT('',#15301);
#15301 = CARTESIAN_POINT('',(23.728660714286,1.568571428571,0.));
#15302 = LINE('',#15303,#15304);
#15303 = CARTESIAN_POINT('',(23.728660714286,1.568571428571,0.));
#15304 = VECTOR('',#15305,1.);
#15305 = DIRECTION('',(1.,0.,0.));
#15306 = ORIENTED_EDGE('',*,*,#15307,.F.);
#15307 = EDGE_CURVE('',#15308,#15300,#15310,.T.);
#15308 = VERTEX_POINT('',#15309);
#15309 = CARTESIAN_POINT('',(23.728660714286,3.934285714286,0.));
#15310 = LINE('',#15311,#15312);
#15311 = CARTESIAN_POINT('',(23.728660714286,3.934285714286,0.));
#15312 = VECTOR('',#15313,1.);
#15313 = DIRECTION('',(0.,-1.,0.));
#15314 = ORIENTED_EDGE('',*,*,#15315,.F.);
#15315 = EDGE_CURVE('',#15316,#15308,#15318,.T.);
#15316 = VERTEX_POINT('',#15317);
#15317 = CARTESIAN_POINT('',(27.1940625,3.934285714286,0.));
#15318 = LINE('',#15319,#15320);
#15319 = CARTESIAN_POINT('',(27.1940625,3.934285714286,0.));
#15320 = VECTOR('',#15321,1.);
#15321 = DIRECTION('',(-1.,0.,0.));
#15322 = ORIENTED_EDGE('',*,*,#15323,.F.);
#15323 = EDGE_CURVE('',#15324,#15316,#15326,.T.);
#15324 = VERTEX_POINT('',#15325);
#15325 = CARTESIAN_POINT('',(27.1940625,5.502857142857,0.));
#15326 = LINE('',#15327,#15328);
#15327 = CARTESIAN_POINT('',(27.1940625,5.502857142857,0.));
#15328 = VECTOR('',#15329,1.);
#15329 = DIRECTION('',(0.,-1.,0.));
#15330 = ORIENTED_EDGE('',*,*,#15331,.F.);
#15331 = EDGE_CURVE('',#15332,#15324,#15334,.T.);
#15332 = VERTEX_POINT('',#15333);
#15333 = CARTESIAN_POINT('',(23.728660714286,5.502857142857,0.));
#15334 = LINE('',#15335,#15336);
#15335 = CARTESIAN_POINT('',(23.728660714286,5.502857142857,0.));
#15336 = VECTOR('',#15337,1.);
#15337 = DIRECTION('',(1.,0.,0.));
#15338 = ORIENTED_EDGE('',*,*,#15339,.F.);
#15339 = EDGE_CURVE('',#15340,#15332,#15342,.T.);
#15340 = VERTEX_POINT('',#15341);
#15341 = CARTESIAN_POINT('',(23.728660714286,7.431428571429,0.));
#15342 = LINE('',#15343,#15344);
#15343 = CARTESIAN_POINT('',(23.728660714286,7.431428571429,0.));
#15344 = VECTOR('',#15345,1.);
#15345 = DIRECTION('',(0.,-1.,0.));
#15346 = ORIENTED_EDGE('',*,*,#15347,.F.);
#15347 = EDGE_CURVE('',#15348,#15340,#15350,.T.);
#15348 = VERTEX_POINT('',#15349);
#15349 = CARTESIAN_POINT('',(27.555669642857,7.431428571429,0.));
#15350 = LINE('',#15351,#15352);
#15351 = CARTESIAN_POINT('',(27.555669642857,7.431428571429,0.));
#15352 = VECTOR('',#15353,1.);
#15353 = DIRECTION('',(-1.,0.,0.));
#15354 = ORIENTED_EDGE('',*,*,#15355,.F.);
#15355 = EDGE_CURVE('',#15356,#15348,#15358,.T.);
#15356 = VERTEX_POINT('',#15357);
#15357 = CARTESIAN_POINT('',(27.555669642857,9.,0.));
#15358 = LINE('',#15359,#15360);
#15359 = CARTESIAN_POINT('',(27.555669642857,9.,0.));
#15360 = VECTOR('',#15361,1.);
#15361 = DIRECTION('',(0.,-1.,0.));
#15362 = ORIENTED_EDGE('',*,*,#15363,.F.);
#15363 = EDGE_CURVE('',#15364,#15356,#15366,.T.);
#15364 = VERTEX_POINT('',#15365);
#15365 = CARTESIAN_POINT('',(21.950758928571,9.,0.));
#15366 = LINE('',#15367,#15368);
#15367 = CARTESIAN_POINT('',(21.950758928571,9.,0.));
#15368 = VECTOR('',#15369,1.);
#15369 = DIRECTION('',(1.,0.,0.));
#15370 = ORIENTED_EDGE('',*,*,#15371,.F.);
#15371 = EDGE_CURVE('',#15284,#15364,#15372,.T.);
#15372 = LINE('',#15373,#15374);
#15373 = CARTESIAN_POINT('',(21.950758928571,0.,0.));
#15374 = VECTOR('',#15375,1.);
#15375 = DIRECTION('',(0.,1.,0.));
#15376 = PLANE('',#15377);
#15377 = AXIS2_PLACEMENT_3D('',#15378,#15379,#15380);
#15378 = CARTESIAN_POINT('',(24.632436947084,4.534590432503,0.));
#15379 = DIRECTION('',(0.,0.,1.));
#15380 = DIRECTION('',(1.,0.,0.));
#15381 = SHELL_BASED_SURFACE_MODEL('',(#15382));
#15382 = OPEN_SHELL('',(#15383));
#15383 = ADVANCED_FACE('',(#15384,#15450),#15476,.T.);
#15384 = FACE_BOUND('',#15385,.T.);
#15385 = EDGE_LOOP('',(#15386,#15396,#15404,#15412,#15420,#15428,#15436,
    #15444));
#15386 = ORIENTED_EDGE('',*,*,#15387,.F.);
#15387 = EDGE_CURVE('',#15388,#15390,#15392,.T.);
#15388 = VERTEX_POINT('',#15389);
#15389 = CARTESIAN_POINT('',(38.428794642857,9.,0.));
#15390 = VERTEX_POINT('',#15391);
#15391 = CARTESIAN_POINT('',(40.604464285714,9.,0.));
#15392 = LINE('',#15393,#15394);
#15393 = CARTESIAN_POINT('',(38.428794642857,9.,0.));
#15394 = VECTOR('',#15395,1.);
#15395 = DIRECTION('',(1.,0.,0.));
#15396 = ORIENTED_EDGE('',*,*,#15397,.F.);
#15397 = EDGE_CURVE('',#15398,#15388,#15400,.T.);
#15398 = VERTEX_POINT('',#15399);
#15399 = CARTESIAN_POINT('',(36.,0.,0.));
#15400 = LINE('',#15401,#15402);
#15401 = CARTESIAN_POINT('',(36.,0.,0.));
#15402 = VECTOR('',#15403,1.);
#15403 = DIRECTION('',(0.260545333068,0.965461614678,0.));
#15404 = ORIENTED_EDGE('',*,*,#15405,.F.);
#15405 = EDGE_CURVE('',#15406,#15398,#15408,.T.);
#15406 = VERTEX_POINT('',#15407);
#15407 = CARTESIAN_POINT('',(37.777901785714,0.,0.));
#15408 = LINE('',#15409,#15410);
#15409 = CARTESIAN_POINT('',(37.777901785714,0.,0.));
#15410 = VECTOR('',#15411,1.);
#15411 = DIRECTION('',(-1.,0.,0.));
#15412 = ORIENTED_EDGE('',*,*,#15413,.F.);
#15413 = EDGE_CURVE('',#15414,#15406,#15416,.T.);
#15414 = VERTEX_POINT('',#15415);
#15415 = CARTESIAN_POINT('',(38.3203125,2.211428571429,0.));
#15416 = LINE('',#15417,#15418);
#15417 = CARTESIAN_POINT('',(38.3203125,2.211428571429,0.));
#15418 = VECTOR('',#15419,1.);
#15419 = DIRECTION('',(-0.238215246964,-0.971212384658,0.));
#15420 = ORIENTED_EDGE('',*,*,#15421,.F.);
#15421 = EDGE_CURVE('',#15422,#15414,#15424,.T.);
#15422 = VERTEX_POINT('',#15423);
#15423 = CARTESIAN_POINT('',(40.700892857143,2.211428571429,0.));
#15424 = LINE('',#15425,#15426);
#15425 = CARTESIAN_POINT('',(40.700892857143,2.211428571429,0.));
#15426 = VECTOR('',#15427,1.);
#15427 = DIRECTION('',(-1.,0.,0.));
#15428 = ORIENTED_EDGE('',*,*,#15429,.F.);
#15429 = EDGE_CURVE('',#15430,#15422,#15432,.T.);
#15430 = VERTEX_POINT('',#15431);
#15431 = CARTESIAN_POINT('',(41.255357142857,0.,0.));
#15432 = LINE('',#15433,#15434);
#15433 = CARTESIAN_POINT('',(41.255357142857,0.,0.));
#15434 = VECTOR('',#15435,1.);
#15435 = DIRECTION('',(-0.243199026877,0.969976408644,0.));
#15436 = ORIENTED_EDGE('',*,*,#15437,.F.);
#15437 = EDGE_CURVE('',#15438,#15430,#15440,.T.);
#15438 = VERTEX_POINT('',#15439);
#15439 = CARTESIAN_POINT('',(43.033258928571,0.,0.));
#15440 = LINE('',#15441,#15442);
#15441 = CARTESIAN_POINT('',(43.033258928571,0.,0.));
#15442 = VECTOR('',#15443,1.);
#15443 = DIRECTION('',(-1.,0.,0.));
#15444 = ORIENTED_EDGE('',*,*,#15445,.F.);
#15445 = EDGE_CURVE('',#15390,#15438,#15446,.T.);
#15446 = LINE('',#15447,#15448);
#15447 = CARTESIAN_POINT('',(40.604464285714,9.,0.));
#15448 = VECTOR('',#15449,1.);
#15449 = DIRECTION('',(0.260545333068,-0.965461614678,0.));
#15450 = FACE_BOUND('',#15451,.T.);
#15451 = EDGE_LOOP('',(#15452,#15462,#15470));
#15452 = ORIENTED_EDGE('',*,*,#15453,.F.);
#15453 = EDGE_CURVE('',#15454,#15456,#15458,.T.);
#15454 = VERTEX_POINT('',#15455);
#15455 = CARTESIAN_POINT('',(39.513616071429,7.36875,0.));
#15456 = VERTEX_POINT('',#15457);
#15457 = CARTESIAN_POINT('',(38.675892857143,3.677142857143,0.));
#15458 = LINE('',#15459,#15460);
#15459 = CARTESIAN_POINT('',(39.513616071429,7.36875,0.));
#15460 = VECTOR('',#15461,1.);
#15461 = DIRECTION('',(-0.221299963537,-0.975205786559,0.));
#15462 = ORIENTED_EDGE('',*,*,#15463,.F.);
#15463 = EDGE_CURVE('',#15464,#15454,#15466,.T.);
#15464 = VERTEX_POINT('',#15465);
#15465 = CARTESIAN_POINT('',(40.357366071429,3.677142857143,0.));
#15466 = LINE('',#15467,#15468);
#15467 = CARTESIAN_POINT('',(40.357366071429,3.677142857143,0.));
#15468 = VECTOR('',#15469,1.);
#15469 = DIRECTION('',(-0.222813277655,0.974861140522,0.));
#15470 = ORIENTED_EDGE('',*,*,#15471,.F.);
#15471 = EDGE_CURVE('',#15456,#15464,#15472,.T.);
#15472 = LINE('',#15473,#15474);
#15473 = CARTESIAN_POINT('',(38.675892857143,3.677142857143,0.));
#15474 = VECTOR('',#15475,1.);
#15475 = DIRECTION('',(1.,0.,0.));
#15476 = PLANE('',#15477);
#15477 = AXIS2_PLACEMENT_3D('',#15478,#15479,#15480);
#15478 = CARTESIAN_POINT('',(39.515774665769,3.988160225548,0.));
#15479 = DIRECTION('',(0.,0.,1.));
#15480 = DIRECTION('',(1.,0.,0.));
#15481 = SHELL_BASED_SURFACE_MODEL('',(#15482));
#15482 = OPEN_SHELL('',(#15483));
#15483 = ADVANCED_FACE('',(#15484),#15630,.T.);
#15484 = FACE_BOUND('',#15485,.T.);
#15485 = EDGE_LOOP('',(#15486,#15496,#15504,#15512,#15520,#15528,#15536,
    #15544,#15552,#15560,#15568,#15576,#15584,#15592,#15600,#15608,
    #15616,#15624));
#15486 = ORIENTED_EDGE('',*,*,#15487,.F.);
#15487 = EDGE_CURVE('',#15488,#15490,#15492,.T.);
#15488 = VERTEX_POINT('',#15489);
#15489 = CARTESIAN_POINT('',(49.7475,0.257142857143,0.));
#15490 = VERTEX_POINT('',#15491);
#15491 = CARTESIAN_POINT('',(48.8615625,-7.071428571429E-02,0.));
#15492 = B_SPLINE_CURVE_WITH_KNOTS('',2,(#15493,#15494,#15495),
  .UNSPECIFIED.,.F.,.F.,(3,3),(0.,1.),.PIECEWISE_BEZIER_KNOTS.);
#15493 = CARTESIAN_POINT('',(49.7475,0.257142857143,0.));
#15494 = CARTESIAN_POINT('',(49.325625,3.857142857143E-02,0.));
#15495 = CARTESIAN_POINT('',(48.8615625,-7.071428571429E-02,0.));
#15496 = ORIENTED_EDGE('',*,*,#15497,.F.);
#15497 = EDGE_CURVE('',#15498,#15488,#15500,.T.);
#15498 = VERTEX_POINT('',#15499);
#15499 = CARTESIAN_POINT('',(49.7475,2.237142857143,0.));
#15500 = LINE('',#15501,#15502);
#15501 = CARTESIAN_POINT('',(49.7475,2.237142857143,0.));
#15502 = VECTOR('',#15503,1.);
#15503 = DIRECTION('',(0.,-1.,0.));
#15504 = ORIENTED_EDGE('',*,*,#15505,.F.);
#15505 = EDGE_CURVE('',#15506,#15498,#15508,.T.);
#15506 = VERTEX_POINT('',#15507);
#15507 = CARTESIAN_POINT('',(48.858348214286,1.612366071429,0.));
#15508 = B_SPLINE_CURVE_WITH_KNOTS('',2,(#15509,#15510,#15511),
  .UNSPECIFIED.,.F.,.F.,(3,3),(0.,1.),.PIECEWISE_BEZIER_KNOTS.);
#15509 = CARTESIAN_POINT('',(48.858348214286,1.612366071429,0.));
#15510 = CARTESIAN_POINT('',(49.289464285714,1.810446428571,0.));
#15511 = CARTESIAN_POINT('',(49.7475,2.237142857143,0.));
#15512 = ORIENTED_EDGE('',*,*,#15513,.F.);
#15513 = EDGE_CURVE('',#15514,#15506,#15516,.T.);
#15514 = VERTEX_POINT('',#15515);
#15515 = CARTESIAN_POINT('',(47.969598214286,1.414285714286,0.));
#15516 = B_SPLINE_CURVE_WITH_KNOTS('',2,(#15517,#15518,#15519),
  .UNSPECIFIED.,.F.,.F.,(3,3),(0.,1.),.PIECEWISE_BEZIER_KNOTS.);
#15517 = CARTESIAN_POINT('',(47.969598214286,1.414285714286,0.));
#15518 = CARTESIAN_POINT('',(48.427633928571,1.414285714286,0.));
#15519 = CARTESIAN_POINT('',(48.858348214286,1.612366071429,0.));
#15520 = ORIENTED_EDGE('',*,*,#15521,.F.);
#15521 = EDGE_CURVE('',#15522,#15514,#15524,.T.);
#15522 = VERTEX_POINT('',#15523);
#15523 = CARTESIAN_POINT('',(46.495848214286,2.189330357143,0.));
#15524 = B_SPLINE_CURVE_WITH_KNOTS('',2,(#15525,#15526,#15527),
  .UNSPECIFIED.,.F.,.F.,(3,3),(0.,1.),.PIECEWISE_BEZIER_KNOTS.);
#15525 = CARTESIAN_POINT('',(46.495848214286,2.189330357143,0.));
#15526 = CARTESIAN_POINT('',(46.993258928571,1.414285714286,0.));
#15527 = CARTESIAN_POINT('',(47.969598214286,1.414285714286,0.));
#15528 = ORIENTED_EDGE('',*,*,#15529,.F.);
#15529 = EDGE_CURVE('',#15530,#15522,#15532,.T.);
#15530 = VERTEX_POINT('',#15531);
#15531 = CARTESIAN_POINT('',(45.998839285714,4.483928571429,0.));
#15532 = B_SPLINE_CURVE_WITH_KNOTS('',2,(#15533,#15534,#15535),
  .UNSPECIFIED.,.F.,.F.,(3,3),(0.,1.),.PIECEWISE_BEZIER_KNOTS.);
#15533 = CARTESIAN_POINT('',(45.998839285714,4.483928571429,0.));
#15534 = CARTESIAN_POINT('',(45.998839285714,2.964375,0.));
#15535 = CARTESIAN_POINT('',(46.495848214286,2.189330357143,0.));
#15536 = ORIENTED_EDGE('',*,*,#15537,.F.);
#15537 = EDGE_CURVE('',#15538,#15530,#15540,.T.);
#15538 = VERTEX_POINT('',#15539);
#15539 = CARTESIAN_POINT('',(46.495848214286,6.784955357143,0.));
#15540 = B_SPLINE_CURVE_WITH_KNOTS('',2,(#15541,#15542,#15543),
  .UNSPECIFIED.,.F.,.F.,(3,3),(0.,1.),.PIECEWISE_BEZIER_KNOTS.);
#15541 = CARTESIAN_POINT('',(46.495848214286,6.784955357143,0.));
#15542 = CARTESIAN_POINT('',(45.998839285714,6.009910714286,0.));
#15543 = CARTESIAN_POINT('',(45.998839285714,4.483928571429,0.));
#15544 = ORIENTED_EDGE('',*,*,#15545,.F.);
#15545 = EDGE_CURVE('',#15546,#15538,#15548,.T.);
#15546 = VERTEX_POINT('',#15547);
#15547 = CARTESIAN_POINT('',(47.969598214286,7.56,0.));
#15548 = B_SPLINE_CURVE_WITH_KNOTS('',2,(#15549,#15550,#15551),
  .UNSPECIFIED.,.F.,.F.,(3,3),(0.,1.),.PIECEWISE_BEZIER_KNOTS.);
#15549 = CARTESIAN_POINT('',(47.969598214286,7.56,0.));
#15550 = CARTESIAN_POINT('',(46.993258928571,7.56,0.));
#15551 = CARTESIAN_POINT('',(46.495848214286,6.784955357143,0.));
#15552 = ORIENTED_EDGE('',*,*,#15553,.F.);
#15553 = EDGE_CURVE('',#15554,#15546,#15556,.T.);
#15554 = VERTEX_POINT('',#15555);
#15555 = CARTESIAN_POINT('',(48.858348214286,7.361919642857,0.));
#15556 = B_SPLINE_CURVE_WITH_KNOTS('',2,(#15557,#15558,#15559),
  .UNSPECIFIED.,.F.,.F.,(3,3),(0.,1.),.PIECEWISE_BEZIER_KNOTS.);
#15557 = CARTESIAN_POINT('',(48.858348214286,7.361919642857,0.));
#15558 = CARTESIAN_POINT('',(48.427633928571,7.56,0.));
#15559 = CARTESIAN_POINT('',(47.969598214286,7.56,0.));
#15560 = ORIENTED_EDGE('',*,*,#15561,.F.);
#15561 = EDGE_CURVE('',#15562,#15554,#15564,.T.);
#15562 = VERTEX_POINT('',#15563);
#15563 = CARTESIAN_POINT('',(49.7475,6.737142857143,0.));
#15564 = B_SPLINE_CURVE_WITH_KNOTS('',2,(#15565,#15566,#15567),
  .UNSPECIFIED.,.F.,.F.,(3,3),(0.,1.),.PIECEWISE_BEZIER_KNOTS.);
#15565 = CARTESIAN_POINT('',(49.7475,6.737142857143,0.));
#15566 = CARTESIAN_POINT('',(49.289464285714,7.163839285714,0.));
#15567 = CARTESIAN_POINT('',(48.858348214286,7.361919642857,0.));
#15568 = ORIENTED_EDGE('',*,*,#15569,.F.);
#15569 = EDGE_CURVE('',#15570,#15562,#15572,.T.);
#15570 = VERTEX_POINT('',#15571);
#15571 = CARTESIAN_POINT('',(49.7475,8.717142857143,0.));
#15572 = LINE('',#15573,#15574);
#15573 = CARTESIAN_POINT('',(49.7475,8.717142857143,0.));
#15574 = VECTOR('',#15575,1.);
#15575 = DIRECTION('',(0.,-1.,0.));
#15576 = ORIENTED_EDGE('',*,*,#15577,.F.);
#15577 = EDGE_CURVE('',#15578,#15570,#15580,.T.);
#15578 = VERTEX_POINT('',#15579);
#15579 = CARTESIAN_POINT('',(48.867589285714,9.045,0.));
#15580 = B_SPLINE_CURVE_WITH_KNOTS('',2,(#15581,#15582,#15583),
  .UNSPECIFIED.,.F.,.F.,(3,3),(0.,1.),.PIECEWISE_BEZIER_KNOTS.);
#15581 = CARTESIAN_POINT('',(48.867589285714,9.045,0.));
#15582 = CARTESIAN_POINT('',(49.337678571429,8.935714285714,0.));
#15583 = CARTESIAN_POINT('',(49.7475,8.717142857143,0.));
#15584 = ORIENTED_EDGE('',*,*,#15585,.F.);
#15585 = EDGE_CURVE('',#15586,#15578,#15588,.T.);
#15586 = VERTEX_POINT('',#15587);
#15587 = CARTESIAN_POINT('',(47.885223214286,9.154285714286,0.));
#15588 = B_SPLINE_CURVE_WITH_KNOTS('',2,(#15589,#15590,#15591),
  .UNSPECIFIED.,.F.,.F.,(3,3),(0.,1.),.PIECEWISE_BEZIER_KNOTS.);
#15589 = CARTESIAN_POINT('',(47.885223214286,9.154285714286,0.));
#15590 = CARTESIAN_POINT('',(48.3975,9.154285714286,0.));
#15591 = CARTESIAN_POINT('',(48.867589285714,9.045,0.));
#15592 = ORIENTED_EDGE('',*,*,#15593,.F.);
#15593 = EDGE_CURVE('',#15594,#15586,#15596,.T.);
#15594 = VERTEX_POINT('',#15595);
#15595 = CARTESIAN_POINT('',(45.106875,7.954955357143,0.));
#15596 = B_SPLINE_CURVE_WITH_KNOTS('',2,(#15597,#15598,#15599),
  .UNSPECIFIED.,.F.,.F.,(3,3),(0.,1.),.PIECEWISE_BEZIER_KNOTS.);
#15597 = CARTESIAN_POINT('',(45.106875,7.954955357143,0.));
#15598 = CARTESIAN_POINT('',(46.065133928571,9.154285714286,0.));
#15599 = CARTESIAN_POINT('',(47.885223214286,9.154285714286,0.));
#15600 = ORIENTED_EDGE('',*,*,#15601,.F.);
#15601 = EDGE_CURVE('',#15602,#15594,#15604,.T.);
#15602 = VERTEX_POINT('',#15603);
#15603 = CARTESIAN_POINT('',(44.148616071429,4.484330357143,0.));
#15604 = B_SPLINE_CURVE_WITH_KNOTS('',2,(#15605,#15606,#15607),
  .UNSPECIFIED.,.F.,.F.,(3,3),(0.,1.),.PIECEWISE_BEZIER_KNOTS.);
#15605 = CARTESIAN_POINT('',(44.148616071429,4.484330357143,0.));
#15606 = CARTESIAN_POINT('',(44.148616071429,6.756026785714,0.));
#15607 = CARTESIAN_POINT('',(45.106875,7.954955357143,0.));
#15608 = ORIENTED_EDGE('',*,*,#15609,.F.);
#15609 = EDGE_CURVE('',#15610,#15602,#15612,.T.);
#15610 = VERTEX_POINT('',#15611);
#15611 = CARTESIAN_POINT('',(45.106875,1.018928571429,0.));
#15612 = B_SPLINE_CURVE_WITH_KNOTS('',2,(#15613,#15614,#15615),
  .UNSPECIFIED.,.F.,.F.,(3,3),(0.,1.),.PIECEWISE_BEZIER_KNOTS.);
#15613 = CARTESIAN_POINT('',(45.106875,1.018928571429,0.));
#15614 = CARTESIAN_POINT('',(44.148616071429,2.218258928571,0.));
#15615 = CARTESIAN_POINT('',(44.148616071429,4.484330357143,0.));
#15616 = ORIENTED_EDGE('',*,*,#15617,.F.);
#15617 = EDGE_CURVE('',#15618,#15610,#15620,.T.);
#15618 = VERTEX_POINT('',#15619);
#15619 = CARTESIAN_POINT('',(47.885223214286,-0.18,0.));
#15620 = B_SPLINE_CURVE_WITH_KNOTS('',2,(#15621,#15622,#15623),
  .UNSPECIFIED.,.F.,.F.,(3,3),(0.,1.),.PIECEWISE_BEZIER_KNOTS.);
#15621 = CARTESIAN_POINT('',(47.885223214286,-0.18,0.));
#15622 = CARTESIAN_POINT('',(46.065133928571,-0.18,0.));
#15623 = CARTESIAN_POINT('',(45.106875,1.018928571429,0.));
#15624 = ORIENTED_EDGE('',*,*,#15625,.F.);
#15625 = EDGE_CURVE('',#15490,#15618,#15626,.T.);
#15626 = B_SPLINE_CURVE_WITH_KNOTS('',2,(#15627,#15628,#15629),
  .UNSPECIFIED.,.F.,.F.,(3,3),(0.,1.),.PIECEWISE_BEZIER_KNOTS.);
#15627 = CARTESIAN_POINT('',(48.8615625,-7.071428571429E-02,0.));
#15628 = CARTESIAN_POINT('',(48.3975,-0.18,0.));
#15629 = CARTESIAN_POINT('',(47.885223214286,-0.18,0.));
#15630 = PLANE('',#15631);
#15631 = AXIS2_PLACEMENT_3D('',#15632,#15633,#15634);
#15632 = CARTESIAN_POINT('',(47.009547744264,4.487212155293,0.));
#15633 = DIRECTION('',(0.,0.,1.));
#15634 = DIRECTION('',(1.,0.,0.));
#15635 = SHELL_BASED_SURFACE_MODEL('',(#15636));
#15636 = OPEN_SHELL('',(#15637));
#15637 = ADVANCED_FACE('',(#15638),#15704,.T.);
#15638 = FACE_BOUND('',#15639,.T.);
#15639 = EDGE_LOOP('',(#15640,#15650,#15658,#15666,#15674,#15682,#15690,
    #15698));
#15640 = ORIENTED_EDGE('',*,*,#15641,.F.);
#15641 = EDGE_CURVE('',#15642,#15644,#15646,.T.);
#15642 = VERTEX_POINT('',#15643);
#15643 = CARTESIAN_POINT('',(55.2684375,0.,0.));
#15644 = VERTEX_POINT('',#15645);
#15645 = CARTESIAN_POINT('',(53.490535714286,0.,0.));
#15646 = LINE('',#15647,#15648);
#15647 = CARTESIAN_POINT('',(55.2684375,0.,0.));
#15648 = VECTOR('',#15649,1.);
#15649 = DIRECTION('',(-1.,0.,0.));
#15650 = ORIENTED_EDGE('',*,*,#15651,.F.);
#15651 = EDGE_CURVE('',#15652,#15642,#15654,.T.);
#15652 = VERTEX_POINT('',#15653);
#15653 = CARTESIAN_POINT('',(55.2684375,7.457142857143,0.));
#15654 = LINE('',#15655,#15656);
#15655 = CARTESIAN_POINT('',(55.2684375,7.457142857143,0.));
#15656 = VECTOR('',#15657,1.);
#15657 = DIRECTION('',(0.,-1.,0.));
#15658 = ORIENTED_EDGE('',*,*,#15659,.F.);
#15659 = EDGE_CURVE('',#15660,#15652,#15662,.T.);
#15660 = VERTEX_POINT('',#15661);
#15661 = CARTESIAN_POINT('',(57.552589285714,7.457142857143,0.));
#15662 = LINE('',#15663,#15664);
#15663 = CARTESIAN_POINT('',(57.552589285714,7.457142857143,0.));
#15664 = VECTOR('',#15665,1.);
#15665 = DIRECTION('',(-1.,0.,0.));
#15666 = ORIENTED_EDGE('',*,*,#15667,.F.);
#15667 = EDGE_CURVE('',#15668,#15660,#15670,.T.);
#15668 = VERTEX_POINT('',#15669);
#15669 = CARTESIAN_POINT('',(57.552589285714,9.,0.));
#15670 = LINE('',#15671,#15672);
#15671 = CARTESIAN_POINT('',(57.552589285714,9.,0.));
#15672 = VECTOR('',#15673,1.);
#15673 = DIRECTION('',(0.,-1.,0.));
#15674 = ORIENTED_EDGE('',*,*,#15675,.F.);
#15675 = EDGE_CURVE('',#15676,#15668,#15678,.T.);
#15676 = VERTEX_POINT('',#15677);
#15677 = CARTESIAN_POINT('',(51.206383928571,9.,0.));
#15678 = LINE('',#15679,#15680);
#15679 = CARTESIAN_POINT('',(51.206383928571,9.,0.));
#15680 = VECTOR('',#15681,1.);
#15681 = DIRECTION('',(1.,0.,0.));
#15682 = ORIENTED_EDGE('',*,*,#15683,.F.);
#15683 = EDGE_CURVE('',#15684,#15676,#15686,.T.);
#15684 = VERTEX_POINT('',#15685);
#15685 = CARTESIAN_POINT('',(51.206383928571,7.457142857143,0.));
#15686 = LINE('',#15687,#15688);
#15687 = CARTESIAN_POINT('',(51.206383928571,7.457142857143,0.));
#15688 = VECTOR('',#15689,1.);
#15689 = DIRECTION('',(0.,1.,0.));
#15690 = ORIENTED_EDGE('',*,*,#15691,.F.);
#15691 = EDGE_CURVE('',#15692,#15684,#15694,.T.);
#15692 = VERTEX_POINT('',#15693);
#15693 = CARTESIAN_POINT('',(53.490535714286,7.457142857143,0.));
#15694 = LINE('',#15695,#15696);
#15695 = CARTESIAN_POINT('',(53.490535714286,7.457142857143,0.));
#15696 = VECTOR('',#15697,1.);
#15697 = DIRECTION('',(-1.,0.,0.));
#15698 = ORIENTED_EDGE('',*,*,#15699,.F.);
#15699 = EDGE_CURVE('',#15644,#15692,#15700,.T.);
#15700 = LINE('',#15701,#15702);
#15701 = CARTESIAN_POINT('',(53.490535714286,0.,0.));
#15702 = VECTOR('',#15703,1.);
#15703 = DIRECTION('',(0.,1.,0.));
#15704 = PLANE('',#15705);
#15705 = AXIS2_PLACEMENT_3D('',#15706,#15707,#15708);
#15706 = CARTESIAN_POINT('',(54.379486607143,5.609932115273,0.));
#15707 = DIRECTION('',(0.,0.,1.));
#15708 = DIRECTION('',(1.,0.,0.));
#15709 = SHELL_BASED_SURFACE_MODEL('',(#15710));
#15710 = OPEN_SHELL('',(#15711));
#15711 = ADVANCED_FACE('',(#15712),#15810,.T.);
#15712 = FACE_BOUND('',#15713,.T.);
#15713 = EDGE_LOOP('',(#15714,#15724,#15732,#15740,#15748,#15756,#15764,
    #15772,#15780,#15788,#15796,#15804));
#15714 = ORIENTED_EDGE('',*,*,#15715,.F.);
#15715 = EDGE_CURVE('',#15716,#15718,#15720,.T.);
#15716 = VERTEX_POINT('',#15717);
#15717 = CARTESIAN_POINT('',(59.132008928571,7.431428571429,0.));
#15718 = VERTEX_POINT('',#15719);
#15719 = CARTESIAN_POINT('',(59.132008928571,9.,0.));
#15720 = LINE('',#15721,#15722);
#15721 = CARTESIAN_POINT('',(59.132008928571,7.431428571429,0.));
#15722 = VECTOR('',#15723,1.);
#15723 = DIRECTION('',(0.,1.,0.));
#15724 = ORIENTED_EDGE('',*,*,#15725,.F.);
#15725 = EDGE_CURVE('',#15726,#15716,#15728,.T.);
#15726 = VERTEX_POINT('',#15727);
#15727 = CARTESIAN_POINT('',(60.921964285714,7.431428571429,0.));
#15728 = LINE('',#15729,#15730);
#15729 = CARTESIAN_POINT('',(60.921964285714,7.431428571429,0.));
#15730 = VECTOR('',#15731,1.);
#15731 = DIRECTION('',(-1.,0.,0.));
#15732 = ORIENTED_EDGE('',*,*,#15733,.F.);
#15733 = EDGE_CURVE('',#15734,#15726,#15736,.T.);
#15734 = VERTEX_POINT('',#15735);
#15735 = CARTESIAN_POINT('',(60.921964285714,1.568571428571,0.));
#15736 = LINE('',#15737,#15738);
#15737 = CARTESIAN_POINT('',(60.921964285714,1.568571428571,0.));
#15738 = VECTOR('',#15739,1.);
#15739 = DIRECTION('',(0.,1.,0.));
#15740 = ORIENTED_EDGE('',*,*,#15741,.F.);
#15741 = EDGE_CURVE('',#15742,#15734,#15744,.T.);
#15742 = VERTEX_POINT('',#15743);
#15743 = CARTESIAN_POINT('',(59.132008928571,1.568571428571,0.));
#15744 = LINE('',#15745,#15746);
#15745 = CARTESIAN_POINT('',(59.132008928571,1.568571428571,0.));
#15746 = VECTOR('',#15747,1.);
#15747 = DIRECTION('',(1.,0.,0.));
#15748 = ORIENTED_EDGE('',*,*,#15749,.F.);
#15749 = EDGE_CURVE('',#15750,#15742,#15752,.T.);
#15750 = VERTEX_POINT('',#15751);
#15751 = CARTESIAN_POINT('',(59.132008928571,0.,0.));
#15752 = LINE('',#15753,#15754);
#15753 = CARTESIAN_POINT('',(59.132008928571,0.,0.));
#15754 = VECTOR('',#15755,1.);
#15755 = DIRECTION('',(0.,1.,0.));
#15756 = ORIENTED_EDGE('',*,*,#15757,.F.);
#15757 = EDGE_CURVE('',#15758,#15750,#15760,.T.);
#15758 = VERTEX_POINT('',#15759);
#15759 = CARTESIAN_POINT('',(64.489821428571,0.,0.));
#15760 = LINE('',#15761,#15762);
#15761 = CARTESIAN_POINT('',(64.489821428571,0.,0.));
#15762 = VECTOR('',#15763,1.);
#15763 = DIRECTION('',(-1.,0.,0.));
#15764 = ORIENTED_EDGE('',*,*,#15765,.F.);
#15765 = EDGE_CURVE('',#15766,#15758,#15768,.T.);
#15766 = VERTEX_POINT('',#15767);
#15767 = CARTESIAN_POINT('',(64.489821428571,1.568571428571,0.));
#15768 = LINE('',#15769,#15770);
#15769 = CARTESIAN_POINT('',(64.489821428571,1.568571428571,0.));
#15770 = VECTOR('',#15771,1.);
#15771 = DIRECTION('',(0.,-1.,0.));
#15772 = ORIENTED_EDGE('',*,*,#15773,.F.);
#15773 = EDGE_CURVE('',#15774,#15766,#15776,.T.);
#15774 = VERTEX_POINT('',#15775);
#15775 = CARTESIAN_POINT('',(62.699866071429,1.568571428571,0.));
#15776 = LINE('',#15777,#15778);
#15777 = CARTESIAN_POINT('',(62.699866071429,1.568571428571,0.));
#15778 = VECTOR('',#15779,1.);
#15779 = DIRECTION('',(1.,0.,0.));
#15780 = ORIENTED_EDGE('',*,*,#15781,.F.);
#15781 = EDGE_CURVE('',#15782,#15774,#15784,.T.);
#15782 = VERTEX_POINT('',#15783);
#15783 = CARTESIAN_POINT('',(62.699866071429,7.431428571429,0.));
#15784 = LINE('',#15785,#15786);
#15785 = CARTESIAN_POINT('',(62.699866071429,7.431428571429,0.));
#15786 = VECTOR('',#15787,1.);
#15787 = DIRECTION('',(0.,-1.,0.));
#15788 = ORIENTED_EDGE('',*,*,#15789,.F.);
#15789 = EDGE_CURVE('',#15790,#15782,#15792,.T.);
#15790 = VERTEX_POINT('',#15791);
#15791 = CARTESIAN_POINT('',(64.489821428571,7.431428571429,0.));
#15792 = LINE('',#15793,#15794);
#15793 = CARTESIAN_POINT('',(64.489821428571,7.431428571429,0.));
#15794 = VECTOR('',#15795,1.);
#15795 = DIRECTION('',(-1.,0.,0.));
#15796 = ORIENTED_EDGE('',*,*,#15797,.F.);
#15797 = EDGE_CURVE('',#15798,#15790,#15800,.T.);
#15798 = VERTEX_POINT('',#15799);
#15799 = CARTESIAN_POINT('',(64.489821428571,9.,0.));
#15800 = LINE('',#15801,#15802);
#15801 = CARTESIAN_POINT('',(64.489821428571,9.,0.));
#15802 = VECTOR('',#15803,1.);
#15803 = DIRECTION('',(0.,-1.,0.));
#15804 = ORIENTED_EDGE('',*,*,#15805,.F.);
#15805 = EDGE_CURVE('',#15718,#15798,#15806,.T.);
#15806 = LINE('',#15807,#15808);
#15807 = CARTESIAN_POINT('',(59.132008928571,9.,0.));
#15808 = VECTOR('',#15809,1.);
#15809 = DIRECTION('',(1.,0.,0.));
#15810 = PLANE('',#15811);
#15811 = AXIS2_PLACEMENT_3D('',#15812,#15813,#15814);
#15812 = CARTESIAN_POINT('',(61.810915178571,4.5,0.));
#15813 = DIRECTION('',(0.,0.,1.));
#15814 = DIRECTION('',(1.,0.,0.));
#15815 = SHELL_BASED_SURFACE_MODEL('',(#15816));
#15816 = OPEN_SHELL('',(#15817));
#15817 = ADVANCED_FACE('',(#15818),#15876,.T.);
#15818 = FACE_BOUND('',#15819,.T.);
#15819 = EDGE_LOOP('',(#15820,#15830,#15838,#15846,#15854,#15862,#15870)
  );
#15820 = ORIENTED_EDGE('',*,*,#15821,.F.);
#15821 = EDGE_CURVE('',#15822,#15824,#15826,.T.);
#15822 = VERTEX_POINT('',#15823);
#15823 = CARTESIAN_POINT('',(69.239330357143,1.482991071429,0.));
#15824 = VERTEX_POINT('',#15825);
#15825 = CARTESIAN_POINT('',(70.824375,9.,0.));
#15826 = LINE('',#15827,#15828);
#15827 = CARTESIAN_POINT('',(69.239330357143,1.482991071429,0.));
#15828 = VECTOR('',#15829,1.);
#15829 = DIRECTION('',(0.206324132702,0.978483700562,0.));
#15830 = ORIENTED_EDGE('',*,*,#15831,.F.);
#15831 = EDGE_CURVE('',#15832,#15822,#15834,.T.);
#15832 = VERTEX_POINT('',#15833);
#15833 = CARTESIAN_POINT('',(67.6603125,9.,0.));
#15834 = LINE('',#15835,#15836);
#15835 = CARTESIAN_POINT('',(67.6603125,9.,0.));
#15836 = VECTOR('',#15837,1.);
#15837 = DIRECTION('',(0.205572844106,-0.97864181689,0.));
#15838 = ORIENTED_EDGE('',*,*,#15839,.F.);
#15839 = EDGE_CURVE('',#15840,#15832,#15842,.T.);
#15840 = VERTEX_POINT('',#15841);
#15841 = CARTESIAN_POINT('',(65.870357142857,9.,0.));
#15842 = LINE('',#15843,#15844);
#15843 = CARTESIAN_POINT('',(65.870357142857,9.,0.));
#15844 = VECTOR('',#15845,1.);
#15845 = DIRECTION('',(1.,0.,0.));
#15846 = ORIENTED_EDGE('',*,*,#15847,.F.);
#15847 = EDGE_CURVE('',#15848,#15840,#15850,.T.);
#15848 = VERTEX_POINT('',#15849);
#15849 = CARTESIAN_POINT('',(68.009866071429,0.,0.));
#15850 = LINE('',#15851,#15852);
#15851 = CARTESIAN_POINT('',(68.009866071429,0.,0.));
#15852 = VECTOR('',#15853,1.);
#15853 = DIRECTION('',(-0.2312779928,0.972887706802,0.));
#15854 = ORIENTED_EDGE('',*,*,#15855,.F.);
#15855 = EDGE_CURVE('',#15856,#15848,#15858,.T.);
#15856 = VERTEX_POINT('',#15857);
#15857 = CARTESIAN_POINT('',(70.474821428571,0.,0.));
#15858 = LINE('',#15859,#15860);
#15859 = CARTESIAN_POINT('',(70.474821428571,0.,0.));
#15860 = VECTOR('',#15861,1.);
#15861 = DIRECTION('',(-1.,0.,0.));
#15862 = ORIENTED_EDGE('',*,*,#15863,.F.);
#15863 = EDGE_CURVE('',#15864,#15856,#15866,.T.);
#15864 = VERTEX_POINT('',#15865);
#15865 = CARTESIAN_POINT('',(72.614330357143,9.,0.));
#15866 = LINE('',#15867,#15868);
#15867 = CARTESIAN_POINT('',(72.614330357143,9.,0.));
#15868 = VECTOR('',#15869,1.);
#15869 = DIRECTION('',(-0.2312779928,-0.972887706802,0.));
#15870 = ORIENTED_EDGE('',*,*,#15871,.F.);
#15871 = EDGE_CURVE('',#15824,#15864,#15872,.T.);
#15872 = LINE('',#15873,#15874);
#15873 = CARTESIAN_POINT('',(70.824375,9.,0.));
#15874 = VECTOR('',#15875,1.);
#15875 = DIRECTION('',(1.,0.,0.));
#15876 = PLANE('',#15877);
#15877 = AXIS2_PLACEMENT_3D('',#15878,#15879,#15880);
#15878 = CARTESIAN_POINT('',(69.241788345449,4.911155768214,0.));
#15879 = DIRECTION('',(0.,0.,1.));
#15880 = DIRECTION('',(1.,0.,0.));
#15881 = SHELL_BASED_SURFACE_MODEL('',(#15882));
#15882 = OPEN_SHELL('',(#15883));
#15883 = ADVANCED_FACE('',(#15884),#15982,.T.);
#15884 = FACE_BOUND('',#15885,.T.);
#15885 = EDGE_LOOP('',(#15886,#15896,#15904,#15912,#15920,#15928,#15936,
    #15944,#15952,#15960,#15968,#15976));
#15886 = ORIENTED_EDGE('',*,*,#15887,.F.);
#15887 = EDGE_CURVE('',#15888,#15890,#15892,.T.);
#15888 = VERTEX_POINT('',#15889);
#15889 = CARTESIAN_POINT('',(79.575669642857,0.,0.));
#15890 = VERTEX_POINT('',#15891);
#15891 = CARTESIAN_POINT('',(73.970758928571,0.,0.));
#15892 = LINE('',#15893,#15894);
#15893 = CARTESIAN_POINT('',(79.575669642857,0.,0.));
#15894 = VECTOR('',#15895,1.);
#15895 = DIRECTION('',(-1.,0.,0.));
#15896 = ORIENTED_EDGE('',*,*,#15897,.F.);
#15897 = EDGE_CURVE('',#15898,#15888,#15900,.T.);
#15898 = VERTEX_POINT('',#15899);
#15899 = CARTESIAN_POINT('',(79.575669642857,1.568571428571,0.));
#15900 = LINE('',#15901,#15902);
#15901 = CARTESIAN_POINT('',(79.575669642857,1.568571428571,0.));
#15902 = VECTOR('',#15903,1.);
#15903 = DIRECTION('',(0.,-1.,0.));
#15904 = ORIENTED_EDGE('',*,*,#15905,.F.);
#15905 = EDGE_CURVE('',#15906,#15898,#15908,.T.);
#15906 = VERTEX_POINT('',#15907);
#15907 = CARTESIAN_POINT('',(75.748660714286,1.568571428571,0.));
#15908 = LINE('',#15909,#15910);
#15909 = CARTESIAN_POINT('',(75.748660714286,1.568571428571,0.));
#15910 = VECTOR('',#15911,1.);
#15911 = DIRECTION('',(1.,0.,0.));
#15912 = ORIENTED_EDGE('',*,*,#15913,.F.);
#15913 = EDGE_CURVE('',#15914,#15906,#15916,.T.);
#15914 = VERTEX_POINT('',#15915);
#15915 = CARTESIAN_POINT('',(75.748660714286,3.934285714286,0.));
#15916 = LINE('',#15917,#15918);
#15917 = CARTESIAN_POINT('',(75.748660714286,3.934285714286,0.));
#15918 = VECTOR('',#15919,1.);
#15919 = DIRECTION('',(0.,-1.,0.));
#15920 = ORIENTED_EDGE('',*,*,#15921,.F.);
#15921 = EDGE_CURVE('',#15922,#15914,#15924,.T.);
#15922 = VERTEX_POINT('',#15923);
#15923 = CARTESIAN_POINT('',(79.2140625,3.934285714286,0.));
#15924 = LINE('',#15925,#15926);
#15925 = CARTESIAN_POINT('',(79.2140625,3.934285714286,0.));
#15926 = VECTOR('',#15927,1.);
#15927 = DIRECTION('',(-1.,0.,0.));
#15928 = ORIENTED_EDGE('',*,*,#15929,.F.);
#15929 = EDGE_CURVE('',#15930,#15922,#15932,.T.);
#15930 = VERTEX_POINT('',#15931);
#15931 = CARTESIAN_POINT('',(79.2140625,5.502857142857,0.));
#15932 = LINE('',#15933,#15934);
#15933 = CARTESIAN_POINT('',(79.2140625,5.502857142857,0.));
#15934 = VECTOR('',#15935,1.);
#15935 = DIRECTION('',(0.,-1.,0.));
#15936 = ORIENTED_EDGE('',*,*,#15937,.F.);
#15937 = EDGE_CURVE('',#15938,#15930,#15940,.T.);
#15938 = VERTEX_POINT('',#15939);
#15939 = CARTESIAN_POINT('',(75.748660714286,5.502857142857,0.));
#15940 = LINE('',#15941,#15942);
#15941 = CARTESIAN_POINT('',(75.748660714286,5.502857142857,0.));
#15942 = VECTOR('',#15943,1.);
#15943 = DIRECTION('',(1.,0.,0.));
#15944 = ORIENTED_EDGE('',*,*,#15945,.F.);
#15945 = EDGE_CURVE('',#15946,#15938,#15948,.T.);
#15946 = VERTEX_POINT('',#15947);
#15947 = CARTESIAN_POINT('',(75.748660714286,7.431428571429,0.));
#15948 = LINE('',#15949,#15950);
#15949 = CARTESIAN_POINT('',(75.748660714286,7.431428571429,0.));
#15950 = VECTOR('',#15951,1.);
#15951 = DIRECTION('',(0.,-1.,0.));
#15952 = ORIENTED_EDGE('',*,*,#15953,.F.);
#15953 = EDGE_CURVE('',#15954,#15946,#15956,.T.);
#15954 = VERTEX_POINT('',#15955);
#15955 = CARTESIAN_POINT('',(79.575669642857,7.431428571429,0.));
#15956 = LINE('',#15957,#15958);
#15957 = CARTESIAN_POINT('',(79.575669642857,7.431428571429,0.));
#15958 = VECTOR('',#15959,1.);
#15959 = DIRECTION('',(-1.,0.,0.));
#15960 = ORIENTED_EDGE('',*,*,#15961,.F.);
#15961 = EDGE_CURVE('',#15962,#15954,#15964,.T.);
#15962 = VERTEX_POINT('',#15963);
#15963 = CARTESIAN_POINT('',(79.575669642857,9.,0.));
#15964 = LINE('',#15965,#15966);
#15965 = CARTESIAN_POINT('',(79.575669642857,9.,0.));
#15966 = VECTOR('',#15967,1.);
#15967 = DIRECTION('',(0.,-1.,0.));
#15968 = ORIENTED_EDGE('',*,*,#15969,.F.);
#15969 = EDGE_CURVE('',#15970,#15962,#15972,.T.);
#15970 = VERTEX_POINT('',#15971);
#15971 = CARTESIAN_POINT('',(73.970758928571,9.,0.));
#15972 = LINE('',#15973,#15974);
#15973 = CARTESIAN_POINT('',(73.970758928571,9.,0.));
#15974 = VECTOR('',#15975,1.);
#15975 = DIRECTION('',(1.,0.,0.));
#15976 = ORIENTED_EDGE('',*,*,#15977,.F.);
#15977 = EDGE_CURVE('',#15890,#15970,#15978,.T.);
#15978 = LINE('',#15979,#15980);
#15979 = CARTESIAN_POINT('',(73.970758928571,0.,0.));
#15980 = VECTOR('',#15981,1.);
#15981 = DIRECTION('',(0.,1.,0.));
#15982 = PLANE('',#15983);
#15983 = AXIS2_PLACEMENT_3D('',#15984,#15985,#15986);
#15984 = CARTESIAN_POINT('',(76.652436947084,4.534590432503,0.));
#15985 = DIRECTION('',(0.,0.,1.));
#15986 = DIRECTION('',(1.,0.,0.));
#15987 = ( GEOMETRIC_REPRESENTATION_CONTEXT(3) 
GLOBAL_UNCERTAINTY_ASSIGNED_CONTEXT((#15991)) 
GLOBAL_UNIT_ASSIGNED_CONTEXT((#15988,#15989,#15990)) 
REPRESENTATION_CONTEXT('Context #1',
  '3D Context with UNIT and UNCERTAINTY') );
#15988 = ( LENGTH_UNIT() NAMED_UNIT(*) SI_UNIT(.MILLI.,.METRE.) );
#15989 = ( NAMED_UNIT(*) PLANE_ANGLE_UNIT() SI_UNIT($,.RADIAN.) );
#15990 = ( NAMED_UNIT(*) SI_UNIT($,.STERADIAN.) SOLID_ANGLE_UNIT() );
#15991 = UNCERTAINTY_MEASURE_WITH_UNIT(LENGTH_MEASURE(1.E-07),#15988,
  'distance_accuracy_value','confusion accuracy');
#15992 = CONTEXT_DEPENDENT_SHAPE_REPRESENTATION(#15993,#15995);
#15993 = ( REPRESENTATION_RELATIONSHIP('','',#15020,#10) 
REPRESENTATION_RELATIONSHIP_WITH_TRANSFORMATION(#15994) 
SHAPE_REPRESENTATION_RELATIONSHIP() );
#15994 = ITEM_DEFINED_TRANSFORMATION('','',#11,#51);
#15995 = PRODUCT_DEFINITION_SHAPE('Placement','Placement of an item',
  #15996);
#15996 = NEXT_ASSEMBLY_USAGE_OCCURRENCE('10','ShapeString001','',#5,
  #15015,$);
#15997 = PRODUCT_RELATED_PRODUCT_CATEGORY('part',$,(#15017));
#15998 = SHAPE_DEFINITION_REPRESENTATION(#15999,#16005);
#15999 = PRODUCT_DEFINITION_SHAPE('','',#16000);
#16000 = PRODUCT_DEFINITION('design','',#16001,#16004);
#16001 = PRODUCT_DEFINITION_FORMATION('','',#16002);
#16002 = PRODUCT('Sketch003','Sketch003','',(#16003));
#16003 = PRODUCT_CONTEXT('',#2,'mechanical');
#16004 = PRODUCT_DEFINITION_CONTEXT('part definition',#2,'design');
#16005 = SHAPE_REPRESENTATION('',(#11,#16006,#16039),#16070);
#16006 = GEOMETRIC_CURVE_SET('',(#16007,#16015,#16023,#16031));
#16007 = TRIMMED_CURVE('',#16008,(#16013,PARAMETER_VALUE(2.238956218207)
    ),(#16014,PARAMETER_VALUE(7.227760715429)),.T.,.PARAMETER.);
#16008 = CIRCLE('',#16009,6.690000000002);
#16009 = AXIS2_PLACEMENT_3D('',#16010,#16011,#16012);
#16010 = CARTESIAN_POINT('',(-61.69,32.550000000002,0.));
#16011 = DIRECTION('',(0.,0.,1.));
#16012 = DIRECTION('',(1.,0.,-0.));
#16013 = CARTESIAN_POINT('',(-65.83474012474,37.80140260296,0.));
#16014 = CARTESIAN_POINT('',(-57.76907826087,37.970560184672,0.));
#16015 = TRIMMED_CURVE('',#16016,(#16021,PARAMETER_VALUE(0.944575408249)
    ),(#16022,PARAMETER_VALUE(4.086168061839)),.T.,.PARAMETER.);
#16016 = CIRCLE('',#16017,0.940000000002);
#16017 = AXIS2_PLACEMENT_3D('',#16018,#16019,#16020);
#16018 = CARTESIAN_POINT('',(-58.32,37.208926915075,0.));
#16019 = DIRECTION('',(0.,0.,1.));
#16020 = DIRECTION('',(1.,0.,-0.));
#16021 = CARTESIAN_POINT('',(-57.76907826087,37.970560184672,0.));
#16022 = CARTESIAN_POINT('',(-58.87092173913,36.447293645479,0.));
#16023 = TRIMMED_CURVE('',#16024,(#16029,PARAMETER_VALUE(2.238956218207)
    ),(#16030,PARAMETER_VALUE(7.227760715429)),.T.,.PARAMETER.);
#16024 = CIRCLE('',#16025,4.809999999998);
#16025 = AXIS2_PLACEMENT_3D('',#16026,#16027,#16028);
#16026 = CARTESIAN_POINT('',(-61.69,32.550000000002,0.));
#16027 = DIRECTION('',(0.,0.,1.));
#16028 = DIRECTION('',(1.,0.,-0.));
#16029 = CARTESIAN_POINT('',(-64.67,36.325672125595,0.));
#16030 = CARTESIAN_POINT('',(-58.87092173913,36.447293645479,0.));
#16031 = TRIMMED_CURVE('',#16032,(#16037,PARAMETER_VALUE(5.380548871797)
    ),(#16038,PARAMETER_VALUE(8.522141525387)),.T.,.PARAMETER.);
#16032 = CIRCLE('',#16033,0.940000000002);
#16033 = AXIS2_PLACEMENT_3D('',#16034,#16035,#16036);
#16034 = CARTESIAN_POINT('',(-65.25237006237,37.063537364278,0.));
#16035 = DIRECTION('',(0.,0.,1.));
#16036 = DIRECTION('',(1.,0.,-0.));
#16037 = CARTESIAN_POINT('',(-64.67,36.325672125595,0.));
#16038 = CARTESIAN_POINT('',(-65.83474012474,37.80140260296,0.));
#16039 = GEOMETRIC_CURVE_SET('',(#16040,#16048,#16055,#16063));
#16040 = TRIMMED_CURVE('',#16041,(#16046,PARAMETER_VALUE(3.14159265359))
  ,(#16047,PARAMETER_VALUE(6.28318530718)),.T.,.PARAMETER.);
#16041 = CIRCLE('',#16042,1.21);
#16042 = AXIS2_PLACEMENT_3D('',#16043,#16044,#16045);
#16043 = CARTESIAN_POINT('',(-61.69,32.550000000002,0.));
#16044 = DIRECTION('',(0.,0.,1.));
#16045 = DIRECTION('',(1.,0.,-0.));
#16046 = CARTESIAN_POINT('',(-62.9,32.550000000002,0.));
#16047 = CARTESIAN_POINT('',(-60.48,32.550000000002,0.));
#16048 = TRIMMED_CURVE('',#16049,(#16053,PARAMETER_VALUE(0.)),(#16054,
    PARAMETER_VALUE(6.7)),.T.,.PARAMETER.);
#16049 = LINE('',#16050,#16051);
#16050 = CARTESIAN_POINT('',(-60.48,32.550000000002,0.));
#16051 = VECTOR('',#16052,1.);
#16052 = DIRECTION('',(0.,1.,0.));
#16053 = CARTESIAN_POINT('',(-60.48,32.550000000002,0.));
#16054 = CARTESIAN_POINT('',(-60.48,39.250000000002,0.));
#16055 = TRIMMED_CURVE('',#16056,(#16061,PARAMETER_VALUE(0.)),(#16062,
    PARAMETER_VALUE(3.14159265359)),.T.,.PARAMETER.);
#16056 = CIRCLE('',#16057,1.21);
#16057 = AXIS2_PLACEMENT_3D('',#16058,#16059,#16060);
#16058 = CARTESIAN_POINT('',(-61.69,39.250000000002,0.));
#16059 = DIRECTION('',(0.,0.,1.));
#16060 = DIRECTION('',(1.,0.,-0.));
#16061 = CARTESIAN_POINT('',(-60.48,39.250000000002,0.));
#16062 = CARTESIAN_POINT('',(-62.9,39.250000000002,0.));
#16063 = TRIMMED_CURVE('',#16064,(#16068,PARAMETER_VALUE(0.)),(#16069,
    PARAMETER_VALUE(6.7)),.T.,.PARAMETER.);
#16064 = LINE('',#16065,#16066);
#16065 = CARTESIAN_POINT('',(-62.9,32.550000000002,0.));
#16066 = VECTOR('',#16067,1.);
#16067 = DIRECTION('',(8.48E-15,1.,0.));
#16068 = CARTESIAN_POINT('',(-62.9,32.550000000002,0.));
#16069 = CARTESIAN_POINT('',(-62.9,39.250000000002,0.));
#16070 = ( GEOMETRIC_REPRESENTATION_CONTEXT(3) 
GLOBAL_UNCERTAINTY_ASSIGNED_CONTEXT((#16074)) 
GLOBAL_UNIT_ASSIGNED_CONTEXT((#16071,#16072,#16073)) 
REPRESENTATION_CONTEXT('Context #1',
  '3D Context with UNIT and UNCERTAINTY') );
#16071 = ( LENGTH_UNIT() NAMED_UNIT(*) SI_UNIT(.MILLI.,.METRE.) );
#16072 = ( NAMED_UNIT(*) PLANE_ANGLE_UNIT() SI_UNIT($,.RADIAN.) );
#16073 = ( NAMED_UNIT(*) SI_UNIT($,.STERADIAN.) SOLID_ANGLE_UNIT() );
#16074 = UNCERTAINTY_MEASURE_WITH_UNIT(LENGTH_MEASURE(1.E-07),#16071,
  'distance_accuracy_value','confusion accuracy');
#16075 = CONTEXT_DEPENDENT_SHAPE_REPRESENTATION(#16076,#16078);
#16076 = ( REPRESENTATION_RELATIONSHIP('','',#16005,#10) 
REPRESENTATION_RELATIONSHIP_WITH_TRANSFORMATION(#16077) 
SHAPE_REPRESENTATION_RELATIONSHIP() );
#16077 = ITEM_DEFINED_TRANSFORMATION('','',#11,#55);
#16078 = PRODUCT_DEFINITION_SHAPE('Placement','Placement of an item',
  #16079);
#16079 = NEXT_ASSEMBLY_USAGE_OCCURRENCE('11','Sketch003','',#5,#16000,$
  );
#16080 = PRODUCT_RELATED_PRODUCT_CATEGORY('part',$,(#16002));
#16081 = SHAPE_DEFINITION_REPRESENTATION(#16082,#16088);
#16082 = PRODUCT_DEFINITION_SHAPE('','',#16083);
#16083 = PRODUCT_DEFINITION('design','',#16084,#16087);
#16084 = PRODUCT_DEFINITION_FORMATION('','',#16085);
#16085 = PRODUCT('Sketch004','Sketch004','',(#16086));
#16086 = PRODUCT_CONTEXT('',#2,'mechanical');
#16087 = PRODUCT_DEFINITION_CONTEXT('part definition',#2,'design');
#16088 = SHAPE_REPRESENTATION('',(#11,#16089,#16122),#16153);
#16089 = GEOMETRIC_CURVE_SET('',(#16090,#16098,#16106,#16114));
#16090 = TRIMMED_CURVE('',#16091,(#16096,PARAMETER_VALUE(2.238956218207)
    ),(#16097,PARAMETER_VALUE(7.227760715429)),.T.,.PARAMETER.);
#16091 = CIRCLE('',#16092,6.69);
#16092 = AXIS2_PLACEMENT_3D('',#16093,#16094,#16095);
#16093 = CARTESIAN_POINT('',(61.69,32.55,0.));
#16094 = DIRECTION('',(0.,0.,1.));
#16095 = DIRECTION('',(1.,0.,-0.));
#16096 = CARTESIAN_POINT('',(57.54525987526,37.801402602959,0.));
#16097 = CARTESIAN_POINT('',(65.61092173913,37.970560184669,0.));
#16098 = TRIMMED_CURVE('',#16099,(#16104,PARAMETER_VALUE(0.944575408249)
    ),(#16105,PARAMETER_VALUE(4.086168061839)),.T.,.PARAMETER.);
#16099 = CIRCLE('',#16100,0.94);
#16100 = AXIS2_PLACEMENT_3D('',#16101,#16102,#16103);
#16101 = CARTESIAN_POINT('',(65.06,37.208926915074,0.));
#16102 = DIRECTION('',(0.,0.,1.));
#16103 = DIRECTION('',(1.,0.,-0.));
#16104 = CARTESIAN_POINT('',(65.61092173913,37.970560184669,0.));
#16105 = CARTESIAN_POINT('',(64.50907826087,36.447293645479,0.));
#16106 = TRIMMED_CURVE('',#16107,(#16112,PARAMETER_VALUE(2.238956218207)
    ),(#16113,PARAMETER_VALUE(7.227760715429)),.T.,.PARAMETER.);
#16107 = CIRCLE('',#16108,4.81);
#16108 = AXIS2_PLACEMENT_3D('',#16109,#16110,#16111);
#16109 = CARTESIAN_POINT('',(61.69,32.55,0.));
#16110 = DIRECTION('',(0.,0.,1.));
#16111 = DIRECTION('',(1.,0.,-0.));
#16112 = CARTESIAN_POINT('',(58.71,36.325672125596,0.));
#16113 = CARTESIAN_POINT('',(64.50907826087,36.447293645479,0.));
#16114 = TRIMMED_CURVE('',#16115,(#16120,PARAMETER_VALUE(5.380548871796)
    ),(#16121,PARAMETER_VALUE(8.522141525386)),.T.,.PARAMETER.);
#16115 = CIRCLE('',#16116,0.94);
#16116 = AXIS2_PLACEMENT_3D('',#16117,#16118,#16119);
#16117 = CARTESIAN_POINT('',(58.12762993763,37.063537364278,0.));
#16118 = DIRECTION('',(0.,0.,1.));
#16119 = DIRECTION('',(1.,0.,-0.));
#16120 = CARTESIAN_POINT('',(58.71,36.325672125596,0.));
#16121 = CARTESIAN_POINT('',(57.54525987526,37.801402602959,0.));
#16122 = GEOMETRIC_CURVE_SET('',(#16123,#16131,#16138,#16146));
#16123 = TRIMMED_CURVE('',#16124,(#16129,PARAMETER_VALUE(3.14159265359))
  ,(#16130,PARAMETER_VALUE(6.28318530718)),.T.,.PARAMETER.);
#16124 = CIRCLE('',#16125,1.21);
#16125 = AXIS2_PLACEMENT_3D('',#16126,#16127,#16128);
#16126 = CARTESIAN_POINT('',(61.69,32.55,0.));
#16127 = DIRECTION('',(0.,0.,1.));
#16128 = DIRECTION('',(1.,0.,-0.));
#16129 = CARTESIAN_POINT('',(60.48,32.55,0.));
#16130 = CARTESIAN_POINT('',(62.9,32.55,0.));
#16131 = TRIMMED_CURVE('',#16132,(#16136,PARAMETER_VALUE(0.)),(#16137,
    PARAMETER_VALUE(6.7)),.T.,.PARAMETER.);
#16132 = LINE('',#16133,#16134);
#16133 = CARTESIAN_POINT('',(62.9,32.55,0.));
#16134 = VECTOR('',#16135,1.);
#16135 = DIRECTION('',(0.,1.,0.));
#16136 = CARTESIAN_POINT('',(62.9,32.55,0.));
#16137 = CARTESIAN_POINT('',(62.9,39.25,0.));
#16138 = TRIMMED_CURVE('',#16139,(#16144,PARAMETER_VALUE(-2.E-15)),(
    #16145,PARAMETER_VALUE(3.14159265359)),.T.,.PARAMETER.);
#16139 = CIRCLE('',#16140,1.21);
#16140 = AXIS2_PLACEMENT_3D('',#16141,#16142,#16143);
#16141 = CARTESIAN_POINT('',(61.69,39.25,0.));
#16142 = DIRECTION('',(0.,0.,1.));
#16143 = DIRECTION('',(1.,0.,-0.));
#16144 = CARTESIAN_POINT('',(62.9,39.25,0.));
#16145 = CARTESIAN_POINT('',(60.48,39.25,0.));
#16146 = TRIMMED_CURVE('',#16147,(#16151,PARAMETER_VALUE(0.)),(#16152,
    PARAMETER_VALUE(6.7)),.T.,.PARAMETER.);
#16147 = LINE('',#16148,#16149);
#16148 = CARTESIAN_POINT('',(60.48,32.55,0.));
#16149 = VECTOR('',#16150,1.);
#16150 = DIRECTION('',(0.,1.,0.));
#16151 = CARTESIAN_POINT('',(60.48,32.55,0.));
#16152 = CARTESIAN_POINT('',(60.48,39.25,0.));
#16153 = ( GEOMETRIC_REPRESENTATION_CONTEXT(3) 
GLOBAL_UNCERTAINTY_ASSIGNED_CONTEXT((#16157)) 
GLOBAL_UNIT_ASSIGNED_CONTEXT((#16154,#16155,#16156)) 
REPRESENTATION_CONTEXT('Context #1',
  '3D Context with UNIT and UNCERTAINTY') );
#16154 = ( LENGTH_UNIT() NAMED_UNIT(*) SI_UNIT(.MILLI.,.METRE.) );
#16155 = ( NAMED_UNIT(*) PLANE_ANGLE_UNIT() SI_UNIT($,.RADIAN.) );
#16156 = ( NAMED_UNIT(*) SI_UNIT($,.STERADIAN.) SOLID_ANGLE_UNIT() );
#16157 = UNCERTAINTY_MEASURE_WITH_UNIT(LENGTH_MEASURE(1.E-07),#16154,
  'distance_accuracy_value','confusion accuracy');
#16158 = CONTEXT_DEPENDENT_SHAPE_REPRESENTATION(#16159,#16161);
#16159 = ( REPRESENTATION_RELATIONSHIP('','',#16088,#10) 
REPRESENTATION_RELATIONSHIP_WITH_TRANSFORMATION(#16160) 
SHAPE_REPRESENTATION_RELATIONSHIP() );
#16160 = ITEM_DEFINED_TRANSFORMATION('','',#11,#59);
#16161 = PRODUCT_DEFINITION_SHAPE('Placement','Placement of an item',
  #16162);
#16162 = NEXT_ASSEMBLY_USAGE_OCCURRENCE('12','Sketch004','',#5,#16083,$
  );
#16163 = PRODUCT_RELATED_PRODUCT_CATEGORY('part',$,(#16085));
#16164 = MECHANICAL_DESIGN_GEOMETRIC_PRESENTATION_REPRESENTATION('',(
    #16165,#16176),#16070);
#16165 = STYLED_ITEM('color',(#16166),#16006);
#16166 = PRESENTATION_STYLE_ASSIGNMENT((#16167,#16173));
#16167 = SURFACE_STYLE_USAGE(.BOTH.,#16168);
#16168 = SURFACE_SIDE_STYLE('',(#16169));
#16169 = SURFACE_STYLE_FILL_AREA(#16170);
#16170 = FILL_AREA_STYLE('',(#16171));
#16171 = FILL_AREA_STYLE_COLOUR('',#16172);
#16172 = COLOUR_RGB('',0.447058818107,0.474509808674,0.501960817233);
#16173 = CURVE_STYLE('',#16174,POSITIVE_LENGTH_MEASURE(0.1),#16175);
#16174 = DRAUGHTING_PRE_DEFINED_CURVE_FONT('continuous');
#16175 = COLOUR_RGB('',0.945098040599,0.952941189437,0.960784305148);
#16176 = STYLED_ITEM('color',(#16177),#16039);
#16177 = PRESENTATION_STYLE_ASSIGNMENT((#16178,#16183));
#16178 = SURFACE_STYLE_USAGE(.BOTH.,#16179);
#16179 = SURFACE_SIDE_STYLE('',(#16180));
#16180 = SURFACE_STYLE_FILL_AREA(#16181);
#16181 = FILL_AREA_STYLE('',(#16182));
#16182 = FILL_AREA_STYLE_COLOUR('',#16172);
#16183 = CURVE_STYLE('',#16184,POSITIVE_LENGTH_MEASURE(0.1),#16175);
#16184 = DRAUGHTING_PRE_DEFINED_CURVE_FONT('continuous');
#16185 = MECHANICAL_DESIGN_GEOMETRIC_PRESENTATION_REPRESENTATION('',(
    #16186,#16196,#16205,#16214,#16223,#16232,#16241,#16250,#16259,
    #16268),#11102);
#16186 = STYLED_ITEM('color',(#16187),#7322);
#16187 = PRESENTATION_STYLE_ASSIGNMENT((#16188,#16193));
#16188 = SURFACE_STYLE_USAGE(.BOTH.,#16189);
#16189 = SURFACE_SIDE_STYLE('',(#16190));
#16190 = SURFACE_STYLE_FILL_AREA(#16191);
#16191 = FILL_AREA_STYLE('',(#16192));
#16192 = FILL_AREA_STYLE_COLOUR('',#16172);
#16193 = CURVE_STYLE('',#16194,POSITIVE_LENGTH_MEASURE(0.1),#16195);
#16194 = DRAUGHTING_PRE_DEFINED_CURVE_FONT('continuous');
#16195 = COLOUR_RGB('',9.803921802644E-02,9.803921802644E-02,
  9.803921802644E-02);
#16196 = STYLED_ITEM('color',(#16197),#7538);
#16197 = PRESENTATION_STYLE_ASSIGNMENT((#16198,#16203));
#16198 = SURFACE_STYLE_USAGE(.BOTH.,#16199);
#16199 = SURFACE_SIDE_STYLE('',(#16200));
#16200 = SURFACE_STYLE_FILL_AREA(#16201);
#16201 = FILL_AREA_STYLE('',(#16202));
#16202 = FILL_AREA_STYLE_COLOUR('',#16172);
#16203 = CURVE_STYLE('',#16204,POSITIVE_LENGTH_MEASURE(0.1),#16195);
#16204 = DRAUGHTING_PRE_DEFINED_CURVE_FONT('continuous');
#16205 = STYLED_ITEM('color',(#16206),#7952);
#16206 = PRESENTATION_STYLE_ASSIGNMENT((#16207,#16212));
#16207 = SURFACE_STYLE_USAGE(.BOTH.,#16208);
#16208 = SURFACE_SIDE_STYLE('',(#16209));
#16209 = SURFACE_STYLE_FILL_AREA(#16210);
#16210 = FILL_AREA_STYLE('',(#16211));
#16211 = FILL_AREA_STYLE_COLOUR('',#16172);
#16212 = CURVE_STYLE('',#16213,POSITIVE_LENGTH_MEASURE(0.1),#16195);
#16213 = DRAUGHTING_PRE_DEFINED_CURVE_FONT('continuous');
#16214 = STYLED_ITEM('color',(#16215),#8300);
#16215 = PRESENTATION_STYLE_ASSIGNMENT((#16216,#16221));
#16216 = SURFACE_STYLE_USAGE(.BOTH.,#16217);
#16217 = SURFACE_SIDE_STYLE('',(#16218));
#16218 = SURFACE_STYLE_FILL_AREA(#16219);
#16219 = FILL_AREA_STYLE('',(#16220));
#16220 = FILL_AREA_STYLE_COLOUR('',#16172);
#16221 = CURVE_STYLE('',#16222,POSITIVE_LENGTH_MEASURE(0.1),#16195);
#16222 = DRAUGHTING_PRE_DEFINED_CURVE_FONT('continuous');
#16223 = STYLED_ITEM('color',(#16224),#8714);
#16224 = PRESENTATION_STYLE_ASSIGNMENT((#16225,#16230));
#16225 = SURFACE_STYLE_USAGE(.BOTH.,#16226);
#16226 = SURFACE_SIDE_STYLE('',(#16227));
#16227 = SURFACE_STYLE_FILL_AREA(#16228);
#16228 = FILL_AREA_STYLE('',(#16229));
#16229 = FILL_AREA_STYLE_COLOUR('',#16172);
#16230 = CURVE_STYLE('',#16231,POSITIVE_LENGTH_MEASURE(0.1),#16195);
#16231 = DRAUGHTING_PRE_DEFINED_CURVE_FONT('continuous');
#16232 = STYLED_ITEM('color',(#16233),#9099);
#16233 = PRESENTATION_STYLE_ASSIGNMENT((#16234,#16239));
#16234 = SURFACE_STYLE_USAGE(.BOTH.,#16235);
#16235 = SURFACE_SIDE_STYLE('',(#16236));
#16236 = SURFACE_STYLE_FILL_AREA(#16237);
#16237 = FILL_AREA_STYLE('',(#16238));
#16238 = FILL_AREA_STYLE_COLOUR('',#16172);
#16239 = CURVE_STYLE('',#16240,POSITIVE_LENGTH_MEASURE(0.1),#16195);
#16240 = DRAUGHTING_PRE_DEFINED_CURVE_FONT('continuous');
#16241 = STYLED_ITEM('color',(#16242),#9743);
#16242 = PRESENTATION_STYLE_ASSIGNMENT((#16243,#16248));
#16243 = SURFACE_STYLE_USAGE(.BOTH.,#16244);
#16244 = SURFACE_SIDE_STYLE('',(#16245));
#16245 = SURFACE_STYLE_FILL_AREA(#16246);
#16246 = FILL_AREA_STYLE('',(#16247));
#16247 = FILL_AREA_STYLE_COLOUR('',#16172);
#16248 = CURVE_STYLE('',#16249,POSITIVE_LENGTH_MEASURE(0.1),#16195);
#16249 = DRAUGHTING_PRE_DEFINED_CURVE_FONT('continuous');
#16250 = STYLED_ITEM('color',(#16251),#10025);
#16251 = PRESENTATION_STYLE_ASSIGNMENT((#16252,#16257));
#16252 = SURFACE_STYLE_USAGE(.BOTH.,#16253);
#16253 = SURFACE_SIDE_STYLE('',(#16254));
#16254 = SURFACE_STYLE_FILL_AREA(#16255);
#16255 = FILL_AREA_STYLE('',(#16256));
#16256 = FILL_AREA_STYLE_COLOUR('',#16172);
#16257 = CURVE_STYLE('',#16258,POSITIVE_LENGTH_MEASURE(0.1),#16195);
#16258 = DRAUGHTING_PRE_DEFINED_CURVE_FONT('continuous');
#16259 = STYLED_ITEM('color',(#16260),#10439);
#16260 = PRESENTATION_STYLE_ASSIGNMENT((#16261,#16266));
#16261 = SURFACE_STYLE_USAGE(.BOTH.,#16262);
#16262 = SURFACE_SIDE_STYLE('',(#16263));
#16263 = SURFACE_STYLE_FILL_AREA(#16264);
#16264 = FILL_AREA_STYLE('',(#16265));
#16265 = FILL_AREA_STYLE_COLOUR('',#16172);
#16266 = CURVE_STYLE('',#16267,POSITIVE_LENGTH_MEASURE(0.1),#16195);
#16267 = DRAUGHTING_PRE_DEFINED_CURVE_FONT('continuous');
#16268 = STYLED_ITEM('color',(#16269),#10688);
#16269 = PRESENTATION_STYLE_ASSIGNMENT((#16270,#16275));
#16270 = SURFACE_STYLE_USAGE(.BOTH.,#16271);
#16271 = SURFACE_SIDE_STYLE('',(#16272));
#16272 = SURFACE_STYLE_FILL_AREA(#16273);
#16273 = FILL_AREA_STYLE('',(#16274));
#16274 = FILL_AREA_STYLE_COLOUR('',#16172);
#16275 = CURVE_STYLE('',#16276,POSITIVE_LENGTH_MEASURE(0.1),#16195);
#16276 = DRAUGHTING_PRE_DEFINED_CURVE_FONT('continuous');
#16277 = MECHANICAL_DESIGN_GEOMETRIC_PRESENTATION_REPRESENTATION('',(
    #16278,#16287),#16153);
#16278 = STYLED_ITEM('color',(#16279),#16089);
#16279 = PRESENTATION_STYLE_ASSIGNMENT((#16280,#16285));
#16280 = SURFACE_STYLE_USAGE(.BOTH.,#16281);
#16281 = SURFACE_SIDE_STYLE('',(#16282));
#16282 = SURFACE_STYLE_FILL_AREA(#16283);
#16283 = FILL_AREA_STYLE('',(#16284));
#16284 = FILL_AREA_STYLE_COLOUR('',#16172);
#16285 = CURVE_STYLE('',#16286,POSITIVE_LENGTH_MEASURE(0.1),#16175);
#16286 = DRAUGHTING_PRE_DEFINED_CURVE_FONT('continuous');
#16287 = STYLED_ITEM('color',(#16288),#16122);
#16288 = PRESENTATION_STYLE_ASSIGNMENT((#16289,#16294));
#16289 = SURFACE_STYLE_USAGE(.BOTH.,#16290);
#16290 = SURFACE_SIDE_STYLE('',(#16291));
#16291 = SURFACE_STYLE_FILL_AREA(#16292);
#16292 = FILL_AREA_STYLE('',(#16293));
#16293 = FILL_AREA_STYLE_COLOUR('',#16172);
#16294 = CURVE_STYLE('',#16295,POSITIVE_LENGTH_MEASURE(0.1),#16175);
#16295 = DRAUGHTING_PRE_DEFINED_CURVE_FONT('continuous');
#16296 = MECHANICAL_DESIGN_GEOMETRIC_PRESENTATION_REPRESENTATION('',(
    #16297,#16306,#16315,#16324,#16333,#16342,#16351),#6416);
#16297 = STYLED_ITEM('color',(#16298),#77);
#16298 = PRESENTATION_STYLE_ASSIGNMENT((#16299,#16304));
#16299 = SURFACE_STYLE_USAGE(.BOTH.,#16300);
#16300 = SURFACE_SIDE_STYLE('',(#16301));
#16301 = SURFACE_STYLE_FILL_AREA(#16302);
#16302 = FILL_AREA_STYLE('',(#16303));
#16303 = FILL_AREA_STYLE_COLOUR('',#16172);
#16304 = CURVE_STYLE('',#16305,POSITIVE_LENGTH_MEASURE(0.1),#16195);
#16305 = DRAUGHTING_PRE_DEFINED_CURVE_FONT('continuous');
#16306 = STYLED_ITEM('color',(#16307),#4751);
#16307 = PRESENTATION_STYLE_ASSIGNMENT((#16308,#16313));
#16308 = SURFACE_STYLE_USAGE(.BOTH.,#16309);
#16309 = SURFACE_SIDE_STYLE('',(#16310));
#16310 = SURFACE_STYLE_FILL_AREA(#16311);
#16311 = FILL_AREA_STYLE('',(#16312));
#16312 = FILL_AREA_STYLE_COLOUR('',#16172);
#16313 = CURVE_STYLE('',#16314,POSITIVE_LENGTH_MEASURE(0.1),#16195);
#16314 = DRAUGHTING_PRE_DEFINED_CURVE_FONT('continuous');
#16315 = STYLED_ITEM('color',(#16316),#5008);
#16316 = PRESENTATION_STYLE_ASSIGNMENT((#16317,#16322));
#16317 = SURFACE_STYLE_USAGE(.BOTH.,#16318);
#16318 = SURFACE_SIDE_STYLE('',(#16319));
#16319 = SURFACE_STYLE_FILL_AREA(#16320);
#16320 = FILL_AREA_STYLE('',(#16321));
#16321 = FILL_AREA_STYLE_COLOUR('',#16172);
#16322 = CURVE_STYLE('',#16323,POSITIVE_LENGTH_MEASURE(0.1),#16195);
#16323 = DRAUGHTING_PRE_DEFINED_CURVE_FONT('continuous');
#16324 = STYLED_ITEM('color',(#16325),#5306);
#16325 = PRESENTATION_STYLE_ASSIGNMENT((#16326,#16331));
#16326 = SURFACE_STYLE_USAGE(.BOTH.,#16327);
#16327 = SURFACE_SIDE_STYLE('',(#16328));
#16328 = SURFACE_STYLE_FILL_AREA(#16329);
#16329 = FILL_AREA_STYLE('',(#16330));
#16330 = FILL_AREA_STYLE_COLOUR('',#16172);
#16331 = CURVE_STYLE('',#16332,POSITIVE_LENGTH_MEASURE(0.1),#16195);
#16332 = DRAUGHTING_PRE_DEFINED_CURVE_FONT('continuous');
#16333 = STYLED_ITEM('color',(#16334),#5563);
#16334 = PRESENTATION_STYLE_ASSIGNMENT((#16335,#16340));
#16335 = SURFACE_STYLE_USAGE(.BOTH.,#16336);
#16336 = SURFACE_SIDE_STYLE('',(#16337));
#16337 = SURFACE_STYLE_FILL_AREA(#16338);
#16338 = FILL_AREA_STYLE('',(#16339));
#16339 = FILL_AREA_STYLE_COLOUR('',#16172);
#16340 = CURVE_STYLE('',#16341,POSITIVE_LENGTH_MEASURE(0.1),#16195);
#16341 = DRAUGHTING_PRE_DEFINED_CURVE_FONT('continuous');
#16342 = STYLED_ITEM('color',(#16343),#5861);
#16343 = PRESENTATION_STYLE_ASSIGNMENT((#16344,#16349));
#16344 = SURFACE_STYLE_USAGE(.BOTH.,#16345);
#16345 = SURFACE_SIDE_STYLE('',(#16346));
#16346 = SURFACE_STYLE_FILL_AREA(#16347);
#16347 = FILL_AREA_STYLE('',(#16348));
#16348 = FILL_AREA_STYLE_COLOUR('',#16172);
#16349 = CURVE_STYLE('',#16350,POSITIVE_LENGTH_MEASURE(0.1),#16195);
#16350 = DRAUGHTING_PRE_DEFINED_CURVE_FONT('continuous');
#16351 = STYLED_ITEM('color',(#16352),#6118);
#16352 = PRESENTATION_STYLE_ASSIGNMENT((#16353,#16358));
#16353 = SURFACE_STYLE_USAGE(.BOTH.,#16354);
#16354 = SURFACE_SIDE_STYLE('',(#16355));
#16355 = SURFACE_STYLE_FILL_AREA(#16356);
#16356 = FILL_AREA_STYLE('',(#16357));
#16357 = FILL_AREA_STYLE_COLOUR('',#16172);
#16358 = CURVE_STYLE('',#16359,POSITIVE_LENGTH_MEASURE(0.1),#16195);
#16359 = DRAUGHTING_PRE_DEFINED_CURVE_FONT('continuous');
#16360 = MECHANICAL_DESIGN_GEOMETRIC_PRESENTATION_REPRESENTATION('',(
    #16361),#7303);
#16361 = STYLED_ITEM('color',(#16362),#6435);
#16362 = PRESENTATION_STYLE_ASSIGNMENT((#16363,#16368));
#16363 = SURFACE_STYLE_USAGE(.BOTH.,#16364);
#16364 = SURFACE_SIDE_STYLE('',(#16365));
#16365 = SURFACE_STYLE_FILL_AREA(#16366);
#16366 = FILL_AREA_STYLE('',(#16367));
#16367 = FILL_AREA_STYLE_COLOUR('',#16172);
#16368 = CURVE_STYLE('',#16369,POSITIVE_LENGTH_MEASURE(0.1),#16195);
#16369 = DRAUGHTING_PRE_DEFINED_CURVE_FONT('continuous');
#16370 = MECHANICAL_DESIGN_GEOMETRIC_PRESENTATION_REPRESENTATION('',(
    #16371),#12548);
#16371 = STYLED_ITEM('color',(#16372),#11952);
#16372 = PRESENTATION_STYLE_ASSIGNMENT((#16373,#16378));
#16373 = SURFACE_STYLE_USAGE(.BOTH.,#16374);
#16374 = SURFACE_SIDE_STYLE('',(#16375));
#16375 = SURFACE_STYLE_FILL_AREA(#16376);
#16376 = FILL_AREA_STYLE('',(#16377));
#16377 = FILL_AREA_STYLE_COLOUR('',#16172);
#16378 = CURVE_STYLE('',#16379,POSITIVE_LENGTH_MEASURE(0.1),#16195);
#16379 = DRAUGHTING_PRE_DEFINED_CURVE_FONT('continuous');
#16380 = MECHANICAL_DESIGN_GEOMETRIC_PRESENTATION_REPRESENTATION('',(
    #16381,#16390),#11764);
#16381 = STYLED_ITEM('color',(#16382),#11452);
#16382 = PRESENTATION_STYLE_ASSIGNMENT((#16383,#16388));
#16383 = SURFACE_STYLE_USAGE(.BOTH.,#16384);
#16384 = SURFACE_SIDE_STYLE('',(#16385));
#16385 = SURFACE_STYLE_FILL_AREA(#16386);
#16386 = FILL_AREA_STYLE('',(#16387));
#16387 = FILL_AREA_STYLE_COLOUR('',#16172);
#16388 = CURVE_STYLE('',#16389,POSITIVE_LENGTH_MEASURE(0.1),#16175);
#16389 = DRAUGHTING_PRE_DEFINED_CURVE_FONT('continuous');
#16390 = STYLED_ITEM('color',(#16391),#11610);
#16391 = PRESENTATION_STYLE_ASSIGNMENT((#16392,#16397));
#16392 = SURFACE_STYLE_USAGE(.BOTH.,#16393);
#16393 = SURFACE_SIDE_STYLE('',(#16394));
#16394 = SURFACE_STYLE_FILL_AREA(#16395);
#16395 = FILL_AREA_STYLE('',(#16396));
#16396 = FILL_AREA_STYLE_COLOUR('',#16172);
#16397 = CURVE_STYLE('',#16398,POSITIVE_LENGTH_MEASURE(0.1),#16175);
#16398 = DRAUGHTING_PRE_DEFINED_CURVE_FONT('continuous');
#16399 = MECHANICAL_DESIGN_GEOMETRIC_PRESENTATION_REPRESENTATION('',(
    #16400),#11933);
#16400 = STYLED_ITEM('color',(#16401),#11783);
#16401 = PRESENTATION_STYLE_ASSIGNMENT((#16402,#16407));
#16402 = SURFACE_STYLE_USAGE(.BOTH.,#16403);
#16403 = SURFACE_SIDE_STYLE('',(#16404));
#16404 = SURFACE_STYLE_FILL_AREA(#16405);
#16405 = FILL_AREA_STYLE('',(#16406));
#16406 = FILL_AREA_STYLE_COLOUR('',#16172);
#16407 = CURVE_STYLE('',#16408,POSITIVE_LENGTH_MEASURE(0.1),#16195);
#16408 = DRAUGHTING_PRE_DEFINED_CURVE_FONT('continuous');
#16409 = MECHANICAL_DESIGN_GEOMETRIC_PRESENTATION_REPRESENTATION('',(
    #16410,#16419),#11433);
#16410 = STYLED_ITEM('color',(#16411),#11121);
#16411 = PRESENTATION_STYLE_ASSIGNMENT((#16412,#16417));
#16412 = SURFACE_STYLE_USAGE(.BOTH.,#16413);
#16413 = SURFACE_SIDE_STYLE('',(#16414));
#16414 = SURFACE_STYLE_FILL_AREA(#16415);
#16415 = FILL_AREA_STYLE('',(#16416));
#16416 = FILL_AREA_STYLE_COLOUR('',#16172);
#16417 = CURVE_STYLE('',#16418,POSITIVE_LENGTH_MEASURE(0.1),#16175);
#16418 = DRAUGHTING_PRE_DEFINED_CURVE_FONT('continuous');
#16419 = STYLED_ITEM('color',(#16420),#11279);
#16420 = PRESENTATION_STYLE_ASSIGNMENT((#16421,#16426));
#16421 = SURFACE_STYLE_USAGE(.BOTH.,#16422);
#16422 = SURFACE_SIDE_STYLE('',(#16423));
#16423 = SURFACE_STYLE_FILL_AREA(#16424);
#16424 = FILL_AREA_STYLE('',(#16425));
#16425 = FILL_AREA_STYLE_COLOUR('',#16172);
#16426 = CURVE_STYLE('',#16427,POSITIVE_LENGTH_MEASURE(0.1),#16175);
#16427 = DRAUGHTING_PRE_DEFINED_CURVE_FONT('continuous');
#16428 = MECHANICAL_DESIGN_GEOMETRIC_PRESENTATION_REPRESENTATION('',(
    #16429),#13435);
#16429 = STYLED_ITEM('color',(#16430),#12567);
#16430 = PRESENTATION_STYLE_ASSIGNMENT((#16431,#16436));
#16431 = SURFACE_STYLE_USAGE(.BOTH.,#16432);
#16432 = SURFACE_SIDE_STYLE('',(#16433));
#16433 = SURFACE_STYLE_FILL_AREA(#16434);
#16434 = FILL_AREA_STYLE('',(#16435));
#16435 = FILL_AREA_STYLE_COLOUR('',#16172);
#16436 = CURVE_STYLE('',#16437,POSITIVE_LENGTH_MEASURE(0.1),#16195);
#16437 = DRAUGHTING_PRE_DEFINED_CURVE_FONT('continuous');
#16438 = MECHANICAL_DESIGN_GEOMETRIC_PRESENTATION_REPRESENTATION('',(
    #16439,#16448,#16457,#16466,#16475,#16484,#16493,#16502,#16511,
    #16520),#15987);
#16439 = STYLED_ITEM('color',(#16440),#15023);
#16440 = PRESENTATION_STYLE_ASSIGNMENT((#16441,#16446));
#16441 = SURFACE_STYLE_USAGE(.BOTH.,#16442);
#16442 = SURFACE_SIDE_STYLE('',(#16443));
#16443 = SURFACE_STYLE_FILL_AREA(#16444);
#16444 = FILL_AREA_STYLE('',(#16445));
#16445 = FILL_AREA_STYLE_COLOUR('',#16172);
#16446 = CURVE_STYLE('',#16447,POSITIVE_LENGTH_MEASURE(0.1),#16195);
#16447 = DRAUGHTING_PRE_DEFINED_CURVE_FONT('continuous');
#16448 = STYLED_ITEM('color',(#16449),#15081);
#16449 = PRESENTATION_STYLE_ASSIGNMENT((#16450,#16455));
#16450 = SURFACE_STYLE_USAGE(.BOTH.,#16451);
#16451 = SURFACE_SIDE_STYLE('',(#16452));
#16452 = SURFACE_STYLE_FILL_AREA(#16453);
#16453 = FILL_AREA_STYLE('',(#16454));
#16454 = FILL_AREA_STYLE_COLOUR('',#16172);
#16455 = CURVE_STYLE('',#16456,POSITIVE_LENGTH_MEASURE(0.1),#16195);
#16456 = DRAUGHTING_PRE_DEFINED_CURVE_FONT('continuous');
#16457 = STYLED_ITEM('color',(#16458),#15187);
#16458 = PRESENTATION_STYLE_ASSIGNMENT((#16459,#16464));
#16459 = SURFACE_STYLE_USAGE(.BOTH.,#16460);
#16460 = SURFACE_SIDE_STYLE('',(#16461));
#16461 = SURFACE_STYLE_FILL_AREA(#16462);
#16462 = FILL_AREA_STYLE('',(#16463));
#16463 = FILL_AREA_STYLE_COLOUR('',#16172);
#16464 = CURVE_STYLE('',#16465,POSITIVE_LENGTH_MEASURE(0.1),#16195);
#16465 = DRAUGHTING_PRE_DEFINED_CURVE_FONT('continuous');
#16466 = STYLED_ITEM('color',(#16467),#15277);
#16467 = PRESENTATION_STYLE_ASSIGNMENT((#16468,#16473));
#16468 = SURFACE_STYLE_USAGE(.BOTH.,#16469);
#16469 = SURFACE_SIDE_STYLE('',(#16470));
#16470 = SURFACE_STYLE_FILL_AREA(#16471);
#16471 = FILL_AREA_STYLE('',(#16472));
#16472 = FILL_AREA_STYLE_COLOUR('',#16172);
#16473 = CURVE_STYLE('',#16474,POSITIVE_LENGTH_MEASURE(0.1),#16195);
#16474 = DRAUGHTING_PRE_DEFINED_CURVE_FONT('continuous');
#16475 = STYLED_ITEM('color',(#16476),#15383);
#16476 = PRESENTATION_STYLE_ASSIGNMENT((#16477,#16482));
#16477 = SURFACE_STYLE_USAGE(.BOTH.,#16478);
#16478 = SURFACE_SIDE_STYLE('',(#16479));
#16479 = SURFACE_STYLE_FILL_AREA(#16480);
#16480 = FILL_AREA_STYLE('',(#16481));
#16481 = FILL_AREA_STYLE_COLOUR('',#16172);
#16482 = CURVE_STYLE('',#16483,POSITIVE_LENGTH_MEASURE(0.1),#16195);
#16483 = DRAUGHTING_PRE_DEFINED_CURVE_FONT('continuous');
#16484 = STYLED_ITEM('color',(#16485),#15483);
#16485 = PRESENTATION_STYLE_ASSIGNMENT((#16486,#16491));
#16486 = SURFACE_STYLE_USAGE(.BOTH.,#16487);
#16487 = SURFACE_SIDE_STYLE('',(#16488));
#16488 = SURFACE_STYLE_FILL_AREA(#16489);
#16489 = FILL_AREA_STYLE('',(#16490));
#16490 = FILL_AREA_STYLE_COLOUR('',#16172);
#16491 = CURVE_STYLE('',#16492,POSITIVE_LENGTH_MEASURE(0.1),#16195);
#16492 = DRAUGHTING_PRE_DEFINED_CURVE_FONT('continuous');
#16493 = STYLED_ITEM('color',(#16494),#15637);
#16494 = PRESENTATION_STYLE_ASSIGNMENT((#16495,#16500));
#16495 = SURFACE_STYLE_USAGE(.BOTH.,#16496);
#16496 = SURFACE_SIDE_STYLE('',(#16497));
#16497 = SURFACE_STYLE_FILL_AREA(#16498);
#16498 = FILL_AREA_STYLE('',(#16499));
#16499 = FILL_AREA_STYLE_COLOUR('',#16172);
#16500 = CURVE_STYLE('',#16501,POSITIVE_LENGTH_MEASURE(0.1),#16195);
#16501 = DRAUGHTING_PRE_DEFINED_CURVE_FONT('continuous');
#16502 = STYLED_ITEM('color',(#16503),#15711);
#16503 = PRESENTATION_STYLE_ASSIGNMENT((#16504,#16509));
#16504 = SURFACE_STYLE_USAGE(.BOTH.,#16505);
#16505 = SURFACE_SIDE_STYLE('',(#16506));
#16506 = SURFACE_STYLE_FILL_AREA(#16507);
#16507 = FILL_AREA_STYLE('',(#16508));
#16508 = FILL_AREA_STYLE_COLOUR('',#16172);
#16509 = CURVE_STYLE('',#16510,POSITIVE_LENGTH_MEASURE(0.1),#16195);
#16510 = DRAUGHTING_PRE_DEFINED_CURVE_FONT('continuous');
#16511 = STYLED_ITEM('color',(#16512),#15817);
#16512 = PRESENTATION_STYLE_ASSIGNMENT((#16513,#16518));
#16513 = SURFACE_STYLE_USAGE(.BOTH.,#16514);
#16514 = SURFACE_SIDE_STYLE('',(#16515));
#16515 = SURFACE_STYLE_FILL_AREA(#16516);
#16516 = FILL_AREA_STYLE('',(#16517));
#16517 = FILL_AREA_STYLE_COLOUR('',#16172);
#16518 = CURVE_STYLE('',#16519,POSITIVE_LENGTH_MEASURE(0.1),#16195);
#16519 = DRAUGHTING_PRE_DEFINED_CURVE_FONT('continuous');
#16520 = STYLED_ITEM('color',(#16521),#15883);
#16521 = PRESENTATION_STYLE_ASSIGNMENT((#16522,#16527));
#16522 = SURFACE_STYLE_USAGE(.BOTH.,#16523);
#16523 = SURFACE_SIDE_STYLE('',(#16524));
#16524 = SURFACE_STYLE_FILL_AREA(#16525);
#16525 = FILL_AREA_STYLE('',(#16526));
#16526 = FILL_AREA_STYLE_COLOUR('',#16172);
#16527 = CURVE_STYLE('',#16528,POSITIVE_LENGTH_MEASURE(0.1),#16195);
#16528 = DRAUGHTING_PRE_DEFINED_CURVE_FONT('continuous');
#16529 = MECHANICAL_DESIGN_GEOMETRIC_PRESENTATION_REPRESENTATION('',(
    #16530,#16539,#16548,#16557,#16566,#16575,#16584,#16593,#16602,
    #16611,#16620,#16629),#15002);
#16530 = STYLED_ITEM('color',(#16531),#13456);
#16531 = PRESENTATION_STYLE_ASSIGNMENT((#16532,#16537));
#16532 = SURFACE_STYLE_USAGE(.BOTH.,#16533);
#16533 = SURFACE_SIDE_STYLE('',(#16534));
#16534 = SURFACE_STYLE_FILL_AREA(#16535);
#16535 = FILL_AREA_STYLE('',(#16536));
#16536 = FILL_AREA_STYLE_COLOUR('',#16172);
#16537 = CURVE_STYLE('',#16538,POSITIVE_LENGTH_MEASURE(0.1),#16195);
#16538 = DRAUGHTING_PRE_DEFINED_CURVE_FONT('continuous');
#16539 = STYLED_ITEM('color',(#16540),#13596);
#16540 = PRESENTATION_STYLE_ASSIGNMENT((#16541,#16546));
#16541 = SURFACE_STYLE_USAGE(.BOTH.,#16542);
#16542 = SURFACE_SIDE_STYLE('',(#16543));
#16543 = SURFACE_STYLE_FILL_AREA(#16544);
#16544 = FILL_AREA_STYLE('',(#16545));
#16545 = FILL_AREA_STYLE_COLOUR('',#16172);
#16546 = CURVE_STYLE('',#16547,POSITIVE_LENGTH_MEASURE(0.1),#16195);
#16547 = DRAUGHTING_PRE_DEFINED_CURVE_FONT('continuous');
#16548 = STYLED_ITEM('color',(#16549),#13736);
#16549 = PRESENTATION_STYLE_ASSIGNMENT((#16550,#16555));
#16550 = SURFACE_STYLE_USAGE(.BOTH.,#16551);
#16551 = SURFACE_SIDE_STYLE('',(#16552));
#16552 = SURFACE_STYLE_FILL_AREA(#16553);
#16553 = FILL_AREA_STYLE('',(#16554));
#16554 = FILL_AREA_STYLE_COLOUR('',#16172);
#16555 = CURVE_STYLE('',#16556,POSITIVE_LENGTH_MEASURE(0.1),#16195);
#16556 = DRAUGHTING_PRE_DEFINED_CURVE_FONT('continuous');
#16557 = STYLED_ITEM('color',(#16558),#13850);
#16558 = PRESENTATION_STYLE_ASSIGNMENT((#16559,#16564));
#16559 = SURFACE_STYLE_USAGE(.BOTH.,#16560);
#16560 = SURFACE_SIDE_STYLE('',(#16561));
#16561 = SURFACE_STYLE_FILL_AREA(#16562);
#16562 = FILL_AREA_STYLE('',(#16563));
#16563 = FILL_AREA_STYLE_COLOUR('',#16172);
#16564 = CURVE_STYLE('',#16565,POSITIVE_LENGTH_MEASURE(0.1),#16195);
#16565 = DRAUGHTING_PRE_DEFINED_CURVE_FONT('continuous');
#16566 = STYLED_ITEM('color',(#16567),#13956);
#16567 = PRESENTATION_STYLE_ASSIGNMENT((#16568,#16573));
#16568 = SURFACE_STYLE_USAGE(.BOTH.,#16569);
#16569 = SURFACE_SIDE_STYLE('',(#16570));
#16570 = SURFACE_STYLE_FILL_AREA(#16571);
#16571 = FILL_AREA_STYLE('',(#16572));
#16572 = FILL_AREA_STYLE_COLOUR('',#16172);
#16573 = CURVE_STYLE('',#16574,POSITIVE_LENGTH_MEASURE(0.1),#16195);
#16574 = DRAUGHTING_PRE_DEFINED_CURVE_FONT('continuous');
#16575 = STYLED_ITEM('color',(#16576),#14152);
#16576 = PRESENTATION_STYLE_ASSIGNMENT((#16577,#16582));
#16577 = SURFACE_STYLE_USAGE(.BOTH.,#16578);
#16578 = SURFACE_SIDE_STYLE('',(#16579));
#16579 = SURFACE_STYLE_FILL_AREA(#16580);
#16580 = FILL_AREA_STYLE('',(#16581));
#16581 = FILL_AREA_STYLE_COLOUR('',#16172);
#16582 = CURVE_STYLE('',#16583,POSITIVE_LENGTH_MEASURE(0.1),#16195);
#16583 = DRAUGHTING_PRE_DEFINED_CURVE_FONT('continuous');
#16584 = STYLED_ITEM('color',(#16585),#14306);
#16585 = PRESENTATION_STYLE_ASSIGNMENT((#16586,#16591));
#16586 = SURFACE_STYLE_USAGE(.BOTH.,#16587);
#16587 = SURFACE_SIDE_STYLE('',(#16588));
#16588 = SURFACE_STYLE_FILL_AREA(#16589);
#16589 = FILL_AREA_STYLE('',(#16590));
#16590 = FILL_AREA_STYLE_COLOUR('',#16172);
#16591 = CURVE_STYLE('',#16592,POSITIVE_LENGTH_MEASURE(0.1),#16195);
#16592 = DRAUGHTING_PRE_DEFINED_CURVE_FONT('continuous');
#16593 = STYLED_ITEM('color',(#16594),#14446);
#16594 = PRESENTATION_STYLE_ASSIGNMENT((#16595,#16600));
#16595 = SURFACE_STYLE_USAGE(.BOTH.,#16596);
#16596 = SURFACE_SIDE_STYLE('',(#16597));
#16597 = SURFACE_STYLE_FILL_AREA(#16598);
#16598 = FILL_AREA_STYLE('',(#16599));
#16599 = FILL_AREA_STYLE_COLOUR('',#16172);
#16600 = CURVE_STYLE('',#16601,POSITIVE_LENGTH_MEASURE(0.1),#16195);
#16601 = DRAUGHTING_PRE_DEFINED_CURVE_FONT('continuous');
#16602 = STYLED_ITEM('color',(#16603),#14536);
#16603 = PRESENTATION_STYLE_ASSIGNMENT((#16604,#16609));
#16604 = SURFACE_STYLE_USAGE(.BOTH.,#16605);
#16605 = SURFACE_SIDE_STYLE('',(#16606));
#16606 = SURFACE_STYLE_FILL_AREA(#16607);
#16607 = FILL_AREA_STYLE('',(#16608));
#16608 = FILL_AREA_STYLE_COLOUR('',#16172);
#16609 = CURVE_STYLE('',#16610,POSITIVE_LENGTH_MEASURE(0.1),#16195);
#16610 = DRAUGHTING_PRE_DEFINED_CURVE_FONT('continuous');
#16611 = STYLED_ITEM('color',(#16612),#14610);
#16612 = PRESENTATION_STYLE_ASSIGNMENT((#16613,#16618));
#16613 = SURFACE_STYLE_USAGE(.BOTH.,#16614);
#16614 = SURFACE_SIDE_STYLE('',(#16615));
#16615 = SURFACE_STYLE_FILL_AREA(#16616);
#16616 = FILL_AREA_STYLE('',(#16617));
#16617 = FILL_AREA_STYLE_COLOUR('',#16172);
#16618 = CURVE_STYLE('',#16619,POSITIVE_LENGTH_MEASURE(0.1),#16195);
#16619 = DRAUGHTING_PRE_DEFINED_CURVE_FONT('continuous');
#16620 = STYLED_ITEM('color',(#16621),#14806);
#16621 = PRESENTATION_STYLE_ASSIGNMENT((#16622,#16627));
#16622 = SURFACE_STYLE_USAGE(.BOTH.,#16623);
#16623 = SURFACE_SIDE_STYLE('',(#16624));
#16624 = SURFACE_STYLE_FILL_AREA(#16625);
#16625 = FILL_AREA_STYLE('',(#16626));
#16626 = FILL_AREA_STYLE_COLOUR('',#16172);
#16627 = CURVE_STYLE('',#16628,POSITIVE_LENGTH_MEASURE(0.1),#16195);
#16628 = DRAUGHTING_PRE_DEFINED_CURVE_FONT('continuous');
#16629 = STYLED_ITEM('color',(#16630),#14946);
#16630 = PRESENTATION_STYLE_ASSIGNMENT((#16631,#16636));
#16631 = SURFACE_STYLE_USAGE(.BOTH.,#16632);
#16632 = SURFACE_SIDE_STYLE('',(#16633));
#16633 = SURFACE_STYLE_FILL_AREA(#16634);
#16634 = FILL_AREA_STYLE('',(#16635));
#16635 = FILL_AREA_STYLE_COLOUR('',#16172);
#16636 = CURVE_STYLE('',#16637,POSITIVE_LENGTH_MEASURE(0.1),#16195);
#16637 = DRAUGHTING_PRE_DEFINED_CURVE_FONT('continuous');
ENDSEC;
END-ISO-10303-21;
