ISO-10303-21;
HEADER;
FILE_DESCRIPTION(('FreeCAD Model'),'2;1');
FILE_NAME('Open CASCADE Shape Model','2026-03-08T15:26:34',('Author'),(
    ''),'Open CASCADE STEP processor 7.8','FreeCAD','Unknown');
FILE_SCHEMA(('AUTOMOTIVE_DESIGN { 1 0 10303 214 1 1 1 1 }'));
ENDSEC;
DATA;
#1 = APPLICATION_PROTOCOL_DEFINITION('international standard',
  'automotive_design',2000,#2);
#2 = APPLICATION_CONTEXT(
  'core data for automotive mechanical design processes');
#3 = SHAPE_DEFINITION_REPRESENTATION(#4,#10);
#4 = PRODUCT_DEFINITION_SHAPE('','',#5);
#5 = PRODUCT_DEFINITION('design','',#6,#9);
#6 = PRODUCT_DEFINITION_FORMATION('','',#7);
#7 = PRODUCT('single_socket_cover_1','single_socket_cover_1','',(#8));
#8 = PRODUCT_CONTEXT('',#2,'mechanical');
#9 = PRODUCT_DEFINITION_CONTEXT('part definition',#2,'design');
#10 = SHAPE_REPRESENTATION('',(#11,#15,#19,#23,#27,#31,#35,#39,#43,#47,
    #51,#55,#59,#63,#67,#71),#75);
#11 = AXIS2_PLACEMENT_3D('',#12,#13,#14);
#12 = CARTESIAN_POINT('',(0.,0.,0.));
#13 = DIRECTION('',(0.,0.,1.));
#14 = DIRECTION('',(1.,0.,-0.));
#15 = AXIS2_PLACEMENT_3D('',#16,#17,#18);
#16 = CARTESIAN_POINT('',(3.102432384971E-02,-3.67,1.));
#17 = DIRECTION('',(0.,0.,1.));
#18 = DIRECTION('',(1.,0.,0.));
#19 = AXIS2_PLACEMENT_3D('',#20,#21,#22);
#20 = CARTESIAN_POINT('',(0.,0.,0.));
#21 = DIRECTION('',(0.,0.,1.));
#22 = DIRECTION('',(1.,0.,0.));
#23 = AXIS2_PLACEMENT_3D('',#24,#25,#26);
#24 = CARTESIAN_POINT('',(0.,0.,0.));
#25 = DIRECTION('',(0.,0.,1.));
#26 = DIRECTION('',(1.,0.,0.));
#27 = AXIS2_PLACEMENT_3D('',#28,#29,#30);
#28 = CARTESIAN_POINT('',(-1.,0.,0.));
#29 = DIRECTION('',(0.,0.,1.));
#30 = DIRECTION('',(1.,0.,0.));
#31 = AXIS2_PLACEMENT_3D('',#32,#33,#34);
#32 = CARTESIAN_POINT('',(0.,0.,0.));
#33 = DIRECTION('',(0.,0.,1.));
#34 = DIRECTION('',(1.,0.,0.));
#35 = AXIS2_PLACEMENT_3D('',#36,#37,#38);
#36 = CARTESIAN_POINT('',(0.,0.,0.));
#37 = DIRECTION('',(0.,0.,1.));
#38 = DIRECTION('',(1.,0.,0.));
#39 = AXIS2_PLACEMENT_3D('',#40,#41,#42);
#40 = CARTESIAN_POINT('',(0.,0.,0.));
#41 = DIRECTION('',(0.,0.,1.));
#42 = DIRECTION('',(1.,0.,0.));
#43 = AXIS2_PLACEMENT_3D('',#44,#45,#46);
#44 = CARTESIAN_POINT('',(0.,0.,0.));
#45 = DIRECTION('',(0.,0.,1.));
#46 = DIRECTION('',(1.,0.,0.));
#47 = AXIS2_PLACEMENT_3D('',#48,#49,#50);
#48 = CARTESIAN_POINT('',(0.,0.,0.));
#49 = DIRECTION('',(0.,0.,1.));
#50 = DIRECTION('',(1.,0.,0.));
#51 = AXIS2_PLACEMENT_3D('',#52,#53,#54);
#52 = CARTESIAN_POINT('',(-22.45,24.5,10.));
#53 = DIRECTION('',(0.,0.,1.));
#54 = DIRECTION('',(1.,0.,0.));
#55 = AXIS2_PLACEMENT_3D('',#56,#57,#58);
#56 = CARTESIAN_POINT('',(0.,0.,0.));
#57 = DIRECTION('',(0.,0.,1.));
#58 = DIRECTION('',(1.,0.,0.));
#59 = AXIS2_PLACEMENT_3D('',#60,#61,#62);
#60 = CARTESIAN_POINT('',(0.,0.,10.));
#61 = DIRECTION('',(0.,0.,1.));
#62 = DIRECTION('',(1.,0.,0.));
#63 = AXIS2_PLACEMENT_3D('',#64,#65,#66);
#64 = CARTESIAN_POINT('',(0.,0.,0.));
#65 = DIRECTION('',(0.,0.,1.));
#66 = DIRECTION('',(1.,0.,0.));
#67 = AXIS2_PLACEMENT_3D('',#68,#69,#70);
#68 = CARTESIAN_POINT('',(-32.99,-35.45,10.));
#69 = DIRECTION('',(0.,0.,1.));
#70 = DIRECTION('',(1.,0.,0.));
#71 = AXIS2_PLACEMENT_3D('',#72,#73,#74);
#72 = CARTESIAN_POINT('',(-9.28,-43.8,10.));
#73 = DIRECTION('',(0.,0.,1.));
#74 = DIRECTION('',(1.,0.,0.));
#75 = ( GEOMETRIC_REPRESENTATION_CONTEXT(3) 
GLOBAL_UNCERTAINTY_ASSIGNED_CONTEXT((#79)) GLOBAL_UNIT_ASSIGNED_CONTEXT(
(#76,#77,#78)) REPRESENTATION_CONTEXT('Context #1',
  '3D Context with UNIT and UNCERTAINTY') );
#76 = ( LENGTH_UNIT() NAMED_UNIT(*) SI_UNIT(.MILLI.,.METRE.) );
#77 = ( NAMED_UNIT(*) PLANE_ANGLE_UNIT() SI_UNIT($,.RADIAN.) );
#78 = ( NAMED_UNIT(*) SI_UNIT($,.STERADIAN.) SOLID_ANGLE_UNIT() );
#79 = UNCERTAINTY_MEASURE_WITH_UNIT(LENGTH_MEASURE(5.E-07),#76,
  'distance_accuracy_value','confusion accuracy');
#80 = PRODUCT_RELATED_PRODUCT_CATEGORY('part',$,(#7));
#81 = SHAPE_DEFINITION_REPRESENTATION(#82,#88);
#82 = PRODUCT_DEFINITION_SHAPE('','',#83);
#83 = PRODUCT_DEFINITION('design','',#84,#87);
#84 = PRODUCT_DEFINITION_FORMATION('','',#85);
#85 = PRODUCT('Body','Body','',(#86));
#86 = PRODUCT_CONTEXT('',#2,'mechanical');
#87 = PRODUCT_DEFINITION_CONTEXT('part definition',#2,'design');
#88 = ADVANCED_BREP_SHAPE_REPRESENTATION('',(#11,#89),#821);
#89 = MANIFOLD_SOLID_BREP('',#90);
#90 = CLOSED_SHELL('',(#91,#131,#162,#193,#280,#331,#343,#375,#399,#424,
    #448,#473,#497,#522,#539,#570,#594,#618,#635,#660,#685,#702,#727,
    #744,#769,#786,#803));
#91 = ADVANCED_FACE('',(#92),#126,.T.);
#92 = FACE_BOUND('',#93,.T.);
#93 = EDGE_LOOP('',(#94,#104,#112,#120));
#94 = ORIENTED_EDGE('',*,*,#95,.T.);
#95 = EDGE_CURVE('',#96,#98,#100,.T.);
#96 = VERTEX_POINT('',#97);
#97 = CARTESIAN_POINT('',(-45.,42.,0.));
#98 = VERTEX_POINT('',#99);
#99 = CARTESIAN_POINT('',(-45.,42.,7.));
#100 = LINE('',#101,#102);
#101 = CARTESIAN_POINT('',(-45.,42.,0.));
#102 = VECTOR('',#103,1.);
#103 = DIRECTION('',(0.,0.,1.));
#104 = ORIENTED_EDGE('',*,*,#105,.T.);
#105 = EDGE_CURVE('',#98,#106,#108,.T.);
#106 = VERTEX_POINT('',#107);
#107 = CARTESIAN_POINT('',(-45.,-42.,7.));
#108 = LINE('',#109,#110);
#109 = CARTESIAN_POINT('',(-45.,42.,7.));
#110 = VECTOR('',#111,1.);
#111 = DIRECTION('',(0.,-1.,0.));
#112 = ORIENTED_EDGE('',*,*,#113,.F.);
#113 = EDGE_CURVE('',#114,#106,#116,.T.);
#114 = VERTEX_POINT('',#115);
#115 = CARTESIAN_POINT('',(-45.,-42.,0.));
#116 = LINE('',#117,#118);
#117 = CARTESIAN_POINT('',(-45.,-42.,0.));
#118 = VECTOR('',#119,1.);
#119 = DIRECTION('',(0.,0.,1.));
#120 = ORIENTED_EDGE('',*,*,#121,.F.);
#121 = EDGE_CURVE('',#96,#114,#122,.T.);
#122 = LINE('',#123,#124);
#123 = CARTESIAN_POINT('',(-45.,42.,0.));
#124 = VECTOR('',#125,1.);
#125 = DIRECTION('',(0.,-1.,0.));
#126 = PLANE('',#127);
#127 = AXIS2_PLACEMENT_3D('',#128,#129,#130);
#128 = CARTESIAN_POINT('',(-45.,42.,0.));
#129 = DIRECTION('',(1.,0.,0.));
#130 = DIRECTION('',(0.,-1.,0.));
#131 = ADVANCED_FACE('',(#132),#157,.T.);
#132 = FACE_BOUND('',#133,.T.);
#133 = EDGE_LOOP('',(#134,#144,#150,#151));
#134 = ORIENTED_EDGE('',*,*,#135,.T.);
#135 = EDGE_CURVE('',#136,#138,#140,.T.);
#136 = VERTEX_POINT('',#137);
#137 = CARTESIAN_POINT('',(45.,42.,0.));
#138 = VERTEX_POINT('',#139);
#139 = CARTESIAN_POINT('',(45.,42.,7.));
#140 = LINE('',#141,#142);
#141 = CARTESIAN_POINT('',(45.,42.,0.));
#142 = VECTOR('',#143,1.);
#143 = DIRECTION('',(0.,0.,1.));
#144 = ORIENTED_EDGE('',*,*,#145,.T.);
#145 = EDGE_CURVE('',#138,#98,#146,.T.);
#146 = LINE('',#147,#148);
#147 = CARTESIAN_POINT('',(45.,42.,7.));
#148 = VECTOR('',#149,1.);
#149 = DIRECTION('',(-1.,0.,0.));
#150 = ORIENTED_EDGE('',*,*,#95,.F.);
#151 = ORIENTED_EDGE('',*,*,#152,.F.);
#152 = EDGE_CURVE('',#136,#96,#153,.T.);
#153 = LINE('',#154,#155);
#154 = CARTESIAN_POINT('',(45.,42.,0.));
#155 = VECTOR('',#156,1.);
#156 = DIRECTION('',(-1.,0.,0.));
#157 = PLANE('',#158);
#158 = AXIS2_PLACEMENT_3D('',#159,#160,#161);
#159 = CARTESIAN_POINT('',(45.,42.,0.));
#160 = DIRECTION('',(0.,-1.,0.));
#161 = DIRECTION('',(-1.,0.,0.));
#162 = ADVANCED_FACE('',(#163),#188,.T.);
#163 = FACE_BOUND('',#164,.T.);
#164 = EDGE_LOOP('',(#165,#166,#174,#182));
#165 = ORIENTED_EDGE('',*,*,#113,.T.);
#166 = ORIENTED_EDGE('',*,*,#167,.T.);
#167 = EDGE_CURVE('',#106,#168,#170,.T.);
#168 = VERTEX_POINT('',#169);
#169 = CARTESIAN_POINT('',(45.,-42.,7.));
#170 = LINE('',#171,#172);
#171 = CARTESIAN_POINT('',(-45.,-42.,7.));
#172 = VECTOR('',#173,1.);
#173 = DIRECTION('',(1.,0.,0.));
#174 = ORIENTED_EDGE('',*,*,#175,.F.);
#175 = EDGE_CURVE('',#176,#168,#178,.T.);
#176 = VERTEX_POINT('',#177);
#177 = CARTESIAN_POINT('',(45.,-42.,0.));
#178 = LINE('',#179,#180);
#179 = CARTESIAN_POINT('',(45.,-42.,0.));
#180 = VECTOR('',#181,1.);
#181 = DIRECTION('',(0.,0.,1.));
#182 = ORIENTED_EDGE('',*,*,#183,.F.);
#183 = EDGE_CURVE('',#114,#176,#184,.T.);
#184 = LINE('',#185,#186);
#185 = CARTESIAN_POINT('',(-45.,-42.,0.));
#186 = VECTOR('',#187,1.);
#187 = DIRECTION('',(1.,0.,0.));
#188 = PLANE('',#189);
#189 = AXIS2_PLACEMENT_3D('',#190,#191,#192);
#190 = CARTESIAN_POINT('',(-45.,-42.,0.));
#191 = DIRECTION('',(0.,1.,0.));
#192 = DIRECTION('',(1.,0.,0.));
#193 = ADVANCED_FACE('',(#194,#205),#275,.F.);
#194 = FACE_BOUND('',#195,.F.);
#195 = EDGE_LOOP('',(#196,#197,#198,#204));
#196 = ORIENTED_EDGE('',*,*,#121,.F.);
#197 = ORIENTED_EDGE('',*,*,#152,.F.);
#198 = ORIENTED_EDGE('',*,*,#199,.F.);
#199 = EDGE_CURVE('',#176,#136,#200,.T.);
#200 = LINE('',#201,#202);
#201 = CARTESIAN_POINT('',(45.,-42.,0.));
#202 = VECTOR('',#203,1.);
#203 = DIRECTION('',(0.,1.,0.));
#204 = ORIENTED_EDGE('',*,*,#183,.F.);
#205 = FACE_BOUND('',#206,.F.);
#206 = EDGE_LOOP('',(#207,#218,#226,#235,#243,#252,#260,#269));
#207 = ORIENTED_EDGE('',*,*,#208,.T.);
#208 = EDGE_CURVE('',#209,#211,#213,.T.);
#209 = VERTEX_POINT('',#210);
#210 = CARTESIAN_POINT('',(48.,42.,0.));
#211 = VERTEX_POINT('',#212);
#212 = CARTESIAN_POINT('',(45.,45.,0.));
#213 = CIRCLE('',#214,3.);
#214 = AXIS2_PLACEMENT_3D('',#215,#216,#217);
#215 = CARTESIAN_POINT('',(45.,42.,0.));
#216 = DIRECTION('',(-0.,0.,1.));
#217 = DIRECTION('',(1.1E-16,-1.,0.));
#218 = ORIENTED_EDGE('',*,*,#219,.T.);
#219 = EDGE_CURVE('',#211,#220,#222,.T.);
#220 = VERTEX_POINT('',#221);
#221 = CARTESIAN_POINT('',(-45.,45.,0.));
#222 = LINE('',#223,#224);
#223 = CARTESIAN_POINT('',(45.,45.,0.));
#224 = VECTOR('',#225,1.);
#225 = DIRECTION('',(-1.,0.,0.));
#226 = ORIENTED_EDGE('',*,*,#227,.F.);
#227 = EDGE_CURVE('',#228,#220,#230,.T.);
#228 = VERTEX_POINT('',#229);
#229 = CARTESIAN_POINT('',(-48.,42.,0.));
#230 = CIRCLE('',#231,3.);
#231 = AXIS2_PLACEMENT_3D('',#232,#233,#234);
#232 = CARTESIAN_POINT('',(-45.,42.,0.));
#233 = DIRECTION('',(-0.,0.,-1.));
#234 = DIRECTION('',(-1.1E-16,-1.,0.));
#235 = ORIENTED_EDGE('',*,*,#236,.T.);
#236 = EDGE_CURVE('',#228,#237,#239,.T.);
#237 = VERTEX_POINT('',#238);
#238 = CARTESIAN_POINT('',(-48.,-42.,0.));
#239 = LINE('',#240,#241);
#240 = CARTESIAN_POINT('',(-48.,42.,0.));
#241 = VECTOR('',#242,1.);
#242 = DIRECTION('',(0.,-1.,0.));
#243 = ORIENTED_EDGE('',*,*,#244,.T.);
#244 = EDGE_CURVE('',#237,#245,#247,.T.);
#245 = VERTEX_POINT('',#246);
#246 = CARTESIAN_POINT('',(-45.,-45.,0.));
#247 = CIRCLE('',#248,3.);
#248 = AXIS2_PLACEMENT_3D('',#249,#250,#251);
#249 = CARTESIAN_POINT('',(-45.,-42.,0.));
#250 = DIRECTION('',(0.,0.,1.));
#251 = DIRECTION('',(-1.1E-16,1.,0.));
#252 = ORIENTED_EDGE('',*,*,#253,.T.);
#253 = EDGE_CURVE('',#245,#254,#256,.T.);
#254 = VERTEX_POINT('',#255);
#255 = CARTESIAN_POINT('',(45.,-45.,0.));
#256 = LINE('',#257,#258);
#257 = CARTESIAN_POINT('',(-45.,-45.,0.));
#258 = VECTOR('',#259,1.);
#259 = DIRECTION('',(1.,0.,0.));
#260 = ORIENTED_EDGE('',*,*,#261,.T.);
#261 = EDGE_CURVE('',#254,#262,#264,.T.);
#262 = VERTEX_POINT('',#263);
#263 = CARTESIAN_POINT('',(48.,-42.,0.));
#264 = CIRCLE('',#265,3.);
#265 = AXIS2_PLACEMENT_3D('',#266,#267,#268);
#266 = CARTESIAN_POINT('',(45.,-42.,0.));
#267 = DIRECTION('',(0.,0.,1.));
#268 = DIRECTION('',(-1.,-1.1E-16,0.));
#269 = ORIENTED_EDGE('',*,*,#270,.T.);
#270 = EDGE_CURVE('',#262,#209,#271,.T.);
#271 = LINE('',#272,#273);
#272 = CARTESIAN_POINT('',(48.,-42.,0.));
#273 = VECTOR('',#274,1.);
#274 = DIRECTION('',(0.,1.,0.));
#275 = PLANE('',#276);
#276 = AXIS2_PLACEMENT_3D('',#277,#278,#279);
#277 = CARTESIAN_POINT('',(0.,0.,0.));
#278 = DIRECTION('',(0.,0.,1.));
#279 = DIRECTION('',(1.,0.,0.));
#280 = ADVANCED_FACE('',(#281,#292),#326,.F.);
#281 = FACE_BOUND('',#282,.F.);
#282 = EDGE_LOOP('',(#283,#284,#285,#291));
#283 = ORIENTED_EDGE('',*,*,#105,.T.);
#284 = ORIENTED_EDGE('',*,*,#167,.T.);
#285 = ORIENTED_EDGE('',*,*,#286,.T.);
#286 = EDGE_CURVE('',#168,#138,#287,.T.);
#287 = LINE('',#288,#289);
#288 = CARTESIAN_POINT('',(45.,-42.,7.));
#289 = VECTOR('',#290,1.);
#290 = DIRECTION('',(0.,1.,0.));
#291 = ORIENTED_EDGE('',*,*,#145,.T.);
#292 = FACE_BOUND('',#293,.F.);
#293 = EDGE_LOOP('',(#294,#304,#312,#320));
#294 = ORIENTED_EDGE('',*,*,#295,.F.);
#295 = EDGE_CURVE('',#296,#298,#300,.T.);
#296 = VERTEX_POINT('',#297);
#297 = CARTESIAN_POINT('',(-23.,23.,7.));
#298 = VERTEX_POINT('',#299);
#299 = CARTESIAN_POINT('',(-23.,-23.,7.));
#300 = LINE('',#301,#302);
#301 = CARTESIAN_POINT('',(-23.,11.5,7.));
#302 = VECTOR('',#303,1.);
#303 = DIRECTION('',(0.,-1.,0.));
#304 = ORIENTED_EDGE('',*,*,#305,.F.);
#305 = EDGE_CURVE('',#306,#296,#308,.T.);
#306 = VERTEX_POINT('',#307);
#307 = CARTESIAN_POINT('',(23.,23.,7.));
#308 = LINE('',#309,#310);
#309 = CARTESIAN_POINT('',(11.5,23.,7.));
#310 = VECTOR('',#311,1.);
#311 = DIRECTION('',(-1.,0.,0.));
#312 = ORIENTED_EDGE('',*,*,#313,.F.);
#313 = EDGE_CURVE('',#314,#306,#316,.T.);
#314 = VERTEX_POINT('',#315);
#315 = CARTESIAN_POINT('',(23.,-23.,7.));
#316 = LINE('',#317,#318);
#317 = CARTESIAN_POINT('',(23.,-11.5,7.));
#318 = VECTOR('',#319,1.);
#319 = DIRECTION('',(0.,1.,0.));
#320 = ORIENTED_EDGE('',*,*,#321,.F.);
#321 = EDGE_CURVE('',#298,#314,#322,.T.);
#322 = LINE('',#323,#324);
#323 = CARTESIAN_POINT('',(-11.5,-23.,7.));
#324 = VECTOR('',#325,1.);
#325 = DIRECTION('',(1.,0.,0.));
#326 = PLANE('',#327);
#327 = AXIS2_PLACEMENT_3D('',#328,#329,#330);
#328 = CARTESIAN_POINT('',(0.,0.,7.));
#329 = DIRECTION('',(0.,0.,1.));
#330 = DIRECTION('',(1.,0.,0.));
#331 = ADVANCED_FACE('',(#332),#338,.T.);
#332 = FACE_BOUND('',#333,.T.);
#333 = EDGE_LOOP('',(#334,#335,#336,#337));
#334 = ORIENTED_EDGE('',*,*,#175,.T.);
#335 = ORIENTED_EDGE('',*,*,#286,.T.);
#336 = ORIENTED_EDGE('',*,*,#135,.F.);
#337 = ORIENTED_EDGE('',*,*,#199,.F.);
#338 = PLANE('',#339);
#339 = AXIS2_PLACEMENT_3D('',#340,#341,#342);
#340 = CARTESIAN_POINT('',(45.,-42.,0.));
#341 = DIRECTION('',(-1.,0.,0.));
#342 = DIRECTION('',(0.,1.,0.));
#343 = ADVANCED_FACE('',(#344),#370,.T.);
#344 = FACE_BOUND('',#345,.T.);
#345 = EDGE_LOOP('',(#346,#354,#363,#369));
#346 = ORIENTED_EDGE('',*,*,#347,.T.);
#347 = EDGE_CURVE('',#211,#348,#350,.T.);
#348 = VERTEX_POINT('',#349);
#349 = CARTESIAN_POINT('',(45.,45.,7.));
#350 = LINE('',#351,#352);
#351 = CARTESIAN_POINT('',(45.,45.,0.));
#352 = VECTOR('',#353,1.);
#353 = DIRECTION('',(0.,0.,1.));
#354 = ORIENTED_EDGE('',*,*,#355,.F.);
#355 = EDGE_CURVE('',#356,#348,#358,.T.);
#356 = VERTEX_POINT('',#357);
#357 = CARTESIAN_POINT('',(48.,42.,7.));
#358 = CIRCLE('',#359,3.);
#359 = AXIS2_PLACEMENT_3D('',#360,#361,#362);
#360 = CARTESIAN_POINT('',(45.,42.,7.));
#361 = DIRECTION('',(-0.,0.,1.));
#362 = DIRECTION('',(1.1E-16,-1.,0.));
#363 = ORIENTED_EDGE('',*,*,#364,.F.);
#364 = EDGE_CURVE('',#209,#356,#365,.T.);
#365 = LINE('',#366,#367);
#366 = CARTESIAN_POINT('',(48.,42.,0.));
#367 = VECTOR('',#368,1.);
#368 = DIRECTION('',(0.,0.,1.));
#369 = ORIENTED_EDGE('',*,*,#208,.T.);
#370 = CYLINDRICAL_SURFACE('',#371,3.);
#371 = AXIS2_PLACEMENT_3D('',#372,#373,#374);
#372 = CARTESIAN_POINT('',(45.,42.,0.));
#373 = DIRECTION('',(0.,0.,1.));
#374 = DIRECTION('',(1.1E-16,-1.,0.));
#375 = ADVANCED_FACE('',(#376),#394,.F.);
#376 = FACE_BOUND('',#377,.F.);
#377 = EDGE_LOOP('',(#378,#379,#380,#388));
#378 = ORIENTED_EDGE('',*,*,#219,.F.);
#379 = ORIENTED_EDGE('',*,*,#347,.T.);
#380 = ORIENTED_EDGE('',*,*,#381,.T.);
#381 = EDGE_CURVE('',#348,#382,#384,.T.);
#382 = VERTEX_POINT('',#383);
#383 = CARTESIAN_POINT('',(-45.,45.,7.));
#384 = LINE('',#385,#386);
#385 = CARTESIAN_POINT('',(45.,45.,7.));
#386 = VECTOR('',#387,1.);
#387 = DIRECTION('',(-1.,0.,0.));
#388 = ORIENTED_EDGE('',*,*,#389,.F.);
#389 = EDGE_CURVE('',#220,#382,#390,.T.);
#390 = LINE('',#391,#392);
#391 = CARTESIAN_POINT('',(-45.,45.,0.));
#392 = VECTOR('',#393,1.);
#393 = DIRECTION('',(0.,0.,1.));
#394 = PLANE('',#395);
#395 = AXIS2_PLACEMENT_3D('',#396,#397,#398);
#396 = CARTESIAN_POINT('',(45.,45.,0.));
#397 = DIRECTION('',(0.,-1.,0.));
#398 = DIRECTION('',(-1.,0.,0.));
#399 = ADVANCED_FACE('',(#400),#419,.T.);
#400 = FACE_BOUND('',#401,.F.);
#401 = EDGE_LOOP('',(#402,#403,#412,#418));
#402 = ORIENTED_EDGE('',*,*,#389,.T.);
#403 = ORIENTED_EDGE('',*,*,#404,.F.);
#404 = EDGE_CURVE('',#405,#382,#407,.T.);
#405 = VERTEX_POINT('',#406);
#406 = CARTESIAN_POINT('',(-48.,42.,7.));
#407 = CIRCLE('',#408,3.);
#408 = AXIS2_PLACEMENT_3D('',#409,#410,#411);
#409 = CARTESIAN_POINT('',(-45.,42.,7.));
#410 = DIRECTION('',(-0.,0.,-1.));
#411 = DIRECTION('',(-1.1E-16,-1.,0.));
#412 = ORIENTED_EDGE('',*,*,#413,.F.);
#413 = EDGE_CURVE('',#228,#405,#414,.T.);
#414 = LINE('',#415,#416);
#415 = CARTESIAN_POINT('',(-48.,42.,0.));
#416 = VECTOR('',#417,1.);
#417 = DIRECTION('',(0.,0.,1.));
#418 = ORIENTED_EDGE('',*,*,#227,.T.);
#419 = CYLINDRICAL_SURFACE('',#420,3.);
#420 = AXIS2_PLACEMENT_3D('',#421,#422,#423);
#421 = CARTESIAN_POINT('',(-45.,42.,0.));
#422 = DIRECTION('',(0.,0.,1.));
#423 = DIRECTION('',(-1.1E-16,-1.,0.));
#424 = ADVANCED_FACE('',(#425),#443,.F.);
#425 = FACE_BOUND('',#426,.F.);
#426 = EDGE_LOOP('',(#427,#428,#436,#442));
#427 = ORIENTED_EDGE('',*,*,#413,.T.);
#428 = ORIENTED_EDGE('',*,*,#429,.T.);
#429 = EDGE_CURVE('',#405,#430,#432,.T.);
#430 = VERTEX_POINT('',#431);
#431 = CARTESIAN_POINT('',(-48.,-42.,7.));
#432 = LINE('',#433,#434);
#433 = CARTESIAN_POINT('',(-48.,42.,7.));
#434 = VECTOR('',#435,1.);
#435 = DIRECTION('',(0.,-1.,0.));
#436 = ORIENTED_EDGE('',*,*,#437,.F.);
#437 = EDGE_CURVE('',#237,#430,#438,.T.);
#438 = LINE('',#439,#440);
#439 = CARTESIAN_POINT('',(-48.,-42.,0.));
#440 = VECTOR('',#441,1.);
#441 = DIRECTION('',(0.,0.,1.));
#442 = ORIENTED_EDGE('',*,*,#236,.F.);
#443 = PLANE('',#444);
#444 = AXIS2_PLACEMENT_3D('',#445,#446,#447);
#445 = CARTESIAN_POINT('',(-48.,42.,0.));
#446 = DIRECTION('',(1.,0.,0.));
#447 = DIRECTION('',(0.,-1.,0.));
#448 = ADVANCED_FACE('',(#449),#468,.T.);
#449 = FACE_BOUND('',#450,.T.);
#450 = EDGE_LOOP('',(#451,#459,#466,#467));
#451 = ORIENTED_EDGE('',*,*,#452,.T.);
#452 = EDGE_CURVE('',#245,#453,#455,.T.);
#453 = VERTEX_POINT('',#454);
#454 = CARTESIAN_POINT('',(-45.,-45.,7.));
#455 = LINE('',#456,#457);
#456 = CARTESIAN_POINT('',(-45.,-45.,0.));
#457 = VECTOR('',#458,1.);
#458 = DIRECTION('',(0.,0.,1.));
#459 = ORIENTED_EDGE('',*,*,#460,.F.);
#460 = EDGE_CURVE('',#430,#453,#461,.T.);
#461 = CIRCLE('',#462,3.);
#462 = AXIS2_PLACEMENT_3D('',#463,#464,#465);
#463 = CARTESIAN_POINT('',(-45.,-42.,7.));
#464 = DIRECTION('',(0.,0.,1.));
#465 = DIRECTION('',(-1.1E-16,1.,0.));
#466 = ORIENTED_EDGE('',*,*,#437,.F.);
#467 = ORIENTED_EDGE('',*,*,#244,.T.);
#468 = CYLINDRICAL_SURFACE('',#469,3.);
#469 = AXIS2_PLACEMENT_3D('',#470,#471,#472);
#470 = CARTESIAN_POINT('',(-45.,-42.,0.));
#471 = DIRECTION('',(0.,0.,1.));
#472 = DIRECTION('',(-1.1E-16,1.,0.));
#473 = ADVANCED_FACE('',(#474),#492,.F.);
#474 = FACE_BOUND('',#475,.F.);
#475 = EDGE_LOOP('',(#476,#484,#485,#486));
#476 = ORIENTED_EDGE('',*,*,#477,.F.);
#477 = EDGE_CURVE('',#254,#478,#480,.T.);
#478 = VERTEX_POINT('',#479);
#479 = CARTESIAN_POINT('',(45.,-45.,7.));
#480 = LINE('',#481,#482);
#481 = CARTESIAN_POINT('',(45.,-45.,0.));
#482 = VECTOR('',#483,1.);
#483 = DIRECTION('',(0.,0.,1.));
#484 = ORIENTED_EDGE('',*,*,#253,.F.);
#485 = ORIENTED_EDGE('',*,*,#452,.T.);
#486 = ORIENTED_EDGE('',*,*,#487,.T.);
#487 = EDGE_CURVE('',#453,#478,#488,.T.);
#488 = LINE('',#489,#490);
#489 = CARTESIAN_POINT('',(-45.,-45.,7.));
#490 = VECTOR('',#491,1.);
#491 = DIRECTION('',(1.,0.,0.));
#492 = PLANE('',#493);
#493 = AXIS2_PLACEMENT_3D('',#494,#495,#496);
#494 = CARTESIAN_POINT('',(-45.,-45.,0.));
#495 = DIRECTION('',(0.,1.,0.));
#496 = DIRECTION('',(1.,0.,0.));
#497 = ADVANCED_FACE('',(#498),#517,.T.);
#498 = FACE_BOUND('',#499,.T.);
#499 = EDGE_LOOP('',(#500,#508,#515,#516));
#500 = ORIENTED_EDGE('',*,*,#501,.T.);
#501 = EDGE_CURVE('',#262,#502,#504,.T.);
#502 = VERTEX_POINT('',#503);
#503 = CARTESIAN_POINT('',(48.,-42.,7.));
#504 = LINE('',#505,#506);
#505 = CARTESIAN_POINT('',(48.,-42.,0.));
#506 = VECTOR('',#507,1.);
#507 = DIRECTION('',(0.,0.,1.));
#508 = ORIENTED_EDGE('',*,*,#509,.F.);
#509 = EDGE_CURVE('',#478,#502,#510,.T.);
#510 = CIRCLE('',#511,3.);
#511 = AXIS2_PLACEMENT_3D('',#512,#513,#514);
#512 = CARTESIAN_POINT('',(45.,-42.,7.));
#513 = DIRECTION('',(0.,0.,1.));
#514 = DIRECTION('',(-1.,-1.1E-16,0.));
#515 = ORIENTED_EDGE('',*,*,#477,.F.);
#516 = ORIENTED_EDGE('',*,*,#261,.T.);
#517 = CYLINDRICAL_SURFACE('',#518,3.);
#518 = AXIS2_PLACEMENT_3D('',#519,#520,#521);
#519 = CARTESIAN_POINT('',(45.,-42.,0.));
#520 = DIRECTION('',(0.,0.,1.));
#521 = DIRECTION('',(-1.,-1.1E-16,0.));
#522 = ADVANCED_FACE('',(#523),#534,.F.);
#523 = FACE_BOUND('',#524,.F.);
#524 = EDGE_LOOP('',(#525,#526,#527,#528));
#525 = ORIENTED_EDGE('',*,*,#364,.F.);
#526 = ORIENTED_EDGE('',*,*,#270,.F.);
#527 = ORIENTED_EDGE('',*,*,#501,.T.);
#528 = ORIENTED_EDGE('',*,*,#529,.T.);
#529 = EDGE_CURVE('',#502,#356,#530,.T.);
#530 = LINE('',#531,#532);
#531 = CARTESIAN_POINT('',(48.,-42.,7.));
#532 = VECTOR('',#533,1.);
#533 = DIRECTION('',(0.,1.,0.));
#534 = PLANE('',#535);
#535 = AXIS2_PLACEMENT_3D('',#536,#537,#538);
#536 = CARTESIAN_POINT('',(48.,-42.,0.));
#537 = DIRECTION('',(-1.,0.,0.));
#538 = DIRECTION('',(0.,1.,0.));
#539 = ADVANCED_FACE('',(#540),#565,.F.);
#540 = FACE_BOUND('',#541,.F.);
#541 = EDGE_LOOP('',(#542,#552,#558,#559));
#542 = ORIENTED_EDGE('',*,*,#543,.F.);
#543 = EDGE_CURVE('',#544,#546,#548,.T.);
#544 = VERTEX_POINT('',#545);
#545 = CARTESIAN_POINT('',(-23.,23.,10.));
#546 = VERTEX_POINT('',#547);
#547 = CARTESIAN_POINT('',(-23.,-23.,10.));
#548 = LINE('',#549,#550);
#549 = CARTESIAN_POINT('',(-23.,23.,10.));
#550 = VECTOR('',#551,1.);
#551 = DIRECTION('',(0.,-1.,0.));
#552 = ORIENTED_EDGE('',*,*,#553,.T.);
#553 = EDGE_CURVE('',#544,#296,#554,.T.);
#554 = LINE('',#555,#556);
#555 = CARTESIAN_POINT('',(-23.,23.,10.));
#556 = VECTOR('',#557,1.);
#557 = DIRECTION('',(-0.,-0.,-1.));
#558 = ORIENTED_EDGE('',*,*,#295,.T.);
#559 = ORIENTED_EDGE('',*,*,#560,.F.);
#560 = EDGE_CURVE('',#546,#298,#561,.T.);
#561 = LINE('',#562,#563);
#562 = CARTESIAN_POINT('',(-23.,-23.,10.));
#563 = VECTOR('',#564,1.);
#564 = DIRECTION('',(-0.,-0.,-1.));
#565 = PLANE('',#566);
#566 = AXIS2_PLACEMENT_3D('',#567,#568,#569);
#567 = CARTESIAN_POINT('',(-23.,23.,10.));
#568 = DIRECTION('',(-1.,0.,0.));
#569 = DIRECTION('',(0.,-1.,0.));
#570 = ADVANCED_FACE('',(#571),#589,.F.);
#571 = FACE_BOUND('',#572,.F.);
#572 = EDGE_LOOP('',(#573,#581,#582,#583));
#573 = ORIENTED_EDGE('',*,*,#574,.F.);
#574 = EDGE_CURVE('',#546,#575,#577,.T.);
#575 = VERTEX_POINT('',#576);
#576 = CARTESIAN_POINT('',(23.,-23.,10.));
#577 = LINE('',#578,#579);
#578 = CARTESIAN_POINT('',(-23.,-23.,10.));
#579 = VECTOR('',#580,1.);
#580 = DIRECTION('',(1.,0.,0.));
#581 = ORIENTED_EDGE('',*,*,#560,.T.);
#582 = ORIENTED_EDGE('',*,*,#321,.T.);
#583 = ORIENTED_EDGE('',*,*,#584,.F.);
#584 = EDGE_CURVE('',#575,#314,#585,.T.);
#585 = LINE('',#586,#587);
#586 = CARTESIAN_POINT('',(23.,-23.,10.));
#587 = VECTOR('',#588,1.);
#588 = DIRECTION('',(-0.,-0.,-1.));
#589 = PLANE('',#590);
#590 = AXIS2_PLACEMENT_3D('',#591,#592,#593);
#591 = CARTESIAN_POINT('',(-23.,-23.,10.));
#592 = DIRECTION('',(0.,-1.,0.));
#593 = DIRECTION('',(1.,0.,0.));
#594 = ADVANCED_FACE('',(#595),#613,.F.);
#595 = FACE_BOUND('',#596,.F.);
#596 = EDGE_LOOP('',(#597,#605,#606,#607));
#597 = ORIENTED_EDGE('',*,*,#598,.F.);
#598 = EDGE_CURVE('',#575,#599,#601,.T.);
#599 = VERTEX_POINT('',#600);
#600 = CARTESIAN_POINT('',(23.,23.,10.));
#601 = LINE('',#602,#603);
#602 = CARTESIAN_POINT('',(23.,-23.,10.));
#603 = VECTOR('',#604,1.);
#604 = DIRECTION('',(0.,1.,0.));
#605 = ORIENTED_EDGE('',*,*,#584,.T.);
#606 = ORIENTED_EDGE('',*,*,#313,.T.);
#607 = ORIENTED_EDGE('',*,*,#608,.F.);
#608 = EDGE_CURVE('',#599,#306,#609,.T.);
#609 = LINE('',#610,#611);
#610 = CARTESIAN_POINT('',(23.,23.,10.));
#611 = VECTOR('',#612,1.);
#612 = DIRECTION('',(-0.,-0.,-1.));
#613 = PLANE('',#614);
#614 = AXIS2_PLACEMENT_3D('',#615,#616,#617);
#615 = CARTESIAN_POINT('',(23.,-23.,10.));
#616 = DIRECTION('',(1.,0.,0.));
#617 = DIRECTION('',(-0.,1.,0.));
#618 = ADVANCED_FACE('',(#619),#630,.F.);
#619 = FACE_BOUND('',#620,.F.);
#620 = EDGE_LOOP('',(#621,#627,#628,#629));
#621 = ORIENTED_EDGE('',*,*,#622,.F.);
#622 = EDGE_CURVE('',#599,#544,#623,.T.);
#623 = LINE('',#624,#625);
#624 = CARTESIAN_POINT('',(23.,23.,10.));
#625 = VECTOR('',#626,1.);
#626 = DIRECTION('',(-1.,0.,0.));
#627 = ORIENTED_EDGE('',*,*,#608,.T.);
#628 = ORIENTED_EDGE('',*,*,#305,.T.);
#629 = ORIENTED_EDGE('',*,*,#553,.F.);
#630 = PLANE('',#631);
#631 = AXIS2_PLACEMENT_3D('',#632,#633,#634);
#632 = CARTESIAN_POINT('',(23.,23.,10.));
#633 = DIRECTION('',(0.,1.,0.));
#634 = DIRECTION('',(-1.,0.,0.));
#635 = ADVANCED_FACE('',(#636),#655,.T.);
#636 = FACE_BOUND('',#637,.T.);
#637 = EDGE_LOOP('',(#638,#639,#648));
#638 = ORIENTED_EDGE('',*,*,#355,.T.);
#639 = ORIENTED_EDGE('',*,*,#640,.T.);
#640 = EDGE_CURVE('',#348,#641,#643,.T.);
#641 = VERTEX_POINT('',#642);
#642 = CARTESIAN_POINT('',(45.,42.,10.));
#643 = CIRCLE('',#644,3.);
#644 = AXIS2_PLACEMENT_3D('',#645,#646,#647);
#645 = CARTESIAN_POINT('',(45.,42.,7.));
#646 = DIRECTION('',(1.,-0.,0.));
#647 = DIRECTION('',(0.,1.1E-16,-1.));
#648 = ORIENTED_EDGE('',*,*,#649,.F.);
#649 = EDGE_CURVE('',#356,#641,#650,.T.);
#650 = CIRCLE('',#651,3.);
#651 = AXIS2_PLACEMENT_3D('',#652,#653,#654);
#652 = CARTESIAN_POINT('',(45.,42.,7.));
#653 = DIRECTION('',(0.,-1.,0.));
#654 = DIRECTION('',(1.1E-16,0.,-1.));
#655 = SPHERICAL_SURFACE('',#656,3.);
#656 = AXIS2_PLACEMENT_3D('',#657,#658,#659);
#657 = CARTESIAN_POINT('',(45.,42.,7.));
#658 = DIRECTION('',(0.,0.707106781187,-0.707106781187));
#659 = DIRECTION('',(-0.57735026919,-0.57735026919,-0.57735026919));
#660 = ADVANCED_FACE('',(#661),#680,.T.);
#661 = FACE_BOUND('',#662,.F.);
#662 = EDGE_LOOP('',(#663,#664,#665,#673));
#663 = ORIENTED_EDGE('',*,*,#381,.F.);
#664 = ORIENTED_EDGE('',*,*,#640,.T.);
#665 = ORIENTED_EDGE('',*,*,#666,.T.);
#666 = EDGE_CURVE('',#641,#667,#669,.T.);
#667 = VERTEX_POINT('',#668);
#668 = CARTESIAN_POINT('',(-45.,42.,10.));
#669 = LINE('',#670,#671);
#670 = CARTESIAN_POINT('',(45.,42.,10.));
#671 = VECTOR('',#672,1.);
#672 = DIRECTION('',(-1.,0.,0.));
#673 = ORIENTED_EDGE('',*,*,#674,.F.);
#674 = EDGE_CURVE('',#382,#667,#675,.T.);
#675 = CIRCLE('',#676,3.);
#676 = AXIS2_PLACEMENT_3D('',#677,#678,#679);
#677 = CARTESIAN_POINT('',(-45.,42.,7.));
#678 = DIRECTION('',(1.,-0.,0.));
#679 = DIRECTION('',(0.,1.1E-16,-1.));
#680 = CYLINDRICAL_SURFACE('',#681,3.);
#681 = AXIS2_PLACEMENT_3D('',#682,#683,#684);
#682 = CARTESIAN_POINT('',(45.,42.,7.));
#683 = DIRECTION('',(-1.,0.,0.));
#684 = DIRECTION('',(0.,1.1E-16,-1.));
#685 = ADVANCED_FACE('',(#686),#697,.T.);
#686 = FACE_BOUND('',#687,.T.);
#687 = EDGE_LOOP('',(#688,#689,#696));
#688 = ORIENTED_EDGE('',*,*,#404,.F.);
#689 = ORIENTED_EDGE('',*,*,#690,.T.);
#690 = EDGE_CURVE('',#405,#667,#691,.T.);
#691 = CIRCLE('',#692,3.);
#692 = AXIS2_PLACEMENT_3D('',#693,#694,#695);
#693 = CARTESIAN_POINT('',(-45.,42.,7.));
#694 = DIRECTION('',(0.,1.,0.));
#695 = DIRECTION('',(-1.1E-16,0.,-1.));
#696 = ORIENTED_EDGE('',*,*,#674,.F.);
#697 = SPHERICAL_SURFACE('',#698,3.);
#698 = AXIS2_PLACEMENT_3D('',#699,#700,#701);
#699 = CARTESIAN_POINT('',(-45.,42.,7.));
#700 = DIRECTION('',(0.,-0.707106781187,0.707106781187));
#701 = DIRECTION('',(0.57735026919,-0.57735026919,-0.57735026919));
#702 = ADVANCED_FACE('',(#703),#722,.T.);
#703 = FACE_BOUND('',#704,.F.);
#704 = EDGE_LOOP('',(#705,#706,#707,#715));
#705 = ORIENTED_EDGE('',*,*,#429,.F.);
#706 = ORIENTED_EDGE('',*,*,#690,.T.);
#707 = ORIENTED_EDGE('',*,*,#708,.T.);
#708 = EDGE_CURVE('',#667,#709,#711,.T.);
#709 = VERTEX_POINT('',#710);
#710 = CARTESIAN_POINT('',(-45.,-42.,10.));
#711 = LINE('',#712,#713);
#712 = CARTESIAN_POINT('',(-45.,42.,10.));
#713 = VECTOR('',#714,1.);
#714 = DIRECTION('',(0.,-1.,0.));
#715 = ORIENTED_EDGE('',*,*,#716,.F.);
#716 = EDGE_CURVE('',#430,#709,#717,.T.);
#717 = CIRCLE('',#718,3.);
#718 = AXIS2_PLACEMENT_3D('',#719,#720,#721);
#719 = CARTESIAN_POINT('',(-45.,-42.,7.));
#720 = DIRECTION('',(0.,1.,0.));
#721 = DIRECTION('',(-1.1E-16,0.,-1.));
#722 = CYLINDRICAL_SURFACE('',#723,3.);
#723 = AXIS2_PLACEMENT_3D('',#724,#725,#726);
#724 = CARTESIAN_POINT('',(-45.,42.,7.));
#725 = DIRECTION('',(0.,-1.,0.));
#726 = DIRECTION('',(-1.1E-16,-0.,-1.));
#727 = ADVANCED_FACE('',(#728),#739,.T.);
#728 = FACE_BOUND('',#729,.T.);
#729 = EDGE_LOOP('',(#730,#731,#738));
#730 = ORIENTED_EDGE('',*,*,#460,.T.);
#731 = ORIENTED_EDGE('',*,*,#732,.T.);
#732 = EDGE_CURVE('',#453,#709,#733,.T.);
#733 = CIRCLE('',#734,3.);
#734 = AXIS2_PLACEMENT_3D('',#735,#736,#737);
#735 = CARTESIAN_POINT('',(-45.,-42.,7.));
#736 = DIRECTION('',(-1.,-0.,0.));
#737 = DIRECTION('',(0.,-1.1E-16,-1.));
#738 = ORIENTED_EDGE('',*,*,#716,.F.);
#739 = SPHERICAL_SURFACE('',#740,3.);
#740 = AXIS2_PLACEMENT_3D('',#741,#742,#743);
#741 = CARTESIAN_POINT('',(-45.,-42.,7.));
#742 = DIRECTION('',(-0.,-0.707106781187,-0.707106781187));
#743 = DIRECTION('',(0.57735026919,0.57735026919,-0.57735026919));
#744 = ADVANCED_FACE('',(#745),#764,.T.);
#745 = FACE_BOUND('',#746,.F.);
#746 = EDGE_LOOP('',(#747,#748,#749,#757));
#747 = ORIENTED_EDGE('',*,*,#487,.F.);
#748 = ORIENTED_EDGE('',*,*,#732,.T.);
#749 = ORIENTED_EDGE('',*,*,#750,.T.);
#750 = EDGE_CURVE('',#709,#751,#753,.T.);
#751 = VERTEX_POINT('',#752);
#752 = CARTESIAN_POINT('',(45.,-42.,10.));
#753 = LINE('',#754,#755);
#754 = CARTESIAN_POINT('',(-45.,-42.,10.));
#755 = VECTOR('',#756,1.);
#756 = DIRECTION('',(1.,0.,0.));
#757 = ORIENTED_EDGE('',*,*,#758,.F.);
#758 = EDGE_CURVE('',#478,#751,#759,.T.);
#759 = CIRCLE('',#760,3.);
#760 = AXIS2_PLACEMENT_3D('',#761,#762,#763);
#761 = CARTESIAN_POINT('',(45.,-42.,7.));
#762 = DIRECTION('',(-1.,-0.,0.));
#763 = DIRECTION('',(0.,-1.1E-16,-1.));
#764 = CYLINDRICAL_SURFACE('',#765,3.);
#765 = AXIS2_PLACEMENT_3D('',#766,#767,#768);
#766 = CARTESIAN_POINT('',(-45.,-42.,7.));
#767 = DIRECTION('',(1.,0.,0.));
#768 = DIRECTION('',(0.,-1.1E-16,-1.));
#769 = ADVANCED_FACE('',(#770),#781,.T.);
#770 = FACE_BOUND('',#771,.T.);
#771 = EDGE_LOOP('',(#772,#773,#780));
#772 = ORIENTED_EDGE('',*,*,#509,.T.);
#773 = ORIENTED_EDGE('',*,*,#774,.T.);
#774 = EDGE_CURVE('',#502,#751,#775,.T.);
#775 = CIRCLE('',#776,3.);
#776 = AXIS2_PLACEMENT_3D('',#777,#778,#779);
#777 = CARTESIAN_POINT('',(45.,-42.,7.));
#778 = DIRECTION('',(0.,-1.,0.));
#779 = DIRECTION('',(1.1E-16,0.,-1.));
#780 = ORIENTED_EDGE('',*,*,#758,.F.);
#781 = SPHERICAL_SURFACE('',#782,3.);
#782 = AXIS2_PLACEMENT_3D('',#783,#784,#785);
#783 = CARTESIAN_POINT('',(45.,-42.,7.));
#784 = DIRECTION('',(0.707106781187,0.,-0.707106781187));
#785 = DIRECTION('',(-0.57735026919,0.57735026919,-0.57735026919));
#786 = ADVANCED_FACE('',(#787),#798,.T.);
#787 = FACE_BOUND('',#788,.F.);
#788 = EDGE_LOOP('',(#789,#790,#791,#797));
#789 = ORIENTED_EDGE('',*,*,#529,.F.);
#790 = ORIENTED_EDGE('',*,*,#774,.T.);
#791 = ORIENTED_EDGE('',*,*,#792,.T.);
#792 = EDGE_CURVE('',#751,#641,#793,.T.);
#793 = LINE('',#794,#795);
#794 = CARTESIAN_POINT('',(45.,-42.,10.));
#795 = VECTOR('',#796,1.);
#796 = DIRECTION('',(0.,1.,0.));
#797 = ORIENTED_EDGE('',*,*,#649,.F.);
#798 = CYLINDRICAL_SURFACE('',#799,3.);
#799 = AXIS2_PLACEMENT_3D('',#800,#801,#802);
#800 = CARTESIAN_POINT('',(45.,-42.,7.));
#801 = DIRECTION('',(0.,1.,0.));
#802 = DIRECTION('',(1.1E-16,0.,-1.));
#803 = ADVANCED_FACE('',(#804,#810),#816,.T.);
#804 = FACE_BOUND('',#805,.T.);
#805 = EDGE_LOOP('',(#806,#807,#808,#809));
#806 = ORIENTED_EDGE('',*,*,#708,.T.);
#807 = ORIENTED_EDGE('',*,*,#750,.T.);
#808 = ORIENTED_EDGE('',*,*,#792,.T.);
#809 = ORIENTED_EDGE('',*,*,#666,.T.);
#810 = FACE_BOUND('',#811,.T.);
#811 = EDGE_LOOP('',(#812,#813,#814,#815));
#812 = ORIENTED_EDGE('',*,*,#543,.F.);
#813 = ORIENTED_EDGE('',*,*,#622,.F.);
#814 = ORIENTED_EDGE('',*,*,#598,.F.);
#815 = ORIENTED_EDGE('',*,*,#574,.F.);
#816 = PLANE('',#817);
#817 = AXIS2_PLACEMENT_3D('',#818,#819,#820);
#818 = CARTESIAN_POINT('',(0.,0.,10.));
#819 = DIRECTION('',(0.,0.,1.));
#820 = DIRECTION('',(1.,0.,0.));
#821 = ( GEOMETRIC_REPRESENTATION_CONTEXT(3) 
GLOBAL_UNCERTAINTY_ASSIGNED_CONTEXT((#825)) GLOBAL_UNIT_ASSIGNED_CONTEXT
((#822,#823,#824)) REPRESENTATION_CONTEXT('Context #1',
  '3D Context with UNIT and UNCERTAINTY') );
#822 = ( LENGTH_UNIT() NAMED_UNIT(*) SI_UNIT(.MILLI.,.METRE.) );
#823 = ( NAMED_UNIT(*) PLANE_ANGLE_UNIT() SI_UNIT($,.RADIAN.) );
#824 = ( NAMED_UNIT(*) SI_UNIT($,.STERADIAN.) SOLID_ANGLE_UNIT() );
#825 = UNCERTAINTY_MEASURE_WITH_UNIT(LENGTH_MEASURE(5.E-06),#822,
  'distance_accuracy_value','confusion accuracy');
#826 = CONTEXT_DEPENDENT_SHAPE_REPRESENTATION(#827,#829);
#827 = ( REPRESENTATION_RELATIONSHIP('','',#88,#10) 
REPRESENTATION_RELATIONSHIP_WITH_TRANSFORMATION(#828) 
SHAPE_REPRESENTATION_RELATIONSHIP() );
#828 = ITEM_DEFINED_TRANSFORMATION('','',#11,#15);
#829 = PRODUCT_DEFINITION_SHAPE('Placement','Placement of an item',#830
  );
#830 = NEXT_ASSEMBLY_USAGE_OCCURRENCE('13','Body','',#5,#83,$);
#831 = PRODUCT_RELATED_PRODUCT_CATEGORY('part',$,(#85));
#832 = SHAPE_DEFINITION_REPRESENTATION(#833,#839);
#833 = PRODUCT_DEFINITION_SHAPE('','',#834);
#834 = PRODUCT_DEFINITION('design','',#835,#838);
#835 = PRODUCT_DEFINITION_FORMATION('','',#836);
#836 = PRODUCT('CAUTION Icon','CAUTION Icon','',(#837));
#837 = PRODUCT_CONTEXT('',#2,'mechanical');
#838 = PRODUCT_DEFINITION_CONTEXT('part definition',#2,'design');
#839 = ADVANCED_BREP_SHAPE_REPRESENTATION('',(#11,#840),#1229);
#840 = MANIFOLD_SOLID_BREP('',#841);
#841 = CLOSED_SHELL('',(#842,#882,#913,#935,#975,#1006,#1037,#1059,#1099
    ,#1130,#1161,#1183,#1206));
#842 = ADVANCED_FACE('',(#843),#877,.F.);
#843 = FACE_BOUND('',#844,.F.);
#844 = EDGE_LOOP('',(#845,#855,#863,#871));
#845 = ORIENTED_EDGE('',*,*,#846,.T.);
#846 = EDGE_CURVE('',#847,#849,#851,.T.);
#847 = VERTEX_POINT('',#848);
#848 = CARTESIAN_POINT('',(-36.06217782649,33.5,10.));
#849 = VERTEX_POINT('',#850);
#850 = CARTESIAN_POINT('',(-36.06217782649,33.5,11.));
#851 = LINE('',#852,#853);
#852 = CARTESIAN_POINT('',(-36.06217782649,33.5,10.));
#853 = VECTOR('',#854,1.);
#854 = DIRECTION('',(0.,0.,1.));
#855 = ORIENTED_EDGE('',*,*,#856,.T.);
#856 = EDGE_CURVE('',#849,#857,#859,.T.);
#857 = VERTEX_POINT('',#858);
#858 = CARTESIAN_POINT('',(-42.12435565298,23.,11.));
#859 = LINE('',#860,#861);
#860 = CARTESIAN_POINT('',(-36.06217782649,33.5,11.));
#861 = VECTOR('',#862,1.);
#862 = DIRECTION('',(-0.5,-0.866025403784,0.));
#863 = ORIENTED_EDGE('',*,*,#864,.F.);
#864 = EDGE_CURVE('',#865,#857,#867,.T.);
#865 = VERTEX_POINT('',#866);
#866 = CARTESIAN_POINT('',(-42.12435565298,23.,10.));
#867 = LINE('',#868,#869);
#868 = CARTESIAN_POINT('',(-42.12435565298,23.,10.));
#869 = VECTOR('',#870,1.);
#870 = DIRECTION('',(0.,0.,1.));
#871 = ORIENTED_EDGE('',*,*,#872,.F.);
#872 = EDGE_CURVE('',#847,#865,#873,.T.);
#873 = LINE('',#874,#875);
#874 = CARTESIAN_POINT('',(-36.06217782649,33.5,10.));
#875 = VECTOR('',#876,1.);
#876 = DIRECTION('',(-0.5,-0.866025403784,0.));
#877 = PLANE('',#878);
#878 = AXIS2_PLACEMENT_3D('',#879,#880,#881);
#879 = CARTESIAN_POINT('',(-36.06217782649,33.5,10.));
#880 = DIRECTION('',(0.866025403784,-0.5,0.));
#881 = DIRECTION('',(-0.5,-0.866025403784,0.));
#882 = ADVANCED_FACE('',(#883),#908,.F.);
#883 = FACE_BOUND('',#884,.F.);
#884 = EDGE_LOOP('',(#885,#886,#894,#902));
#885 = ORIENTED_EDGE('',*,*,#864,.T.);
#886 = ORIENTED_EDGE('',*,*,#887,.T.);
#887 = EDGE_CURVE('',#857,#888,#890,.T.);
#888 = VERTEX_POINT('',#889);
#889 = CARTESIAN_POINT('',(-30.,23.,11.));
#890 = LINE('',#891,#892);
#891 = CARTESIAN_POINT('',(-42.12435565298,23.,11.));
#892 = VECTOR('',#893,1.);
#893 = DIRECTION('',(1.,-1.993E-14,0.));
#894 = ORIENTED_EDGE('',*,*,#895,.F.);
#895 = EDGE_CURVE('',#896,#888,#898,.T.);
#896 = VERTEX_POINT('',#897);
#897 = CARTESIAN_POINT('',(-30.,23.,10.));
#898 = LINE('',#899,#900);
#899 = CARTESIAN_POINT('',(-30.,23.,10.));
#900 = VECTOR('',#901,1.);
#901 = DIRECTION('',(0.,0.,1.));
#902 = ORIENTED_EDGE('',*,*,#903,.F.);
#903 = EDGE_CURVE('',#865,#896,#904,.T.);
#904 = LINE('',#905,#906);
#905 = CARTESIAN_POINT('',(-42.12435565298,23.,10.));
#906 = VECTOR('',#907,1.);
#907 = DIRECTION('',(1.,-1.993E-14,0.));
#908 = PLANE('',#909);
#909 = AXIS2_PLACEMENT_3D('',#910,#911,#912);
#910 = CARTESIAN_POINT('',(-42.12435565298,23.,10.));
#911 = DIRECTION('',(1.993E-14,1.,0.));
#912 = DIRECTION('',(1.,-1.993E-14,0.));
#913 = ADVANCED_FACE('',(#914),#930,.F.);
#914 = FACE_BOUND('',#915,.F.);
#915 = EDGE_LOOP('',(#916,#917,#923,#924));
#916 = ORIENTED_EDGE('',*,*,#895,.T.);
#917 = ORIENTED_EDGE('',*,*,#918,.T.);
#918 = EDGE_CURVE('',#888,#849,#919,.T.);
#919 = LINE('',#920,#921);
#920 = CARTESIAN_POINT('',(-30.,23.,11.));
#921 = VECTOR('',#922,1.);
#922 = DIRECTION('',(-0.5,0.866025403784,0.));
#923 = ORIENTED_EDGE('',*,*,#846,.F.);
#924 = ORIENTED_EDGE('',*,*,#925,.F.);
#925 = EDGE_CURVE('',#896,#847,#926,.T.);
#926 = LINE('',#927,#928);
#927 = CARTESIAN_POINT('',(-30.,23.,10.));
#928 = VECTOR('',#929,1.);
#929 = DIRECTION('',(-0.5,0.866025403784,0.));
#930 = PLANE('',#931);
#931 = AXIS2_PLACEMENT_3D('',#932,#933,#934);
#932 = CARTESIAN_POINT('',(-30.,23.,10.));
#933 = DIRECTION('',(-0.866025403784,-0.5,0.));
#934 = DIRECTION('',(-0.5,0.866025403784,0.));
#935 = ADVANCED_FACE('',(#936),#970,.T.);
#936 = FACE_BOUND('',#937,.T.);
#937 = EDGE_LOOP('',(#938,#948,#956,#964));
#938 = ORIENTED_EDGE('',*,*,#939,.T.);
#939 = EDGE_CURVE('',#940,#942,#944,.T.);
#940 = VERTEX_POINT('',#941);
#941 = CARTESIAN_POINT('',(-36.56217782649,30.,10.));
#942 = VERTEX_POINT('',#943);
#943 = CARTESIAN_POINT('',(-36.56217782649,30.,11.));
#944 = LINE('',#945,#946);
#945 = CARTESIAN_POINT('',(-36.56217782649,30.,10.));
#946 = VECTOR('',#947,1.);
#947 = DIRECTION('',(0.,0.,1.));
#948 = ORIENTED_EDGE('',*,*,#949,.T.);
#949 = EDGE_CURVE('',#942,#950,#952,.T.);
#950 = VERTEX_POINT('',#951);
#951 = CARTESIAN_POINT('',(-36.56217782649,27.,11.));
#952 = LINE('',#953,#954);
#953 = CARTESIAN_POINT('',(-36.56217782649,30.,11.));
#954 = VECTOR('',#955,1.);
#955 = DIRECTION('',(0.,-1.,0.));
#956 = ORIENTED_EDGE('',*,*,#957,.F.);
#957 = EDGE_CURVE('',#958,#950,#960,.T.);
#958 = VERTEX_POINT('',#959);
#959 = CARTESIAN_POINT('',(-36.56217782649,27.,10.));
#960 = LINE('',#961,#962);
#961 = CARTESIAN_POINT('',(-36.56217782649,27.,10.));
#962 = VECTOR('',#963,1.);
#963 = DIRECTION('',(0.,0.,1.));
#964 = ORIENTED_EDGE('',*,*,#965,.F.);
#965 = EDGE_CURVE('',#940,#958,#966,.T.);
#966 = LINE('',#967,#968);
#967 = CARTESIAN_POINT('',(-36.56217782649,30.,10.));
#968 = VECTOR('',#969,1.);
#969 = DIRECTION('',(0.,-1.,0.));
#970 = PLANE('',#971);
#971 = AXIS2_PLACEMENT_3D('',#972,#973,#974);
#972 = CARTESIAN_POINT('',(-36.56217782649,30.,10.));
#973 = DIRECTION('',(1.,0.,0.));
#974 = DIRECTION('',(0.,-1.,0.));
#975 = ADVANCED_FACE('',(#976),#1001,.T.);
#976 = FACE_BOUND('',#977,.T.);
#977 = EDGE_LOOP('',(#978,#979,#987,#995));
#978 = ORIENTED_EDGE('',*,*,#957,.T.);
#979 = ORIENTED_EDGE('',*,*,#980,.T.);
#980 = EDGE_CURVE('',#950,#981,#983,.T.);
#981 = VERTEX_POINT('',#982);
#982 = CARTESIAN_POINT('',(-35.56217782649,27.,11.));
#983 = LINE('',#984,#985);
#984 = CARTESIAN_POINT('',(-36.56217782649,27.,11.));
#985 = VECTOR('',#986,1.);
#986 = DIRECTION('',(1.,0.,0.));
#987 = ORIENTED_EDGE('',*,*,#988,.F.);
#988 = EDGE_CURVE('',#989,#981,#991,.T.);
#989 = VERTEX_POINT('',#990);
#990 = CARTESIAN_POINT('',(-35.56217782649,27.,10.));
#991 = LINE('',#992,#993);
#992 = CARTESIAN_POINT('',(-35.56217782649,27.,10.));
#993 = VECTOR('',#994,1.);
#994 = DIRECTION('',(0.,0.,1.));
#995 = ORIENTED_EDGE('',*,*,#996,.F.);
#996 = EDGE_CURVE('',#958,#989,#997,.T.);
#997 = LINE('',#998,#999);
#998 = CARTESIAN_POINT('',(-36.56217782649,27.,10.));
#999 = VECTOR('',#1000,1.);
#1000 = DIRECTION('',(1.,0.,0.));
#1001 = PLANE('',#1002);
#1002 = AXIS2_PLACEMENT_3D('',#1003,#1004,#1005);
#1003 = CARTESIAN_POINT('',(-36.56217782649,27.,10.));
#1004 = DIRECTION('',(0.,1.,0.));
#1005 = DIRECTION('',(1.,0.,0.));
#1006 = ADVANCED_FACE('',(#1007),#1032,.T.);
#1007 = FACE_BOUND('',#1008,.T.);
#1008 = EDGE_LOOP('',(#1009,#1010,#1018,#1026));
#1009 = ORIENTED_EDGE('',*,*,#988,.T.);
#1010 = ORIENTED_EDGE('',*,*,#1011,.T.);
#1011 = EDGE_CURVE('',#981,#1012,#1014,.T.);
#1012 = VERTEX_POINT('',#1013);
#1013 = CARTESIAN_POINT('',(-35.56217782649,30.,11.));
#1014 = LINE('',#1015,#1016);
#1015 = CARTESIAN_POINT('',(-35.56217782649,27.,11.));
#1016 = VECTOR('',#1017,1.);
#1017 = DIRECTION('',(0.,1.,0.));
#1018 = ORIENTED_EDGE('',*,*,#1019,.F.);
#1019 = EDGE_CURVE('',#1020,#1012,#1022,.T.);
#1020 = VERTEX_POINT('',#1021);
#1021 = CARTESIAN_POINT('',(-35.56217782649,30.,10.));
#1022 = LINE('',#1023,#1024);
#1023 = CARTESIAN_POINT('',(-35.56217782649,30.,10.));
#1024 = VECTOR('',#1025,1.);
#1025 = DIRECTION('',(0.,0.,1.));
#1026 = ORIENTED_EDGE('',*,*,#1027,.F.);
#1027 = EDGE_CURVE('',#989,#1020,#1028,.T.);
#1028 = LINE('',#1029,#1030);
#1029 = CARTESIAN_POINT('',(-35.56217782649,27.,10.));
#1030 = VECTOR('',#1031,1.);
#1031 = DIRECTION('',(0.,1.,0.));
#1032 = PLANE('',#1033);
#1033 = AXIS2_PLACEMENT_3D('',#1034,#1035,#1036);
#1034 = CARTESIAN_POINT('',(-35.56217782649,27.,10.));
#1035 = DIRECTION('',(-1.,0.,0.));
#1036 = DIRECTION('',(0.,1.,0.));
#1037 = ADVANCED_FACE('',(#1038),#1054,.T.);
#1038 = FACE_BOUND('',#1039,.T.);
#1039 = EDGE_LOOP('',(#1040,#1041,#1047,#1048));
#1040 = ORIENTED_EDGE('',*,*,#1019,.T.);
#1041 = ORIENTED_EDGE('',*,*,#1042,.T.);
#1042 = EDGE_CURVE('',#1012,#942,#1043,.T.);
#1043 = LINE('',#1044,#1045);
#1044 = CARTESIAN_POINT('',(-35.56217782649,30.,11.));
#1045 = VECTOR('',#1046,1.);
#1046 = DIRECTION('',(-1.,0.,0.));
#1047 = ORIENTED_EDGE('',*,*,#939,.F.);
#1048 = ORIENTED_EDGE('',*,*,#1049,.F.);
#1049 = EDGE_CURVE('',#1020,#940,#1050,.T.);
#1050 = LINE('',#1051,#1052);
#1051 = CARTESIAN_POINT('',(-35.56217782649,30.,10.));
#1052 = VECTOR('',#1053,1.);
#1053 = DIRECTION('',(-1.,0.,0.));
#1054 = PLANE('',#1055);
#1055 = AXIS2_PLACEMENT_3D('',#1056,#1057,#1058);
#1056 = CARTESIAN_POINT('',(-35.56217782649,30.,10.));
#1057 = DIRECTION('',(0.,-1.,0.));
#1058 = DIRECTION('',(-1.,0.,0.));
#1059 = ADVANCED_FACE('',(#1060),#1094,.T.);
#1060 = FACE_BOUND('',#1061,.T.);
#1061 = EDGE_LOOP('',(#1062,#1072,#1080,#1088));
#1062 = ORIENTED_EDGE('',*,*,#1063,.T.);
#1063 = EDGE_CURVE('',#1064,#1066,#1068,.T.);
#1064 = VERTEX_POINT('',#1065);
#1065 = CARTESIAN_POINT('',(-36.56217782649,26.,10.));
#1066 = VERTEX_POINT('',#1067);
#1067 = CARTESIAN_POINT('',(-36.56217782649,26.,11.));
#1068 = LINE('',#1069,#1070);
#1069 = CARTESIAN_POINT('',(-36.56217782649,26.,10.));
#1070 = VECTOR('',#1071,1.);
#1071 = DIRECTION('',(0.,0.,1.));
#1072 = ORIENTED_EDGE('',*,*,#1073,.T.);
#1073 = EDGE_CURVE('',#1066,#1074,#1076,.T.);
#1074 = VERTEX_POINT('',#1075);
#1075 = CARTESIAN_POINT('',(-36.56217782649,25.,11.));
#1076 = LINE('',#1077,#1078);
#1077 = CARTESIAN_POINT('',(-36.56217782649,26.,11.));
#1078 = VECTOR('',#1079,1.);
#1079 = DIRECTION('',(0.,-1.,0.));
#1080 = ORIENTED_EDGE('',*,*,#1081,.F.);
#1081 = EDGE_CURVE('',#1082,#1074,#1084,.T.);
#1082 = VERTEX_POINT('',#1083);
#1083 = CARTESIAN_POINT('',(-36.56217782649,25.,10.));
#1084 = LINE('',#1085,#1086);
#1085 = CARTESIAN_POINT('',(-36.56217782649,25.,10.));
#1086 = VECTOR('',#1087,1.);
#1087 = DIRECTION('',(0.,0.,1.));
#1088 = ORIENTED_EDGE('',*,*,#1089,.F.);
#1089 = EDGE_CURVE('',#1064,#1082,#1090,.T.);
#1090 = LINE('',#1091,#1092);
#1091 = CARTESIAN_POINT('',(-36.56217782649,26.,10.));
#1092 = VECTOR('',#1093,1.);
#1093 = DIRECTION('',(0.,-1.,0.));
#1094 = PLANE('',#1095);
#1095 = AXIS2_PLACEMENT_3D('',#1096,#1097,#1098);
#1096 = CARTESIAN_POINT('',(-36.56217782649,26.,10.));
#1097 = DIRECTION('',(1.,0.,0.));
#1098 = DIRECTION('',(0.,-1.,0.));
#1099 = ADVANCED_FACE('',(#1100),#1125,.T.);
#1100 = FACE_BOUND('',#1101,.T.);
#1101 = EDGE_LOOP('',(#1102,#1103,#1111,#1119));
#1102 = ORIENTED_EDGE('',*,*,#1081,.T.);
#1103 = ORIENTED_EDGE('',*,*,#1104,.T.);
#1104 = EDGE_CURVE('',#1074,#1105,#1107,.T.);
#1105 = VERTEX_POINT('',#1106);
#1106 = CARTESIAN_POINT('',(-35.56217782649,25.,11.));
#1107 = LINE('',#1108,#1109);
#1108 = CARTESIAN_POINT('',(-36.56217782649,25.,11.));
#1109 = VECTOR('',#1110,1.);
#1110 = DIRECTION('',(1.,0.,0.));
#1111 = ORIENTED_EDGE('',*,*,#1112,.F.);
#1112 = EDGE_CURVE('',#1113,#1105,#1115,.T.);
#1113 = VERTEX_POINT('',#1114);
#1114 = CARTESIAN_POINT('',(-35.56217782649,25.,10.));
#1115 = LINE('',#1116,#1117);
#1116 = CARTESIAN_POINT('',(-35.56217782649,25.,10.));
#1117 = VECTOR('',#1118,1.);
#1118 = DIRECTION('',(0.,0.,1.));
#1119 = ORIENTED_EDGE('',*,*,#1120,.F.);
#1120 = EDGE_CURVE('',#1082,#1113,#1121,.T.);
#1121 = LINE('',#1122,#1123);
#1122 = CARTESIAN_POINT('',(-36.56217782649,25.,10.));
#1123 = VECTOR('',#1124,1.);
#1124 = DIRECTION('',(1.,0.,0.));
#1125 = PLANE('',#1126);
#1126 = AXIS2_PLACEMENT_3D('',#1127,#1128,#1129);
#1127 = CARTESIAN_POINT('',(-36.56217782649,25.,10.));
#1128 = DIRECTION('',(0.,1.,0.));
#1129 = DIRECTION('',(1.,0.,0.));
#1130 = ADVANCED_FACE('',(#1131),#1156,.T.);
#1131 = FACE_BOUND('',#1132,.T.);
#1132 = EDGE_LOOP('',(#1133,#1134,#1142,#1150));
#1133 = ORIENTED_EDGE('',*,*,#1112,.T.);
#1134 = ORIENTED_EDGE('',*,*,#1135,.T.);
#1135 = EDGE_CURVE('',#1105,#1136,#1138,.T.);
#1136 = VERTEX_POINT('',#1137);
#1137 = CARTESIAN_POINT('',(-35.56217782649,26.,11.));
#1138 = LINE('',#1139,#1140);
#1139 = CARTESIAN_POINT('',(-35.56217782649,25.,11.));
#1140 = VECTOR('',#1141,1.);
#1141 = DIRECTION('',(0.,1.,0.));
#1142 = ORIENTED_EDGE('',*,*,#1143,.F.);
#1143 = EDGE_CURVE('',#1144,#1136,#1146,.T.);
#1144 = VERTEX_POINT('',#1145);
#1145 = CARTESIAN_POINT('',(-35.56217782649,26.,10.));
#1146 = LINE('',#1147,#1148);
#1147 = CARTESIAN_POINT('',(-35.56217782649,26.,10.));
#1148 = VECTOR('',#1149,1.);
#1149 = DIRECTION('',(0.,0.,1.));
#1150 = ORIENTED_EDGE('',*,*,#1151,.F.);
#1151 = EDGE_CURVE('',#1113,#1144,#1152,.T.);
#1152 = LINE('',#1153,#1154);
#1153 = CARTESIAN_POINT('',(-35.56217782649,25.,10.));
#1154 = VECTOR('',#1155,1.);
#1155 = DIRECTION('',(0.,1.,0.));
#1156 = PLANE('',#1157);
#1157 = AXIS2_PLACEMENT_3D('',#1158,#1159,#1160);
#1158 = CARTESIAN_POINT('',(-35.56217782649,25.,10.));
#1159 = DIRECTION('',(-1.,0.,0.));
#1160 = DIRECTION('',(0.,1.,0.));
#1161 = ADVANCED_FACE('',(#1162),#1178,.T.);
#1162 = FACE_BOUND('',#1163,.T.);
#1163 = EDGE_LOOP('',(#1164,#1165,#1171,#1172));
#1164 = ORIENTED_EDGE('',*,*,#1143,.T.);
#1165 = ORIENTED_EDGE('',*,*,#1166,.T.);
#1166 = EDGE_CURVE('',#1136,#1066,#1167,.T.);
#1167 = LINE('',#1168,#1169);
#1168 = CARTESIAN_POINT('',(-35.56217782649,26.,11.));
#1169 = VECTOR('',#1170,1.);
#1170 = DIRECTION('',(-1.,0.,0.));
#1171 = ORIENTED_EDGE('',*,*,#1063,.F.);
#1172 = ORIENTED_EDGE('',*,*,#1173,.F.);
#1173 = EDGE_CURVE('',#1144,#1064,#1174,.T.);
#1174 = LINE('',#1175,#1176);
#1175 = CARTESIAN_POINT('',(-35.56217782649,26.,10.));
#1176 = VECTOR('',#1177,1.);
#1177 = DIRECTION('',(-1.,0.,0.));
#1178 = PLANE('',#1179);
#1179 = AXIS2_PLACEMENT_3D('',#1180,#1181,#1182);
#1180 = CARTESIAN_POINT('',(-35.56217782649,26.,10.));
#1181 = DIRECTION('',(0.,-1.,0.));
#1182 = DIRECTION('',(-1.,0.,0.));
#1183 = ADVANCED_FACE('',(#1184,#1189,#1195),#1201,.F.);
#1184 = FACE_BOUND('',#1185,.F.);
#1185 = EDGE_LOOP('',(#1186,#1187,#1188));
#1186 = ORIENTED_EDGE('',*,*,#872,.T.);
#1187 = ORIENTED_EDGE('',*,*,#903,.T.);
#1188 = ORIENTED_EDGE('',*,*,#925,.T.);
#1189 = FACE_BOUND('',#1190,.T.);
#1190 = EDGE_LOOP('',(#1191,#1192,#1193,#1194));
#1191 = ORIENTED_EDGE('',*,*,#965,.T.);
#1192 = ORIENTED_EDGE('',*,*,#996,.T.);
#1193 = ORIENTED_EDGE('',*,*,#1027,.T.);
#1194 = ORIENTED_EDGE('',*,*,#1049,.T.);
#1195 = FACE_BOUND('',#1196,.T.);
#1196 = EDGE_LOOP('',(#1197,#1198,#1199,#1200));
#1197 = ORIENTED_EDGE('',*,*,#1089,.T.);
#1198 = ORIENTED_EDGE('',*,*,#1120,.T.);
#1199 = ORIENTED_EDGE('',*,*,#1151,.T.);
#1200 = ORIENTED_EDGE('',*,*,#1173,.T.);
#1201 = PLANE('',#1202);
#1202 = AXIS2_PLACEMENT_3D('',#1203,#1204,#1205);
#1203 = CARTESIAN_POINT('',(-36.06217782649,26.748071928335,10.));
#1204 = DIRECTION('',(0.,0.,1.));
#1205 = DIRECTION('',(1.,0.,0.));
#1206 = ADVANCED_FACE('',(#1207,#1212,#1218),#1224,.T.);
#1207 = FACE_BOUND('',#1208,.T.);
#1208 = EDGE_LOOP('',(#1209,#1210,#1211));
#1209 = ORIENTED_EDGE('',*,*,#856,.T.);
#1210 = ORIENTED_EDGE('',*,*,#887,.T.);
#1211 = ORIENTED_EDGE('',*,*,#918,.T.);
#1212 = FACE_BOUND('',#1213,.F.);
#1213 = EDGE_LOOP('',(#1214,#1215,#1216,#1217));
#1214 = ORIENTED_EDGE('',*,*,#949,.T.);
#1215 = ORIENTED_EDGE('',*,*,#980,.T.);
#1216 = ORIENTED_EDGE('',*,*,#1011,.T.);
#1217 = ORIENTED_EDGE('',*,*,#1042,.T.);
#1218 = FACE_BOUND('',#1219,.F.);
#1219 = EDGE_LOOP('',(#1220,#1221,#1222,#1223));
#1220 = ORIENTED_EDGE('',*,*,#1073,.T.);
#1221 = ORIENTED_EDGE('',*,*,#1104,.T.);
#1222 = ORIENTED_EDGE('',*,*,#1135,.T.);
#1223 = ORIENTED_EDGE('',*,*,#1166,.T.);
#1224 = PLANE('',#1225);
#1225 = AXIS2_PLACEMENT_3D('',#1226,#1227,#1228);
#1226 = CARTESIAN_POINT('',(-36.06217782649,26.748071928335,11.));
#1227 = DIRECTION('',(0.,0.,1.));
#1228 = DIRECTION('',(1.,0.,0.));
#1229 = ( GEOMETRIC_REPRESENTATION_CONTEXT(3) 
GLOBAL_UNCERTAINTY_ASSIGNED_CONTEXT((#1233)) 
GLOBAL_UNIT_ASSIGNED_CONTEXT((#1230,#1231,#1232)) REPRESENTATION_CONTEXT
('Context #1','3D Context with UNIT and UNCERTAINTY') );
#1230 = ( LENGTH_UNIT() NAMED_UNIT(*) SI_UNIT(.MILLI.,.METRE.) );
#1231 = ( NAMED_UNIT(*) PLANE_ANGLE_UNIT() SI_UNIT($,.RADIAN.) );
#1232 = ( NAMED_UNIT(*) SI_UNIT($,.STERADIAN.) SOLID_ANGLE_UNIT() );
#1233 = UNCERTAINTY_MEASURE_WITH_UNIT(LENGTH_MEASURE(1.E-07),#1230,
  'distance_accuracy_value','confusion accuracy');
#1234 = CONTEXT_DEPENDENT_SHAPE_REPRESENTATION(#1235,#1237);
#1235 = ( REPRESENTATION_RELATIONSHIP('','',#839,#10) 
REPRESENTATION_RELATIONSHIP_WITH_TRANSFORMATION(#1236) 
SHAPE_REPRESENTATION_RELATIONSHIP() );
#1236 = ITEM_DEFINED_TRANSFORMATION('','',#11,#19);
#1237 = PRODUCT_DEFINITION_SHAPE('Placement','Placement of an item',
  #1238);
#1238 = NEXT_ASSEMBLY_USAGE_OCCURRENCE('14','CAUTION Icon','',#5,#834,$
  );
#1239 = PRODUCT_RELATED_PRODUCT_CATEGORY('part',$,(#836));
#1240 = SHAPE_DEFINITION_REPRESENTATION(#1241,#1247);
#1241 = PRODUCT_DEFINITION_SHAPE('','',#1242);
#1242 = PRODUCT_DEFINITION('design','',#1243,#1246);
#1243 = PRODUCT_DEFINITION_FORMATION('','',#1244);
#1244 = PRODUCT('CAUTION Icon 2','CAUTION Icon 2','',(#1245));
#1245 = PRODUCT_CONTEXT('',#2,'mechanical');
#1246 = PRODUCT_DEFINITION_CONTEXT('part definition',#2,'design');
#1247 = ADVANCED_BREP_SHAPE_REPRESENTATION('',(#11,#1248),#1637);
#1248 = MANIFOLD_SOLID_BREP('',#1249);
#1249 = CLOSED_SHELL('',(#1250,#1290,#1321,#1343,#1383,#1414,#1445,#1467
    ,#1507,#1538,#1569,#1591,#1614));
#1250 = ADVANCED_FACE('',(#1251),#1285,.F.);
#1251 = FACE_BOUND('',#1252,.F.);
#1252 = EDGE_LOOP('',(#1253,#1263,#1271,#1279));
#1253 = ORIENTED_EDGE('',*,*,#1254,.T.);
#1254 = EDGE_CURVE('',#1255,#1257,#1259,.T.);
#1255 = VERTEX_POINT('',#1256);
#1256 = CARTESIAN_POINT('',(36.062177826491,33.5,10.));
#1257 = VERTEX_POINT('',#1258);
#1258 = CARTESIAN_POINT('',(36.062177826491,33.5,11.));
#1259 = LINE('',#1260,#1261);
#1260 = CARTESIAN_POINT('',(36.062177826491,33.5,10.));
#1261 = VECTOR('',#1262,1.);
#1262 = DIRECTION('',(0.,0.,1.));
#1263 = ORIENTED_EDGE('',*,*,#1264,.T.);
#1264 = EDGE_CURVE('',#1257,#1265,#1267,.T.);
#1265 = VERTEX_POINT('',#1266);
#1266 = CARTESIAN_POINT('',(30.,23.,11.));
#1267 = LINE('',#1268,#1269);
#1268 = CARTESIAN_POINT('',(36.062177826491,33.5,11.));
#1269 = VECTOR('',#1270,1.);
#1270 = DIRECTION('',(-0.5,-0.866025403784,0.));
#1271 = ORIENTED_EDGE('',*,*,#1272,.F.);
#1272 = EDGE_CURVE('',#1273,#1265,#1275,.T.);
#1273 = VERTEX_POINT('',#1274);
#1274 = CARTESIAN_POINT('',(30.,23.,10.));
#1275 = LINE('',#1276,#1277);
#1276 = CARTESIAN_POINT('',(30.,23.,10.));
#1277 = VECTOR('',#1278,1.);
#1278 = DIRECTION('',(0.,0.,1.));
#1279 = ORIENTED_EDGE('',*,*,#1280,.F.);
#1280 = EDGE_CURVE('',#1255,#1273,#1281,.T.);
#1281 = LINE('',#1282,#1283);
#1282 = CARTESIAN_POINT('',(36.062177826491,33.5,10.));
#1283 = VECTOR('',#1284,1.);
#1284 = DIRECTION('',(-0.5,-0.866025403784,0.));
#1285 = PLANE('',#1286);
#1286 = AXIS2_PLACEMENT_3D('',#1287,#1288,#1289);
#1287 = CARTESIAN_POINT('',(36.062177826491,33.5,10.));
#1288 = DIRECTION('',(0.866025403784,-0.5,0.));
#1289 = DIRECTION('',(-0.5,-0.866025403784,0.));
#1290 = ADVANCED_FACE('',(#1291),#1316,.F.);
#1291 = FACE_BOUND('',#1292,.F.);
#1292 = EDGE_LOOP('',(#1293,#1294,#1302,#1310));
#1293 = ORIENTED_EDGE('',*,*,#1272,.T.);
#1294 = ORIENTED_EDGE('',*,*,#1295,.T.);
#1295 = EDGE_CURVE('',#1265,#1296,#1298,.T.);
#1296 = VERTEX_POINT('',#1297);
#1297 = CARTESIAN_POINT('',(42.124355652982,23.,11.));
#1298 = LINE('',#1299,#1300);
#1299 = CARTESIAN_POINT('',(30.,23.,11.));
#1300 = VECTOR('',#1301,1.);
#1301 = DIRECTION('',(1.,3.81E-15,0.));
#1302 = ORIENTED_EDGE('',*,*,#1303,.F.);
#1303 = EDGE_CURVE('',#1304,#1296,#1306,.T.);
#1304 = VERTEX_POINT('',#1305);
#1305 = CARTESIAN_POINT('',(42.124355652982,23.,10.));
#1306 = LINE('',#1307,#1308);
#1307 = CARTESIAN_POINT('',(42.124355652982,23.,10.));
#1308 = VECTOR('',#1309,1.);
#1309 = DIRECTION('',(0.,0.,1.));
#1310 = ORIENTED_EDGE('',*,*,#1311,.F.);
#1311 = EDGE_CURVE('',#1273,#1304,#1312,.T.);
#1312 = LINE('',#1313,#1314);
#1313 = CARTESIAN_POINT('',(30.,23.,10.));
#1314 = VECTOR('',#1315,1.);
#1315 = DIRECTION('',(1.,3.81E-15,0.));
#1316 = PLANE('',#1317);
#1317 = AXIS2_PLACEMENT_3D('',#1318,#1319,#1320);
#1318 = CARTESIAN_POINT('',(30.,23.,10.));
#1319 = DIRECTION('',(-3.81E-15,1.,0.));
#1320 = DIRECTION('',(1.,3.81E-15,0.));
#1321 = ADVANCED_FACE('',(#1322),#1338,.F.);
#1322 = FACE_BOUND('',#1323,.F.);
#1323 = EDGE_LOOP('',(#1324,#1325,#1331,#1332));
#1324 = ORIENTED_EDGE('',*,*,#1303,.T.);
#1325 = ORIENTED_EDGE('',*,*,#1326,.T.);
#1326 = EDGE_CURVE('',#1296,#1257,#1327,.T.);
#1327 = LINE('',#1328,#1329);
#1328 = CARTESIAN_POINT('',(42.124355652982,23.,11.));
#1329 = VECTOR('',#1330,1.);
#1330 = DIRECTION('',(-0.5,0.866025403784,0.));
#1331 = ORIENTED_EDGE('',*,*,#1254,.F.);
#1332 = ORIENTED_EDGE('',*,*,#1333,.F.);
#1333 = EDGE_CURVE('',#1304,#1255,#1334,.T.);
#1334 = LINE('',#1335,#1336);
#1335 = CARTESIAN_POINT('',(42.124355652982,23.,10.));
#1336 = VECTOR('',#1337,1.);
#1337 = DIRECTION('',(-0.5,0.866025403784,0.));
#1338 = PLANE('',#1339);
#1339 = AXIS2_PLACEMENT_3D('',#1340,#1341,#1342);
#1340 = CARTESIAN_POINT('',(42.124355652982,23.,10.));
#1341 = DIRECTION('',(-0.866025403784,-0.5,0.));
#1342 = DIRECTION('',(-0.5,0.866025403784,0.));
#1343 = ADVANCED_FACE('',(#1344),#1378,.T.);
#1344 = FACE_BOUND('',#1345,.T.);
#1345 = EDGE_LOOP('',(#1346,#1356,#1364,#1372));
#1346 = ORIENTED_EDGE('',*,*,#1347,.T.);
#1347 = EDGE_CURVE('',#1348,#1350,#1352,.T.);
#1348 = VERTEX_POINT('',#1349);
#1349 = CARTESIAN_POINT('',(35.562177826491,30.,10.));
#1350 = VERTEX_POINT('',#1351);
#1351 = CARTESIAN_POINT('',(35.562177826491,30.,11.));
#1352 = LINE('',#1353,#1354);
#1353 = CARTESIAN_POINT('',(35.562177826491,30.,10.));
#1354 = VECTOR('',#1355,1.);
#1355 = DIRECTION('',(0.,0.,1.));
#1356 = ORIENTED_EDGE('',*,*,#1357,.T.);
#1357 = EDGE_CURVE('',#1350,#1358,#1360,.T.);
#1358 = VERTEX_POINT('',#1359);
#1359 = CARTESIAN_POINT('',(35.562177826491,27.,11.));
#1360 = LINE('',#1361,#1362);
#1361 = CARTESIAN_POINT('',(35.562177826491,30.,11.));
#1362 = VECTOR('',#1363,1.);
#1363 = DIRECTION('',(0.,-1.,0.));
#1364 = ORIENTED_EDGE('',*,*,#1365,.F.);
#1365 = EDGE_CURVE('',#1366,#1358,#1368,.T.);
#1366 = VERTEX_POINT('',#1367);
#1367 = CARTESIAN_POINT('',(35.562177826491,27.,10.));
#1368 = LINE('',#1369,#1370);
#1369 = CARTESIAN_POINT('',(35.562177826491,27.,10.));
#1370 = VECTOR('',#1371,1.);
#1371 = DIRECTION('',(0.,0.,1.));
#1372 = ORIENTED_EDGE('',*,*,#1373,.F.);
#1373 = EDGE_CURVE('',#1348,#1366,#1374,.T.);
#1374 = LINE('',#1375,#1376);
#1375 = CARTESIAN_POINT('',(35.562177826491,30.,10.));
#1376 = VECTOR('',#1377,1.);
#1377 = DIRECTION('',(0.,-1.,0.));
#1378 = PLANE('',#1379);
#1379 = AXIS2_PLACEMENT_3D('',#1380,#1381,#1382);
#1380 = CARTESIAN_POINT('',(35.562177826491,30.,10.));
#1381 = DIRECTION('',(1.,0.,0.));
#1382 = DIRECTION('',(0.,-1.,0.));
#1383 = ADVANCED_FACE('',(#1384),#1409,.T.);
#1384 = FACE_BOUND('',#1385,.T.);
#1385 = EDGE_LOOP('',(#1386,#1387,#1395,#1403));
#1386 = ORIENTED_EDGE('',*,*,#1365,.T.);
#1387 = ORIENTED_EDGE('',*,*,#1388,.T.);
#1388 = EDGE_CURVE('',#1358,#1389,#1391,.T.);
#1389 = VERTEX_POINT('',#1390);
#1390 = CARTESIAN_POINT('',(36.562177826491,27.,11.));
#1391 = LINE('',#1392,#1393);
#1392 = CARTESIAN_POINT('',(35.562177826491,27.,11.));
#1393 = VECTOR('',#1394,1.);
#1394 = DIRECTION('',(1.,0.,0.));
#1395 = ORIENTED_EDGE('',*,*,#1396,.F.);
#1396 = EDGE_CURVE('',#1397,#1389,#1399,.T.);
#1397 = VERTEX_POINT('',#1398);
#1398 = CARTESIAN_POINT('',(36.562177826491,27.,10.));
#1399 = LINE('',#1400,#1401);
#1400 = CARTESIAN_POINT('',(36.562177826491,27.,10.));
#1401 = VECTOR('',#1402,1.);
#1402 = DIRECTION('',(0.,0.,1.));
#1403 = ORIENTED_EDGE('',*,*,#1404,.F.);
#1404 = EDGE_CURVE('',#1366,#1397,#1405,.T.);
#1405 = LINE('',#1406,#1407);
#1406 = CARTESIAN_POINT('',(35.562177826491,27.,10.));
#1407 = VECTOR('',#1408,1.);
#1408 = DIRECTION('',(1.,0.,0.));
#1409 = PLANE('',#1410);
#1410 = AXIS2_PLACEMENT_3D('',#1411,#1412,#1413);
#1411 = CARTESIAN_POINT('',(35.562177826491,27.,10.));
#1412 = DIRECTION('',(0.,1.,0.));
#1413 = DIRECTION('',(1.,0.,0.));
#1414 = ADVANCED_FACE('',(#1415),#1440,.T.);
#1415 = FACE_BOUND('',#1416,.T.);
#1416 = EDGE_LOOP('',(#1417,#1418,#1426,#1434));
#1417 = ORIENTED_EDGE('',*,*,#1396,.T.);
#1418 = ORIENTED_EDGE('',*,*,#1419,.T.);
#1419 = EDGE_CURVE('',#1389,#1420,#1422,.T.);
#1420 = VERTEX_POINT('',#1421);
#1421 = CARTESIAN_POINT('',(36.562177826491,30.,11.));
#1422 = LINE('',#1423,#1424);
#1423 = CARTESIAN_POINT('',(36.562177826491,27.,11.));
#1424 = VECTOR('',#1425,1.);
#1425 = DIRECTION('',(0.,1.,0.));
#1426 = ORIENTED_EDGE('',*,*,#1427,.F.);
#1427 = EDGE_CURVE('',#1428,#1420,#1430,.T.);
#1428 = VERTEX_POINT('',#1429);
#1429 = CARTESIAN_POINT('',(36.562177826491,30.,10.));
#1430 = LINE('',#1431,#1432);
#1431 = CARTESIAN_POINT('',(36.562177826491,30.,10.));
#1432 = VECTOR('',#1433,1.);
#1433 = DIRECTION('',(0.,0.,1.));
#1434 = ORIENTED_EDGE('',*,*,#1435,.F.);
#1435 = EDGE_CURVE('',#1397,#1428,#1436,.T.);
#1436 = LINE('',#1437,#1438);
#1437 = CARTESIAN_POINT('',(36.562177826491,27.,10.));
#1438 = VECTOR('',#1439,1.);
#1439 = DIRECTION('',(0.,1.,0.));
#1440 = PLANE('',#1441);
#1441 = AXIS2_PLACEMENT_3D('',#1442,#1443,#1444);
#1442 = CARTESIAN_POINT('',(36.562177826491,27.,10.));
#1443 = DIRECTION('',(-1.,0.,0.));
#1444 = DIRECTION('',(0.,1.,0.));
#1445 = ADVANCED_FACE('',(#1446),#1462,.T.);
#1446 = FACE_BOUND('',#1447,.T.);
#1447 = EDGE_LOOP('',(#1448,#1449,#1455,#1456));
#1448 = ORIENTED_EDGE('',*,*,#1427,.T.);
#1449 = ORIENTED_EDGE('',*,*,#1450,.T.);
#1450 = EDGE_CURVE('',#1420,#1350,#1451,.T.);
#1451 = LINE('',#1452,#1453);
#1452 = CARTESIAN_POINT('',(36.562177826491,30.,11.));
#1453 = VECTOR('',#1454,1.);
#1454 = DIRECTION('',(-1.,0.,0.));
#1455 = ORIENTED_EDGE('',*,*,#1347,.F.);
#1456 = ORIENTED_EDGE('',*,*,#1457,.F.);
#1457 = EDGE_CURVE('',#1428,#1348,#1458,.T.);
#1458 = LINE('',#1459,#1460);
#1459 = CARTESIAN_POINT('',(36.562177826491,30.,10.));
#1460 = VECTOR('',#1461,1.);
#1461 = DIRECTION('',(-1.,0.,0.));
#1462 = PLANE('',#1463);
#1463 = AXIS2_PLACEMENT_3D('',#1464,#1465,#1466);
#1464 = CARTESIAN_POINT('',(36.562177826491,30.,10.));
#1465 = DIRECTION('',(0.,-1.,0.));
#1466 = DIRECTION('',(-1.,0.,0.));
#1467 = ADVANCED_FACE('',(#1468),#1502,.T.);
#1468 = FACE_BOUND('',#1469,.T.);
#1469 = EDGE_LOOP('',(#1470,#1480,#1488,#1496));
#1470 = ORIENTED_EDGE('',*,*,#1471,.T.);
#1471 = EDGE_CURVE('',#1472,#1474,#1476,.T.);
#1472 = VERTEX_POINT('',#1473);
#1473 = CARTESIAN_POINT('',(35.562177826491,26.,10.));
#1474 = VERTEX_POINT('',#1475);
#1475 = CARTESIAN_POINT('',(35.562177826491,26.,11.));
#1476 = LINE('',#1477,#1478);
#1477 = CARTESIAN_POINT('',(35.562177826491,26.,10.));
#1478 = VECTOR('',#1479,1.);
#1479 = DIRECTION('',(0.,0.,1.));
#1480 = ORIENTED_EDGE('',*,*,#1481,.T.);
#1481 = EDGE_CURVE('',#1474,#1482,#1484,.T.);
#1482 = VERTEX_POINT('',#1483);
#1483 = CARTESIAN_POINT('',(35.562177826491,25.,11.));
#1484 = LINE('',#1485,#1486);
#1485 = CARTESIAN_POINT('',(35.562177826491,26.,11.));
#1486 = VECTOR('',#1487,1.);
#1487 = DIRECTION('',(0.,-1.,0.));
#1488 = ORIENTED_EDGE('',*,*,#1489,.F.);
#1489 = EDGE_CURVE('',#1490,#1482,#1492,.T.);
#1490 = VERTEX_POINT('',#1491);
#1491 = CARTESIAN_POINT('',(35.562177826491,25.,10.));
#1492 = LINE('',#1493,#1494);
#1493 = CARTESIAN_POINT('',(35.562177826491,25.,10.));
#1494 = VECTOR('',#1495,1.);
#1495 = DIRECTION('',(0.,0.,1.));
#1496 = ORIENTED_EDGE('',*,*,#1497,.F.);
#1497 = EDGE_CURVE('',#1472,#1490,#1498,.T.);
#1498 = LINE('',#1499,#1500);
#1499 = CARTESIAN_POINT('',(35.562177826491,26.,10.));
#1500 = VECTOR('',#1501,1.);
#1501 = DIRECTION('',(0.,-1.,0.));
#1502 = PLANE('',#1503);
#1503 = AXIS2_PLACEMENT_3D('',#1504,#1505,#1506);
#1504 = CARTESIAN_POINT('',(35.562177826491,26.,10.));
#1505 = DIRECTION('',(1.,0.,0.));
#1506 = DIRECTION('',(0.,-1.,0.));
#1507 = ADVANCED_FACE('',(#1508),#1533,.T.);
#1508 = FACE_BOUND('',#1509,.T.);
#1509 = EDGE_LOOP('',(#1510,#1511,#1519,#1527));
#1510 = ORIENTED_EDGE('',*,*,#1489,.T.);
#1511 = ORIENTED_EDGE('',*,*,#1512,.T.);
#1512 = EDGE_CURVE('',#1482,#1513,#1515,.T.);
#1513 = VERTEX_POINT('',#1514);
#1514 = CARTESIAN_POINT('',(36.562177826491,25.,11.));
#1515 = LINE('',#1516,#1517);
#1516 = CARTESIAN_POINT('',(35.562177826491,25.,11.));
#1517 = VECTOR('',#1518,1.);
#1518 = DIRECTION('',(1.,0.,0.));
#1519 = ORIENTED_EDGE('',*,*,#1520,.F.);
#1520 = EDGE_CURVE('',#1521,#1513,#1523,.T.);
#1521 = VERTEX_POINT('',#1522);
#1522 = CARTESIAN_POINT('',(36.562177826491,25.,10.));
#1523 = LINE('',#1524,#1525);
#1524 = CARTESIAN_POINT('',(36.562177826491,25.,10.));
#1525 = VECTOR('',#1526,1.);
#1526 = DIRECTION('',(0.,0.,1.));
#1527 = ORIENTED_EDGE('',*,*,#1528,.F.);
#1528 = EDGE_CURVE('',#1490,#1521,#1529,.T.);
#1529 = LINE('',#1530,#1531);
#1530 = CARTESIAN_POINT('',(35.562177826491,25.,10.));
#1531 = VECTOR('',#1532,1.);
#1532 = DIRECTION('',(1.,0.,0.));
#1533 = PLANE('',#1534);
#1534 = AXIS2_PLACEMENT_3D('',#1535,#1536,#1537);
#1535 = CARTESIAN_POINT('',(35.562177826491,25.,10.));
#1536 = DIRECTION('',(0.,1.,0.));
#1537 = DIRECTION('',(1.,0.,0.));
#1538 = ADVANCED_FACE('',(#1539),#1564,.T.);
#1539 = FACE_BOUND('',#1540,.T.);
#1540 = EDGE_LOOP('',(#1541,#1542,#1550,#1558));
#1541 = ORIENTED_EDGE('',*,*,#1520,.T.);
#1542 = ORIENTED_EDGE('',*,*,#1543,.T.);
#1543 = EDGE_CURVE('',#1513,#1544,#1546,.T.);
#1544 = VERTEX_POINT('',#1545);
#1545 = CARTESIAN_POINT('',(36.562177826491,26.,11.));
#1546 = LINE('',#1547,#1548);
#1547 = CARTESIAN_POINT('',(36.562177826491,25.,11.));
#1548 = VECTOR('',#1549,1.);
#1549 = DIRECTION('',(0.,1.,0.));
#1550 = ORIENTED_EDGE('',*,*,#1551,.F.);
#1551 = EDGE_CURVE('',#1552,#1544,#1554,.T.);
#1552 = VERTEX_POINT('',#1553);
#1553 = CARTESIAN_POINT('',(36.562177826491,26.,10.));
#1554 = LINE('',#1555,#1556);
#1555 = CARTESIAN_POINT('',(36.562177826491,26.,10.));
#1556 = VECTOR('',#1557,1.);
#1557 = DIRECTION('',(0.,0.,1.));
#1558 = ORIENTED_EDGE('',*,*,#1559,.F.);
#1559 = EDGE_CURVE('',#1521,#1552,#1560,.T.);
#1560 = LINE('',#1561,#1562);
#1561 = CARTESIAN_POINT('',(36.562177826491,25.,10.));
#1562 = VECTOR('',#1563,1.);
#1563 = DIRECTION('',(0.,1.,0.));
#1564 = PLANE('',#1565);
#1565 = AXIS2_PLACEMENT_3D('',#1566,#1567,#1568);
#1566 = CARTESIAN_POINT('',(36.562177826491,25.,10.));
#1567 = DIRECTION('',(-1.,0.,0.));
#1568 = DIRECTION('',(0.,1.,0.));
#1569 = ADVANCED_FACE('',(#1570),#1586,.T.);
#1570 = FACE_BOUND('',#1571,.T.);
#1571 = EDGE_LOOP('',(#1572,#1573,#1579,#1580));
#1572 = ORIENTED_EDGE('',*,*,#1551,.T.);
#1573 = ORIENTED_EDGE('',*,*,#1574,.T.);
#1574 = EDGE_CURVE('',#1544,#1474,#1575,.T.);
#1575 = LINE('',#1576,#1577);
#1576 = CARTESIAN_POINT('',(36.562177826491,26.,11.));
#1577 = VECTOR('',#1578,1.);
#1578 = DIRECTION('',(-1.,0.,0.));
#1579 = ORIENTED_EDGE('',*,*,#1471,.F.);
#1580 = ORIENTED_EDGE('',*,*,#1581,.F.);
#1581 = EDGE_CURVE('',#1552,#1472,#1582,.T.);
#1582 = LINE('',#1583,#1584);
#1583 = CARTESIAN_POINT('',(36.562177826491,26.,10.));
#1584 = VECTOR('',#1585,1.);
#1585 = DIRECTION('',(-1.,0.,0.));
#1586 = PLANE('',#1587);
#1587 = AXIS2_PLACEMENT_3D('',#1588,#1589,#1590);
#1588 = CARTESIAN_POINT('',(36.562177826491,26.,10.));
#1589 = DIRECTION('',(0.,-1.,0.));
#1590 = DIRECTION('',(-1.,0.,0.));
#1591 = ADVANCED_FACE('',(#1592,#1597,#1603),#1609,.F.);
#1592 = FACE_BOUND('',#1593,.F.);
#1593 = EDGE_LOOP('',(#1594,#1595,#1596));
#1594 = ORIENTED_EDGE('',*,*,#1280,.T.);
#1595 = ORIENTED_EDGE('',*,*,#1311,.T.);
#1596 = ORIENTED_EDGE('',*,*,#1333,.T.);
#1597 = FACE_BOUND('',#1598,.T.);
#1598 = EDGE_LOOP('',(#1599,#1600,#1601,#1602));
#1599 = ORIENTED_EDGE('',*,*,#1373,.T.);
#1600 = ORIENTED_EDGE('',*,*,#1404,.T.);
#1601 = ORIENTED_EDGE('',*,*,#1435,.T.);
#1602 = ORIENTED_EDGE('',*,*,#1457,.T.);
#1603 = FACE_BOUND('',#1604,.T.);
#1604 = EDGE_LOOP('',(#1605,#1606,#1607,#1608));
#1605 = ORIENTED_EDGE('',*,*,#1497,.T.);
#1606 = ORIENTED_EDGE('',*,*,#1528,.T.);
#1607 = ORIENTED_EDGE('',*,*,#1559,.T.);
#1608 = ORIENTED_EDGE('',*,*,#1581,.T.);
#1609 = PLANE('',#1610);
#1610 = AXIS2_PLACEMENT_3D('',#1611,#1612,#1613);
#1611 = CARTESIAN_POINT('',(36.062177826491,26.748071928335,10.));
#1612 = DIRECTION('',(0.,0.,1.));
#1613 = DIRECTION('',(1.,0.,0.));
#1614 = ADVANCED_FACE('',(#1615,#1620,#1626),#1632,.T.);
#1615 = FACE_BOUND('',#1616,.T.);
#1616 = EDGE_LOOP('',(#1617,#1618,#1619));
#1617 = ORIENTED_EDGE('',*,*,#1264,.T.);
#1618 = ORIENTED_EDGE('',*,*,#1295,.T.);
#1619 = ORIENTED_EDGE('',*,*,#1326,.T.);
#1620 = FACE_BOUND('',#1621,.F.);
#1621 = EDGE_LOOP('',(#1622,#1623,#1624,#1625));
#1622 = ORIENTED_EDGE('',*,*,#1357,.T.);
#1623 = ORIENTED_EDGE('',*,*,#1388,.T.);
#1624 = ORIENTED_EDGE('',*,*,#1419,.T.);
#1625 = ORIENTED_EDGE('',*,*,#1450,.T.);
#1626 = FACE_BOUND('',#1627,.F.);
#1627 = EDGE_LOOP('',(#1628,#1629,#1630,#1631));
#1628 = ORIENTED_EDGE('',*,*,#1481,.T.);
#1629 = ORIENTED_EDGE('',*,*,#1512,.T.);
#1630 = ORIENTED_EDGE('',*,*,#1543,.T.);
#1631 = ORIENTED_EDGE('',*,*,#1574,.T.);
#1632 = PLANE('',#1633);
#1633 = AXIS2_PLACEMENT_3D('',#1634,#1635,#1636);
#1634 = CARTESIAN_POINT('',(36.062177826491,26.748071928335,11.));
#1635 = DIRECTION('',(0.,0.,1.));
#1636 = DIRECTION('',(1.,0.,0.));
#1637 = ( GEOMETRIC_REPRESENTATION_CONTEXT(3) 
GLOBAL_UNCERTAINTY_ASSIGNED_CONTEXT((#1641)) 
GLOBAL_UNIT_ASSIGNED_CONTEXT((#1638,#1639,#1640)) REPRESENTATION_CONTEXT
('Context #1','3D Context with UNIT and UNCERTAINTY') );
#1638 = ( LENGTH_UNIT() NAMED_UNIT(*) SI_UNIT(.MILLI.,.METRE.) );
#1639 = ( NAMED_UNIT(*) PLANE_ANGLE_UNIT() SI_UNIT($,.RADIAN.) );
#1640 = ( NAMED_UNIT(*) SI_UNIT($,.STERADIAN.) SOLID_ANGLE_UNIT() );
#1641 = UNCERTAINTY_MEASURE_WITH_UNIT(LENGTH_MEASURE(1.E-07),#1638,
  'distance_accuracy_value','confusion accuracy');
#1642 = CONTEXT_DEPENDENT_SHAPE_REPRESENTATION(#1643,#1645);
#1643 = ( REPRESENTATION_RELATIONSHIP('','',#1247,#10) 
REPRESENTATION_RELATIONSHIP_WITH_TRANSFORMATION(#1644) 
SHAPE_REPRESENTATION_RELATIONSHIP() );
#1644 = ITEM_DEFINED_TRANSFORMATION('','',#11,#23);
#1645 = PRODUCT_DEFINITION_SHAPE('Placement','Placement of an item',
  #1646);
#1646 = NEXT_ASSEMBLY_USAGE_OCCURRENCE('15','CAUTION Icon 2','',#5,#1242
  ,$);
#1647 = PRODUCT_RELATED_PRODUCT_CATEGORY('part',$,(#1244));
#1648 = SHAPE_DEFINITION_REPRESENTATION(#1649,#1655);
#1649 = PRODUCT_DEFINITION_SHAPE('','',#1650);
#1650 = PRODUCT_DEFINITION('design','',#1651,#1654);
#1651 = PRODUCT_DEFINITION_FORMATION('','',#1652);
#1652 = PRODUCT('Extrude','Extrude','',(#1653));
#1653 = PRODUCT_CONTEXT('',#2,'mechanical');
#1654 = PRODUCT_DEFINITION_CONTEXT('part definition',#2,'design');
#1655 = SHAPE_REPRESENTATION('',(#11,#1656,#2041,#2537,#2819,#3233,#3815
    ,#4620,#5034,#5382,#5796,#6296,#6792,#7782),#8196);
#1656 = MANIFOLD_SOLID_BREP('',#1657);
#1657 = CLOSED_SHELL('',(#1658,#1698,#1729,#1760,#1791,#1822,#1853,#1884
    ,#1906,#1946,#1977,#1999,#2020));
#1658 = ADVANCED_FACE('',(#1659),#1693,.T.);
#1659 = FACE_BOUND('',#1660,.T.);
#1660 = EDGE_LOOP('',(#1661,#1671,#1679,#1687));
#1661 = ORIENTED_EDGE('',*,*,#1662,.T.);
#1662 = EDGE_CURVE('',#1663,#1665,#1667,.T.);
#1663 = VERTEX_POINT('',#1664);
#1664 = CARTESIAN_POINT('',(-31.37080357142,-29.45,10.));
#1665 = VERTEX_POINT('',#1666);
#1666 = CARTESIAN_POINT('',(-31.37080357142,-29.45,11.));
#1667 = LINE('',#1668,#1669);
#1668 = CARTESIAN_POINT('',(-31.37080357142,-29.45,10.));
#1669 = VECTOR('',#1670,1.);
#1670 = DIRECTION('',(0.,0.,1.));
#1671 = ORIENTED_EDGE('',*,*,#1672,.T.);
#1672 = EDGE_CURVE('',#1665,#1673,#1675,.T.);
#1673 = VERTEX_POINT('',#1674);
#1674 = CARTESIAN_POINT('',(-29.92035714285,-29.45,11.));
#1675 = LINE('',#1676,#1677);
#1676 = CARTESIAN_POINT('',(-31.37080357142,-29.45,11.));
#1677 = VECTOR('',#1678,1.);
#1678 = DIRECTION('',(1.,0.,0.));
#1679 = ORIENTED_EDGE('',*,*,#1680,.F.);
#1680 = EDGE_CURVE('',#1681,#1673,#1683,.T.);
#1681 = VERTEX_POINT('',#1682);
#1682 = CARTESIAN_POINT('',(-29.92035714285,-29.45,10.));
#1683 = LINE('',#1684,#1685);
#1684 = CARTESIAN_POINT('',(-29.92035714285,-29.45,10.));
#1685 = VECTOR('',#1686,1.);
#1686 = DIRECTION('',(0.,0.,1.));
#1687 = ORIENTED_EDGE('',*,*,#1688,.F.);
#1688 = EDGE_CURVE('',#1663,#1681,#1689,.T.);
#1689 = LINE('',#1690,#1691);
#1690 = CARTESIAN_POINT('',(-31.37080357142,-29.45,10.));
#1691 = VECTOR('',#1692,1.);
#1692 = DIRECTION('',(1.,0.,0.));
#1693 = PLANE('',#1694);
#1694 = AXIS2_PLACEMENT_3D('',#1695,#1696,#1697);
#1695 = CARTESIAN_POINT('',(-31.37080357142,-29.45,10.));
#1696 = DIRECTION('',(0.,1.,0.));
#1697 = DIRECTION('',(1.,0.,0.));
#1698 = ADVANCED_FACE('',(#1699),#1724,.T.);
#1699 = FACE_BOUND('',#1700,.T.);
#1700 = EDGE_LOOP('',(#1701,#1711,#1717,#1718));
#1701 = ORIENTED_EDGE('',*,*,#1702,.T.);
#1702 = EDGE_CURVE('',#1703,#1705,#1707,.T.);
#1703 = VERTEX_POINT('',#1704);
#1704 = CARTESIAN_POINT('',(-32.99,-35.45,10.));
#1705 = VERTEX_POINT('',#1706);
#1706 = CARTESIAN_POINT('',(-32.99,-35.45,11.));
#1707 = LINE('',#1708,#1709);
#1708 = CARTESIAN_POINT('',(-32.99,-35.45,10.));
#1709 = VECTOR('',#1710,1.);
#1710 = DIRECTION('',(0.,0.,1.));
#1711 = ORIENTED_EDGE('',*,*,#1712,.T.);
#1712 = EDGE_CURVE('',#1705,#1665,#1713,.T.);
#1713 = LINE('',#1714,#1715);
#1714 = CARTESIAN_POINT('',(-32.99,-35.45,11.));
#1715 = VECTOR('',#1716,1.);
#1716 = DIRECTION('',(0.260545333068,0.965461614678,0.));
#1717 = ORIENTED_EDGE('',*,*,#1662,.F.);
#1718 = ORIENTED_EDGE('',*,*,#1719,.F.);
#1719 = EDGE_CURVE('',#1703,#1663,#1720,.T.);
#1720 = LINE('',#1721,#1722);
#1721 = CARTESIAN_POINT('',(-32.99,-35.45,10.));
#1722 = VECTOR('',#1723,1.);
#1723 = DIRECTION('',(0.260545333068,0.965461614678,0.));
#1724 = PLANE('',#1725);
#1725 = AXIS2_PLACEMENT_3D('',#1726,#1727,#1728);
#1726 = CARTESIAN_POINT('',(-32.99,-35.45,10.));
#1727 = DIRECTION('',(-0.965461614678,0.260545333068,0.));
#1728 = DIRECTION('',(0.260545333068,0.965461614678,0.));
#1729 = ADVANCED_FACE('',(#1730),#1755,.T.);
#1730 = FACE_BOUND('',#1731,.T.);
#1731 = EDGE_LOOP('',(#1732,#1742,#1748,#1749));
#1732 = ORIENTED_EDGE('',*,*,#1733,.T.);
#1733 = EDGE_CURVE('',#1734,#1736,#1738,.T.);
#1734 = VERTEX_POINT('',#1735);
#1735 = CARTESIAN_POINT('',(-31.80473214285,-35.45,10.));
#1736 = VERTEX_POINT('',#1737);
#1737 = CARTESIAN_POINT('',(-31.80473214285,-35.45,11.));
#1738 = LINE('',#1739,#1740);
#1739 = CARTESIAN_POINT('',(-31.80473214285,-35.45,10.));
#1740 = VECTOR('',#1741,1.);
#1741 = DIRECTION('',(0.,0.,1.));
#1742 = ORIENTED_EDGE('',*,*,#1743,.T.);
#1743 = EDGE_CURVE('',#1736,#1705,#1744,.T.);
#1744 = LINE('',#1745,#1746);
#1745 = CARTESIAN_POINT('',(-31.80473214285,-35.45,11.));
#1746 = VECTOR('',#1747,1.);
#1747 = DIRECTION('',(-1.,0.,0.));
#1748 = ORIENTED_EDGE('',*,*,#1702,.F.);
#1749 = ORIENTED_EDGE('',*,*,#1750,.F.);
#1750 = EDGE_CURVE('',#1734,#1703,#1751,.T.);
#1751 = LINE('',#1752,#1753);
#1752 = CARTESIAN_POINT('',(-31.80473214285,-35.45,10.));
#1753 = VECTOR('',#1754,1.);
#1754 = DIRECTION('',(-1.,0.,0.));
#1755 = PLANE('',#1756);
#1756 = AXIS2_PLACEMENT_3D('',#1757,#1758,#1759);
#1757 = CARTESIAN_POINT('',(-31.80473214285,-35.45,10.));
#1758 = DIRECTION('',(0.,-1.,0.));
#1759 = DIRECTION('',(-1.,0.,0.));
#1760 = ADVANCED_FACE('',(#1761),#1786,.T.);
#1761 = FACE_BOUND('',#1762,.T.);
#1762 = EDGE_LOOP('',(#1763,#1773,#1779,#1780));
#1763 = ORIENTED_EDGE('',*,*,#1764,.T.);
#1764 = EDGE_CURVE('',#1765,#1767,#1769,.T.);
#1765 = VERTEX_POINT('',#1766);
#1766 = CARTESIAN_POINT('',(-31.443125,-33.97571428571,10.));
#1767 = VERTEX_POINT('',#1768);
#1768 = CARTESIAN_POINT('',(-31.443125,-33.97571428571,11.));
#1769 = LINE('',#1770,#1771);
#1770 = CARTESIAN_POINT('',(-31.443125,-33.97571428571,10.));
#1771 = VECTOR('',#1772,1.);
#1772 = DIRECTION('',(0.,0.,1.));
#1773 = ORIENTED_EDGE('',*,*,#1774,.T.);
#1774 = EDGE_CURVE('',#1767,#1736,#1775,.T.);
#1775 = LINE('',#1776,#1777);
#1776 = CARTESIAN_POINT('',(-31.443125,-33.97571428571,11.));
#1777 = VECTOR('',#1778,1.);
#1778 = DIRECTION('',(-0.238215246964,-0.971212384658,0.));
#1779 = ORIENTED_EDGE('',*,*,#1733,.F.);
#1780 = ORIENTED_EDGE('',*,*,#1781,.F.);
#1781 = EDGE_CURVE('',#1765,#1734,#1782,.T.);
#1782 = LINE('',#1783,#1784);
#1783 = CARTESIAN_POINT('',(-31.443125,-33.97571428571,10.));
#1784 = VECTOR('',#1785,1.);
#1785 = DIRECTION('',(-0.238215246964,-0.971212384658,0.));
#1786 = PLANE('',#1787);
#1787 = AXIS2_PLACEMENT_3D('',#1788,#1789,#1790);
#1788 = CARTESIAN_POINT('',(-31.443125,-33.97571428571,10.));
#1789 = DIRECTION('',(0.971212384658,-0.238215246964,0.));
#1790 = DIRECTION('',(-0.238215246964,-0.971212384658,0.));
#1791 = ADVANCED_FACE('',(#1792),#1817,.T.);
#1792 = FACE_BOUND('',#1793,.T.);
#1793 = EDGE_LOOP('',(#1794,#1804,#1810,#1811));
#1794 = ORIENTED_EDGE('',*,*,#1795,.T.);
#1795 = EDGE_CURVE('',#1796,#1798,#1800,.T.);
#1796 = VERTEX_POINT('',#1797);
#1797 = CARTESIAN_POINT('',(-29.85607142857,-33.97571428571,10.));
#1798 = VERTEX_POINT('',#1799);
#1799 = CARTESIAN_POINT('',(-29.85607142857,-33.97571428571,11.));
#1800 = LINE('',#1801,#1802);
#1801 = CARTESIAN_POINT('',(-29.85607142857,-33.97571428571,10.));
#1802 = VECTOR('',#1803,1.);
#1803 = DIRECTION('',(0.,0.,1.));
#1804 = ORIENTED_EDGE('',*,*,#1805,.T.);
#1805 = EDGE_CURVE('',#1798,#1767,#1806,.T.);
#1806 = LINE('',#1807,#1808);
#1807 = CARTESIAN_POINT('',(-29.85607142857,-33.97571428571,11.));
#1808 = VECTOR('',#1809,1.);
#1809 = DIRECTION('',(-1.,0.,0.));
#1810 = ORIENTED_EDGE('',*,*,#1764,.F.);
#1811 = ORIENTED_EDGE('',*,*,#1812,.F.);
#1812 = EDGE_CURVE('',#1796,#1765,#1813,.T.);
#1813 = LINE('',#1814,#1815);
#1814 = CARTESIAN_POINT('',(-29.85607142857,-33.97571428571,10.));
#1815 = VECTOR('',#1816,1.);
#1816 = DIRECTION('',(-1.,0.,0.));
#1817 = PLANE('',#1818);
#1818 = AXIS2_PLACEMENT_3D('',#1819,#1820,#1821);
#1819 = CARTESIAN_POINT('',(-29.85607142857,-33.97571428571,10.));
#1820 = DIRECTION('',(0.,-1.,0.));
#1821 = DIRECTION('',(-1.,0.,0.));
#1822 = ADVANCED_FACE('',(#1823),#1848,.T.);
#1823 = FACE_BOUND('',#1824,.T.);
#1824 = EDGE_LOOP('',(#1825,#1835,#1841,#1842));
#1825 = ORIENTED_EDGE('',*,*,#1826,.T.);
#1826 = EDGE_CURVE('',#1827,#1829,#1831,.T.);
#1827 = VERTEX_POINT('',#1828);
#1828 = CARTESIAN_POINT('',(-29.48642857142,-35.45,10.));
#1829 = VERTEX_POINT('',#1830);
#1830 = CARTESIAN_POINT('',(-29.48642857142,-35.45,11.));
#1831 = LINE('',#1832,#1833);
#1832 = CARTESIAN_POINT('',(-29.48642857142,-35.45,10.));
#1833 = VECTOR('',#1834,1.);
#1834 = DIRECTION('',(0.,0.,1.));
#1835 = ORIENTED_EDGE('',*,*,#1836,.T.);
#1836 = EDGE_CURVE('',#1829,#1798,#1837,.T.);
#1837 = LINE('',#1838,#1839);
#1838 = CARTESIAN_POINT('',(-29.48642857142,-35.45,11.));
#1839 = VECTOR('',#1840,1.);
#1840 = DIRECTION('',(-0.243199026877,0.969976408644,0.));
#1841 = ORIENTED_EDGE('',*,*,#1795,.F.);
#1842 = ORIENTED_EDGE('',*,*,#1843,.F.);
#1843 = EDGE_CURVE('',#1827,#1796,#1844,.T.);
#1844 = LINE('',#1845,#1846);
#1845 = CARTESIAN_POINT('',(-29.48642857142,-35.45,10.));
#1846 = VECTOR('',#1847,1.);
#1847 = DIRECTION('',(-0.243199026877,0.969976408644,0.));
#1848 = PLANE('',#1849);
#1849 = AXIS2_PLACEMENT_3D('',#1850,#1851,#1852);
#1850 = CARTESIAN_POINT('',(-29.48642857142,-35.45,10.));
#1851 = DIRECTION('',(-0.969976408644,-0.243199026877,0.));
#1852 = DIRECTION('',(-0.243199026877,0.969976408644,0.));
#1853 = ADVANCED_FACE('',(#1854),#1879,.T.);
#1854 = FACE_BOUND('',#1855,.T.);
#1855 = EDGE_LOOP('',(#1856,#1866,#1872,#1873));
#1856 = ORIENTED_EDGE('',*,*,#1857,.T.);
#1857 = EDGE_CURVE('',#1858,#1860,#1862,.T.);
#1858 = VERTEX_POINT('',#1859);
#1859 = CARTESIAN_POINT('',(-28.30116071428,-35.45,10.));
#1860 = VERTEX_POINT('',#1861);
#1861 = CARTESIAN_POINT('',(-28.30116071428,-35.45,11.));
#1862 = LINE('',#1863,#1864);
#1863 = CARTESIAN_POINT('',(-28.30116071428,-35.45,10.));
#1864 = VECTOR('',#1865,1.);
#1865 = DIRECTION('',(0.,0.,1.));
#1866 = ORIENTED_EDGE('',*,*,#1867,.T.);
#1867 = EDGE_CURVE('',#1860,#1829,#1868,.T.);
#1868 = LINE('',#1869,#1870);
#1869 = CARTESIAN_POINT('',(-28.30116071428,-35.45,11.));
#1870 = VECTOR('',#1871,1.);
#1871 = DIRECTION('',(-1.,0.,0.));
#1872 = ORIENTED_EDGE('',*,*,#1826,.F.);
#1873 = ORIENTED_EDGE('',*,*,#1874,.F.);
#1874 = EDGE_CURVE('',#1858,#1827,#1875,.T.);
#1875 = LINE('',#1876,#1877);
#1876 = CARTESIAN_POINT('',(-28.30116071428,-35.45,10.));
#1877 = VECTOR('',#1878,1.);
#1878 = DIRECTION('',(-1.,0.,0.));
#1879 = PLANE('',#1880);
#1880 = AXIS2_PLACEMENT_3D('',#1881,#1882,#1883);
#1881 = CARTESIAN_POINT('',(-28.30116071428,-35.45,10.));
#1882 = DIRECTION('',(0.,-1.,0.));
#1883 = DIRECTION('',(-1.,0.,0.));
#1884 = ADVANCED_FACE('',(#1885),#1901,.T.);
#1885 = FACE_BOUND('',#1886,.T.);
#1886 = EDGE_LOOP('',(#1887,#1888,#1894,#1895));
#1887 = ORIENTED_EDGE('',*,*,#1680,.T.);
#1888 = ORIENTED_EDGE('',*,*,#1889,.T.);
#1889 = EDGE_CURVE('',#1673,#1860,#1890,.T.);
#1890 = LINE('',#1891,#1892);
#1891 = CARTESIAN_POINT('',(-29.92035714285,-29.45,11.));
#1892 = VECTOR('',#1893,1.);
#1893 = DIRECTION('',(0.260545333068,-0.965461614678,0.));
#1894 = ORIENTED_EDGE('',*,*,#1857,.F.);
#1895 = ORIENTED_EDGE('',*,*,#1896,.F.);
#1896 = EDGE_CURVE('',#1681,#1858,#1897,.T.);
#1897 = LINE('',#1898,#1899);
#1898 = CARTESIAN_POINT('',(-29.92035714285,-29.45,10.));
#1899 = VECTOR('',#1900,1.);
#1900 = DIRECTION('',(0.260545333068,-0.965461614678,0.));
#1901 = PLANE('',#1902);
#1902 = AXIS2_PLACEMENT_3D('',#1903,#1904,#1905);
#1903 = CARTESIAN_POINT('',(-29.92035714285,-29.45,10.));
#1904 = DIRECTION('',(0.965461614678,0.260545333068,-0.));
#1905 = DIRECTION('',(0.260545333068,-0.965461614678,0.));
#1906 = ADVANCED_FACE('',(#1907),#1941,.T.);
#1907 = FACE_BOUND('',#1908,.T.);
#1908 = EDGE_LOOP('',(#1909,#1919,#1927,#1935));
#1909 = ORIENTED_EDGE('',*,*,#1910,.T.);
#1910 = EDGE_CURVE('',#1911,#1913,#1915,.T.);
#1911 = VERTEX_POINT('',#1912);
#1912 = CARTESIAN_POINT('',(-30.64758928571,-30.5375,10.));
#1913 = VERTEX_POINT('',#1914);
#1914 = CARTESIAN_POINT('',(-30.64758928571,-30.5375,11.));
#1915 = LINE('',#1916,#1917);
#1916 = CARTESIAN_POINT('',(-30.64758928571,-30.5375,10.));
#1917 = VECTOR('',#1918,1.);
#1918 = DIRECTION('',(0.,0.,1.));
#1919 = ORIENTED_EDGE('',*,*,#1920,.T.);
#1920 = EDGE_CURVE('',#1913,#1921,#1923,.T.);
#1921 = VERTEX_POINT('',#1922);
#1922 = CARTESIAN_POINT('',(-31.20607142857,-32.99857142857,11.));
#1923 = LINE('',#1924,#1925);
#1924 = CARTESIAN_POINT('',(-30.64758928571,-30.5375,11.));
#1925 = VECTOR('',#1926,1.);
#1926 = DIRECTION('',(-0.221299963537,-0.975205786559,0.));
#1927 = ORIENTED_EDGE('',*,*,#1928,.F.);
#1928 = EDGE_CURVE('',#1929,#1921,#1931,.T.);
#1929 = VERTEX_POINT('',#1930);
#1930 = CARTESIAN_POINT('',(-31.20607142857,-32.99857142857,10.));
#1931 = LINE('',#1932,#1933);
#1932 = CARTESIAN_POINT('',(-31.20607142857,-32.99857142857,10.));
#1933 = VECTOR('',#1934,1.);
#1934 = DIRECTION('',(0.,0.,1.));
#1935 = ORIENTED_EDGE('',*,*,#1936,.F.);
#1936 = EDGE_CURVE('',#1911,#1929,#1937,.T.);
#1937 = LINE('',#1938,#1939);
#1938 = CARTESIAN_POINT('',(-30.64758928571,-30.5375,10.));
#1939 = VECTOR('',#1940,1.);
#1940 = DIRECTION('',(-0.221299963537,-0.975205786559,0.));
#1941 = PLANE('',#1942);
#1942 = AXIS2_PLACEMENT_3D('',#1943,#1944,#1945);
#1943 = CARTESIAN_POINT('',(-30.64758928571,-30.5375,10.));
#1944 = DIRECTION('',(0.975205786559,-0.221299963537,0.));
#1945 = DIRECTION('',(-0.221299963537,-0.975205786559,0.));
#1946 = ADVANCED_FACE('',(#1947),#1972,.T.);
#1947 = FACE_BOUND('',#1948,.T.);
#1948 = EDGE_LOOP('',(#1949,#1959,#1965,#1966));
#1949 = ORIENTED_EDGE('',*,*,#1950,.T.);
#1950 = EDGE_CURVE('',#1951,#1953,#1955,.T.);
#1951 = VERTEX_POINT('',#1952);
#1952 = CARTESIAN_POINT('',(-30.08508928571,-32.99857142857,10.));
#1953 = VERTEX_POINT('',#1954);
#1954 = CARTESIAN_POINT('',(-30.08508928571,-32.99857142857,11.));
#1955 = LINE('',#1956,#1957);
#1956 = CARTESIAN_POINT('',(-30.08508928571,-32.99857142857,10.));
#1957 = VECTOR('',#1958,1.);
#1958 = DIRECTION('',(0.,0.,1.));
#1959 = ORIENTED_EDGE('',*,*,#1960,.T.);
#1960 = EDGE_CURVE('',#1953,#1913,#1961,.T.);
#1961 = LINE('',#1962,#1963);
#1962 = CARTESIAN_POINT('',(-30.08508928571,-32.99857142857,11.));
#1963 = VECTOR('',#1964,1.);
#1964 = DIRECTION('',(-0.222813277655,0.974861140522,0.));
#1965 = ORIENTED_EDGE('',*,*,#1910,.F.);
#1966 = ORIENTED_EDGE('',*,*,#1967,.F.);
#1967 = EDGE_CURVE('',#1951,#1911,#1968,.T.);
#1968 = LINE('',#1969,#1970);
#1969 = CARTESIAN_POINT('',(-30.08508928571,-32.99857142857,10.));
#1970 = VECTOR('',#1971,1.);
#1971 = DIRECTION('',(-0.222813277655,0.974861140522,0.));
#1972 = PLANE('',#1973);
#1973 = AXIS2_PLACEMENT_3D('',#1974,#1975,#1976);
#1974 = CARTESIAN_POINT('',(-30.08508928571,-32.99857142857,10.));
#1975 = DIRECTION('',(-0.974861140522,-0.222813277655,0.));
#1976 = DIRECTION('',(-0.222813277655,0.974861140522,0.));
#1977 = ADVANCED_FACE('',(#1978),#1994,.T.);
#1978 = FACE_BOUND('',#1979,.T.);
#1979 = EDGE_LOOP('',(#1980,#1981,#1987,#1988));
#1980 = ORIENTED_EDGE('',*,*,#1928,.T.);
#1981 = ORIENTED_EDGE('',*,*,#1982,.T.);
#1982 = EDGE_CURVE('',#1921,#1953,#1983,.T.);
#1983 = LINE('',#1984,#1985);
#1984 = CARTESIAN_POINT('',(-31.20607142857,-32.99857142857,11.));
#1985 = VECTOR('',#1986,1.);
#1986 = DIRECTION('',(1.,0.,0.));
#1987 = ORIENTED_EDGE('',*,*,#1950,.F.);
#1988 = ORIENTED_EDGE('',*,*,#1989,.F.);
#1989 = EDGE_CURVE('',#1929,#1951,#1990,.T.);
#1990 = LINE('',#1991,#1992);
#1991 = CARTESIAN_POINT('',(-31.20607142857,-32.99857142857,10.));
#1992 = VECTOR('',#1993,1.);
#1993 = DIRECTION('',(1.,0.,0.));
#1994 = PLANE('',#1995);
#1995 = AXIS2_PLACEMENT_3D('',#1996,#1997,#1998);
#1996 = CARTESIAN_POINT('',(-31.20607142857,-32.99857142857,10.));
#1997 = DIRECTION('',(0.,1.,0.));
#1998 = DIRECTION('',(1.,0.,0.));
#1999 = ADVANCED_FACE('',(#2000,#2010),#2015,.F.);
#2000 = FACE_BOUND('',#2001,.F.);
#2001 = EDGE_LOOP('',(#2002,#2003,#2004,#2005,#2006,#2007,#2008,#2009));
#2002 = ORIENTED_EDGE('',*,*,#1688,.F.);
#2003 = ORIENTED_EDGE('',*,*,#1719,.F.);
#2004 = ORIENTED_EDGE('',*,*,#1750,.F.);
#2005 = ORIENTED_EDGE('',*,*,#1781,.F.);
#2006 = ORIENTED_EDGE('',*,*,#1812,.F.);
#2007 = ORIENTED_EDGE('',*,*,#1843,.F.);
#2008 = ORIENTED_EDGE('',*,*,#1874,.F.);
#2009 = ORIENTED_EDGE('',*,*,#1896,.F.);
#2010 = FACE_BOUND('',#2011,.F.);
#2011 = EDGE_LOOP('',(#2012,#2013,#2014));
#2012 = ORIENTED_EDGE('',*,*,#1936,.F.);
#2013 = ORIENTED_EDGE('',*,*,#1967,.F.);
#2014 = ORIENTED_EDGE('',*,*,#1989,.F.);
#2015 = PLANE('',#2016);
#2016 = AXIS2_PLACEMENT_3D('',#2017,#2018,#2019);
#2017 = CARTESIAN_POINT('',(-30.64615022282,-32.7912265163,10.));
#2018 = DIRECTION('',(0.,0.,1.));
#2019 = DIRECTION('',(1.,0.,0.));
#2020 = ADVANCED_FACE('',(#2021,#2031),#2036,.T.);
#2021 = FACE_BOUND('',#2022,.T.);
#2022 = EDGE_LOOP('',(#2023,#2024,#2025,#2026,#2027,#2028,#2029,#2030));
#2023 = ORIENTED_EDGE('',*,*,#1672,.F.);
#2024 = ORIENTED_EDGE('',*,*,#1712,.F.);
#2025 = ORIENTED_EDGE('',*,*,#1743,.F.);
#2026 = ORIENTED_EDGE('',*,*,#1774,.F.);
#2027 = ORIENTED_EDGE('',*,*,#1805,.F.);
#2028 = ORIENTED_EDGE('',*,*,#1836,.F.);
#2029 = ORIENTED_EDGE('',*,*,#1867,.F.);
#2030 = ORIENTED_EDGE('',*,*,#1889,.F.);
#2031 = FACE_BOUND('',#2032,.T.);
#2032 = EDGE_LOOP('',(#2033,#2034,#2035));
#2033 = ORIENTED_EDGE('',*,*,#1920,.F.);
#2034 = ORIENTED_EDGE('',*,*,#1960,.F.);
#2035 = ORIENTED_EDGE('',*,*,#1982,.F.);
#2036 = PLANE('',#2037);
#2037 = AXIS2_PLACEMENT_3D('',#2038,#2039,#2040);
#2038 = CARTESIAN_POINT('',(-30.64615022282,-32.7912265163,11.));
#2039 = DIRECTION('',(0.,0.,1.));
#2040 = DIRECTION('',(1.,0.,0.));
#2041 = MANIFOLD_SOLID_BREP('',#2042);
#2042 = CLOSED_SHELL('',(#2043,#2083,#2116,#2149,#2182,#2215,#2246,#2277
    ,#2308,#2341,#2374,#2407,#2440,#2471,#2493,#2515));
#2043 = ADVANCED_FACE('',(#2044),#2078,.T.);
#2044 = FACE_BOUND('',#2045,.T.);
#2045 = EDGE_LOOP('',(#2046,#2056,#2064,#2072));
#2046 = ORIENTED_EDGE('',*,*,#2047,.T.);
#2047 = EDGE_CURVE('',#2048,#2050,#2052,.T.);
#2048 = VERTEX_POINT('',#2049);
#2049 = CARTESIAN_POINT('',(-27.74241071428,-33.23294642857,10.));
#2050 = VERTEX_POINT('',#2051);
#2051 = CARTESIAN_POINT('',(-27.74241071428,-33.23294642857,11.));
#2052 = LINE('',#2053,#2054);
#2053 = CARTESIAN_POINT('',(-27.74241071428,-33.23294642857,10.));
#2054 = VECTOR('',#2055,1.);
#2055 = DIRECTION('',(0.,0.,1.));
#2056 = ORIENTED_EDGE('',*,*,#2057,.T.);
#2057 = EDGE_CURVE('',#2050,#2058,#2060,.T.);
#2058 = VERTEX_POINT('',#2059);
#2059 = CARTESIAN_POINT('',(-27.74241071428,-29.45,11.));
#2060 = LINE('',#2061,#2062);
#2061 = CARTESIAN_POINT('',(-27.74241071428,-33.23294642857,11.));
#2062 = VECTOR('',#2063,1.);
#2063 = DIRECTION('',(0.,1.,0.));
#2064 = ORIENTED_EDGE('',*,*,#2065,.F.);
#2065 = EDGE_CURVE('',#2066,#2058,#2068,.T.);
#2066 = VERTEX_POINT('',#2067);
#2067 = CARTESIAN_POINT('',(-27.74241071428,-29.45,10.));
#2068 = LINE('',#2069,#2070);
#2069 = CARTESIAN_POINT('',(-27.74241071428,-29.45,10.));
#2070 = VECTOR('',#2071,1.);
#2071 = DIRECTION('',(0.,0.,1.));
#2072 = ORIENTED_EDGE('',*,*,#2073,.F.);
#2073 = EDGE_CURVE('',#2048,#2066,#2074,.T.);
#2074 = LINE('',#2075,#2076);
#2075 = CARTESIAN_POINT('',(-27.74241071428,-33.23294642857,10.));
#2076 = VECTOR('',#2077,1.);
#2077 = DIRECTION('',(0.,1.,0.));
#2078 = PLANE('',#2079);
#2079 = AXIS2_PLACEMENT_3D('',#2080,#2081,#2082);
#2080 = CARTESIAN_POINT('',(-27.74241071428,-33.23294642857,10.));
#2081 = DIRECTION('',(-1.,0.,0.));
#2082 = DIRECTION('',(0.,1.,0.));
#2083 = ADVANCED_FACE('',(#2084),#2109,.T.);
#2084 = FACE_BOUND('',#2085,.T.);
#2085 = EDGE_LOOP('',(#2086,#2096,#2102,#2103));
#2086 = ORIENTED_EDGE('',*,*,#2087,.T.);
#2087 = EDGE_CURVE('',#2088,#2090,#2092,.T.);
#2088 = VERTEX_POINT('',#2089);
#2089 = CARTESIAN_POINT('',(-27.254375,-35.01392857142,10.));
#2090 = VERTEX_POINT('',#2091);
#2091 = CARTESIAN_POINT('',(-27.254375,-35.01392857142,11.));
#2092 = LINE('',#2093,#2094);
#2093 = CARTESIAN_POINT('',(-27.254375,-35.01392857142,10.));
#2094 = VECTOR('',#2095,1.);
#2095 = DIRECTION('',(0.,0.,1.));
#2096 = ORIENTED_EDGE('',*,*,#2097,.T.);
#2097 = EDGE_CURVE('',#2090,#2050,#2098,.T.);
#2098 = B_SPLINE_CURVE_WITH_KNOTS('',2,(#2099,#2100,#2101),
  .UNSPECIFIED.,.F.,.F.,(3,3),(0.,1.),.PIECEWISE_BEZIER_KNOTS.);
#2099 = CARTESIAN_POINT('',(-27.254375,-35.01392857142,11.));
#2100 = CARTESIAN_POINT('',(-27.74241071428,-34.45785714285,11.));
#2101 = CARTESIAN_POINT('',(-27.74241071428,-33.23294642857,11.));
#2102 = ORIENTED_EDGE('',*,*,#2047,.F.);
#2103 = ORIENTED_EDGE('',*,*,#2104,.F.);
#2104 = EDGE_CURVE('',#2088,#2048,#2105,.T.);
#2105 = B_SPLINE_CURVE_WITH_KNOTS('',2,(#2106,#2107,#2108),
  .UNSPECIFIED.,.F.,.F.,(3,3),(0.,1.),.PIECEWISE_BEZIER_KNOTS.);
#2106 = CARTESIAN_POINT('',(-27.254375,-35.01392857142,10.));
#2107 = CARTESIAN_POINT('',(-27.74241071428,-34.45785714285,10.));
#2108 = CARTESIAN_POINT('',(-27.74241071428,-33.23294642857,10.));
#2109 = SURFACE_OF_LINEAR_EXTRUSION('',#2110,#2114);
#2110 = B_SPLINE_CURVE_WITH_KNOTS('',2,(#2111,#2112,#2113),
  .UNSPECIFIED.,.F.,.F.,(3,3),(0.,1.),.PIECEWISE_BEZIER_KNOTS.);
#2111 = CARTESIAN_POINT('',(-27.254375,-35.01392857142,10.));
#2112 = CARTESIAN_POINT('',(-27.74241071428,-34.45785714285,10.));
#2113 = CARTESIAN_POINT('',(-27.74241071428,-33.23294642857,10.));
#2114 = VECTOR('',#2115,1.);
#2115 = DIRECTION('',(-0.,-0.,-1.));
#2116 = ADVANCED_FACE('',(#2117),#2142,.T.);
#2117 = FACE_BOUND('',#2118,.T.);
#2118 = EDGE_LOOP('',(#2119,#2129,#2135,#2136));
#2119 = ORIENTED_EDGE('',*,*,#2120,.T.);
#2120 = EDGE_CURVE('',#2121,#2123,#2125,.T.);
#2121 = VERTEX_POINT('',#2122);
#2122 = CARTESIAN_POINT('',(-25.69330357142,-35.57,10.));
#2123 = VERTEX_POINT('',#2124);
#2124 = CARTESIAN_POINT('',(-25.69330357142,-35.57,11.));
#2125 = LINE('',#2126,#2127);
#2126 = CARTESIAN_POINT('',(-25.69330357142,-35.57,10.));
#2127 = VECTOR('',#2128,1.);
#2128 = DIRECTION('',(0.,0.,1.));
#2129 = ORIENTED_EDGE('',*,*,#2130,.T.);
#2130 = EDGE_CURVE('',#2123,#2090,#2131,.T.);
#2131 = B_SPLINE_CURVE_WITH_KNOTS('',2,(#2132,#2133,#2134),
  .UNSPECIFIED.,.F.,.F.,(3,3),(0.,1.),.PIECEWISE_BEZIER_KNOTS.);
#2132 = CARTESIAN_POINT('',(-25.69330357142,-35.57,11.));
#2133 = CARTESIAN_POINT('',(-26.76607142857,-35.57,11.));
#2134 = CARTESIAN_POINT('',(-27.254375,-35.01392857142,11.));
#2135 = ORIENTED_EDGE('',*,*,#2087,.F.);
#2136 = ORIENTED_EDGE('',*,*,#2137,.F.);
#2137 = EDGE_CURVE('',#2121,#2088,#2138,.T.);
#2138 = B_SPLINE_CURVE_WITH_KNOTS('',2,(#2139,#2140,#2141),
  .UNSPECIFIED.,.F.,.F.,(3,3),(0.,1.),.PIECEWISE_BEZIER_KNOTS.);
#2139 = CARTESIAN_POINT('',(-25.69330357142,-35.57,10.));
#2140 = CARTESIAN_POINT('',(-26.76607142857,-35.57,10.));
#2141 = CARTESIAN_POINT('',(-27.254375,-35.01392857142,10.));
#2142 = SURFACE_OF_LINEAR_EXTRUSION('',#2143,#2147);
#2143 = B_SPLINE_CURVE_WITH_KNOTS('',2,(#2144,#2145,#2146),
  .UNSPECIFIED.,.F.,.F.,(3,3),(0.,1.),.PIECEWISE_BEZIER_KNOTS.);
#2144 = CARTESIAN_POINT('',(-25.69330357142,-35.57,10.));
#2145 = CARTESIAN_POINT('',(-26.76607142857,-35.57,10.));
#2146 = CARTESIAN_POINT('',(-27.254375,-35.01392857142,10.));
#2147 = VECTOR('',#2148,1.);
#2148 = DIRECTION('',(-0.,-0.,-1.));
#2149 = ADVANCED_FACE('',(#2150),#2175,.T.);
#2150 = FACE_BOUND('',#2151,.T.);
#2151 = EDGE_LOOP('',(#2152,#2162,#2168,#2169));
#2152 = ORIENTED_EDGE('',*,*,#2153,.T.);
#2153 = EDGE_CURVE('',#2154,#2156,#2158,.T.);
#2154 = VERTEX_POINT('',#2155);
#2155 = CARTESIAN_POINT('',(-24.13035714285,-35.01392857142,10.));
#2156 = VERTEX_POINT('',#2157);
#2157 = CARTESIAN_POINT('',(-24.13035714285,-35.01392857142,11.));
#2158 = LINE('',#2159,#2160);
#2159 = CARTESIAN_POINT('',(-24.13035714285,-35.01392857142,10.));
#2160 = VECTOR('',#2161,1.);
#2161 = DIRECTION('',(0.,0.,1.));
#2162 = ORIENTED_EDGE('',*,*,#2163,.T.);
#2163 = EDGE_CURVE('',#2156,#2123,#2164,.T.);
#2164 = B_SPLINE_CURVE_WITH_KNOTS('',2,(#2165,#2166,#2167),
  .UNSPECIFIED.,.F.,.F.,(3,3),(0.,1.),.PIECEWISE_BEZIER_KNOTS.);
#2165 = CARTESIAN_POINT('',(-24.13035714285,-35.01392857142,11.));
#2166 = CARTESIAN_POINT('',(-24.61651785714,-35.57,11.));
#2167 = CARTESIAN_POINT('',(-25.69330357142,-35.57,11.));
#2168 = ORIENTED_EDGE('',*,*,#2120,.F.);
#2169 = ORIENTED_EDGE('',*,*,#2170,.F.);
#2170 = EDGE_CURVE('',#2154,#2121,#2171,.T.);
#2171 = B_SPLINE_CURVE_WITH_KNOTS('',2,(#2172,#2173,#2174),
  .UNSPECIFIED.,.F.,.F.,(3,3),(0.,1.),.PIECEWISE_BEZIER_KNOTS.);
#2172 = CARTESIAN_POINT('',(-24.13035714285,-35.01392857142,10.));
#2173 = CARTESIAN_POINT('',(-24.61651785714,-35.57,10.));
#2174 = CARTESIAN_POINT('',(-25.69330357142,-35.57,10.));
#2175 = SURFACE_OF_LINEAR_EXTRUSION('',#2176,#2180);
#2176 = B_SPLINE_CURVE_WITH_KNOTS('',2,(#2177,#2178,#2179),
  .UNSPECIFIED.,.F.,.F.,(3,3),(0.,1.),.PIECEWISE_BEZIER_KNOTS.);
#2177 = CARTESIAN_POINT('',(-24.13035714285,-35.01392857142,10.));
#2178 = CARTESIAN_POINT('',(-24.61651785714,-35.57,10.));
#2179 = CARTESIAN_POINT('',(-25.69330357142,-35.57,10.));
#2180 = VECTOR('',#2181,1.);
#2181 = DIRECTION('',(-0.,-0.,-1.));
#2182 = ADVANCED_FACE('',(#2183),#2208,.T.);
#2183 = FACE_BOUND('',#2184,.T.);
#2184 = EDGE_LOOP('',(#2185,#2195,#2201,#2202));
#2185 = ORIENTED_EDGE('',*,*,#2186,.T.);
#2186 = EDGE_CURVE('',#2187,#2189,#2191,.T.);
#2187 = VERTEX_POINT('',#2188);
#2188 = CARTESIAN_POINT('',(-23.64419642857,-33.23294642857,10.));
#2189 = VERTEX_POINT('',#2190);
#2190 = CARTESIAN_POINT('',(-23.64419642857,-33.23294642857,11.));
#2191 = LINE('',#2192,#2193);
#2192 = CARTESIAN_POINT('',(-23.64419642857,-33.23294642857,10.));
#2193 = VECTOR('',#2194,1.);
#2194 = DIRECTION('',(0.,0.,1.));
#2195 = ORIENTED_EDGE('',*,*,#2196,.T.);
#2196 = EDGE_CURVE('',#2189,#2156,#2197,.T.);
#2197 = B_SPLINE_CURVE_WITH_KNOTS('',2,(#2198,#2199,#2200),
  .UNSPECIFIED.,.F.,.F.,(3,3),(0.,1.),.PIECEWISE_BEZIER_KNOTS.);
#2198 = CARTESIAN_POINT('',(-23.64419642857,-33.23294642857,11.));
#2199 = CARTESIAN_POINT('',(-23.64419642857,-34.45785714285,11.));
#2200 = CARTESIAN_POINT('',(-24.13035714285,-35.01392857142,11.));
#2201 = ORIENTED_EDGE('',*,*,#2153,.F.);
#2202 = ORIENTED_EDGE('',*,*,#2203,.F.);
#2203 = EDGE_CURVE('',#2187,#2154,#2204,.T.);
#2204 = B_SPLINE_CURVE_WITH_KNOTS('',2,(#2205,#2206,#2207),
  .UNSPECIFIED.,.F.,.F.,(3,3),(0.,1.),.PIECEWISE_BEZIER_KNOTS.);
#2205 = CARTESIAN_POINT('',(-23.64419642857,-33.23294642857,10.));
#2206 = CARTESIAN_POINT('',(-23.64419642857,-34.45785714285,10.));
#2207 = CARTESIAN_POINT('',(-24.13035714285,-35.01392857142,10.));
#2208 = SURFACE_OF_LINEAR_EXTRUSION('',#2209,#2213);
#2209 = B_SPLINE_CURVE_WITH_KNOTS('',2,(#2210,#2211,#2212),
  .UNSPECIFIED.,.F.,.F.,(3,3),(0.,1.),.PIECEWISE_BEZIER_KNOTS.);
#2210 = CARTESIAN_POINT('',(-23.64419642857,-33.23294642857,10.));
#2211 = CARTESIAN_POINT('',(-23.64419642857,-34.45785714285,10.));
#2212 = CARTESIAN_POINT('',(-24.13035714285,-35.01392857142,10.));
#2213 = VECTOR('',#2214,1.);
#2214 = DIRECTION('',(-0.,-0.,-1.));
#2215 = ADVANCED_FACE('',(#2216),#2241,.T.);
#2216 = FACE_BOUND('',#2217,.T.);
#2217 = EDGE_LOOP('',(#2218,#2228,#2234,#2235));
#2218 = ORIENTED_EDGE('',*,*,#2219,.T.);
#2219 = EDGE_CURVE('',#2220,#2222,#2224,.T.);
#2220 = VERTEX_POINT('',#2221);
#2221 = CARTESIAN_POINT('',(-23.64419642857,-29.45,10.));
#2222 = VERTEX_POINT('',#2223);
#2223 = CARTESIAN_POINT('',(-23.64419642857,-29.45,11.));
#2224 = LINE('',#2225,#2226);
#2225 = CARTESIAN_POINT('',(-23.64419642857,-29.45,10.));
#2226 = VECTOR('',#2227,1.);
#2227 = DIRECTION('',(0.,0.,1.));
#2228 = ORIENTED_EDGE('',*,*,#2229,.T.);
#2229 = EDGE_CURVE('',#2222,#2189,#2230,.T.);
#2230 = LINE('',#2231,#2232);
#2231 = CARTESIAN_POINT('',(-23.64419642857,-29.45,11.));
#2232 = VECTOR('',#2233,1.);
#2233 = DIRECTION('',(0.,-1.,0.));
#2234 = ORIENTED_EDGE('',*,*,#2186,.F.);
#2235 = ORIENTED_EDGE('',*,*,#2236,.F.);
#2236 = EDGE_CURVE('',#2220,#2187,#2237,.T.);
#2237 = LINE('',#2238,#2239);
#2238 = CARTESIAN_POINT('',(-23.64419642857,-29.45,10.));
#2239 = VECTOR('',#2240,1.);
#2240 = DIRECTION('',(0.,-1.,0.));
#2241 = PLANE('',#2242);
#2242 = AXIS2_PLACEMENT_3D('',#2243,#2244,#2245);
#2243 = CARTESIAN_POINT('',(-23.64419642857,-29.45,10.));
#2244 = DIRECTION('',(1.,0.,-0.));
#2245 = DIRECTION('',(0.,-1.,0.));
#2246 = ADVANCED_FACE('',(#2247),#2272,.T.);
#2247 = FACE_BOUND('',#2248,.T.);
#2248 = EDGE_LOOP('',(#2249,#2259,#2265,#2266));
#2249 = ORIENTED_EDGE('',*,*,#2250,.T.);
#2250 = EDGE_CURVE('',#2251,#2253,#2255,.T.);
#2251 = VERTEX_POINT('',#2252);
#2252 = CARTESIAN_POINT('',(-24.82946428571,-29.45,10.));
#2253 = VERTEX_POINT('',#2254);
#2254 = CARTESIAN_POINT('',(-24.82946428571,-29.45,11.));
#2255 = LINE('',#2256,#2257);
#2256 = CARTESIAN_POINT('',(-24.82946428571,-29.45,10.));
#2257 = VECTOR('',#2258,1.);
#2258 = DIRECTION('',(0.,0.,1.));
#2259 = ORIENTED_EDGE('',*,*,#2260,.T.);
#2260 = EDGE_CURVE('',#2253,#2222,#2261,.T.);
#2261 = LINE('',#2262,#2263);
#2262 = CARTESIAN_POINT('',(-24.82946428571,-29.45,11.));
#2263 = VECTOR('',#2264,1.);
#2264 = DIRECTION('',(1.,0.,0.));
#2265 = ORIENTED_EDGE('',*,*,#2219,.F.);
#2266 = ORIENTED_EDGE('',*,*,#2267,.F.);
#2267 = EDGE_CURVE('',#2251,#2220,#2268,.T.);
#2268 = LINE('',#2269,#2270);
#2269 = CARTESIAN_POINT('',(-24.82946428571,-29.45,10.));
#2270 = VECTOR('',#2271,1.);
#2271 = DIRECTION('',(1.,0.,0.));
#2272 = PLANE('',#2273);
#2273 = AXIS2_PLACEMENT_3D('',#2274,#2275,#2276);
#2274 = CARTESIAN_POINT('',(-24.82946428571,-29.45,10.));
#2275 = DIRECTION('',(0.,1.,0.));
#2276 = DIRECTION('',(1.,0.,0.));
#2277 = ADVANCED_FACE('',(#2278),#2303,.T.);
#2278 = FACE_BOUND('',#2279,.T.);
#2279 = EDGE_LOOP('',(#2280,#2290,#2296,#2297));
#2280 = ORIENTED_EDGE('',*,*,#2281,.T.);
#2281 = EDGE_CURVE('',#2282,#2284,#2286,.T.);
#2282 = VERTEX_POINT('',#2283);
#2283 = CARTESIAN_POINT('',(-24.82946428571,-33.53026785714,10.));
#2284 = VERTEX_POINT('',#2285);
#2285 = CARTESIAN_POINT('',(-24.82946428571,-33.53026785714,11.));
#2286 = LINE('',#2287,#2288);
#2287 = CARTESIAN_POINT('',(-24.82946428571,-33.53026785714,10.));
#2288 = VECTOR('',#2289,1.);
#2289 = DIRECTION('',(0.,0.,1.));
#2290 = ORIENTED_EDGE('',*,*,#2291,.T.);
#2291 = EDGE_CURVE('',#2284,#2253,#2292,.T.);
#2292 = LINE('',#2293,#2294);
#2293 = CARTESIAN_POINT('',(-24.82946428571,-33.53026785714,11.));
#2294 = VECTOR('',#2295,1.);
#2295 = DIRECTION('',(0.,1.,0.));
#2296 = ORIENTED_EDGE('',*,*,#2250,.F.);
#2297 = ORIENTED_EDGE('',*,*,#2298,.F.);
#2298 = EDGE_CURVE('',#2282,#2251,#2299,.T.);
#2299 = LINE('',#2300,#2301);
#2300 = CARTESIAN_POINT('',(-24.82946428571,-33.53026785714,10.));
#2301 = VECTOR('',#2302,1.);
#2302 = DIRECTION('',(0.,1.,0.));
#2303 = PLANE('',#2304);
#2304 = AXIS2_PLACEMENT_3D('',#2305,#2306,#2307);
#2305 = CARTESIAN_POINT('',(-24.82946428571,-33.53026785714,10.));
#2306 = DIRECTION('',(-1.,0.,0.));
#2307 = DIRECTION('',(0.,1.,0.));
#2308 = ADVANCED_FACE('',(#2309),#2334,.T.);
#2309 = FACE_BOUND('',#2310,.T.);
#2310 = EDGE_LOOP('',(#2311,#2321,#2327,#2328));
#2311 = ORIENTED_EDGE('',*,*,#2312,.T.);
#2312 = EDGE_CURVE('',#2313,#2315,#2317,.T.);
#2313 = VERTEX_POINT('',#2314);
#2314 = CARTESIAN_POINT('',(-25.05848214285,-34.235,10.));
#2315 = VERTEX_POINT('',#2316);
#2316 = CARTESIAN_POINT('',(-25.05848214285,-34.235,11.));
#2317 = LINE('',#2318,#2319);
#2318 = CARTESIAN_POINT('',(-25.05848214285,-34.235,10.));
#2319 = VECTOR('',#2320,1.);
#2320 = DIRECTION('',(0.,0.,1.));
#2321 = ORIENTED_EDGE('',*,*,#2322,.T.);
#2322 = EDGE_CURVE('',#2315,#2284,#2323,.T.);
#2323 = B_SPLINE_CURVE_WITH_KNOTS('',2,(#2324,#2325,#2326),
  .UNSPECIFIED.,.F.,.F.,(3,3),(0.,1.),.PIECEWISE_BEZIER_KNOTS.);
#2324 = CARTESIAN_POINT('',(-25.05848214285,-34.235,11.));
#2325 = CARTESIAN_POINT('',(-24.82946428571,-33.98,11.));
#2326 = CARTESIAN_POINT('',(-24.82946428571,-33.53026785714,11.));
#2327 = ORIENTED_EDGE('',*,*,#2281,.F.);
#2328 = ORIENTED_EDGE('',*,*,#2329,.F.);
#2329 = EDGE_CURVE('',#2313,#2282,#2330,.T.);
#2330 = B_SPLINE_CURVE_WITH_KNOTS('',2,(#2331,#2332,#2333),
  .UNSPECIFIED.,.F.,.F.,(3,3),(0.,1.),.PIECEWISE_BEZIER_KNOTS.);
#2331 = CARTESIAN_POINT('',(-25.05848214285,-34.235,10.));
#2332 = CARTESIAN_POINT('',(-24.82946428571,-33.98,10.));
#2333 = CARTESIAN_POINT('',(-24.82946428571,-33.53026785714,10.));
#2334 = SURFACE_OF_LINEAR_EXTRUSION('',#2335,#2339);
#2335 = B_SPLINE_CURVE_WITH_KNOTS('',2,(#2336,#2337,#2338),
  .UNSPECIFIED.,.F.,.F.,(3,3),(0.,1.),.PIECEWISE_BEZIER_KNOTS.);
#2336 = CARTESIAN_POINT('',(-25.05848214285,-34.235,10.));
#2337 = CARTESIAN_POINT('',(-24.82946428571,-33.98,10.));
#2338 = CARTESIAN_POINT('',(-24.82946428571,-33.53026785714,10.));
#2339 = VECTOR('',#2340,1.);
#2340 = DIRECTION('',(-0.,-0.,-1.));
#2341 = ADVANCED_FACE('',(#2342),#2367,.T.);
#2342 = FACE_BOUND('',#2343,.T.);
#2343 = EDGE_LOOP('',(#2344,#2354,#2360,#2361));
#2344 = ORIENTED_EDGE('',*,*,#2345,.T.);
#2345 = EDGE_CURVE('',#2346,#2348,#2350,.T.);
#2346 = VERTEX_POINT('',#2347);
#2347 = CARTESIAN_POINT('',(-25.69330357142,-34.49,10.));
#2348 = VERTEX_POINT('',#2349);
#2349 = CARTESIAN_POINT('',(-25.69330357142,-34.49,11.));
#2350 = LINE('',#2351,#2352);
#2351 = CARTESIAN_POINT('',(-25.69330357142,-34.49,10.));
#2352 = VECTOR('',#2353,1.);
#2353 = DIRECTION('',(0.,0.,1.));
#2354 = ORIENTED_EDGE('',*,*,#2355,.T.);
#2355 = EDGE_CURVE('',#2348,#2315,#2356,.T.);
#2356 = B_SPLINE_CURVE_WITH_KNOTS('',2,(#2357,#2358,#2359),
  .UNSPECIFIED.,.F.,.F.,(3,3),(0.,1.),.PIECEWISE_BEZIER_KNOTS.);
#2357 = CARTESIAN_POINT('',(-25.69330357142,-34.49,11.));
#2358 = CARTESIAN_POINT('',(-25.2875,-34.49,11.));
#2359 = CARTESIAN_POINT('',(-25.05848214285,-34.235,11.));
#2360 = ORIENTED_EDGE('',*,*,#2312,.F.);
#2361 = ORIENTED_EDGE('',*,*,#2362,.F.);
#2362 = EDGE_CURVE('',#2346,#2313,#2363,.T.);
#2363 = B_SPLINE_CURVE_WITH_KNOTS('',2,(#2364,#2365,#2366),
  .UNSPECIFIED.,.F.,.F.,(3,3),(0.,1.),.PIECEWISE_BEZIER_KNOTS.);
#2364 = CARTESIAN_POINT('',(-25.69330357142,-34.49,10.));
#2365 = CARTESIAN_POINT('',(-25.2875,-34.49,10.));
#2366 = CARTESIAN_POINT('',(-25.05848214285,-34.235,10.));
#2367 = SURFACE_OF_LINEAR_EXTRUSION('',#2368,#2372);
#2368 = B_SPLINE_CURVE_WITH_KNOTS('',2,(#2369,#2370,#2371),
  .UNSPECIFIED.,.F.,.F.,(3,3),(0.,1.),.PIECEWISE_BEZIER_KNOTS.);
#2369 = CARTESIAN_POINT('',(-25.69330357142,-34.49,10.));
#2370 = CARTESIAN_POINT('',(-25.2875,-34.49,10.));
#2371 = CARTESIAN_POINT('',(-25.05848214285,-34.235,10.));
#2372 = VECTOR('',#2373,1.);
#2373 = DIRECTION('',(-0.,-0.,-1.));
#2374 = ADVANCED_FACE('',(#2375),#2400,.T.);
#2375 = FACE_BOUND('',#2376,.T.);
#2376 = EDGE_LOOP('',(#2377,#2387,#2393,#2394));
#2377 = ORIENTED_EDGE('',*,*,#2378,.T.);
#2378 = EDGE_CURVE('',#2379,#2381,#2383,.T.);
#2379 = VERTEX_POINT('',#2380);
#2380 = CARTESIAN_POINT('',(-26.328125,-34.235,10.));
#2381 = VERTEX_POINT('',#2382);
#2382 = CARTESIAN_POINT('',(-26.328125,-34.235,11.));
#2383 = LINE('',#2384,#2385);
#2384 = CARTESIAN_POINT('',(-26.328125,-34.235,10.));
#2385 = VECTOR('',#2386,1.);
#2386 = DIRECTION('',(0.,0.,1.));
#2387 = ORIENTED_EDGE('',*,*,#2388,.T.);
#2388 = EDGE_CURVE('',#2381,#2348,#2389,.T.);
#2389 = B_SPLINE_CURVE_WITH_KNOTS('',2,(#2390,#2391,#2392),
  .UNSPECIFIED.,.F.,.F.,(3,3),(0.,1.),.PIECEWISE_BEZIER_KNOTS.);
#2390 = CARTESIAN_POINT('',(-26.328125,-34.235,11.));
#2391 = CARTESIAN_POINT('',(-26.09910714285,-34.49,11.));
#2392 = CARTESIAN_POINT('',(-25.69330357142,-34.49,11.));
#2393 = ORIENTED_EDGE('',*,*,#2345,.F.);
#2394 = ORIENTED_EDGE('',*,*,#2395,.F.);
#2395 = EDGE_CURVE('',#2379,#2346,#2396,.T.);
#2396 = B_SPLINE_CURVE_WITH_KNOTS('',2,(#2397,#2398,#2399),
  .UNSPECIFIED.,.F.,.F.,(3,3),(0.,1.),.PIECEWISE_BEZIER_KNOTS.);
#2397 = CARTESIAN_POINT('',(-26.328125,-34.235,10.));
#2398 = CARTESIAN_POINT('',(-26.09910714285,-34.49,10.));
#2399 = CARTESIAN_POINT('',(-25.69330357142,-34.49,10.));
#2400 = SURFACE_OF_LINEAR_EXTRUSION('',#2401,#2405);
#2401 = B_SPLINE_CURVE_WITH_KNOTS('',2,(#2402,#2403,#2404),
  .UNSPECIFIED.,.F.,.F.,(3,3),(0.,1.),.PIECEWISE_BEZIER_KNOTS.);
#2402 = CARTESIAN_POINT('',(-26.328125,-34.235,10.));
#2403 = CARTESIAN_POINT('',(-26.09910714285,-34.49,10.));
#2404 = CARTESIAN_POINT('',(-25.69330357142,-34.49,10.));
#2405 = VECTOR('',#2406,1.);
#2406 = DIRECTION('',(-0.,-0.,-1.));
#2407 = ADVANCED_FACE('',(#2408),#2433,.T.);
#2408 = FACE_BOUND('',#2409,.T.);
#2409 = EDGE_LOOP('',(#2410,#2420,#2426,#2427));
#2410 = ORIENTED_EDGE('',*,*,#2411,.T.);
#2411 = EDGE_CURVE('',#2412,#2414,#2416,.T.);
#2412 = VERTEX_POINT('',#2413);
#2413 = CARTESIAN_POINT('',(-26.55714285714,-33.53026785714,10.));
#2414 = VERTEX_POINT('',#2415);
#2415 = CARTESIAN_POINT('',(-26.55714285714,-33.53026785714,11.));
#2416 = LINE('',#2417,#2418);
#2417 = CARTESIAN_POINT('',(-26.55714285714,-33.53026785714,10.));
#2418 = VECTOR('',#2419,1.);
#2419 = DIRECTION('',(0.,0.,1.));
#2420 = ORIENTED_EDGE('',*,*,#2421,.T.);
#2421 = EDGE_CURVE('',#2414,#2381,#2422,.T.);
#2422 = B_SPLINE_CURVE_WITH_KNOTS('',2,(#2423,#2424,#2425),
  .UNSPECIFIED.,.F.,.F.,(3,3),(0.,1.),.PIECEWISE_BEZIER_KNOTS.);
#2423 = CARTESIAN_POINT('',(-26.55714285714,-33.53026785714,11.));
#2424 = CARTESIAN_POINT('',(-26.55714285714,-33.98,11.));
#2425 = CARTESIAN_POINT('',(-26.328125,-34.235,11.));
#2426 = ORIENTED_EDGE('',*,*,#2378,.F.);
#2427 = ORIENTED_EDGE('',*,*,#2428,.F.);
#2428 = EDGE_CURVE('',#2412,#2379,#2429,.T.);
#2429 = B_SPLINE_CURVE_WITH_KNOTS('',2,(#2430,#2431,#2432),
  .UNSPECIFIED.,.F.,.F.,(3,3),(0.,1.),.PIECEWISE_BEZIER_KNOTS.);
#2430 = CARTESIAN_POINT('',(-26.55714285714,-33.53026785714,10.));
#2431 = CARTESIAN_POINT('',(-26.55714285714,-33.98,10.));
#2432 = CARTESIAN_POINT('',(-26.328125,-34.235,10.));
#2433 = SURFACE_OF_LINEAR_EXTRUSION('',#2434,#2438);
#2434 = B_SPLINE_CURVE_WITH_KNOTS('',2,(#2435,#2436,#2437),
  .UNSPECIFIED.,.F.,.F.,(3,3),(0.,1.),.PIECEWISE_BEZIER_KNOTS.);
#2435 = CARTESIAN_POINT('',(-26.55714285714,-33.53026785714,10.));
#2436 = CARTESIAN_POINT('',(-26.55714285714,-33.98,10.));
#2437 = CARTESIAN_POINT('',(-26.328125,-34.235,10.));
#2438 = VECTOR('',#2439,1.);
#2439 = DIRECTION('',(-0.,-0.,-1.));
#2440 = ADVANCED_FACE('',(#2441),#2466,.T.);
#2441 = FACE_BOUND('',#2442,.T.);
#2442 = EDGE_LOOP('',(#2443,#2453,#2459,#2460));
#2443 = ORIENTED_EDGE('',*,*,#2444,.T.);
#2444 = EDGE_CURVE('',#2445,#2447,#2449,.T.);
#2445 = VERTEX_POINT('',#2446);
#2446 = CARTESIAN_POINT('',(-26.55714285714,-29.45,10.));
#2447 = VERTEX_POINT('',#2448);
#2448 = CARTESIAN_POINT('',(-26.55714285714,-29.45,11.));
#2449 = LINE('',#2450,#2451);
#2450 = CARTESIAN_POINT('',(-26.55714285714,-29.45,10.));
#2451 = VECTOR('',#2452,1.);
#2452 = DIRECTION('',(0.,0.,1.));
#2453 = ORIENTED_EDGE('',*,*,#2454,.T.);
#2454 = EDGE_CURVE('',#2447,#2414,#2455,.T.);
#2455 = LINE('',#2456,#2457);
#2456 = CARTESIAN_POINT('',(-26.55714285714,-29.45,11.));
#2457 = VECTOR('',#2458,1.);
#2458 = DIRECTION('',(0.,-1.,0.));
#2459 = ORIENTED_EDGE('',*,*,#2411,.F.);
#2460 = ORIENTED_EDGE('',*,*,#2461,.F.);
#2461 = EDGE_CURVE('',#2445,#2412,#2462,.T.);
#2462 = LINE('',#2463,#2464);
#2463 = CARTESIAN_POINT('',(-26.55714285714,-29.45,10.));
#2464 = VECTOR('',#2465,1.);
#2465 = DIRECTION('',(0.,-1.,0.));
#2466 = PLANE('',#2467);
#2467 = AXIS2_PLACEMENT_3D('',#2468,#2469,#2470);
#2468 = CARTESIAN_POINT('',(-26.55714285714,-29.45,10.));
#2469 = DIRECTION('',(1.,0.,-0.));
#2470 = DIRECTION('',(0.,-1.,0.));
#2471 = ADVANCED_FACE('',(#2472),#2488,.T.);
#2472 = FACE_BOUND('',#2473,.T.);
#2473 = EDGE_LOOP('',(#2474,#2475,#2481,#2482));
#2474 = ORIENTED_EDGE('',*,*,#2065,.T.);
#2475 = ORIENTED_EDGE('',*,*,#2476,.T.);
#2476 = EDGE_CURVE('',#2058,#2447,#2477,.T.);
#2477 = LINE('',#2478,#2479);
#2478 = CARTESIAN_POINT('',(-27.74241071428,-29.45,11.));
#2479 = VECTOR('',#2480,1.);
#2480 = DIRECTION('',(1.,0.,0.));
#2481 = ORIENTED_EDGE('',*,*,#2444,.F.);
#2482 = ORIENTED_EDGE('',*,*,#2483,.F.);
#2483 = EDGE_CURVE('',#2066,#2445,#2484,.T.);
#2484 = LINE('',#2485,#2486);
#2485 = CARTESIAN_POINT('',(-27.74241071428,-29.45,10.));
#2486 = VECTOR('',#2487,1.);
#2487 = DIRECTION('',(1.,0.,0.));
#2488 = PLANE('',#2489);
#2489 = AXIS2_PLACEMENT_3D('',#2490,#2491,#2492);
#2490 = CARTESIAN_POINT('',(-27.74241071428,-29.45,10.));
#2491 = DIRECTION('',(0.,1.,0.));
#2492 = DIRECTION('',(1.,0.,0.));
#2493 = ADVANCED_FACE('',(#2494),#2510,.F.);
#2494 = FACE_BOUND('',#2495,.F.);
#2495 = EDGE_LOOP('',(#2496,#2497,#2498,#2499,#2500,#2501,#2502,#2503,
    #2504,#2505,#2506,#2507,#2508,#2509));
#2496 = ORIENTED_EDGE('',*,*,#2073,.F.);
#2497 = ORIENTED_EDGE('',*,*,#2104,.F.);
#2498 = ORIENTED_EDGE('',*,*,#2137,.F.);
#2499 = ORIENTED_EDGE('',*,*,#2170,.F.);
#2500 = ORIENTED_EDGE('',*,*,#2203,.F.);
#2501 = ORIENTED_EDGE('',*,*,#2236,.F.);
#2502 = ORIENTED_EDGE('',*,*,#2267,.F.);
#2503 = ORIENTED_EDGE('',*,*,#2298,.F.);
#2504 = ORIENTED_EDGE('',*,*,#2329,.F.);
#2505 = ORIENTED_EDGE('',*,*,#2362,.F.);
#2506 = ORIENTED_EDGE('',*,*,#2395,.F.);
#2507 = ORIENTED_EDGE('',*,*,#2428,.F.);
#2508 = ORIENTED_EDGE('',*,*,#2461,.F.);
#2509 = ORIENTED_EDGE('',*,*,#2483,.F.);
#2510 = PLANE('',#2511);
#2511 = AXIS2_PLACEMENT_3D('',#2512,#2513,#2514);
#2512 = CARTESIAN_POINT('',(-25.69318597408,-32.37432956877,10.));
#2513 = DIRECTION('',(0.,0.,1.));
#2514 = DIRECTION('',(1.,0.,0.));
#2515 = ADVANCED_FACE('',(#2516),#2532,.T.);
#2516 = FACE_BOUND('',#2517,.T.);
#2517 = EDGE_LOOP('',(#2518,#2519,#2520,#2521,#2522,#2523,#2524,#2525,
    #2526,#2527,#2528,#2529,#2530,#2531));
#2518 = ORIENTED_EDGE('',*,*,#2057,.F.);
#2519 = ORIENTED_EDGE('',*,*,#2097,.F.);
#2520 = ORIENTED_EDGE('',*,*,#2130,.F.);
#2521 = ORIENTED_EDGE('',*,*,#2163,.F.);
#2522 = ORIENTED_EDGE('',*,*,#2196,.F.);
#2523 = ORIENTED_EDGE('',*,*,#2229,.F.);
#2524 = ORIENTED_EDGE('',*,*,#2260,.F.);
#2525 = ORIENTED_EDGE('',*,*,#2291,.F.);
#2526 = ORIENTED_EDGE('',*,*,#2322,.F.);
#2527 = ORIENTED_EDGE('',*,*,#2355,.F.);
#2528 = ORIENTED_EDGE('',*,*,#2388,.F.);
#2529 = ORIENTED_EDGE('',*,*,#2421,.F.);
#2530 = ORIENTED_EDGE('',*,*,#2454,.F.);
#2531 = ORIENTED_EDGE('',*,*,#2476,.F.);
#2532 = PLANE('',#2533);
#2533 = AXIS2_PLACEMENT_3D('',#2534,#2535,#2536);
#2534 = CARTESIAN_POINT('',(-25.69318597408,-32.37432956877,11.));
#2535 = DIRECTION('',(0.,0.,1.));
#2536 = DIRECTION('',(1.,0.,0.));
#2537 = MANIFOLD_SOLID_BREP('',#2538);
#2538 = CLOSED_SHELL('',(#2539,#2579,#2610,#2641,#2672,#2703,#2734,#2765
    ,#2787,#2803));
#2539 = ADVANCED_FACE('',(#2540),#2574,.T.);
#2540 = FACE_BOUND('',#2541,.T.);
#2541 = EDGE_LOOP('',(#2542,#2552,#2560,#2568));
#2542 = ORIENTED_EDGE('',*,*,#2543,.T.);
#2543 = EDGE_CURVE('',#2544,#2546,#2548,.T.);
#2544 = VERTEX_POINT('',#2545);
#2545 = CARTESIAN_POINT('',(-20.144375,-35.45,10.));
#2546 = VERTEX_POINT('',#2547);
#2547 = CARTESIAN_POINT('',(-20.144375,-35.45,11.));
#2548 = LINE('',#2549,#2550);
#2549 = CARTESIAN_POINT('',(-20.144375,-35.45,10.));
#2550 = VECTOR('',#2551,1.);
#2551 = DIRECTION('',(0.,0.,1.));
#2552 = ORIENTED_EDGE('',*,*,#2553,.T.);
#2553 = EDGE_CURVE('',#2546,#2554,#2556,.T.);
#2554 = VERTEX_POINT('',#2555);
#2555 = CARTESIAN_POINT('',(-21.32964285714,-35.45,11.));
#2556 = LINE('',#2557,#2558);
#2557 = CARTESIAN_POINT('',(-20.144375,-35.45,11.));
#2558 = VECTOR('',#2559,1.);
#2559 = DIRECTION('',(-1.,0.,0.));
#2560 = ORIENTED_EDGE('',*,*,#2561,.F.);
#2561 = EDGE_CURVE('',#2562,#2554,#2564,.T.);
#2562 = VERTEX_POINT('',#2563);
#2563 = CARTESIAN_POINT('',(-21.32964285714,-35.45,10.));
#2564 = LINE('',#2565,#2566);
#2565 = CARTESIAN_POINT('',(-21.32964285714,-35.45,10.));
#2566 = VECTOR('',#2567,1.);
#2567 = DIRECTION('',(0.,0.,1.));
#2568 = ORIENTED_EDGE('',*,*,#2569,.F.);
#2569 = EDGE_CURVE('',#2544,#2562,#2570,.T.);
#2570 = LINE('',#2571,#2572);
#2571 = CARTESIAN_POINT('',(-20.144375,-35.45,10.));
#2572 = VECTOR('',#2573,1.);
#2573 = DIRECTION('',(-1.,0.,0.));
#2574 = PLANE('',#2575);
#2575 = AXIS2_PLACEMENT_3D('',#2576,#2577,#2578);
#2576 = CARTESIAN_POINT('',(-20.144375,-35.45,10.));
#2577 = DIRECTION('',(0.,-1.,0.));
#2578 = DIRECTION('',(-1.,0.,0.));
#2579 = ADVANCED_FACE('',(#2580),#2605,.T.);
#2580 = FACE_BOUND('',#2581,.T.);
#2581 = EDGE_LOOP('',(#2582,#2592,#2598,#2599));
#2582 = ORIENTED_EDGE('',*,*,#2583,.T.);
#2583 = EDGE_CURVE('',#2584,#2586,#2588,.T.);
#2584 = VERTEX_POINT('',#2585);
#2585 = CARTESIAN_POINT('',(-20.144375,-30.47857142857,10.));
#2586 = VERTEX_POINT('',#2587);
#2587 = CARTESIAN_POINT('',(-20.144375,-30.47857142857,11.));
#2588 = LINE('',#2589,#2590);
#2589 = CARTESIAN_POINT('',(-20.144375,-30.47857142857,10.));
#2590 = VECTOR('',#2591,1.);
#2591 = DIRECTION('',(0.,0.,1.));
#2592 = ORIENTED_EDGE('',*,*,#2593,.T.);
#2593 = EDGE_CURVE('',#2586,#2546,#2594,.T.);
#2594 = LINE('',#2595,#2596);
#2595 = CARTESIAN_POINT('',(-20.144375,-30.47857142857,11.));
#2596 = VECTOR('',#2597,1.);
#2597 = DIRECTION('',(0.,-1.,0.));
#2598 = ORIENTED_EDGE('',*,*,#2543,.F.);
#2599 = ORIENTED_EDGE('',*,*,#2600,.F.);
#2600 = EDGE_CURVE('',#2584,#2544,#2601,.T.);
#2601 = LINE('',#2602,#2603);
#2602 = CARTESIAN_POINT('',(-20.144375,-30.47857142857,10.));
#2603 = VECTOR('',#2604,1.);
#2604 = DIRECTION('',(0.,-1.,0.));
#2605 = PLANE('',#2606);
#2606 = AXIS2_PLACEMENT_3D('',#2607,#2608,#2609);
#2607 = CARTESIAN_POINT('',(-20.144375,-30.47857142857,10.));
#2608 = DIRECTION('',(1.,0.,-0.));
#2609 = DIRECTION('',(0.,-1.,0.));
#2610 = ADVANCED_FACE('',(#2611),#2636,.T.);
#2611 = FACE_BOUND('',#2612,.T.);
#2612 = EDGE_LOOP('',(#2613,#2623,#2629,#2630));
#2613 = ORIENTED_EDGE('',*,*,#2614,.T.);
#2614 = EDGE_CURVE('',#2615,#2617,#2619,.T.);
#2615 = VERTEX_POINT('',#2616);
#2616 = CARTESIAN_POINT('',(-18.62160714285,-30.47857142857,10.));
#2617 = VERTEX_POINT('',#2618);
#2618 = CARTESIAN_POINT('',(-18.62160714285,-30.47857142857,11.));
#2619 = LINE('',#2620,#2621);
#2620 = CARTESIAN_POINT('',(-18.62160714285,-30.47857142857,10.));
#2621 = VECTOR('',#2622,1.);
#2622 = DIRECTION('',(0.,0.,1.));
#2623 = ORIENTED_EDGE('',*,*,#2624,.T.);
#2624 = EDGE_CURVE('',#2617,#2586,#2625,.T.);
#2625 = LINE('',#2626,#2627);
#2626 = CARTESIAN_POINT('',(-18.62160714285,-30.47857142857,11.));
#2627 = VECTOR('',#2628,1.);
#2628 = DIRECTION('',(-1.,0.,0.));
#2629 = ORIENTED_EDGE('',*,*,#2583,.F.);
#2630 = ORIENTED_EDGE('',*,*,#2631,.F.);
#2631 = EDGE_CURVE('',#2615,#2584,#2632,.T.);
#2632 = LINE('',#2633,#2634);
#2633 = CARTESIAN_POINT('',(-18.62160714285,-30.47857142857,10.));
#2634 = VECTOR('',#2635,1.);
#2635 = DIRECTION('',(-1.,0.,0.));
#2636 = PLANE('',#2637);
#2637 = AXIS2_PLACEMENT_3D('',#2638,#2639,#2640);
#2638 = CARTESIAN_POINT('',(-18.62160714285,-30.47857142857,10.));
#2639 = DIRECTION('',(0.,-1.,0.));
#2640 = DIRECTION('',(-1.,0.,0.));
#2641 = ADVANCED_FACE('',(#2642),#2667,.T.);
#2642 = FACE_BOUND('',#2643,.T.);
#2643 = EDGE_LOOP('',(#2644,#2654,#2660,#2661));
#2644 = ORIENTED_EDGE('',*,*,#2645,.T.);
#2645 = EDGE_CURVE('',#2646,#2648,#2650,.T.);
#2646 = VERTEX_POINT('',#2647);
#2647 = CARTESIAN_POINT('',(-18.62160714285,-29.45,10.));
#2648 = VERTEX_POINT('',#2649);
#2649 = CARTESIAN_POINT('',(-18.62160714285,-29.45,11.));
#2650 = LINE('',#2651,#2652);
#2651 = CARTESIAN_POINT('',(-18.62160714285,-29.45,10.));
#2652 = VECTOR('',#2653,1.);
#2653 = DIRECTION('',(0.,0.,1.));
#2654 = ORIENTED_EDGE('',*,*,#2655,.T.);
#2655 = EDGE_CURVE('',#2648,#2617,#2656,.T.);
#2656 = LINE('',#2657,#2658);
#2657 = CARTESIAN_POINT('',(-18.62160714285,-29.45,11.));
#2658 = VECTOR('',#2659,1.);
#2659 = DIRECTION('',(0.,-1.,0.));
#2660 = ORIENTED_EDGE('',*,*,#2614,.F.);
#2661 = ORIENTED_EDGE('',*,*,#2662,.F.);
#2662 = EDGE_CURVE('',#2646,#2615,#2663,.T.);
#2663 = LINE('',#2664,#2665);
#2664 = CARTESIAN_POINT('',(-18.62160714285,-29.45,10.));
#2665 = VECTOR('',#2666,1.);
#2666 = DIRECTION('',(0.,-1.,0.));
#2667 = PLANE('',#2668);
#2668 = AXIS2_PLACEMENT_3D('',#2669,#2670,#2671);
#2669 = CARTESIAN_POINT('',(-18.62160714285,-29.45,10.));
#2670 = DIRECTION('',(1.,0.,-0.));
#2671 = DIRECTION('',(0.,-1.,0.));
#2672 = ADVANCED_FACE('',(#2673),#2698,.T.);
#2673 = FACE_BOUND('',#2674,.T.);
#2674 = EDGE_LOOP('',(#2675,#2685,#2691,#2692));
#2675 = ORIENTED_EDGE('',*,*,#2676,.T.);
#2676 = EDGE_CURVE('',#2677,#2679,#2681,.T.);
#2677 = VERTEX_POINT('',#2678);
#2678 = CARTESIAN_POINT('',(-22.85241071428,-29.45,10.));
#2679 = VERTEX_POINT('',#2680);
#2680 = CARTESIAN_POINT('',(-22.85241071428,-29.45,11.));
#2681 = LINE('',#2682,#2683);
#2682 = CARTESIAN_POINT('',(-22.85241071428,-29.45,10.));
#2683 = VECTOR('',#2684,1.);
#2684 = DIRECTION('',(0.,0.,1.));
#2685 = ORIENTED_EDGE('',*,*,#2686,.T.);
#2686 = EDGE_CURVE('',#2679,#2648,#2687,.T.);
#2687 = LINE('',#2688,#2689);
#2688 = CARTESIAN_POINT('',(-22.85241071428,-29.45,11.));
#2689 = VECTOR('',#2690,1.);
#2690 = DIRECTION('',(1.,0.,0.));
#2691 = ORIENTED_EDGE('',*,*,#2645,.F.);
#2692 = ORIENTED_EDGE('',*,*,#2693,.F.);
#2693 = EDGE_CURVE('',#2677,#2646,#2694,.T.);
#2694 = LINE('',#2695,#2696);
#2695 = CARTESIAN_POINT('',(-22.85241071428,-29.45,10.));
#2696 = VECTOR('',#2697,1.);
#2697 = DIRECTION('',(1.,0.,0.));
#2698 = PLANE('',#2699);
#2699 = AXIS2_PLACEMENT_3D('',#2700,#2701,#2702);
#2700 = CARTESIAN_POINT('',(-22.85241071428,-29.45,10.));
#2701 = DIRECTION('',(0.,1.,0.));
#2702 = DIRECTION('',(1.,0.,0.));
#2703 = ADVANCED_FACE('',(#2704),#2729,.T.);
#2704 = FACE_BOUND('',#2705,.T.);
#2705 = EDGE_LOOP('',(#2706,#2716,#2722,#2723));
#2706 = ORIENTED_EDGE('',*,*,#2707,.T.);
#2707 = EDGE_CURVE('',#2708,#2710,#2712,.T.);
#2708 = VERTEX_POINT('',#2709);
#2709 = CARTESIAN_POINT('',(-22.85241071428,-30.47857142857,10.));
#2710 = VERTEX_POINT('',#2711);
#2711 = CARTESIAN_POINT('',(-22.85241071428,-30.47857142857,11.));
#2712 = LINE('',#2713,#2714);
#2713 = CARTESIAN_POINT('',(-22.85241071428,-30.47857142857,10.));
#2714 = VECTOR('',#2715,1.);
#2715 = DIRECTION('',(0.,0.,1.));
#2716 = ORIENTED_EDGE('',*,*,#2717,.T.);
#2717 = EDGE_CURVE('',#2710,#2679,#2718,.T.);
#2718 = LINE('',#2719,#2720);
#2719 = CARTESIAN_POINT('',(-22.85241071428,-30.47857142857,11.));
#2720 = VECTOR('',#2721,1.);
#2721 = DIRECTION('',(0.,1.,0.));
#2722 = ORIENTED_EDGE('',*,*,#2676,.F.);
#2723 = ORIENTED_EDGE('',*,*,#2724,.F.);
#2724 = EDGE_CURVE('',#2708,#2677,#2725,.T.);
#2725 = LINE('',#2726,#2727);
#2726 = CARTESIAN_POINT('',(-22.85241071428,-30.47857142857,10.));
#2727 = VECTOR('',#2728,1.);
#2728 = DIRECTION('',(0.,1.,0.));
#2729 = PLANE('',#2730);
#2730 = AXIS2_PLACEMENT_3D('',#2731,#2732,#2733);
#2731 = CARTESIAN_POINT('',(-22.85241071428,-30.47857142857,10.));
#2732 = DIRECTION('',(-1.,0.,0.));
#2733 = DIRECTION('',(0.,1.,0.));
#2734 = ADVANCED_FACE('',(#2735),#2760,.T.);
#2735 = FACE_BOUND('',#2736,.T.);
#2736 = EDGE_LOOP('',(#2737,#2747,#2753,#2754));
#2737 = ORIENTED_EDGE('',*,*,#2738,.T.);
#2738 = EDGE_CURVE('',#2739,#2741,#2743,.T.);
#2739 = VERTEX_POINT('',#2740);
#2740 = CARTESIAN_POINT('',(-21.32964285714,-30.47857142857,10.));
#2741 = VERTEX_POINT('',#2742);
#2742 = CARTESIAN_POINT('',(-21.32964285714,-30.47857142857,11.));
#2743 = LINE('',#2744,#2745);
#2744 = CARTESIAN_POINT('',(-21.32964285714,-30.47857142857,10.));
#2745 = VECTOR('',#2746,1.);
#2746 = DIRECTION('',(0.,0.,1.));
#2747 = ORIENTED_EDGE('',*,*,#2748,.T.);
#2748 = EDGE_CURVE('',#2741,#2710,#2749,.T.);
#2749 = LINE('',#2750,#2751);
#2750 = CARTESIAN_POINT('',(-21.32964285714,-30.47857142857,11.));
#2751 = VECTOR('',#2752,1.);
#2752 = DIRECTION('',(-1.,0.,0.));
#2753 = ORIENTED_EDGE('',*,*,#2707,.F.);
#2754 = ORIENTED_EDGE('',*,*,#2755,.F.);
#2755 = EDGE_CURVE('',#2739,#2708,#2756,.T.);
#2756 = LINE('',#2757,#2758);
#2757 = CARTESIAN_POINT('',(-21.32964285714,-30.47857142857,10.));
#2758 = VECTOR('',#2759,1.);
#2759 = DIRECTION('',(-1.,0.,0.));
#2760 = PLANE('',#2761);
#2761 = AXIS2_PLACEMENT_3D('',#2762,#2763,#2764);
#2762 = CARTESIAN_POINT('',(-21.32964285714,-30.47857142857,10.));
#2763 = DIRECTION('',(0.,-1.,0.));
#2764 = DIRECTION('',(-1.,0.,0.));
#2765 = ADVANCED_FACE('',(#2766),#2782,.T.);
#2766 = FACE_BOUND('',#2767,.T.);
#2767 = EDGE_LOOP('',(#2768,#2769,#2775,#2776));
#2768 = ORIENTED_EDGE('',*,*,#2561,.T.);
#2769 = ORIENTED_EDGE('',*,*,#2770,.T.);
#2770 = EDGE_CURVE('',#2554,#2741,#2771,.T.);
#2771 = LINE('',#2772,#2773);
#2772 = CARTESIAN_POINT('',(-21.32964285714,-35.45,11.));
#2773 = VECTOR('',#2774,1.);
#2774 = DIRECTION('',(0.,1.,0.));
#2775 = ORIENTED_EDGE('',*,*,#2738,.F.);
#2776 = ORIENTED_EDGE('',*,*,#2777,.F.);
#2777 = EDGE_CURVE('',#2562,#2739,#2778,.T.);
#2778 = LINE('',#2779,#2780);
#2779 = CARTESIAN_POINT('',(-21.32964285714,-35.45,10.));
#2780 = VECTOR('',#2781,1.);
#2781 = DIRECTION('',(0.,1.,0.));
#2782 = PLANE('',#2783);
#2783 = AXIS2_PLACEMENT_3D('',#2784,#2785,#2786);
#2784 = CARTESIAN_POINT('',(-21.32964285714,-35.45,10.));
#2785 = DIRECTION('',(-1.,0.,0.));
#2786 = DIRECTION('',(0.,1.,0.));
#2787 = ADVANCED_FACE('',(#2788),#2798,.F.);
#2788 = FACE_BOUND('',#2789,.F.);
#2789 = EDGE_LOOP('',(#2790,#2791,#2792,#2793,#2794,#2795,#2796,#2797));
#2790 = ORIENTED_EDGE('',*,*,#2569,.F.);
#2791 = ORIENTED_EDGE('',*,*,#2600,.F.);
#2792 = ORIENTED_EDGE('',*,*,#2631,.F.);
#2793 = ORIENTED_EDGE('',*,*,#2662,.F.);
#2794 = ORIENTED_EDGE('',*,*,#2693,.F.);
#2795 = ORIENTED_EDGE('',*,*,#2724,.F.);
#2796 = ORIENTED_EDGE('',*,*,#2755,.F.);
#2797 = ORIENTED_EDGE('',*,*,#2777,.F.);
#2798 = PLANE('',#2799);
#2799 = AXIS2_PLACEMENT_3D('',#2800,#2801,#2802);
#2800 = CARTESIAN_POINT('',(-20.73700892857,-31.71004525648,10.));
#2801 = DIRECTION('',(0.,0.,1.));
#2802 = DIRECTION('',(1.,0.,0.));
#2803 = ADVANCED_FACE('',(#2804),#2814,.T.);
#2804 = FACE_BOUND('',#2805,.T.);
#2805 = EDGE_LOOP('',(#2806,#2807,#2808,#2809,#2810,#2811,#2812,#2813));
#2806 = ORIENTED_EDGE('',*,*,#2553,.F.);
#2807 = ORIENTED_EDGE('',*,*,#2593,.F.);
#2808 = ORIENTED_EDGE('',*,*,#2624,.F.);
#2809 = ORIENTED_EDGE('',*,*,#2655,.F.);
#2810 = ORIENTED_EDGE('',*,*,#2686,.F.);
#2811 = ORIENTED_EDGE('',*,*,#2717,.F.);
#2812 = ORIENTED_EDGE('',*,*,#2748,.F.);
#2813 = ORIENTED_EDGE('',*,*,#2770,.F.);
#2814 = PLANE('',#2815);
#2815 = AXIS2_PLACEMENT_3D('',#2816,#2817,#2818);
#2816 = CARTESIAN_POINT('',(-20.73700892857,-31.71004525648,11.));
#2817 = DIRECTION('',(0.,0.,1.));
#2818 = DIRECTION('',(1.,0.,0.));
#2819 = MANIFOLD_SOLID_BREP('',#2820);
#2820 = CLOSED_SHELL('',(#2821,#2861,#2892,#2923,#2954,#2985,#3016,#3047
    ,#3078,#3109,#3140,#3171,#3193,#3213));
#2821 = ADVANCED_FACE('',(#2822),#2856,.T.);
#2822 = FACE_BOUND('',#2823,.T.);
#2823 = EDGE_LOOP('',(#2824,#2834,#2842,#2850));
#2824 = ORIENTED_EDGE('',*,*,#2825,.T.);
#2825 = EDGE_CURVE('',#2826,#2828,#2830,.T.);
#2826 = VERTEX_POINT('',#2827);
#2827 = CARTESIAN_POINT('',(-17.70928571428,-29.45,10.));
#2828 = VERTEX_POINT('',#2829);
#2829 = CARTESIAN_POINT('',(-17.70928571428,-29.45,11.));
#2830 = LINE('',#2831,#2832);
#2831 = CARTESIAN_POINT('',(-17.70928571428,-29.45,10.));
#2832 = VECTOR('',#2833,1.);
#2833 = DIRECTION('',(0.,0.,1.));
#2834 = ORIENTED_EDGE('',*,*,#2835,.T.);
#2835 = EDGE_CURVE('',#2828,#2836,#2838,.T.);
#2836 = VERTEX_POINT('',#2837);
#2837 = CARTESIAN_POINT('',(-16.52401785714,-29.45,11.));
#2838 = LINE('',#2839,#2840);
#2839 = CARTESIAN_POINT('',(-17.70928571428,-29.45,11.));
#2840 = VECTOR('',#2841,1.);
#2841 = DIRECTION('',(1.,0.,0.));
#2842 = ORIENTED_EDGE('',*,*,#2843,.F.);
#2843 = EDGE_CURVE('',#2844,#2836,#2846,.T.);
#2844 = VERTEX_POINT('',#2845);
#2845 = CARTESIAN_POINT('',(-16.52401785714,-29.45,10.));
#2846 = LINE('',#2847,#2848);
#2847 = CARTESIAN_POINT('',(-16.52401785714,-29.45,10.));
#2848 = VECTOR('',#2849,1.);
#2849 = DIRECTION('',(0.,0.,1.));
#2850 = ORIENTED_EDGE('',*,*,#2851,.F.);
#2851 = EDGE_CURVE('',#2826,#2844,#2852,.T.);
#2852 = LINE('',#2853,#2854);
#2853 = CARTESIAN_POINT('',(-17.70928571428,-29.45,10.));
#2854 = VECTOR('',#2855,1.);
#2855 = DIRECTION('',(1.,0.,0.));
#2856 = PLANE('',#2857);
#2857 = AXIS2_PLACEMENT_3D('',#2858,#2859,#2860);
#2858 = CARTESIAN_POINT('',(-17.70928571428,-29.45,10.));
#2859 = DIRECTION('',(0.,1.,0.));
#2860 = DIRECTION('',(1.,0.,0.));
#2861 = ADVANCED_FACE('',(#2862),#2887,.T.);
#2862 = FACE_BOUND('',#2863,.T.);
#2863 = EDGE_LOOP('',(#2864,#2874,#2880,#2881));
#2864 = ORIENTED_EDGE('',*,*,#2865,.T.);
#2865 = EDGE_CURVE('',#2866,#2868,#2870,.T.);
#2866 = VERTEX_POINT('',#2867);
#2867 = CARTESIAN_POINT('',(-17.70928571428,-35.45,10.));
#2868 = VERTEX_POINT('',#2869);
#2869 = CARTESIAN_POINT('',(-17.70928571428,-35.45,11.));
#2870 = LINE('',#2871,#2872);
#2871 = CARTESIAN_POINT('',(-17.70928571428,-35.45,10.));
#2872 = VECTOR('',#2873,1.);
#2873 = DIRECTION('',(0.,0.,1.));
#2874 = ORIENTED_EDGE('',*,*,#2875,.T.);
#2875 = EDGE_CURVE('',#2868,#2828,#2876,.T.);
#2876 = LINE('',#2877,#2878);
#2877 = CARTESIAN_POINT('',(-17.70928571428,-35.45,11.));
#2878 = VECTOR('',#2879,1.);
#2879 = DIRECTION('',(0.,1.,0.));
#2880 = ORIENTED_EDGE('',*,*,#2825,.F.);
#2881 = ORIENTED_EDGE('',*,*,#2882,.F.);
#2882 = EDGE_CURVE('',#2866,#2826,#2883,.T.);
#2883 = LINE('',#2884,#2885);
#2884 = CARTESIAN_POINT('',(-17.70928571428,-35.45,10.));
#2885 = VECTOR('',#2886,1.);
#2886 = DIRECTION('',(0.,1.,0.));
#2887 = PLANE('',#2888);
#2888 = AXIS2_PLACEMENT_3D('',#2889,#2890,#2891);
#2889 = CARTESIAN_POINT('',(-17.70928571428,-35.45,10.));
#2890 = DIRECTION('',(-1.,0.,0.));
#2891 = DIRECTION('',(0.,1.,0.));
#2892 = ADVANCED_FACE('',(#2893),#2918,.T.);
#2893 = FACE_BOUND('',#2894,.T.);
#2894 = EDGE_LOOP('',(#2895,#2905,#2911,#2912));
#2895 = ORIENTED_EDGE('',*,*,#2896,.T.);
#2896 = EDGE_CURVE('',#2897,#2899,#2901,.T.);
#2897 = VERTEX_POINT('',#2898);
#2898 = CARTESIAN_POINT('',(-16.52401785714,-35.45,10.));
#2899 = VERTEX_POINT('',#2900);
#2900 = CARTESIAN_POINT('',(-16.52401785714,-35.45,11.));
#2901 = LINE('',#2902,#2903);
#2902 = CARTESIAN_POINT('',(-16.52401785714,-35.45,10.));
#2903 = VECTOR('',#2904,1.);
#2904 = DIRECTION('',(0.,0.,1.));
#2905 = ORIENTED_EDGE('',*,*,#2906,.T.);
#2906 = EDGE_CURVE('',#2899,#2868,#2907,.T.);
#2907 = LINE('',#2908,#2909);
#2908 = CARTESIAN_POINT('',(-16.52401785714,-35.45,11.));
#2909 = VECTOR('',#2910,1.);
#2910 = DIRECTION('',(-1.,0.,0.));
#2911 = ORIENTED_EDGE('',*,*,#2865,.F.);
#2912 = ORIENTED_EDGE('',*,*,#2913,.F.);
#2913 = EDGE_CURVE('',#2897,#2866,#2914,.T.);
#2914 = LINE('',#2915,#2916);
#2915 = CARTESIAN_POINT('',(-16.52401785714,-35.45,10.));
#2916 = VECTOR('',#2917,1.);
#2917 = DIRECTION('',(-1.,0.,0.));
#2918 = PLANE('',#2919);
#2919 = AXIS2_PLACEMENT_3D('',#2920,#2921,#2922);
#2920 = CARTESIAN_POINT('',(-16.52401785714,-35.45,10.));
#2921 = DIRECTION('',(0.,-1.,0.));
#2922 = DIRECTION('',(-1.,0.,0.));
#2923 = ADVANCED_FACE('',(#2924),#2949,.T.);
#2924 = FACE_BOUND('',#2925,.T.);
#2925 = EDGE_LOOP('',(#2926,#2936,#2942,#2943));
#2926 = ORIENTED_EDGE('',*,*,#2927,.T.);
#2927 = EDGE_CURVE('',#2928,#2930,#2932,.T.);
#2928 = VERTEX_POINT('',#2929);
#2929 = CARTESIAN_POINT('',(-16.52401785714,-32.77571428571,10.));
#2930 = VERTEX_POINT('',#2931);
#2931 = CARTESIAN_POINT('',(-16.52401785714,-32.77571428571,11.));
#2932 = LINE('',#2933,#2934);
#2933 = CARTESIAN_POINT('',(-16.52401785714,-32.77571428571,10.));
#2934 = VECTOR('',#2935,1.);
#2935 = DIRECTION('',(0.,0.,1.));
#2936 = ORIENTED_EDGE('',*,*,#2937,.T.);
#2937 = EDGE_CURVE('',#2930,#2899,#2938,.T.);
#2938 = LINE('',#2939,#2940);
#2939 = CARTESIAN_POINT('',(-16.52401785714,-32.77571428571,11.));
#2940 = VECTOR('',#2941,1.);
#2941 = DIRECTION('',(0.,-1.,0.));
#2942 = ORIENTED_EDGE('',*,*,#2896,.F.);
#2943 = ORIENTED_EDGE('',*,*,#2944,.F.);
#2944 = EDGE_CURVE('',#2928,#2897,#2945,.T.);
#2945 = LINE('',#2946,#2947);
#2946 = CARTESIAN_POINT('',(-16.52401785714,-32.77571428571,10.));
#2947 = VECTOR('',#2948,1.);
#2948 = DIRECTION('',(0.,-1.,0.));
#2949 = PLANE('',#2950);
#2950 = AXIS2_PLACEMENT_3D('',#2951,#2952,#2953);
#2951 = CARTESIAN_POINT('',(-16.52401785714,-32.77571428571,10.));
#2952 = DIRECTION('',(1.,0.,-0.));
#2953 = DIRECTION('',(0.,-1.,0.));
#2954 = ADVANCED_FACE('',(#2955),#2980,.T.);
#2955 = FACE_BOUND('',#2956,.T.);
#2956 = EDGE_LOOP('',(#2957,#2967,#2973,#2974));
#2957 = ORIENTED_EDGE('',*,*,#2958,.T.);
#2958 = EDGE_CURVE('',#2959,#2961,#2963,.T.);
#2959 = VERTEX_POINT('',#2960);
#2960 = CARTESIAN_POINT('',(-15.04142857142,-32.77571428571,10.));
#2961 = VERTEX_POINT('',#2962);
#2962 = CARTESIAN_POINT('',(-15.04142857142,-32.77571428571,11.));
#2963 = LINE('',#2964,#2965);
#2964 = CARTESIAN_POINT('',(-15.04142857142,-32.77571428571,10.));
#2965 = VECTOR('',#2966,1.);
#2966 = DIRECTION('',(0.,0.,1.));
#2967 = ORIENTED_EDGE('',*,*,#2968,.T.);
#2968 = EDGE_CURVE('',#2961,#2930,#2969,.T.);
#2969 = LINE('',#2970,#2971);
#2970 = CARTESIAN_POINT('',(-15.04142857142,-32.77571428571,11.));
#2971 = VECTOR('',#2972,1.);
#2972 = DIRECTION('',(-1.,0.,0.));
#2973 = ORIENTED_EDGE('',*,*,#2927,.F.);
#2974 = ORIENTED_EDGE('',*,*,#2975,.F.);
#2975 = EDGE_CURVE('',#2959,#2928,#2976,.T.);
#2976 = LINE('',#2977,#2978);
#2977 = CARTESIAN_POINT('',(-15.04142857142,-32.77571428571,10.));
#2978 = VECTOR('',#2979,1.);
#2979 = DIRECTION('',(-1.,0.,0.));
#2980 = PLANE('',#2981);
#2981 = AXIS2_PLACEMENT_3D('',#2982,#2983,#2984);
#2982 = CARTESIAN_POINT('',(-15.04142857142,-32.77571428571,10.));
#2983 = DIRECTION('',(0.,-1.,0.));
#2984 = DIRECTION('',(-1.,0.,0.));
#2985 = ADVANCED_FACE('',(#2986),#3011,.T.);
#2986 = FACE_BOUND('',#2987,.T.);
#2987 = EDGE_LOOP('',(#2988,#2998,#3004,#3005));
#2988 = ORIENTED_EDGE('',*,*,#2989,.T.);
#2989 = EDGE_CURVE('',#2990,#2992,#2994,.T.);
#2990 = VERTEX_POINT('',#2991);
#2991 = CARTESIAN_POINT('',(-15.04142857142,-35.45,10.));
#2992 = VERTEX_POINT('',#2993);
#2993 = CARTESIAN_POINT('',(-15.04142857142,-35.45,11.));
#2994 = LINE('',#2995,#2996);
#2995 = CARTESIAN_POINT('',(-15.04142857142,-35.45,10.));
#2996 = VECTOR('',#2997,1.);
#2997 = DIRECTION('',(0.,0.,1.));
#2998 = ORIENTED_EDGE('',*,*,#2999,.T.);
#2999 = EDGE_CURVE('',#2992,#2961,#3000,.T.);
#3000 = LINE('',#3001,#3002);
#3001 = CARTESIAN_POINT('',(-15.04142857142,-35.45,11.));
#3002 = VECTOR('',#3003,1.);
#3003 = DIRECTION('',(0.,1.,0.));
#3004 = ORIENTED_EDGE('',*,*,#2958,.F.);
#3005 = ORIENTED_EDGE('',*,*,#3006,.F.);
#3006 = EDGE_CURVE('',#2990,#2959,#3007,.T.);
#3007 = LINE('',#3008,#3009);
#3008 = CARTESIAN_POINT('',(-15.04142857142,-35.45,10.));
#3009 = VECTOR('',#3010,1.);
#3010 = DIRECTION('',(0.,1.,0.));
#3011 = PLANE('',#3012);
#3012 = AXIS2_PLACEMENT_3D('',#3013,#3014,#3015);
#3013 = CARTESIAN_POINT('',(-15.04142857142,-35.45,10.));
#3014 = DIRECTION('',(-1.,0.,0.));
#3015 = DIRECTION('',(0.,1.,0.));
#3016 = ADVANCED_FACE('',(#3017),#3042,.T.);
#3017 = FACE_BOUND('',#3018,.T.);
#3018 = EDGE_LOOP('',(#3019,#3029,#3035,#3036));
#3019 = ORIENTED_EDGE('',*,*,#3020,.T.);
#3020 = EDGE_CURVE('',#3021,#3023,#3025,.T.);
#3021 = VERTEX_POINT('',#3022);
#3022 = CARTESIAN_POINT('',(-13.85616071428,-35.45,10.));
#3023 = VERTEX_POINT('',#3024);
#3024 = CARTESIAN_POINT('',(-13.85616071428,-35.45,11.));
#3025 = LINE('',#3026,#3027);
#3026 = CARTESIAN_POINT('',(-13.85616071428,-35.45,10.));
#3027 = VECTOR('',#3028,1.);
#3028 = DIRECTION('',(0.,0.,1.));
#3029 = ORIENTED_EDGE('',*,*,#3030,.T.);
#3030 = EDGE_CURVE('',#3023,#2992,#3031,.T.);
#3031 = LINE('',#3032,#3033);
#3032 = CARTESIAN_POINT('',(-13.85616071428,-35.45,11.));
#3033 = VECTOR('',#3034,1.);
#3034 = DIRECTION('',(-1.,0.,0.));
#3035 = ORIENTED_EDGE('',*,*,#2989,.F.);
#3036 = ORIENTED_EDGE('',*,*,#3037,.F.);
#3037 = EDGE_CURVE('',#3021,#2990,#3038,.T.);
#3038 = LINE('',#3039,#3040);
#3039 = CARTESIAN_POINT('',(-13.85616071428,-35.45,10.));
#3040 = VECTOR('',#3041,1.);
#3041 = DIRECTION('',(-1.,0.,0.));
#3042 = PLANE('',#3043);
#3043 = AXIS2_PLACEMENT_3D('',#3044,#3045,#3046);
#3044 = CARTESIAN_POINT('',(-13.85616071428,-35.45,10.));
#3045 = DIRECTION('',(0.,-1.,0.));
#3046 = DIRECTION('',(-1.,0.,0.));
#3047 = ADVANCED_FACE('',(#3048),#3073,.T.);
#3048 = FACE_BOUND('',#3049,.T.);
#3049 = EDGE_LOOP('',(#3050,#3060,#3066,#3067));
#3050 = ORIENTED_EDGE('',*,*,#3051,.T.);
#3051 = EDGE_CURVE('',#3052,#3054,#3056,.T.);
#3052 = VERTEX_POINT('',#3053);
#3053 = CARTESIAN_POINT('',(-13.85616071428,-29.45,10.));
#3054 = VERTEX_POINT('',#3055);
#3055 = CARTESIAN_POINT('',(-13.85616071428,-29.45,11.));
#3056 = LINE('',#3057,#3058);
#3057 = CARTESIAN_POINT('',(-13.85616071428,-29.45,10.));
#3058 = VECTOR('',#3059,1.);
#3059 = DIRECTION('',(0.,0.,1.));
#3060 = ORIENTED_EDGE('',*,*,#3061,.T.);
#3061 = EDGE_CURVE('',#3054,#3023,#3062,.T.);
#3062 = LINE('',#3063,#3064);
#3063 = CARTESIAN_POINT('',(-13.85616071428,-29.45,11.));
#3064 = VECTOR('',#3065,1.);
#3065 = DIRECTION('',(0.,-1.,0.));
#3066 = ORIENTED_EDGE('',*,*,#3020,.F.);
#3067 = ORIENTED_EDGE('',*,*,#3068,.F.);
#3068 = EDGE_CURVE('',#3052,#3021,#3069,.T.);
#3069 = LINE('',#3070,#3071);
#3070 = CARTESIAN_POINT('',(-13.85616071428,-29.45,10.));
#3071 = VECTOR('',#3072,1.);
#3072 = DIRECTION('',(0.,-1.,0.));
#3073 = PLANE('',#3074);
#3074 = AXIS2_PLACEMENT_3D('',#3075,#3076,#3077);
#3075 = CARTESIAN_POINT('',(-13.85616071428,-29.45,10.));
#3076 = DIRECTION('',(1.,0.,-0.));
#3077 = DIRECTION('',(0.,-1.,0.));
#3078 = ADVANCED_FACE('',(#3079),#3104,.T.);
#3079 = FACE_BOUND('',#3080,.T.);
#3080 = EDGE_LOOP('',(#3081,#3091,#3097,#3098));
#3081 = ORIENTED_EDGE('',*,*,#3082,.T.);
#3082 = EDGE_CURVE('',#3083,#3085,#3087,.T.);
#3083 = VERTEX_POINT('',#3084);
#3084 = CARTESIAN_POINT('',(-15.04142857142,-29.45,10.));
#3085 = VERTEX_POINT('',#3086);
#3086 = CARTESIAN_POINT('',(-15.04142857142,-29.45,11.));
#3087 = LINE('',#3088,#3089);
#3088 = CARTESIAN_POINT('',(-15.04142857142,-29.45,10.));
#3089 = VECTOR('',#3090,1.);
#3090 = DIRECTION('',(0.,0.,1.));
#3091 = ORIENTED_EDGE('',*,*,#3092,.T.);
#3092 = EDGE_CURVE('',#3085,#3054,#3093,.T.);
#3093 = LINE('',#3094,#3095);
#3094 = CARTESIAN_POINT('',(-15.04142857142,-29.45,11.));
#3095 = VECTOR('',#3096,1.);
#3096 = DIRECTION('',(1.,0.,0.));
#3097 = ORIENTED_EDGE('',*,*,#3051,.F.);
#3098 = ORIENTED_EDGE('',*,*,#3099,.F.);
#3099 = EDGE_CURVE('',#3083,#3052,#3100,.T.);
#3100 = LINE('',#3101,#3102);
#3101 = CARTESIAN_POINT('',(-15.04142857142,-29.45,10.));
#3102 = VECTOR('',#3103,1.);
#3103 = DIRECTION('',(1.,0.,0.));
#3104 = PLANE('',#3105);
#3105 = AXIS2_PLACEMENT_3D('',#3106,#3107,#3108);
#3106 = CARTESIAN_POINT('',(-15.04142857142,-29.45,10.));
#3107 = DIRECTION('',(0.,1.,0.));
#3108 = DIRECTION('',(1.,0.,0.));
#3109 = ADVANCED_FACE('',(#3110),#3135,.T.);
#3110 = FACE_BOUND('',#3111,.T.);
#3111 = EDGE_LOOP('',(#3112,#3122,#3128,#3129));
#3112 = ORIENTED_EDGE('',*,*,#3113,.T.);
#3113 = EDGE_CURVE('',#3114,#3116,#3118,.T.);
#3114 = VERTEX_POINT('',#3115);
#3115 = CARTESIAN_POINT('',(-15.04142857142,-31.73,10.));
#3116 = VERTEX_POINT('',#3117);
#3117 = CARTESIAN_POINT('',(-15.04142857142,-31.73,11.));
#3118 = LINE('',#3119,#3120);
#3119 = CARTESIAN_POINT('',(-15.04142857142,-31.73,10.));
#3120 = VECTOR('',#3121,1.);
#3121 = DIRECTION('',(0.,0.,1.));
#3122 = ORIENTED_EDGE('',*,*,#3123,.T.);
#3123 = EDGE_CURVE('',#3116,#3085,#3124,.T.);
#3124 = LINE('',#3125,#3126);
#3125 = CARTESIAN_POINT('',(-15.04142857142,-31.73,11.));
#3126 = VECTOR('',#3127,1.);
#3127 = DIRECTION('',(0.,1.,0.));
#3128 = ORIENTED_EDGE('',*,*,#3082,.F.);
#3129 = ORIENTED_EDGE('',*,*,#3130,.F.);
#3130 = EDGE_CURVE('',#3114,#3083,#3131,.T.);
#3131 = LINE('',#3132,#3133);
#3132 = CARTESIAN_POINT('',(-15.04142857142,-31.73,10.));
#3133 = VECTOR('',#3134,1.);
#3134 = DIRECTION('',(0.,1.,0.));
#3135 = PLANE('',#3136);
#3136 = AXIS2_PLACEMENT_3D('',#3137,#3138,#3139);
#3137 = CARTESIAN_POINT('',(-15.04142857142,-31.73,10.));
#3138 = DIRECTION('',(-1.,0.,0.));
#3139 = DIRECTION('',(0.,1.,0.));
#3140 = ADVANCED_FACE('',(#3141),#3166,.T.);
#3141 = FACE_BOUND('',#3142,.T.);
#3142 = EDGE_LOOP('',(#3143,#3153,#3159,#3160));
#3143 = ORIENTED_EDGE('',*,*,#3144,.T.);
#3144 = EDGE_CURVE('',#3145,#3147,#3149,.T.);
#3145 = VERTEX_POINT('',#3146);
#3146 = CARTESIAN_POINT('',(-16.52401785714,-31.73,10.));
#3147 = VERTEX_POINT('',#3148);
#3148 = CARTESIAN_POINT('',(-16.52401785714,-31.73,11.));
#3149 = LINE('',#3150,#3151);
#3150 = CARTESIAN_POINT('',(-16.52401785714,-31.73,10.));
#3151 = VECTOR('',#3152,1.);
#3152 = DIRECTION('',(0.,0.,1.));
#3153 = ORIENTED_EDGE('',*,*,#3154,.T.);
#3154 = EDGE_CURVE('',#3147,#3116,#3155,.T.);
#3155 = LINE('',#3156,#3157);
#3156 = CARTESIAN_POINT('',(-16.52401785714,-31.73,11.));
#3157 = VECTOR('',#3158,1.);
#3158 = DIRECTION('',(1.,0.,0.));
#3159 = ORIENTED_EDGE('',*,*,#3113,.F.);
#3160 = ORIENTED_EDGE('',*,*,#3161,.F.);
#3161 = EDGE_CURVE('',#3145,#3114,#3162,.T.);
#3162 = LINE('',#3163,#3164);
#3163 = CARTESIAN_POINT('',(-16.52401785714,-31.73,10.));
#3164 = VECTOR('',#3165,1.);
#3165 = DIRECTION('',(1.,0.,0.));
#3166 = PLANE('',#3167);
#3167 = AXIS2_PLACEMENT_3D('',#3168,#3169,#3170);
#3168 = CARTESIAN_POINT('',(-16.52401785714,-31.73,10.));
#3169 = DIRECTION('',(0.,1.,0.));
#3170 = DIRECTION('',(1.,0.,0.));
#3171 = ADVANCED_FACE('',(#3172),#3188,.T.);
#3172 = FACE_BOUND('',#3173,.T.);
#3173 = EDGE_LOOP('',(#3174,#3175,#3181,#3182));
#3174 = ORIENTED_EDGE('',*,*,#2843,.T.);
#3175 = ORIENTED_EDGE('',*,*,#3176,.T.);
#3176 = EDGE_CURVE('',#2836,#3147,#3177,.T.);
#3177 = LINE('',#3178,#3179);
#3178 = CARTESIAN_POINT('',(-16.52401785714,-29.45,11.));
#3179 = VECTOR('',#3180,1.);
#3180 = DIRECTION('',(0.,-1.,0.));
#3181 = ORIENTED_EDGE('',*,*,#3144,.F.);
#3182 = ORIENTED_EDGE('',*,*,#3183,.F.);
#3183 = EDGE_CURVE('',#2844,#3145,#3184,.T.);
#3184 = LINE('',#3185,#3186);
#3185 = CARTESIAN_POINT('',(-16.52401785714,-29.45,10.));
#3186 = VECTOR('',#3187,1.);
#3187 = DIRECTION('',(0.,-1.,0.));
#3188 = PLANE('',#3189);
#3189 = AXIS2_PLACEMENT_3D('',#3190,#3191,#3192);
#3190 = CARTESIAN_POINT('',(-16.52401785714,-29.45,10.));
#3191 = DIRECTION('',(1.,0.,-0.));
#3192 = DIRECTION('',(0.,-1.,0.));
#3193 = ADVANCED_FACE('',(#3194),#3208,.F.);
#3194 = FACE_BOUND('',#3195,.F.);
#3195 = EDGE_LOOP('',(#3196,#3197,#3198,#3199,#3200,#3201,#3202,#3203,
    #3204,#3205,#3206,#3207));
#3196 = ORIENTED_EDGE('',*,*,#2851,.F.);
#3197 = ORIENTED_EDGE('',*,*,#2882,.F.);
#3198 = ORIENTED_EDGE('',*,*,#2913,.F.);
#3199 = ORIENTED_EDGE('',*,*,#2944,.F.);
#3200 = ORIENTED_EDGE('',*,*,#2975,.F.);
#3201 = ORIENTED_EDGE('',*,*,#3006,.F.);
#3202 = ORIENTED_EDGE('',*,*,#3037,.F.);
#3203 = ORIENTED_EDGE('',*,*,#3068,.F.);
#3204 = ORIENTED_EDGE('',*,*,#3099,.F.);
#3205 = ORIENTED_EDGE('',*,*,#3130,.F.);
#3206 = ORIENTED_EDGE('',*,*,#3161,.F.);
#3207 = ORIENTED_EDGE('',*,*,#3183,.F.);
#3208 = PLANE('',#3209);
#3209 = AXIS2_PLACEMENT_3D('',#3210,#3211,#3212);
#3210 = CARTESIAN_POINT('',(-15.78272321428,-32.44418353503,10.));
#3211 = DIRECTION('',(0.,0.,1.));
#3212 = DIRECTION('',(1.,0.,0.));
#3213 = ADVANCED_FACE('',(#3214),#3228,.T.);
#3214 = FACE_BOUND('',#3215,.T.);
#3215 = EDGE_LOOP('',(#3216,#3217,#3218,#3219,#3220,#3221,#3222,#3223,
    #3224,#3225,#3226,#3227));
#3216 = ORIENTED_EDGE('',*,*,#2835,.F.);
#3217 = ORIENTED_EDGE('',*,*,#2875,.F.);
#3218 = ORIENTED_EDGE('',*,*,#2906,.F.);
#3219 = ORIENTED_EDGE('',*,*,#2937,.F.);
#3220 = ORIENTED_EDGE('',*,*,#2968,.F.);
#3221 = ORIENTED_EDGE('',*,*,#2999,.F.);
#3222 = ORIENTED_EDGE('',*,*,#3030,.F.);
#3223 = ORIENTED_EDGE('',*,*,#3061,.F.);
#3224 = ORIENTED_EDGE('',*,*,#3092,.F.);
#3225 = ORIENTED_EDGE('',*,*,#3123,.F.);
#3226 = ORIENTED_EDGE('',*,*,#3154,.F.);
#3227 = ORIENTED_EDGE('',*,*,#3176,.F.);
#3228 = PLANE('',#3229);
#3229 = AXIS2_PLACEMENT_3D('',#3230,#3231,#3232);
#3230 = CARTESIAN_POINT('',(-15.78272321428,-32.44418353503,11.));
#3231 = DIRECTION('',(0.,0.,1.));
#3232 = DIRECTION('',(1.,0.,0.));
#3233 = MANIFOLD_SOLID_BREP('',#3234);
#3234 = CLOSED_SHELL('',(#3235,#3277,#3310,#3343,#3376,#3409,#3442,#3475
    ,#3499,#3541,#3574,#3607,#3640,#3673,#3706,#3739,#3763,#3789));
#3235 = ADVANCED_FACE('',(#3236),#3270,.T.);
#3236 = FACE_BOUND('',#3237,.T.);
#3237 = EDGE_LOOP('',(#3238,#3248,#3256,#3264));
#3238 = ORIENTED_EDGE('',*,*,#3239,.T.);
#3239 = EDGE_CURVE('',#3240,#3242,#3244,.T.);
#3240 = VERTEX_POINT('',#3241);
#3241 = CARTESIAN_POINT('',(-12.93580357142,-32.46044642857,10.));
#3242 = VERTEX_POINT('',#3243);
#3243 = CARTESIAN_POINT('',(-12.93580357142,-32.46044642857,11.));
#3244 = LINE('',#3245,#3246);
#3245 = CARTESIAN_POINT('',(-12.93580357142,-32.46044642857,10.));
#3246 = VECTOR('',#3247,1.);
#3247 = DIRECTION('',(0.,0.,1.));
#3248 = ORIENTED_EDGE('',*,*,#3249,.T.);
#3249 = EDGE_CURVE('',#3242,#3250,#3252,.T.);
#3250 = VERTEX_POINT('',#3251);
#3251 = CARTESIAN_POINT('',(-12.40357142857,-30.13464285714,11.));
#3252 = B_SPLINE_CURVE_WITH_KNOTS('',2,(#3253,#3254,#3255),
  .UNSPECIFIED.,.F.,.F.,(3,3),(0.,1.),.PIECEWISE_BEZIER_KNOTS.);
#3253 = CARTESIAN_POINT('',(-12.93580357142,-32.46044642857,11.));
#3254 = CARTESIAN_POINT('',(-12.93580357142,-30.921875,11.));
#3255 = CARTESIAN_POINT('',(-12.40357142857,-30.13464285714,11.));
#3256 = ORIENTED_EDGE('',*,*,#3257,.F.);
#3257 = EDGE_CURVE('',#3258,#3250,#3260,.T.);
#3258 = VERTEX_POINT('',#3259);
#3259 = CARTESIAN_POINT('',(-12.40357142857,-30.13464285714,10.));
#3260 = LINE('',#3261,#3262);
#3261 = CARTESIAN_POINT('',(-12.40357142857,-30.13464285714,10.));
#3262 = VECTOR('',#3263,1.);
#3263 = DIRECTION('',(0.,0.,1.));
#3264 = ORIENTED_EDGE('',*,*,#3265,.F.);
#3265 = EDGE_CURVE('',#3240,#3258,#3266,.T.);
#3266 = B_SPLINE_CURVE_WITH_KNOTS('',2,(#3267,#3268,#3269),
  .UNSPECIFIED.,.F.,.F.,(3,3),(0.,1.),.PIECEWISE_BEZIER_KNOTS.);
#3267 = CARTESIAN_POINT('',(-12.93580357142,-32.46044642857,10.));
#3268 = CARTESIAN_POINT('',(-12.93580357142,-30.921875,10.));
#3269 = CARTESIAN_POINT('',(-12.40357142857,-30.13464285714,10.));
#3270 = SURFACE_OF_LINEAR_EXTRUSION('',#3271,#3275);
#3271 = B_SPLINE_CURVE_WITH_KNOTS('',2,(#3272,#3273,#3274),
  .UNSPECIFIED.,.F.,.F.,(3,3),(0.,1.),.PIECEWISE_BEZIER_KNOTS.);
#3272 = CARTESIAN_POINT('',(-12.93580357142,-32.46044642857,10.));
#3273 = CARTESIAN_POINT('',(-12.93580357142,-30.921875,10.));
#3274 = CARTESIAN_POINT('',(-12.40357142857,-30.13464285714,10.));
#3275 = VECTOR('',#3276,1.);
#3276 = DIRECTION('',(-0.,-0.,-1.));
#3277 = ADVANCED_FACE('',(#3278),#3303,.T.);
#3278 = FACE_BOUND('',#3279,.T.);
#3279 = EDGE_LOOP('',(#3280,#3290,#3296,#3297));
#3280 = ORIENTED_EDGE('',*,*,#3281,.T.);
#3281 = EDGE_CURVE('',#3282,#3284,#3286,.T.);
#3282 = VERTEX_POINT('',#3283);
#3283 = CARTESIAN_POINT('',(-12.40357142857,-34.78276785714,10.));
#3284 = VERTEX_POINT('',#3285);
#3285 = CARTESIAN_POINT('',(-12.40357142857,-34.78276785714,11.));
#3286 = LINE('',#3287,#3288);
#3287 = CARTESIAN_POINT('',(-12.40357142857,-34.78276785714,10.));
#3288 = VECTOR('',#3289,1.);
#3289 = DIRECTION('',(0.,0.,1.));
#3290 = ORIENTED_EDGE('',*,*,#3291,.T.);
#3291 = EDGE_CURVE('',#3284,#3242,#3292,.T.);
#3292 = B_SPLINE_CURVE_WITH_KNOTS('',2,(#3293,#3294,#3295),
  .UNSPECIFIED.,.F.,.F.,(3,3),(0.,1.),.PIECEWISE_BEZIER_KNOTS.);
#3293 = CARTESIAN_POINT('',(-12.40357142857,-34.78276785714,11.));
#3294 = CARTESIAN_POINT('',(-12.93580357142,-33.99526785714,11.));
#3295 = CARTESIAN_POINT('',(-12.93580357142,-32.46044642857,11.));
#3296 = ORIENTED_EDGE('',*,*,#3239,.F.);
#3297 = ORIENTED_EDGE('',*,*,#3298,.F.);
#3298 = EDGE_CURVE('',#3282,#3240,#3299,.T.);
#3299 = B_SPLINE_CURVE_WITH_KNOTS('',2,(#3300,#3301,#3302),
  .UNSPECIFIED.,.F.,.F.,(3,3),(0.,1.),.PIECEWISE_BEZIER_KNOTS.);
#3300 = CARTESIAN_POINT('',(-12.40357142857,-34.78276785714,10.));
#3301 = CARTESIAN_POINT('',(-12.93580357142,-33.99526785714,10.));
#3302 = CARTESIAN_POINT('',(-12.93580357142,-32.46044642857,10.));
#3303 = SURFACE_OF_LINEAR_EXTRUSION('',#3304,#3308);
#3304 = B_SPLINE_CURVE_WITH_KNOTS('',2,(#3305,#3306,#3307),
  .UNSPECIFIED.,.F.,.F.,(3,3),(0.,1.),.PIECEWISE_BEZIER_KNOTS.);
#3305 = CARTESIAN_POINT('',(-12.40357142857,-34.78276785714,10.));
#3306 = CARTESIAN_POINT('',(-12.93580357142,-33.99526785714,10.));
#3307 = CARTESIAN_POINT('',(-12.93580357142,-32.46044642857,10.));
#3308 = VECTOR('',#3309,1.);
#3309 = DIRECTION('',(-0.,-0.,-1.));
#3310 = ADVANCED_FACE('',(#3311),#3336,.T.);
#3311 = FACE_BOUND('',#3312,.T.);
#3312 = EDGE_LOOP('',(#3313,#3323,#3329,#3330));
#3313 = ORIENTED_EDGE('',*,*,#3314,.T.);
#3314 = EDGE_CURVE('',#3315,#3317,#3319,.T.);
#3315 = VERTEX_POINT('',#3316);
#3316 = CARTESIAN_POINT('',(-10.83044642857,-35.57,10.));
#3317 = VERTEX_POINT('',#3318);
#3318 = CARTESIAN_POINT('',(-10.83044642857,-35.57,11.));
#3319 = LINE('',#3320,#3321);
#3320 = CARTESIAN_POINT('',(-10.83044642857,-35.57,10.));
#3321 = VECTOR('',#3322,1.);
#3322 = DIRECTION('',(0.,0.,1.));
#3323 = ORIENTED_EDGE('',*,*,#3324,.T.);
#3324 = EDGE_CURVE('',#3317,#3284,#3325,.T.);
#3325 = B_SPLINE_CURVE_WITH_KNOTS('',2,(#3326,#3327,#3328),
  .UNSPECIFIED.,.F.,.F.,(3,3),(0.,1.),.PIECEWISE_BEZIER_KNOTS.);
#3326 = CARTESIAN_POINT('',(-10.83044642857,-35.57,11.));
#3327 = CARTESIAN_POINT('',(-11.87107142857,-35.57,11.));
#3328 = CARTESIAN_POINT('',(-12.40357142857,-34.78276785714,11.));
#3329 = ORIENTED_EDGE('',*,*,#3281,.F.);
#3330 = ORIENTED_EDGE('',*,*,#3331,.F.);
#3331 = EDGE_CURVE('',#3315,#3282,#3332,.T.);
#3332 = B_SPLINE_CURVE_WITH_KNOTS('',2,(#3333,#3334,#3335),
  .UNSPECIFIED.,.F.,.F.,(3,3),(0.,1.),.PIECEWISE_BEZIER_KNOTS.);
#3333 = CARTESIAN_POINT('',(-10.83044642857,-35.57,10.));
#3334 = CARTESIAN_POINT('',(-11.87107142857,-35.57,10.));
#3335 = CARTESIAN_POINT('',(-12.40357142857,-34.78276785714,10.));
#3336 = SURFACE_OF_LINEAR_EXTRUSION('',#3337,#3341);
#3337 = B_SPLINE_CURVE_WITH_KNOTS('',2,(#3338,#3339,#3340),
  .UNSPECIFIED.,.F.,.F.,(3,3),(0.,1.),.PIECEWISE_BEZIER_KNOTS.);
#3338 = CARTESIAN_POINT('',(-10.83044642857,-35.57,10.));
#3339 = CARTESIAN_POINT('',(-11.87107142857,-35.57,10.));
#3340 = CARTESIAN_POINT('',(-12.40357142857,-34.78276785714,10.));
#3341 = VECTOR('',#3342,1.);
#3342 = DIRECTION('',(-0.,-0.,-1.));
#3343 = ADVANCED_FACE('',(#3344),#3369,.T.);
#3344 = FACE_BOUND('',#3345,.T.);
#3345 = EDGE_LOOP('',(#3346,#3356,#3362,#3363));
#3346 = ORIENTED_EDGE('',*,*,#3347,.T.);
#3347 = EDGE_CURVE('',#3348,#3350,#3352,.T.);
#3348 = VERTEX_POINT('',#3349);
#3349 = CARTESIAN_POINT('',(-9.253571428571,-34.78276785714,10.));
#3350 = VERTEX_POINT('',#3351);
#3351 = CARTESIAN_POINT('',(-9.253571428571,-34.78276785714,11.));
#3352 = LINE('',#3353,#3354);
#3353 = CARTESIAN_POINT('',(-9.253571428571,-34.78276785714,10.));
#3354 = VECTOR('',#3355,1.);
#3355 = DIRECTION('',(0.,0.,1.));
#3356 = ORIENTED_EDGE('',*,*,#3357,.T.);
#3357 = EDGE_CURVE('',#3350,#3317,#3358,.T.);
#3358 = B_SPLINE_CURVE_WITH_KNOTS('',2,(#3359,#3360,#3361),
  .UNSPECIFIED.,.F.,.F.,(3,3),(0.,1.),.PIECEWISE_BEZIER_KNOTS.);
#3359 = CARTESIAN_POINT('',(-9.253571428571,-34.78276785714,11.));
#3360 = CARTESIAN_POINT('',(-9.785803571429,-35.57,11.));
#3361 = CARTESIAN_POINT('',(-10.83044642857,-35.57,11.));
#3362 = ORIENTED_EDGE('',*,*,#3314,.F.);
#3363 = ORIENTED_EDGE('',*,*,#3364,.F.);
#3364 = EDGE_CURVE('',#3348,#3315,#3365,.T.);
#3365 = B_SPLINE_CURVE_WITH_KNOTS('',2,(#3366,#3367,#3368),
  .UNSPECIFIED.,.F.,.F.,(3,3),(0.,1.),.PIECEWISE_BEZIER_KNOTS.);
#3366 = CARTESIAN_POINT('',(-9.253571428571,-34.78276785714,10.));
#3367 = CARTESIAN_POINT('',(-9.785803571429,-35.57,10.));
#3368 = CARTESIAN_POINT('',(-10.83044642857,-35.57,10.));
#3369 = SURFACE_OF_LINEAR_EXTRUSION('',#3370,#3374);
#3370 = B_SPLINE_CURVE_WITH_KNOTS('',2,(#3371,#3372,#3373),
  .UNSPECIFIED.,.F.,.F.,(3,3),(0.,1.),.PIECEWISE_BEZIER_KNOTS.);
#3371 = CARTESIAN_POINT('',(-9.253571428571,-34.78276785714,10.));
#3372 = CARTESIAN_POINT('',(-9.785803571429,-35.57,10.));
#3373 = CARTESIAN_POINT('',(-10.83044642857,-35.57,10.));
#3374 = VECTOR('',#3375,1.);
#3375 = DIRECTION('',(-0.,-0.,-1.));
#3376 = ADVANCED_FACE('',(#3377),#3402,.T.);
#3377 = FACE_BOUND('',#3378,.T.);
#3378 = EDGE_LOOP('',(#3379,#3389,#3395,#3396));
#3379 = ORIENTED_EDGE('',*,*,#3380,.T.);
#3380 = EDGE_CURVE('',#3381,#3383,#3385,.T.);
#3381 = VERTEX_POINT('',#3382);
#3382 = CARTESIAN_POINT('',(-8.721071428571,-32.46044642857,10.));
#3383 = VERTEX_POINT('',#3384);
#3384 = CARTESIAN_POINT('',(-8.721071428571,-32.46044642857,11.));
#3385 = LINE('',#3386,#3387);
#3386 = CARTESIAN_POINT('',(-8.721071428571,-32.46044642857,10.));
#3387 = VECTOR('',#3388,1.);
#3388 = DIRECTION('',(0.,0.,1.));
#3389 = ORIENTED_EDGE('',*,*,#3390,.T.);
#3390 = EDGE_CURVE('',#3383,#3350,#3391,.T.);
#3391 = B_SPLINE_CURVE_WITH_KNOTS('',2,(#3392,#3393,#3394),
  .UNSPECIFIED.,.F.,.F.,(3,3),(0.,1.),.PIECEWISE_BEZIER_KNOTS.);
#3392 = CARTESIAN_POINT('',(-8.721071428571,-32.46044642857,11.));
#3393 = CARTESIAN_POINT('',(-8.721071428571,-33.99526785714,11.));
#3394 = CARTESIAN_POINT('',(-9.253571428571,-34.78276785714,11.));
#3395 = ORIENTED_EDGE('',*,*,#3347,.F.);
#3396 = ORIENTED_EDGE('',*,*,#3397,.F.);
#3397 = EDGE_CURVE('',#3381,#3348,#3398,.T.);
#3398 = B_SPLINE_CURVE_WITH_KNOTS('',2,(#3399,#3400,#3401),
  .UNSPECIFIED.,.F.,.F.,(3,3),(0.,1.),.PIECEWISE_BEZIER_KNOTS.);
#3399 = CARTESIAN_POINT('',(-8.721071428571,-32.46044642857,10.));
#3400 = CARTESIAN_POINT('',(-8.721071428571,-33.99526785714,10.));
#3401 = CARTESIAN_POINT('',(-9.253571428571,-34.78276785714,10.));
#3402 = SURFACE_OF_LINEAR_EXTRUSION('',#3403,#3407);
#3403 = B_SPLINE_CURVE_WITH_KNOTS('',2,(#3404,#3405,#3406),
  .UNSPECIFIED.,.F.,.F.,(3,3),(0.,1.),.PIECEWISE_BEZIER_KNOTS.);
#3404 = CARTESIAN_POINT('',(-8.721071428571,-32.46044642857,10.));
#3405 = CARTESIAN_POINT('',(-8.721071428571,-33.99526785714,10.));
#3406 = CARTESIAN_POINT('',(-9.253571428571,-34.78276785714,10.));
#3407 = VECTOR('',#3408,1.);
#3408 = DIRECTION('',(-0.,-0.,-1.));
#3409 = ADVANCED_FACE('',(#3410),#3435,.T.);
#3410 = FACE_BOUND('',#3411,.T.);
#3411 = EDGE_LOOP('',(#3412,#3422,#3428,#3429));
#3412 = ORIENTED_EDGE('',*,*,#3413,.T.);
#3413 = EDGE_CURVE('',#3414,#3416,#3418,.T.);
#3414 = VERTEX_POINT('',#3415);
#3415 = CARTESIAN_POINT('',(-9.253571428571,-30.13464285714,10.));
#3416 = VERTEX_POINT('',#3417);
#3417 = CARTESIAN_POINT('',(-9.253571428571,-30.13464285714,11.));
#3418 = LINE('',#3419,#3420);
#3419 = CARTESIAN_POINT('',(-9.253571428571,-30.13464285714,10.));
#3420 = VECTOR('',#3421,1.);
#3421 = DIRECTION('',(0.,0.,1.));
#3422 = ORIENTED_EDGE('',*,*,#3423,.T.);
#3423 = EDGE_CURVE('',#3416,#3383,#3424,.T.);
#3424 = B_SPLINE_CURVE_WITH_KNOTS('',2,(#3425,#3426,#3427),
  .UNSPECIFIED.,.F.,.F.,(3,3),(0.,1.),.PIECEWISE_BEZIER_KNOTS.);
#3425 = CARTESIAN_POINT('',(-9.253571428571,-30.13464285714,11.));
#3426 = CARTESIAN_POINT('',(-8.721071428571,-30.921875,11.));
#3427 = CARTESIAN_POINT('',(-8.721071428571,-32.46044642857,11.));
#3428 = ORIENTED_EDGE('',*,*,#3380,.F.);
#3429 = ORIENTED_EDGE('',*,*,#3430,.F.);
#3430 = EDGE_CURVE('',#3414,#3381,#3431,.T.);
#3431 = B_SPLINE_CURVE_WITH_KNOTS('',2,(#3432,#3433,#3434),
  .UNSPECIFIED.,.F.,.F.,(3,3),(0.,1.),.PIECEWISE_BEZIER_KNOTS.);
#3432 = CARTESIAN_POINT('',(-9.253571428571,-30.13464285714,10.));
#3433 = CARTESIAN_POINT('',(-8.721071428571,-30.921875,10.));
#3434 = CARTESIAN_POINT('',(-8.721071428571,-32.46044642857,10.));
#3435 = SURFACE_OF_LINEAR_EXTRUSION('',#3436,#3440);
#3436 = B_SPLINE_CURVE_WITH_KNOTS('',2,(#3437,#3438,#3439),
  .UNSPECIFIED.,.F.,.F.,(3,3),(0.,1.),.PIECEWISE_BEZIER_KNOTS.);
#3437 = CARTESIAN_POINT('',(-9.253571428571,-30.13464285714,10.));
#3438 = CARTESIAN_POINT('',(-8.721071428571,-30.921875,10.));
#3439 = CARTESIAN_POINT('',(-8.721071428571,-32.46044642857,10.));
#3440 = VECTOR('',#3441,1.);
#3441 = DIRECTION('',(-0.,-0.,-1.));
#3442 = ADVANCED_FACE('',(#3443),#3468,.T.);
#3443 = FACE_BOUND('',#3444,.T.);
#3444 = EDGE_LOOP('',(#3445,#3455,#3461,#3462));
#3445 = ORIENTED_EDGE('',*,*,#3446,.T.);
#3446 = EDGE_CURVE('',#3447,#3449,#3451,.T.);
#3447 = VERTEX_POINT('',#3448);
#3448 = CARTESIAN_POINT('',(-10.83044642857,-29.34714285714,10.));
#3449 = VERTEX_POINT('',#3450);
#3450 = CARTESIAN_POINT('',(-10.83044642857,-29.34714285714,11.));
#3451 = LINE('',#3452,#3453);
#3452 = CARTESIAN_POINT('',(-10.83044642857,-29.34714285714,10.));
#3453 = VECTOR('',#3454,1.);
#3454 = DIRECTION('',(0.,0.,1.));
#3455 = ORIENTED_EDGE('',*,*,#3456,.T.);
#3456 = EDGE_CURVE('',#3449,#3416,#3457,.T.);
#3457 = B_SPLINE_CURVE_WITH_KNOTS('',2,(#3458,#3459,#3460),
  .UNSPECIFIED.,.F.,.F.,(3,3),(0.,1.),.PIECEWISE_BEZIER_KNOTS.);
#3458 = CARTESIAN_POINT('',(-10.83044642857,-29.34714285714,11.));
#3459 = CARTESIAN_POINT('',(-9.785803571429,-29.34714285714,11.));
#3460 = CARTESIAN_POINT('',(-9.253571428571,-30.13464285714,11.));
#3461 = ORIENTED_EDGE('',*,*,#3413,.F.);
#3462 = ORIENTED_EDGE('',*,*,#3463,.F.);
#3463 = EDGE_CURVE('',#3447,#3414,#3464,.T.);
#3464 = B_SPLINE_CURVE_WITH_KNOTS('',2,(#3465,#3466,#3467),
  .UNSPECIFIED.,.F.,.F.,(3,3),(0.,1.),.PIECEWISE_BEZIER_KNOTS.);
#3465 = CARTESIAN_POINT('',(-10.83044642857,-29.34714285714,10.));
#3466 = CARTESIAN_POINT('',(-9.785803571429,-29.34714285714,10.));
#3467 = CARTESIAN_POINT('',(-9.253571428571,-30.13464285714,10.));
#3468 = SURFACE_OF_LINEAR_EXTRUSION('',#3469,#3473);
#3469 = B_SPLINE_CURVE_WITH_KNOTS('',2,(#3470,#3471,#3472),
  .UNSPECIFIED.,.F.,.F.,(3,3),(0.,1.),.PIECEWISE_BEZIER_KNOTS.);
#3470 = CARTESIAN_POINT('',(-10.83044642857,-29.34714285714,10.));
#3471 = CARTESIAN_POINT('',(-9.785803571429,-29.34714285714,10.));
#3472 = CARTESIAN_POINT('',(-9.253571428571,-30.13464285714,10.));
#3473 = VECTOR('',#3474,1.);
#3474 = DIRECTION('',(-0.,-0.,-1.));
#3475 = ADVANCED_FACE('',(#3476),#3492,.T.);
#3476 = FACE_BOUND('',#3477,.T.);
#3477 = EDGE_LOOP('',(#3478,#3479,#3485,#3486));
#3478 = ORIENTED_EDGE('',*,*,#3257,.T.);
#3479 = ORIENTED_EDGE('',*,*,#3480,.T.);
#3480 = EDGE_CURVE('',#3250,#3449,#3481,.T.);
#3481 = B_SPLINE_CURVE_WITH_KNOTS('',2,(#3482,#3483,#3484),
  .UNSPECIFIED.,.F.,.F.,(3,3),(0.,1.),.PIECEWISE_BEZIER_KNOTS.);
#3482 = CARTESIAN_POINT('',(-12.40357142857,-30.13464285714,11.));
#3483 = CARTESIAN_POINT('',(-11.87107142857,-29.34714285714,11.));
#3484 = CARTESIAN_POINT('',(-10.83044642857,-29.34714285714,11.));
#3485 = ORIENTED_EDGE('',*,*,#3446,.F.);
#3486 = ORIENTED_EDGE('',*,*,#3487,.F.);
#3487 = EDGE_CURVE('',#3258,#3447,#3488,.T.);
#3488 = B_SPLINE_CURVE_WITH_KNOTS('',2,(#3489,#3490,#3491),
  .UNSPECIFIED.,.F.,.F.,(3,3),(0.,1.),.PIECEWISE_BEZIER_KNOTS.);
#3489 = CARTESIAN_POINT('',(-12.40357142857,-30.13464285714,10.));
#3490 = CARTESIAN_POINT('',(-11.87107142857,-29.34714285714,10.));
#3491 = CARTESIAN_POINT('',(-10.83044642857,-29.34714285714,10.));
#3492 = SURFACE_OF_LINEAR_EXTRUSION('',#3493,#3497);
#3493 = B_SPLINE_CURVE_WITH_KNOTS('',2,(#3494,#3495,#3496),
  .UNSPECIFIED.,.F.,.F.,(3,3),(0.,1.),.PIECEWISE_BEZIER_KNOTS.);
#3494 = CARTESIAN_POINT('',(-12.40357142857,-30.13464285714,10.));
#3495 = CARTESIAN_POINT('',(-11.87107142857,-29.34714285714,10.));
#3496 = CARTESIAN_POINT('',(-10.83044642857,-29.34714285714,10.));
#3497 = VECTOR('',#3498,1.);
#3498 = DIRECTION('',(-0.,-0.,-1.));
#3499 = ADVANCED_FACE('',(#3500),#3534,.T.);
#3500 = FACE_BOUND('',#3501,.T.);
#3501 = EDGE_LOOP('',(#3502,#3512,#3520,#3528));
#3502 = ORIENTED_EDGE('',*,*,#3503,.T.);
#3503 = EDGE_CURVE('',#3504,#3506,#3508,.T.);
#3504 = VERTEX_POINT('',#3505);
#3505 = CARTESIAN_POINT('',(-10.83044642857,-30.41,10.));
#3506 = VERTEX_POINT('',#3507);
#3507 = CARTESIAN_POINT('',(-10.83044642857,-30.41,11.));
#3508 = LINE('',#3509,#3510);
#3509 = CARTESIAN_POINT('',(-10.83044642857,-30.41,10.));
#3510 = VECTOR('',#3511,1.);
#3511 = DIRECTION('',(0.,0.,1.));
#3512 = ORIENTED_EDGE('',*,*,#3513,.T.);
#3513 = EDGE_CURVE('',#3506,#3514,#3516,.T.);
#3514 = VERTEX_POINT('',#3515);
#3515 = CARTESIAN_POINT('',(-11.49339285714,-30.89455357142,11.));
#3516 = B_SPLINE_CURVE_WITH_KNOTS('',2,(#3517,#3518,#3519),
  .UNSPECIFIED.,.F.,.F.,(3,3),(0.,1.),.PIECEWISE_BEZIER_KNOTS.);
#3517 = CARTESIAN_POINT('',(-10.83044642857,-30.41,11.));
#3518 = CARTESIAN_POINT('',(-11.28446428571,-30.41,11.));
#3519 = CARTESIAN_POINT('',(-11.49339285714,-30.89455357142,11.));
#3520 = ORIENTED_EDGE('',*,*,#3521,.F.);
#3521 = EDGE_CURVE('',#3522,#3514,#3524,.T.);
#3522 = VERTEX_POINT('',#3523);
#3523 = CARTESIAN_POINT('',(-11.49339285714,-30.89455357142,10.));
#3524 = LINE('',#3525,#3526);
#3525 = CARTESIAN_POINT('',(-11.49339285714,-30.89455357142,10.));
#3526 = VECTOR('',#3527,1.);
#3527 = DIRECTION('',(0.,0.,1.));
#3528 = ORIENTED_EDGE('',*,*,#3529,.F.);
#3529 = EDGE_CURVE('',#3504,#3522,#3530,.T.);
#3530 = B_SPLINE_CURVE_WITH_KNOTS('',2,(#3531,#3532,#3533),
  .UNSPECIFIED.,.F.,.F.,(3,3),(0.,1.),.PIECEWISE_BEZIER_KNOTS.);
#3531 = CARTESIAN_POINT('',(-10.83044642857,-30.41,10.));
#3532 = CARTESIAN_POINT('',(-11.28446428571,-30.41,10.));
#3533 = CARTESIAN_POINT('',(-11.49339285714,-30.89455357142,10.));
#3534 = SURFACE_OF_LINEAR_EXTRUSION('',#3535,#3539);
#3535 = B_SPLINE_CURVE_WITH_KNOTS('',2,(#3536,#3537,#3538),
  .UNSPECIFIED.,.F.,.F.,(3,3),(0.,1.),.PIECEWISE_BEZIER_KNOTS.);
#3536 = CARTESIAN_POINT('',(-10.83044642857,-30.41,10.));
#3537 = CARTESIAN_POINT('',(-11.28446428571,-30.41,10.));
#3538 = CARTESIAN_POINT('',(-11.49339285714,-30.89455357142,10.));
#3539 = VECTOR('',#3540,1.);
#3540 = DIRECTION('',(-0.,-0.,-1.));
#3541 = ADVANCED_FACE('',(#3542),#3567,.T.);
#3542 = FACE_BOUND('',#3543,.T.);
#3543 = EDGE_LOOP('',(#3544,#3554,#3560,#3561));
#3544 = ORIENTED_EDGE('',*,*,#3545,.T.);
#3545 = EDGE_CURVE('',#3546,#3548,#3550,.T.);
#3546 = VERTEX_POINT('',#3547);
#3547 = CARTESIAN_POINT('',(-10.16348214285,-30.89455357142,10.));
#3548 = VERTEX_POINT('',#3549);
#3549 = CARTESIAN_POINT('',(-10.16348214285,-30.89455357142,11.));
#3550 = LINE('',#3551,#3552);
#3551 = CARTESIAN_POINT('',(-10.16348214285,-30.89455357142,10.));
#3552 = VECTOR('',#3553,1.);
#3553 = DIRECTION('',(0.,0.,1.));
#3554 = ORIENTED_EDGE('',*,*,#3555,.T.);
#3555 = EDGE_CURVE('',#3548,#3506,#3556,.T.);
#3556 = B_SPLINE_CURVE_WITH_KNOTS('',2,(#3557,#3558,#3559),
  .UNSPECIFIED.,.F.,.F.,(3,3),(0.,1.),.PIECEWISE_BEZIER_KNOTS.);
#3557 = CARTESIAN_POINT('',(-10.16348214285,-30.89455357142,11.));
#3558 = CARTESIAN_POINT('',(-10.37241071428,-30.41,11.));
#3559 = CARTESIAN_POINT('',(-10.83044642857,-30.41,11.));
#3560 = ORIENTED_EDGE('',*,*,#3503,.F.);
#3561 = ORIENTED_EDGE('',*,*,#3562,.F.);
#3562 = EDGE_CURVE('',#3546,#3504,#3563,.T.);
#3563 = B_SPLINE_CURVE_WITH_KNOTS('',2,(#3564,#3565,#3566),
  .UNSPECIFIED.,.F.,.F.,(3,3),(0.,1.),.PIECEWISE_BEZIER_KNOTS.);
#3564 = CARTESIAN_POINT('',(-10.16348214285,-30.89455357142,10.));
#3565 = CARTESIAN_POINT('',(-10.37241071428,-30.41,10.));
#3566 = CARTESIAN_POINT('',(-10.83044642857,-30.41,10.));
#3567 = SURFACE_OF_LINEAR_EXTRUSION('',#3568,#3572);
#3568 = B_SPLINE_CURVE_WITH_KNOTS('',2,(#3569,#3570,#3571),
  .UNSPECIFIED.,.F.,.F.,(3,3),(0.,1.),.PIECEWISE_BEZIER_KNOTS.);
#3569 = CARTESIAN_POINT('',(-10.16348214285,-30.89455357142,10.));
#3570 = CARTESIAN_POINT('',(-10.37241071428,-30.41,10.));
#3571 = CARTESIAN_POINT('',(-10.83044642857,-30.41,10.));
#3572 = VECTOR('',#3573,1.);
#3573 = DIRECTION('',(-0.,-0.,-1.));
#3574 = ADVANCED_FACE('',(#3575),#3600,.T.);
#3575 = FACE_BOUND('',#3576,.T.);
#3576 = EDGE_LOOP('',(#3577,#3587,#3593,#3594));
#3577 = ORIENTED_EDGE('',*,*,#3578,.T.);
#3578 = EDGE_CURVE('',#3579,#3581,#3583,.T.);
#3579 = VERTEX_POINT('',#3580);
#3580 = CARTESIAN_POINT('',(-9.954553571429,-32.46071428571,10.));
#3581 = VERTEX_POINT('',#3582);
#3582 = CARTESIAN_POINT('',(-9.954553571429,-32.46071428571,11.));
#3583 = LINE('',#3584,#3585);
#3584 = CARTESIAN_POINT('',(-9.954553571429,-32.46071428571,10.));
#3585 = VECTOR('',#3586,1.);
#3586 = DIRECTION('',(0.,0.,1.));
#3587 = ORIENTED_EDGE('',*,*,#3588,.T.);
#3588 = EDGE_CURVE('',#3581,#3548,#3589,.T.);
#3589 = B_SPLINE_CURVE_WITH_KNOTS('',2,(#3590,#3591,#3592),
  .UNSPECIFIED.,.F.,.F.,(3,3),(0.,1.),.PIECEWISE_BEZIER_KNOTS.);
#3590 = CARTESIAN_POINT('',(-9.954553571429,-32.46071428571,11.));
#3591 = CARTESIAN_POINT('',(-9.954553571429,-31.37910714285,11.));
#3592 = CARTESIAN_POINT('',(-10.16348214285,-30.89455357142,11.));
#3593 = ORIENTED_EDGE('',*,*,#3545,.F.);
#3594 = ORIENTED_EDGE('',*,*,#3595,.F.);
#3595 = EDGE_CURVE('',#3579,#3546,#3596,.T.);
#3596 = B_SPLINE_CURVE_WITH_KNOTS('',2,(#3597,#3598,#3599),
  .UNSPECIFIED.,.F.,.F.,(3,3),(0.,1.),.PIECEWISE_BEZIER_KNOTS.);
#3597 = CARTESIAN_POINT('',(-9.954553571429,-32.46071428571,10.));
#3598 = CARTESIAN_POINT('',(-9.954553571429,-31.37910714285,10.));
#3599 = CARTESIAN_POINT('',(-10.16348214285,-30.89455357142,10.));
#3600 = SURFACE_OF_LINEAR_EXTRUSION('',#3601,#3605);
#3601 = B_SPLINE_CURVE_WITH_KNOTS('',2,(#3602,#3603,#3604),
  .UNSPECIFIED.,.F.,.F.,(3,3),(0.,1.),.PIECEWISE_BEZIER_KNOTS.);
#3602 = CARTESIAN_POINT('',(-9.954553571429,-32.46071428571,10.));
#3603 = CARTESIAN_POINT('',(-9.954553571429,-31.37910714285,10.));
#3604 = CARTESIAN_POINT('',(-10.16348214285,-30.89455357142,10.));
#3605 = VECTOR('',#3606,1.);
#3606 = DIRECTION('',(-0.,-0.,-1.));
#3607 = ADVANCED_FACE('',(#3608),#3633,.T.);
#3608 = FACE_BOUND('',#3609,.T.);
#3609 = EDGE_LOOP('',(#3610,#3620,#3626,#3627));
#3610 = ORIENTED_EDGE('',*,*,#3611,.T.);
#3611 = EDGE_CURVE('',#3612,#3614,#3616,.T.);
#3612 = VERTEX_POINT('',#3613);
#3613 = CARTESIAN_POINT('',(-10.16348214285,-34.02258928571,10.));
#3614 = VERTEX_POINT('',#3615);
#3615 = CARTESIAN_POINT('',(-10.16348214285,-34.02258928571,11.));
#3616 = LINE('',#3617,#3618);
#3617 = CARTESIAN_POINT('',(-10.16348214285,-34.02258928571,10.));
#3618 = VECTOR('',#3619,1.);
#3619 = DIRECTION('',(0.,0.,1.));
#3620 = ORIENTED_EDGE('',*,*,#3621,.T.);
#3621 = EDGE_CURVE('',#3614,#3581,#3622,.T.);
#3622 = B_SPLINE_CURVE_WITH_KNOTS('',2,(#3623,#3624,#3625),
  .UNSPECIFIED.,.F.,.F.,(3,3),(0.,1.),.PIECEWISE_BEZIER_KNOTS.);
#3623 = CARTESIAN_POINT('',(-10.16348214285,-34.02258928571,11.));
#3624 = CARTESIAN_POINT('',(-9.954553571429,-33.53803571428,11.));
#3625 = CARTESIAN_POINT('',(-9.954553571429,-32.46071428571,11.));
#3626 = ORIENTED_EDGE('',*,*,#3578,.F.);
#3627 = ORIENTED_EDGE('',*,*,#3628,.F.);
#3628 = EDGE_CURVE('',#3612,#3579,#3629,.T.);
#3629 = B_SPLINE_CURVE_WITH_KNOTS('',2,(#3630,#3631,#3632),
  .UNSPECIFIED.,.F.,.F.,(3,3),(0.,1.),.PIECEWISE_BEZIER_KNOTS.);
#3630 = CARTESIAN_POINT('',(-10.16348214285,-34.02258928571,10.));
#3631 = CARTESIAN_POINT('',(-9.954553571429,-33.53803571428,10.));
#3632 = CARTESIAN_POINT('',(-9.954553571429,-32.46071428571,10.));
#3633 = SURFACE_OF_LINEAR_EXTRUSION('',#3634,#3638);
#3634 = B_SPLINE_CURVE_WITH_KNOTS('',2,(#3635,#3636,#3637),
  .UNSPECIFIED.,.F.,.F.,(3,3),(0.,1.),.PIECEWISE_BEZIER_KNOTS.);
#3635 = CARTESIAN_POINT('',(-10.16348214285,-34.02258928571,10.));
#3636 = CARTESIAN_POINT('',(-9.954553571429,-33.53803571428,10.));
#3637 = CARTESIAN_POINT('',(-9.954553571429,-32.46071428571,10.));
#3638 = VECTOR('',#3639,1.);
#3639 = DIRECTION('',(-0.,-0.,-1.));
#3640 = ADVANCED_FACE('',(#3641),#3666,.T.);
#3641 = FACE_BOUND('',#3642,.T.);
#3642 = EDGE_LOOP('',(#3643,#3653,#3659,#3660));
#3643 = ORIENTED_EDGE('',*,*,#3644,.T.);
#3644 = EDGE_CURVE('',#3645,#3647,#3649,.T.);
#3645 = VERTEX_POINT('',#3646);
#3646 = CARTESIAN_POINT('',(-10.83044642857,-34.50714285714,10.));
#3647 = VERTEX_POINT('',#3648);
#3648 = CARTESIAN_POINT('',(-10.83044642857,-34.50714285714,11.));
#3649 = LINE('',#3650,#3651);
#3650 = CARTESIAN_POINT('',(-10.83044642857,-34.50714285714,10.));
#3651 = VECTOR('',#3652,1.);
#3652 = DIRECTION('',(0.,0.,1.));
#3653 = ORIENTED_EDGE('',*,*,#3654,.T.);
#3654 = EDGE_CURVE('',#3647,#3614,#3655,.T.);
#3655 = B_SPLINE_CURVE_WITH_KNOTS('',2,(#3656,#3657,#3658),
  .UNSPECIFIED.,.F.,.F.,(3,3),(0.,1.),.PIECEWISE_BEZIER_KNOTS.);
#3656 = CARTESIAN_POINT('',(-10.83044642857,-34.50714285714,11.));
#3657 = CARTESIAN_POINT('',(-10.37241071428,-34.50714285714,11.));
#3658 = CARTESIAN_POINT('',(-10.16348214285,-34.02258928571,11.));
#3659 = ORIENTED_EDGE('',*,*,#3611,.F.);
#3660 = ORIENTED_EDGE('',*,*,#3661,.F.);
#3661 = EDGE_CURVE('',#3645,#3612,#3662,.T.);
#3662 = B_SPLINE_CURVE_WITH_KNOTS('',2,(#3663,#3664,#3665),
  .UNSPECIFIED.,.F.,.F.,(3,3),(0.,1.),.PIECEWISE_BEZIER_KNOTS.);
#3663 = CARTESIAN_POINT('',(-10.83044642857,-34.50714285714,10.));
#3664 = CARTESIAN_POINT('',(-10.37241071428,-34.50714285714,10.));
#3665 = CARTESIAN_POINT('',(-10.16348214285,-34.02258928571,10.));
#3666 = SURFACE_OF_LINEAR_EXTRUSION('',#3667,#3671);
#3667 = B_SPLINE_CURVE_WITH_KNOTS('',2,(#3668,#3669,#3670),
  .UNSPECIFIED.,.F.,.F.,(3,3),(0.,1.),.PIECEWISE_BEZIER_KNOTS.);
#3668 = CARTESIAN_POINT('',(-10.83044642857,-34.50714285714,10.));
#3669 = CARTESIAN_POINT('',(-10.37241071428,-34.50714285714,10.));
#3670 = CARTESIAN_POINT('',(-10.16348214285,-34.02258928571,10.));
#3671 = VECTOR('',#3672,1.);
#3672 = DIRECTION('',(-0.,-0.,-1.));
#3673 = ADVANCED_FACE('',(#3674),#3699,.T.);
#3674 = FACE_BOUND('',#3675,.T.);
#3675 = EDGE_LOOP('',(#3676,#3686,#3692,#3693));
#3676 = ORIENTED_EDGE('',*,*,#3677,.T.);
#3677 = EDGE_CURVE('',#3678,#3680,#3682,.T.);
#3678 = VERTEX_POINT('',#3679);
#3679 = CARTESIAN_POINT('',(-11.49339285714,-34.02258928571,10.));
#3680 = VERTEX_POINT('',#3681);
#3681 = CARTESIAN_POINT('',(-11.49339285714,-34.02258928571,11.));
#3682 = LINE('',#3683,#3684);
#3683 = CARTESIAN_POINT('',(-11.49339285714,-34.02258928571,10.));
#3684 = VECTOR('',#3685,1.);
#3685 = DIRECTION('',(0.,0.,1.));
#3686 = ORIENTED_EDGE('',*,*,#3687,.T.);
#3687 = EDGE_CURVE('',#3680,#3647,#3688,.T.);
#3688 = B_SPLINE_CURVE_WITH_KNOTS('',2,(#3689,#3690,#3691),
  .UNSPECIFIED.,.F.,.F.,(3,3),(0.,1.),.PIECEWISE_BEZIER_KNOTS.);
#3689 = CARTESIAN_POINT('',(-11.49339285714,-34.02258928571,11.));
#3690 = CARTESIAN_POINT('',(-11.28446428571,-34.50714285714,11.));
#3691 = CARTESIAN_POINT('',(-10.83044642857,-34.50714285714,11.));
#3692 = ORIENTED_EDGE('',*,*,#3644,.F.);
#3693 = ORIENTED_EDGE('',*,*,#3694,.F.);
#3694 = EDGE_CURVE('',#3678,#3645,#3695,.T.);
#3695 = B_SPLINE_CURVE_WITH_KNOTS('',2,(#3696,#3697,#3698),
  .UNSPECIFIED.,.F.,.F.,(3,3),(0.,1.),.PIECEWISE_BEZIER_KNOTS.);
#3696 = CARTESIAN_POINT('',(-11.49339285714,-34.02258928571,10.));
#3697 = CARTESIAN_POINT('',(-11.28446428571,-34.50714285714,10.));
#3698 = CARTESIAN_POINT('',(-10.83044642857,-34.50714285714,10.));
#3699 = SURFACE_OF_LINEAR_EXTRUSION('',#3700,#3704);
#3700 = B_SPLINE_CURVE_WITH_KNOTS('',2,(#3701,#3702,#3703),
  .UNSPECIFIED.,.F.,.F.,(3,3),(0.,1.),.PIECEWISE_BEZIER_KNOTS.);
#3701 = CARTESIAN_POINT('',(-11.49339285714,-34.02258928571,10.));
#3702 = CARTESIAN_POINT('',(-11.28446428571,-34.50714285714,10.));
#3703 = CARTESIAN_POINT('',(-10.83044642857,-34.50714285714,10.));
#3704 = VECTOR('',#3705,1.);
#3705 = DIRECTION('',(-0.,-0.,-1.));
#3706 = ADVANCED_FACE('',(#3707),#3732,.T.);
#3707 = FACE_BOUND('',#3708,.T.);
#3708 = EDGE_LOOP('',(#3709,#3719,#3725,#3726));
#3709 = ORIENTED_EDGE('',*,*,#3710,.T.);
#3710 = EDGE_CURVE('',#3711,#3713,#3715,.T.);
#3711 = VERTEX_POINT('',#3712);
#3712 = CARTESIAN_POINT('',(-11.70232142857,-32.46071428571,10.));
#3713 = VERTEX_POINT('',#3714);
#3714 = CARTESIAN_POINT('',(-11.70232142857,-32.46071428571,11.));
#3715 = LINE('',#3716,#3717);
#3716 = CARTESIAN_POINT('',(-11.70232142857,-32.46071428571,10.));
#3717 = VECTOR('',#3718,1.);
#3718 = DIRECTION('',(0.,0.,1.));
#3719 = ORIENTED_EDGE('',*,*,#3720,.T.);
#3720 = EDGE_CURVE('',#3713,#3680,#3721,.T.);
#3721 = B_SPLINE_CURVE_WITH_KNOTS('',2,(#3722,#3723,#3724),
  .UNSPECIFIED.,.F.,.F.,(3,3),(0.,1.),.PIECEWISE_BEZIER_KNOTS.);
#3722 = CARTESIAN_POINT('',(-11.70232142857,-32.46071428571,11.));
#3723 = CARTESIAN_POINT('',(-11.70232142857,-33.53803571428,11.));
#3724 = CARTESIAN_POINT('',(-11.49339285714,-34.02258928571,11.));
#3725 = ORIENTED_EDGE('',*,*,#3677,.F.);
#3726 = ORIENTED_EDGE('',*,*,#3727,.F.);
#3727 = EDGE_CURVE('',#3711,#3678,#3728,.T.);
#3728 = B_SPLINE_CURVE_WITH_KNOTS('',2,(#3729,#3730,#3731),
  .UNSPECIFIED.,.F.,.F.,(3,3),(0.,1.),.PIECEWISE_BEZIER_KNOTS.);
#3729 = CARTESIAN_POINT('',(-11.70232142857,-32.46071428571,10.));
#3730 = CARTESIAN_POINT('',(-11.70232142857,-33.53803571428,10.));
#3731 = CARTESIAN_POINT('',(-11.49339285714,-34.02258928571,10.));
#3732 = SURFACE_OF_LINEAR_EXTRUSION('',#3733,#3737);
#3733 = B_SPLINE_CURVE_WITH_KNOTS('',2,(#3734,#3735,#3736),
  .UNSPECIFIED.,.F.,.F.,(3,3),(0.,1.),.PIECEWISE_BEZIER_KNOTS.);
#3734 = CARTESIAN_POINT('',(-11.70232142857,-32.46071428571,10.));
#3735 = CARTESIAN_POINT('',(-11.70232142857,-33.53803571428,10.));
#3736 = CARTESIAN_POINT('',(-11.49339285714,-34.02258928571,10.));
#3737 = VECTOR('',#3738,1.);
#3738 = DIRECTION('',(-0.,-0.,-1.));
#3739 = ADVANCED_FACE('',(#3740),#3756,.T.);
#3740 = FACE_BOUND('',#3741,.T.);
#3741 = EDGE_LOOP('',(#3742,#3743,#3749,#3750));
#3742 = ORIENTED_EDGE('',*,*,#3521,.T.);
#3743 = ORIENTED_EDGE('',*,*,#3744,.T.);
#3744 = EDGE_CURVE('',#3514,#3713,#3745,.T.);
#3745 = B_SPLINE_CURVE_WITH_KNOTS('',2,(#3746,#3747,#3748),
  .UNSPECIFIED.,.F.,.F.,(3,3),(0.,1.),.PIECEWISE_BEZIER_KNOTS.);
#3746 = CARTESIAN_POINT('',(-11.49339285714,-30.89455357142,11.));
#3747 = CARTESIAN_POINT('',(-11.70232142857,-31.37910714285,11.));
#3748 = CARTESIAN_POINT('',(-11.70232142857,-32.46071428571,11.));
#3749 = ORIENTED_EDGE('',*,*,#3710,.F.);
#3750 = ORIENTED_EDGE('',*,*,#3751,.F.);
#3751 = EDGE_CURVE('',#3522,#3711,#3752,.T.);
#3752 = B_SPLINE_CURVE_WITH_KNOTS('',2,(#3753,#3754,#3755),
  .UNSPECIFIED.,.F.,.F.,(3,3),(0.,1.),.PIECEWISE_BEZIER_KNOTS.);
#3753 = CARTESIAN_POINT('',(-11.49339285714,-30.89455357142,10.));
#3754 = CARTESIAN_POINT('',(-11.70232142857,-31.37910714285,10.));
#3755 = CARTESIAN_POINT('',(-11.70232142857,-32.46071428571,10.));
#3756 = SURFACE_OF_LINEAR_EXTRUSION('',#3757,#3761);
#3757 = B_SPLINE_CURVE_WITH_KNOTS('',2,(#3758,#3759,#3760),
  .UNSPECIFIED.,.F.,.F.,(3,3),(0.,1.),.PIECEWISE_BEZIER_KNOTS.);
#3758 = CARTESIAN_POINT('',(-11.49339285714,-30.89455357142,10.));
#3759 = CARTESIAN_POINT('',(-11.70232142857,-31.37910714285,10.));
#3760 = CARTESIAN_POINT('',(-11.70232142857,-32.46071428571,10.));
#3761 = VECTOR('',#3762,1.);
#3762 = DIRECTION('',(-0.,-0.,-1.));
#3763 = ADVANCED_FACE('',(#3764,#3774),#3784,.F.);
#3764 = FACE_BOUND('',#3765,.F.);
#3765 = EDGE_LOOP('',(#3766,#3767,#3768,#3769,#3770,#3771,#3772,#3773));
#3766 = ORIENTED_EDGE('',*,*,#3265,.F.);
#3767 = ORIENTED_EDGE('',*,*,#3298,.F.);
#3768 = ORIENTED_EDGE('',*,*,#3331,.F.);
#3769 = ORIENTED_EDGE('',*,*,#3364,.F.);
#3770 = ORIENTED_EDGE('',*,*,#3397,.F.);
#3771 = ORIENTED_EDGE('',*,*,#3430,.F.);
#3772 = ORIENTED_EDGE('',*,*,#3463,.F.);
#3773 = ORIENTED_EDGE('',*,*,#3487,.F.);
#3774 = FACE_BOUND('',#3775,.F.);
#3775 = EDGE_LOOP('',(#3776,#3777,#3778,#3779,#3780,#3781,#3782,#3783));
#3776 = ORIENTED_EDGE('',*,*,#3529,.F.);
#3777 = ORIENTED_EDGE('',*,*,#3562,.F.);
#3778 = ORIENTED_EDGE('',*,*,#3595,.F.);
#3779 = ORIENTED_EDGE('',*,*,#3628,.F.);
#3780 = ORIENTED_EDGE('',*,*,#3661,.F.);
#3781 = ORIENTED_EDGE('',*,*,#3694,.F.);
#3782 = ORIENTED_EDGE('',*,*,#3727,.F.);
#3783 = ORIENTED_EDGE('',*,*,#3751,.F.);
#3784 = PLANE('',#3785);
#3785 = AXIS2_PLACEMENT_3D('',#3786,#3787,#3788);
#3786 = CARTESIAN_POINT('',(-10.82853944419,-32.45861931889,10.));
#3787 = DIRECTION('',(0.,0.,1.));
#3788 = DIRECTION('',(1.,0.,0.));
#3789 = ADVANCED_FACE('',(#3790,#3800),#3810,.T.);
#3790 = FACE_BOUND('',#3791,.T.);
#3791 = EDGE_LOOP('',(#3792,#3793,#3794,#3795,#3796,#3797,#3798,#3799));
#3792 = ORIENTED_EDGE('',*,*,#3249,.F.);
#3793 = ORIENTED_EDGE('',*,*,#3291,.F.);
#3794 = ORIENTED_EDGE('',*,*,#3324,.F.);
#3795 = ORIENTED_EDGE('',*,*,#3357,.F.);
#3796 = ORIENTED_EDGE('',*,*,#3390,.F.);
#3797 = ORIENTED_EDGE('',*,*,#3423,.F.);
#3798 = ORIENTED_EDGE('',*,*,#3456,.F.);
#3799 = ORIENTED_EDGE('',*,*,#3480,.F.);
#3800 = FACE_BOUND('',#3801,.T.);
#3801 = EDGE_LOOP('',(#3802,#3803,#3804,#3805,#3806,#3807,#3808,#3809));
#3802 = ORIENTED_EDGE('',*,*,#3513,.F.);
#3803 = ORIENTED_EDGE('',*,*,#3555,.F.);
#3804 = ORIENTED_EDGE('',*,*,#3588,.F.);
#3805 = ORIENTED_EDGE('',*,*,#3621,.F.);
#3806 = ORIENTED_EDGE('',*,*,#3654,.F.);
#3807 = ORIENTED_EDGE('',*,*,#3687,.F.);
#3808 = ORIENTED_EDGE('',*,*,#3720,.F.);
#3809 = ORIENTED_EDGE('',*,*,#3744,.F.);
#3810 = PLANE('',#3811);
#3811 = AXIS2_PLACEMENT_3D('',#3812,#3813,#3814);
#3812 = CARTESIAN_POINT('',(-10.82853944419,-32.45861931889,11.));
#3813 = DIRECTION('',(0.,0.,1.));
#3814 = DIRECTION('',(1.,0.,0.));
#3815 = MANIFOLD_SOLID_BREP('',#3816);
#3816 = CLOSED_SHELL('',(#3817,#3859,#3892,#3925,#3958,#3991,#4022,#4053
    ,#4084,#4115,#4146,#4179,#4212,#4243,#4274,#4305,#4329,#4369,#4400,
    #4433,#4466,#4499,#4532,#4554,#4587));
#3817 = ADVANCED_FACE('',(#3818),#3852,.T.);
#3818 = FACE_BOUND('',#3819,.T.);
#3819 = EDGE_LOOP('',(#3820,#3830,#3838,#3846));
#3820 = ORIENTED_EDGE('',*,*,#3821,.T.);
#3821 = EDGE_CURVE('',#3822,#3824,#3826,.T.);
#3822 = VERTEX_POINT('',#3823);
#3823 = CARTESIAN_POINT('',(-5.10875,-32.62330357142,10.));
#3824 = VERTEX_POINT('',#3825);
#3825 = CARTESIAN_POINT('',(-5.10875,-32.62330357142,11.));
#3826 = LINE('',#3827,#3828);
#3827 = CARTESIAN_POINT('',(-5.10875,-32.62330357142,10.));
#3828 = VECTOR('',#3829,1.);
#3829 = DIRECTION('',(0.,0.,1.));
#3830 = ORIENTED_EDGE('',*,*,#3831,.T.);
#3831 = EDGE_CURVE('',#3824,#3832,#3834,.T.);
#3832 = VERTEX_POINT('',#3833);
#3833 = CARTESIAN_POINT('',(-4.801517857143,-32.78964285714,11.));
#3834 = B_SPLINE_CURVE_WITH_KNOTS('',2,(#3835,#3836,#3837),
  .UNSPECIFIED.,.F.,.F.,(3,3),(0.,1.),.PIECEWISE_BEZIER_KNOTS.);
#3835 = CARTESIAN_POINT('',(-5.10875,-32.62330357142,11.));
#3836 = CARTESIAN_POINT('',(-4.931964285714,-32.65946428571,11.));
#3837 = CARTESIAN_POINT('',(-4.801517857143,-32.78964285714,11.));
#3838 = ORIENTED_EDGE('',*,*,#3839,.F.);
#3839 = EDGE_CURVE('',#3840,#3832,#3842,.T.);
#3840 = VERTEX_POINT('',#3841);
#3841 = CARTESIAN_POINT('',(-4.801517857143,-32.78964285714,10.));
#3842 = LINE('',#3843,#3844);
#3843 = CARTESIAN_POINT('',(-4.801517857143,-32.78964285714,10.));
#3844 = VECTOR('',#3845,1.);
#3845 = DIRECTION('',(0.,0.,1.));
#3846 = ORIENTED_EDGE('',*,*,#3847,.F.);
#3847 = EDGE_CURVE('',#3822,#3840,#3848,.T.);
#3848 = B_SPLINE_CURVE_WITH_KNOTS('',2,(#3849,#3850,#3851),
  .UNSPECIFIED.,.F.,.F.,(3,3),(0.,1.),.PIECEWISE_BEZIER_KNOTS.);
#3849 = CARTESIAN_POINT('',(-5.10875,-32.62330357142,10.));
#3850 = CARTESIAN_POINT('',(-4.931964285714,-32.65946428571,10.));
#3851 = CARTESIAN_POINT('',(-4.801517857143,-32.78964285714,10.));
#3852 = SURFACE_OF_LINEAR_EXTRUSION('',#3853,#3857);
#3853 = B_SPLINE_CURVE_WITH_KNOTS('',2,(#3854,#3855,#3856),
  .UNSPECIFIED.,.F.,.F.,(3,3),(0.,1.),.PIECEWISE_BEZIER_KNOTS.);
#3854 = CARTESIAN_POINT('',(-5.10875,-32.62330357142,10.));
#3855 = CARTESIAN_POINT('',(-4.931964285714,-32.65946428571,10.));
#3856 = CARTESIAN_POINT('',(-4.801517857143,-32.78964285714,10.));
#3857 = VECTOR('',#3858,1.);
#3858 = DIRECTION('',(-0.,-0.,-1.));
#3859 = ADVANCED_FACE('',(#3860),#3885,.T.);
#3860 = FACE_BOUND('',#3861,.T.);
#3861 = EDGE_LOOP('',(#3862,#3872,#3878,#3879));
#3862 = ORIENTED_EDGE('',*,*,#3863,.T.);
#3863 = EDGE_CURVE('',#3864,#3866,#3868,.T.);
#3864 = VERTEX_POINT('',#3865);
#3865 = CARTESIAN_POINT('',(-4.240892857143,-32.18428571428,10.));
#3866 = VERTEX_POINT('',#3867);
#3867 = CARTESIAN_POINT('',(-4.240892857143,-32.18428571428,11.));
#3868 = LINE('',#3869,#3870);
#3869 = CARTESIAN_POINT('',(-4.240892857143,-32.18428571428,10.));
#3870 = VECTOR('',#3871,1.);
#3871 = DIRECTION('',(0.,0.,1.));
#3872 = ORIENTED_EDGE('',*,*,#3873,.T.);
#3873 = EDGE_CURVE('',#3866,#3824,#3874,.T.);
#3874 = B_SPLINE_CURVE_WITH_KNOTS('',2,(#3875,#3876,#3877),
  .UNSPECIFIED.,.F.,.F.,(3,3),(0.,1.),.PIECEWISE_BEZIER_KNOTS.);
#3875 = CARTESIAN_POINT('',(-4.240892857143,-32.18428571428,11.));
#3876 = CARTESIAN_POINT('',(-4.542232142857,-32.55071428571,11.));
#3877 = CARTESIAN_POINT('',(-5.10875,-32.62330357142,11.));
#3878 = ORIENTED_EDGE('',*,*,#3821,.F.);
#3879 = ORIENTED_EDGE('',*,*,#3880,.F.);
#3880 = EDGE_CURVE('',#3864,#3822,#3881,.T.);
#3881 = B_SPLINE_CURVE_WITH_KNOTS('',2,(#3882,#3883,#3884),
  .UNSPECIFIED.,.F.,.F.,(3,3),(0.,1.),.PIECEWISE_BEZIER_KNOTS.);
#3882 = CARTESIAN_POINT('',(-4.240892857143,-32.18428571428,10.));
#3883 = CARTESIAN_POINT('',(-4.542232142857,-32.55071428571,10.));
#3884 = CARTESIAN_POINT('',(-5.10875,-32.62330357142,10.));
#3885 = SURFACE_OF_LINEAR_EXTRUSION('',#3886,#3890);
#3886 = B_SPLINE_CURVE_WITH_KNOTS('',2,(#3887,#3888,#3889),
  .UNSPECIFIED.,.F.,.F.,(3,3),(0.,1.),.PIECEWISE_BEZIER_KNOTS.);
#3887 = CARTESIAN_POINT('',(-4.240892857143,-32.18428571428,10.));
#3888 = CARTESIAN_POINT('',(-4.542232142857,-32.55071428571,10.));
#3889 = CARTESIAN_POINT('',(-5.10875,-32.62330357142,10.));
#3890 = VECTOR('',#3891,1.);
#3891 = DIRECTION('',(-0.,-0.,-1.));
#3892 = ADVANCED_FACE('',(#3893),#3918,.T.);
#3893 = FACE_BOUND('',#3894,.T.);
#3894 = EDGE_LOOP('',(#3895,#3905,#3911,#3912));
#3895 = ORIENTED_EDGE('',*,*,#3896,.T.);
#3896 = EDGE_CURVE('',#3897,#3899,#3901,.T.);
#3897 = VERTEX_POINT('',#3898);
#3898 = CARTESIAN_POINT('',(-3.939553571429,-31.19776785714,10.));
#3899 = VERTEX_POINT('',#3900);
#3900 = CARTESIAN_POINT('',(-3.939553571429,-31.19776785714,11.));
#3901 = LINE('',#3902,#3903);
#3902 = CARTESIAN_POINT('',(-3.939553571429,-31.19776785714,10.));
#3903 = VECTOR('',#3904,1.);
#3904 = DIRECTION('',(0.,0.,1.));
#3905 = ORIENTED_EDGE('',*,*,#3906,.T.);
#3906 = EDGE_CURVE('',#3899,#3866,#3907,.T.);
#3907 = B_SPLINE_CURVE_WITH_KNOTS('',2,(#3908,#3909,#3910),
  .UNSPECIFIED.,.F.,.F.,(3,3),(0.,1.),.PIECEWISE_BEZIER_KNOTS.);
#3908 = CARTESIAN_POINT('',(-3.939553571429,-31.19776785714,11.));
#3909 = CARTESIAN_POINT('',(-3.939553571429,-31.81785714285,11.));
#3910 = CARTESIAN_POINT('',(-4.240892857143,-32.18428571428,11.));
#3911 = ORIENTED_EDGE('',*,*,#3863,.F.);
#3912 = ORIENTED_EDGE('',*,*,#3913,.F.);
#3913 = EDGE_CURVE('',#3897,#3864,#3914,.T.);
#3914 = B_SPLINE_CURVE_WITH_KNOTS('',2,(#3915,#3916,#3917),
  .UNSPECIFIED.,.F.,.F.,(3,3),(0.,1.),.PIECEWISE_BEZIER_KNOTS.);
#3915 = CARTESIAN_POINT('',(-3.939553571429,-31.19776785714,10.));
#3916 = CARTESIAN_POINT('',(-3.939553571429,-31.81785714285,10.));
#3917 = CARTESIAN_POINT('',(-4.240892857143,-32.18428571428,10.));
#3918 = SURFACE_OF_LINEAR_EXTRUSION('',#3919,#3923);
#3919 = B_SPLINE_CURVE_WITH_KNOTS('',2,(#3920,#3921,#3922),
  .UNSPECIFIED.,.F.,.F.,(3,3),(0.,1.),.PIECEWISE_BEZIER_KNOTS.);
#3920 = CARTESIAN_POINT('',(-3.939553571429,-31.19776785714,10.));
#3921 = CARTESIAN_POINT('',(-3.939553571429,-31.81785714285,10.));
#3922 = CARTESIAN_POINT('',(-4.240892857143,-32.18428571428,10.));
#3923 = VECTOR('',#3924,1.);
#3924 = DIRECTION('',(-0.,-0.,-1.));
#3925 = ADVANCED_FACE('',(#3926),#3951,.T.);
#3926 = FACE_BOUND('',#3927,.T.);
#3927 = EDGE_LOOP('',(#3928,#3938,#3944,#3945));
#3928 = ORIENTED_EDGE('',*,*,#3929,.T.);
#3929 = EDGE_CURVE('',#3930,#3932,#3934,.T.);
#3930 = VERTEX_POINT('',#3931);
#3931 = CARTESIAN_POINT('',(-4.443928571429,-29.86089285714,10.));
#3932 = VERTEX_POINT('',#3933);
#3933 = CARTESIAN_POINT('',(-4.443928571429,-29.86089285714,11.));
#3934 = LINE('',#3935,#3936);
#3935 = CARTESIAN_POINT('',(-4.443928571429,-29.86089285714,10.));
#3936 = VECTOR('',#3937,1.);
#3937 = DIRECTION('',(0.,0.,1.));
#3938 = ORIENTED_EDGE('',*,*,#3939,.T.);
#3939 = EDGE_CURVE('',#3932,#3899,#3940,.T.);
#3940 = B_SPLINE_CURVE_WITH_KNOTS('',2,(#3941,#3942,#3943),
  .UNSPECIFIED.,.F.,.F.,(3,3),(0.,1.),.PIECEWISE_BEZIER_KNOTS.);
#3941 = CARTESIAN_POINT('',(-4.443928571429,-29.86089285714,11.));
#3942 = CARTESIAN_POINT('',(-3.939553571429,-30.27151785714,11.));
#3943 = CARTESIAN_POINT('',(-3.939553571429,-31.19776785714,11.));
#3944 = ORIENTED_EDGE('',*,*,#3896,.F.);
#3945 = ORIENTED_EDGE('',*,*,#3946,.F.);
#3946 = EDGE_CURVE('',#3930,#3897,#3947,.T.);
#3947 = B_SPLINE_CURVE_WITH_KNOTS('',2,(#3948,#3949,#3950),
  .UNSPECIFIED.,.F.,.F.,(3,3),(0.,1.),.PIECEWISE_BEZIER_KNOTS.);
#3948 = CARTESIAN_POINT('',(-4.443928571429,-29.86089285714,10.));
#3949 = CARTESIAN_POINT('',(-3.939553571429,-30.27151785714,10.));
#3950 = CARTESIAN_POINT('',(-3.939553571429,-31.19776785714,10.));
#3951 = SURFACE_OF_LINEAR_EXTRUSION('',#3952,#3956);
#3952 = B_SPLINE_CURVE_WITH_KNOTS('',2,(#3953,#3954,#3955),
  .UNSPECIFIED.,.F.,.F.,(3,3),(0.,1.),.PIECEWISE_BEZIER_KNOTS.);
#3953 = CARTESIAN_POINT('',(-4.443928571429,-29.86089285714,10.));
#3954 = CARTESIAN_POINT('',(-3.939553571429,-30.27151785714,10.));
#3955 = CARTESIAN_POINT('',(-3.939553571429,-31.19776785714,10.));
#3956 = VECTOR('',#3957,1.);
#3957 = DIRECTION('',(-0.,-0.,-1.));
#3958 = ADVANCED_FACE('',(#3959),#3984,.T.);
#3959 = FACE_BOUND('',#3960,.T.);
#3960 = EDGE_LOOP('',(#3961,#3971,#3977,#3978));
#3961 = ORIENTED_EDGE('',*,*,#3962,.T.);
#3962 = EDGE_CURVE('',#3963,#3965,#3967,.T.);
#3963 = VERTEX_POINT('',#3964);
#3964 = CARTESIAN_POINT('',(-6.105178571429,-29.45,10.));
#3965 = VERTEX_POINT('',#3966);
#3966 = CARTESIAN_POINT('',(-6.105178571429,-29.45,11.));
#3967 = LINE('',#3968,#3969);
#3968 = CARTESIAN_POINT('',(-6.105178571429,-29.45,10.));
#3969 = VECTOR('',#3970,1.);
#3970 = DIRECTION('',(0.,0.,1.));
#3971 = ORIENTED_EDGE('',*,*,#3972,.T.);
#3972 = EDGE_CURVE('',#3965,#3932,#3973,.T.);
#3973 = B_SPLINE_CURVE_WITH_KNOTS('',2,(#3974,#3975,#3976),
  .UNSPECIFIED.,.F.,.F.,(3,3),(0.,1.),.PIECEWISE_BEZIER_KNOTS.);
#3974 = CARTESIAN_POINT('',(-6.105178571429,-29.45,11.));
#3975 = CARTESIAN_POINT('',(-4.948035714286,-29.45,11.));
#3976 = CARTESIAN_POINT('',(-4.443928571429,-29.86089285714,11.));
#3977 = ORIENTED_EDGE('',*,*,#3929,.F.);
#3978 = ORIENTED_EDGE('',*,*,#3979,.F.);
#3979 = EDGE_CURVE('',#3963,#3930,#3980,.T.);
#3980 = B_SPLINE_CURVE_WITH_KNOTS('',2,(#3981,#3982,#3983),
  .UNSPECIFIED.,.F.,.F.,(3,3),(0.,1.),.PIECEWISE_BEZIER_KNOTS.);
#3981 = CARTESIAN_POINT('',(-6.105178571429,-29.45,10.));
#3982 = CARTESIAN_POINT('',(-4.948035714286,-29.45,10.));
#3983 = CARTESIAN_POINT('',(-4.443928571429,-29.86089285714,10.));
#3984 = SURFACE_OF_LINEAR_EXTRUSION('',#3985,#3989);
#3985 = B_SPLINE_CURVE_WITH_KNOTS('',2,(#3986,#3987,#3988),
  .UNSPECIFIED.,.F.,.F.,(3,3),(0.,1.),.PIECEWISE_BEZIER_KNOTS.);
#3986 = CARTESIAN_POINT('',(-6.105178571429,-29.45,10.));
#3987 = CARTESIAN_POINT('',(-4.948035714286,-29.45,10.));
#3988 = CARTESIAN_POINT('',(-4.443928571429,-29.86089285714,10.));
#3989 = VECTOR('',#3990,1.);
#3990 = DIRECTION('',(-0.,-0.,-1.));
#3991 = ADVANCED_FACE('',(#3992),#4017,.T.);
#3992 = FACE_BOUND('',#3993,.T.);
#3993 = EDGE_LOOP('',(#3994,#4004,#4010,#4011));
#3994 = ORIENTED_EDGE('',*,*,#3995,.T.);
#3995 = EDGE_CURVE('',#3996,#3998,#4000,.T.);
#3996 = VERTEX_POINT('',#3997);
#3997 = CARTESIAN_POINT('',(-7.816785714286,-29.45,10.));
#3998 = VERTEX_POINT('',#3999);
#3999 = CARTESIAN_POINT('',(-7.816785714286,-29.45,11.));
#4000 = LINE('',#4001,#4002);
#4001 = CARTESIAN_POINT('',(-7.816785714286,-29.45,10.));
#4002 = VECTOR('',#4003,1.);
#4003 = DIRECTION('',(0.,0.,1.));
#4004 = ORIENTED_EDGE('',*,*,#4005,.T.);
#4005 = EDGE_CURVE('',#3998,#3965,#4006,.T.);
#4006 = LINE('',#4007,#4008);
#4007 = CARTESIAN_POINT('',(-7.816785714286,-29.45,11.));
#4008 = VECTOR('',#4009,1.);
#4009 = DIRECTION('',(1.,0.,0.));
#4010 = ORIENTED_EDGE('',*,*,#3962,.F.);
#4011 = ORIENTED_EDGE('',*,*,#4012,.F.);
#4012 = EDGE_CURVE('',#3996,#3963,#4013,.T.);
#4013 = LINE('',#4014,#4015);
#4014 = CARTESIAN_POINT('',(-7.816785714286,-29.45,10.));
#4015 = VECTOR('',#4016,1.);
#4016 = DIRECTION('',(1.,0.,0.));
#4017 = PLANE('',#4018);
#4018 = AXIS2_PLACEMENT_3D('',#4019,#4020,#4021);
#4019 = CARTESIAN_POINT('',(-7.816785714286,-29.45,10.));
#4020 = DIRECTION('',(0.,1.,0.));
#4021 = DIRECTION('',(1.,0.,0.));
#4022 = ADVANCED_FACE('',(#4023),#4048,.T.);
#4023 = FACE_BOUND('',#4024,.T.);
#4024 = EDGE_LOOP('',(#4025,#4035,#4041,#4042));
#4025 = ORIENTED_EDGE('',*,*,#4026,.T.);
#4026 = EDGE_CURVE('',#4027,#4029,#4031,.T.);
#4027 = VERTEX_POINT('',#4028);
#4028 = CARTESIAN_POINT('',(-7.816785714286,-35.45,10.));
#4029 = VERTEX_POINT('',#4030);
#4030 = CARTESIAN_POINT('',(-7.816785714286,-35.45,11.));
#4031 = LINE('',#4032,#4033);
#4032 = CARTESIAN_POINT('',(-7.816785714286,-35.45,10.));
#4033 = VECTOR('',#4034,1.);
#4034 = DIRECTION('',(0.,0.,1.));
#4035 = ORIENTED_EDGE('',*,*,#4036,.T.);
#4036 = EDGE_CURVE('',#4029,#3998,#4037,.T.);
#4037 = LINE('',#4038,#4039);
#4038 = CARTESIAN_POINT('',(-7.816785714286,-35.45,11.));
#4039 = VECTOR('',#4040,1.);
#4040 = DIRECTION('',(0.,1.,0.));
#4041 = ORIENTED_EDGE('',*,*,#3995,.F.);
#4042 = ORIENTED_EDGE('',*,*,#4043,.F.);
#4043 = EDGE_CURVE('',#4027,#3996,#4044,.T.);
#4044 = LINE('',#4045,#4046);
#4045 = CARTESIAN_POINT('',(-7.816785714286,-35.45,10.));
#4046 = VECTOR('',#4047,1.);
#4047 = DIRECTION('',(0.,1.,0.));
#4048 = PLANE('',#4049);
#4049 = AXIS2_PLACEMENT_3D('',#4050,#4051,#4052);
#4050 = CARTESIAN_POINT('',(-7.816785714286,-35.45,10.));
#4051 = DIRECTION('',(-1.,0.,0.));
#4052 = DIRECTION('',(0.,1.,0.));
#4053 = ADVANCED_FACE('',(#4054),#4079,.T.);
#4054 = FACE_BOUND('',#4055,.T.);
#4055 = EDGE_LOOP('',(#4056,#4066,#4072,#4073));
#4056 = ORIENTED_EDGE('',*,*,#4057,.T.);
#4057 = EDGE_CURVE('',#4058,#4060,#4062,.T.);
#4058 = VERTEX_POINT('',#4059);
#4059 = CARTESIAN_POINT('',(-6.631517857143,-35.45,10.));
#4060 = VERTEX_POINT('',#4061);
#4061 = CARTESIAN_POINT('',(-6.631517857143,-35.45,11.));
#4062 = LINE('',#4063,#4064);
#4063 = CARTESIAN_POINT('',(-6.631517857143,-35.45,10.));
#4064 = VECTOR('',#4065,1.);
#4065 = DIRECTION('',(0.,0.,1.));
#4066 = ORIENTED_EDGE('',*,*,#4067,.T.);
#4067 = EDGE_CURVE('',#4060,#4029,#4068,.T.);
#4068 = LINE('',#4069,#4070);
#4069 = CARTESIAN_POINT('',(-6.631517857143,-35.45,11.));
#4070 = VECTOR('',#4071,1.);
#4071 = DIRECTION('',(-1.,0.,0.));
#4072 = ORIENTED_EDGE('',*,*,#4026,.F.);
#4073 = ORIENTED_EDGE('',*,*,#4074,.F.);
#4074 = EDGE_CURVE('',#4058,#4027,#4075,.T.);
#4075 = LINE('',#4076,#4077);
#4076 = CARTESIAN_POINT('',(-6.631517857143,-35.45,10.));
#4077 = VECTOR('',#4078,1.);
#4078 = DIRECTION('',(-1.,0.,0.));
#4079 = PLANE('',#4080);
#4080 = AXIS2_PLACEMENT_3D('',#4081,#4082,#4083);
#4081 = CARTESIAN_POINT('',(-6.631517857143,-35.45,10.));
#4082 = DIRECTION('',(0.,-1.,0.));
#4083 = DIRECTION('',(-1.,0.,0.));
#4084 = ADVANCED_FACE('',(#4085),#4110,.T.);
#4085 = FACE_BOUND('',#4086,.T.);
#4086 = EDGE_LOOP('',(#4087,#4097,#4103,#4104));
#4087 = ORIENTED_EDGE('',*,*,#4088,.T.);
#4088 = EDGE_CURVE('',#4089,#4091,#4093,.T.);
#4089 = VERTEX_POINT('',#4090);
#4090 = CARTESIAN_POINT('',(-6.631517857143,-33.08428571428,10.));
#4091 = VERTEX_POINT('',#4092);
#4092 = CARTESIAN_POINT('',(-6.631517857143,-33.08428571428,11.));
#4093 = LINE('',#4094,#4095);
#4094 = CARTESIAN_POINT('',(-6.631517857143,-33.08428571428,10.));
#4095 = VECTOR('',#4096,1.);
#4096 = DIRECTION('',(0.,0.,1.));
#4097 = ORIENTED_EDGE('',*,*,#4098,.T.);
#4098 = EDGE_CURVE('',#4091,#4060,#4099,.T.);
#4099 = LINE('',#4100,#4101);
#4100 = CARTESIAN_POINT('',(-6.631517857143,-33.08428571428,11.));
#4101 = VECTOR('',#4102,1.);
#4102 = DIRECTION('',(0.,-1.,0.));
#4103 = ORIENTED_EDGE('',*,*,#4057,.F.);
#4104 = ORIENTED_EDGE('',*,*,#4105,.F.);
#4105 = EDGE_CURVE('',#4089,#4058,#4106,.T.);
#4106 = LINE('',#4107,#4108);
#4107 = CARTESIAN_POINT('',(-6.631517857143,-33.08428571428,10.));
#4108 = VECTOR('',#4109,1.);
#4109 = DIRECTION('',(0.,-1.,0.));
#4110 = PLANE('',#4111);
#4111 = AXIS2_PLACEMENT_3D('',#4112,#4113,#4114);
#4112 = CARTESIAN_POINT('',(-6.631517857143,-33.08428571428,10.));
#4113 = DIRECTION('',(1.,0.,-0.));
#4114 = DIRECTION('',(0.,-1.,0.));
#4115 = ADVANCED_FACE('',(#4116),#4141,.T.);
#4116 = FACE_BOUND('',#4117,.T.);
#4117 = EDGE_LOOP('',(#4118,#4128,#4134,#4135));
#4118 = ORIENTED_EDGE('',*,*,#4119,.T.);
#4119 = EDGE_CURVE('',#4120,#4122,#4124,.T.);
#4120 = VERTEX_POINT('',#4121);
#4121 = CARTESIAN_POINT('',(-6.253839285714,-33.08428571428,10.));
#4122 = VERTEX_POINT('',#4123);
#4123 = CARTESIAN_POINT('',(-6.253839285714,-33.08428571428,11.));
#4124 = LINE('',#4125,#4126);
#4125 = CARTESIAN_POINT('',(-6.253839285714,-33.08428571428,10.));
#4126 = VECTOR('',#4127,1.);
#4127 = DIRECTION('',(0.,0.,1.));
#4128 = ORIENTED_EDGE('',*,*,#4129,.T.);
#4129 = EDGE_CURVE('',#4122,#4091,#4130,.T.);
#4130 = LINE('',#4131,#4132);
#4131 = CARTESIAN_POINT('',(-6.253839285714,-33.08428571428,11.));
#4132 = VECTOR('',#4133,1.);
#4133 = DIRECTION('',(-1.,0.,0.));
#4134 = ORIENTED_EDGE('',*,*,#4088,.F.);
#4135 = ORIENTED_EDGE('',*,*,#4136,.F.);
#4136 = EDGE_CURVE('',#4120,#4089,#4137,.T.);
#4137 = LINE('',#4138,#4139);
#4138 = CARTESIAN_POINT('',(-6.253839285714,-33.08428571428,10.));
#4139 = VECTOR('',#4140,1.);
#4140 = DIRECTION('',(-1.,0.,0.));
#4141 = PLANE('',#4142);
#4142 = AXIS2_PLACEMENT_3D('',#4143,#4144,#4145);
#4143 = CARTESIAN_POINT('',(-6.253839285714,-33.08428571428,10.));
#4144 = DIRECTION('',(0.,-1.,0.));
#4145 = DIRECTION('',(-1.,0.,0.));
#4146 = ADVANCED_FACE('',(#4147),#4172,.T.);
#4147 = FACE_BOUND('',#4148,.T.);
#4148 = EDGE_LOOP('',(#4149,#4159,#4165,#4166));
#4149 = ORIENTED_EDGE('',*,*,#4150,.T.);
#4150 = EDGE_CURVE('',#4151,#4153,#4155,.T.);
#4151 = VERTEX_POINT('',#4152);
#4152 = CARTESIAN_POINT('',(-5.506517857143,-33.76196428571,10.));
#4153 = VERTEX_POINT('',#4154);
#4154 = CARTESIAN_POINT('',(-5.506517857143,-33.76196428571,11.));
#4155 = LINE('',#4156,#4157);
#4156 = CARTESIAN_POINT('',(-5.506517857143,-33.76196428571,10.));
#4157 = VECTOR('',#4158,1.);
#4158 = DIRECTION('',(0.,0.,1.));
#4159 = ORIENTED_EDGE('',*,*,#4160,.T.);
#4160 = EDGE_CURVE('',#4153,#4122,#4161,.T.);
#4161 = B_SPLINE_CURVE_WITH_KNOTS('',2,(#4162,#4163,#4164),
  .UNSPECIFIED.,.F.,.F.,(3,3),(0.,1.),.PIECEWISE_BEZIER_KNOTS.);
#4162 = CARTESIAN_POINT('',(-5.506517857143,-33.76196428571,11.));
#4163 = CARTESIAN_POINT('',(-5.823928571429,-33.08428571428,11.));
#4164 = CARTESIAN_POINT('',(-6.253839285714,-33.08428571428,11.));
#4165 = ORIENTED_EDGE('',*,*,#4119,.F.);
#4166 = ORIENTED_EDGE('',*,*,#4167,.F.);
#4167 = EDGE_CURVE('',#4151,#4120,#4168,.T.);
#4168 = B_SPLINE_CURVE_WITH_KNOTS('',2,(#4169,#4170,#4171),
  .UNSPECIFIED.,.F.,.F.,(3,3),(0.,1.),.PIECEWISE_BEZIER_KNOTS.);
#4169 = CARTESIAN_POINT('',(-5.506517857143,-33.76196428571,10.));
#4170 = CARTESIAN_POINT('',(-5.823928571429,-33.08428571428,10.));
#4171 = CARTESIAN_POINT('',(-6.253839285714,-33.08428571428,10.));
#4172 = SURFACE_OF_LINEAR_EXTRUSION('',#4173,#4177);
#4173 = B_SPLINE_CURVE_WITH_KNOTS('',2,(#4174,#4175,#4176),
  .UNSPECIFIED.,.F.,.F.,(3,3),(0.,1.),.PIECEWISE_BEZIER_KNOTS.);
#4174 = CARTESIAN_POINT('',(-5.506517857143,-33.76196428571,10.));
#4175 = CARTESIAN_POINT('',(-5.823928571429,-33.08428571428,10.));
#4176 = CARTESIAN_POINT('',(-6.253839285714,-33.08428571428,10.));
#4177 = VECTOR('',#4178,1.);
#4178 = DIRECTION('',(-0.,-0.,-1.));
#4179 = ADVANCED_FACE('',(#4180),#4205,.T.);
#4180 = FACE_BOUND('',#4181,.T.);
#4181 = EDGE_LOOP('',(#4182,#4192,#4198,#4199));
#4182 = ORIENTED_EDGE('',*,*,#4183,.T.);
#4183 = EDGE_CURVE('',#4184,#4186,#4188,.T.);
#4184 = VERTEX_POINT('',#4185);
#4185 = CARTESIAN_POINT('',(-5.422142857143,-33.93848214285,10.));
#4186 = VERTEX_POINT('',#4187);
#4187 = CARTESIAN_POINT('',(-5.422142857143,-33.93848214285,11.));
#4188 = LINE('',#4189,#4190);
#4189 = CARTESIAN_POINT('',(-5.422142857143,-33.93848214285,10.));
#4190 = VECTOR('',#4191,1.);
#4191 = DIRECTION('',(0.,0.,1.));
#4192 = ORIENTED_EDGE('',*,*,#4193,.T.);
#4193 = EDGE_CURVE('',#4186,#4153,#4194,.T.);
#4194 = B_SPLINE_CURVE_WITH_KNOTS('',2,(#4195,#4196,#4197),
  .UNSPECIFIED.,.F.,.F.,(3,3),(0.,1.),.PIECEWISE_BEZIER_KNOTS.);
#4195 = CARTESIAN_POINT('',(-5.422142857143,-33.93848214285,11.));
#4196 = CARTESIAN_POINT('',(-5.454285714286,-33.87419642857,11.));
#4197 = CARTESIAN_POINT('',(-5.506517857143,-33.76196428571,11.));
#4198 = ORIENTED_EDGE('',*,*,#4150,.F.);
#4199 = ORIENTED_EDGE('',*,*,#4200,.F.);
#4200 = EDGE_CURVE('',#4184,#4151,#4201,.T.);
#4201 = B_SPLINE_CURVE_WITH_KNOTS('',2,(#4202,#4203,#4204),
  .UNSPECIFIED.,.F.,.F.,(3,3),(0.,1.),.PIECEWISE_BEZIER_KNOTS.);
#4202 = CARTESIAN_POINT('',(-5.422142857143,-33.93848214285,10.));
#4203 = CARTESIAN_POINT('',(-5.454285714286,-33.87419642857,10.));
#4204 = CARTESIAN_POINT('',(-5.506517857143,-33.76196428571,10.));
#4205 = SURFACE_OF_LINEAR_EXTRUSION('',#4206,#4210);
#4206 = B_SPLINE_CURVE_WITH_KNOTS('',2,(#4207,#4208,#4209),
  .UNSPECIFIED.,.F.,.F.,(3,3),(0.,1.),.PIECEWISE_BEZIER_KNOTS.);
#4207 = CARTESIAN_POINT('',(-5.422142857143,-33.93848214285,10.));
#4208 = CARTESIAN_POINT('',(-5.454285714286,-33.87419642857,10.));
#4209 = CARTESIAN_POINT('',(-5.506517857143,-33.76196428571,10.));
#4210 = VECTOR('',#4211,1.);
#4211 = DIRECTION('',(-0.,-0.,-1.));
#4212 = ADVANCED_FACE('',(#4213),#4238,.T.);
#4213 = FACE_BOUND('',#4214,.T.);
#4214 = EDGE_LOOP('',(#4215,#4225,#4231,#4232));
#4215 = ORIENTED_EDGE('',*,*,#4216,.T.);
#4216 = EDGE_CURVE('',#4217,#4219,#4221,.T.);
#4217 = VERTEX_POINT('',#4218);
#4218 = CARTESIAN_POINT('',(-4.698928571429,-35.45,10.));
#4219 = VERTEX_POINT('',#4220);
#4220 = CARTESIAN_POINT('',(-4.698928571429,-35.45,11.));
#4221 = LINE('',#4222,#4223);
#4222 = CARTESIAN_POINT('',(-4.698928571429,-35.45,10.));
#4223 = VECTOR('',#4224,1.);
#4224 = DIRECTION('',(0.,0.,1.));
#4225 = ORIENTED_EDGE('',*,*,#4226,.T.);
#4226 = EDGE_CURVE('',#4219,#4186,#4227,.T.);
#4227 = LINE('',#4228,#4229);
#4228 = CARTESIAN_POINT('',(-4.698928571429,-35.45,11.));
#4229 = VECTOR('',#4230,1.);
#4230 = DIRECTION('',(-0.431608214028,0.902061167318,0.));
#4231 = ORIENTED_EDGE('',*,*,#4183,.F.);
#4232 = ORIENTED_EDGE('',*,*,#4233,.F.);
#4233 = EDGE_CURVE('',#4217,#4184,#4234,.T.);
#4234 = LINE('',#4235,#4236);
#4235 = CARTESIAN_POINT('',(-4.698928571429,-35.45,10.));
#4236 = VECTOR('',#4237,1.);
#4237 = DIRECTION('',(-0.431608214028,0.902061167318,0.));
#4238 = PLANE('',#4239);
#4239 = AXIS2_PLACEMENT_3D('',#4240,#4241,#4242);
#4240 = CARTESIAN_POINT('',(-4.698928571429,-35.45,10.));
#4241 = DIRECTION('',(-0.902061167318,-0.431608214028,0.));
#4242 = DIRECTION('',(-0.431608214028,0.902061167318,0.));
#4243 = ADVANCED_FACE('',(#4244),#4269,.T.);
#4244 = FACE_BOUND('',#4245,.T.);
#4245 = EDGE_LOOP('',(#4246,#4256,#4262,#4263));
#4246 = ORIENTED_EDGE('',*,*,#4247,.T.);
#4247 = EDGE_CURVE('',#4248,#4250,#4252,.T.);
#4248 = VERTEX_POINT('',#4249);
#4249 = CARTESIAN_POINT('',(-3.397142857143,-35.45,10.));
#4250 = VERTEX_POINT('',#4251);
#4251 = CARTESIAN_POINT('',(-3.397142857143,-35.45,11.));
#4252 = LINE('',#4253,#4254);
#4253 = CARTESIAN_POINT('',(-3.397142857143,-35.45,10.));
#4254 = VECTOR('',#4255,1.);
#4255 = DIRECTION('',(0.,0.,1.));
#4256 = ORIENTED_EDGE('',*,*,#4257,.T.);
#4257 = EDGE_CURVE('',#4250,#4219,#4258,.T.);
#4258 = LINE('',#4259,#4260);
#4259 = CARTESIAN_POINT('',(-3.397142857143,-35.45,11.));
#4260 = VECTOR('',#4261,1.);
#4261 = DIRECTION('',(-1.,0.,0.));
#4262 = ORIENTED_EDGE('',*,*,#4216,.F.);
#4263 = ORIENTED_EDGE('',*,*,#4264,.F.);
#4264 = EDGE_CURVE('',#4248,#4217,#4265,.T.);
#4265 = LINE('',#4266,#4267);
#4266 = CARTESIAN_POINT('',(-3.397142857143,-35.45,10.));
#4267 = VECTOR('',#4268,1.);
#4268 = DIRECTION('',(-1.,0.,0.));
#4269 = PLANE('',#4270);
#4270 = AXIS2_PLACEMENT_3D('',#4271,#4272,#4273);
#4271 = CARTESIAN_POINT('',(-3.397142857143,-35.45,10.));
#4272 = DIRECTION('',(0.,-1.,0.));
#4273 = DIRECTION('',(-1.,0.,0.));
#4274 = ADVANCED_FACE('',(#4275),#4300,.T.);
#4275 = FACE_BOUND('',#4276,.T.);
#4276 = EDGE_LOOP('',(#4277,#4287,#4293,#4294));
#4277 = ORIENTED_EDGE('',*,*,#4278,.T.);
#4278 = EDGE_CURVE('',#4279,#4281,#4283,.T.);
#4279 = VERTEX_POINT('',#4280);
#4280 = CARTESIAN_POINT('',(-4.481964285714,-33.29669642857,10.));
#4281 = VERTEX_POINT('',#4282);
#4282 = CARTESIAN_POINT('',(-4.481964285714,-33.29669642857,11.));
#4283 = LINE('',#4284,#4285);
#4284 = CARTESIAN_POINT('',(-4.481964285714,-33.29669642857,10.));
#4285 = VECTOR('',#4286,1.);
#4286 = DIRECTION('',(0.,0.,1.));
#4287 = ORIENTED_EDGE('',*,*,#4288,.T.);
#4288 = EDGE_CURVE('',#4281,#4250,#4289,.T.);
#4289 = LINE('',#4290,#4291);
#4290 = CARTESIAN_POINT('',(-4.481964285714,-33.29669642857,11.));
#4291 = VECTOR('',#4292,1.);
#4292 = DIRECTION('',(0.449922184078,-0.89306776242,0.));
#4293 = ORIENTED_EDGE('',*,*,#4247,.F.);
#4294 = ORIENTED_EDGE('',*,*,#4295,.F.);
#4295 = EDGE_CURVE('',#4279,#4248,#4296,.T.);
#4296 = LINE('',#4297,#4298);
#4297 = CARTESIAN_POINT('',(-4.481964285714,-33.29669642857,10.));
#4298 = VECTOR('',#4299,1.);
#4299 = DIRECTION('',(0.449922184078,-0.89306776242,0.));
#4300 = PLANE('',#4301);
#4301 = AXIS2_PLACEMENT_3D('',#4302,#4303,#4304);
#4302 = CARTESIAN_POINT('',(-4.481964285714,-33.29669642857,10.));
#4303 = DIRECTION('',(0.89306776242,0.449922184078,-0.));
#4304 = DIRECTION('',(0.449922184078,-0.89306776242,0.));
#4305 = ADVANCED_FACE('',(#4306),#4322,.T.);
#4306 = FACE_BOUND('',#4307,.T.);
#4307 = EDGE_LOOP('',(#4308,#4309,#4315,#4316));
#4308 = ORIENTED_EDGE('',*,*,#3839,.T.);
#4309 = ORIENTED_EDGE('',*,*,#4310,.T.);
#4310 = EDGE_CURVE('',#3832,#4281,#4311,.T.);
#4311 = B_SPLINE_CURVE_WITH_KNOTS('',2,(#4312,#4313,#4314),
  .UNSPECIFIED.,.F.,.F.,(3,3),(0.,1.),.PIECEWISE_BEZIER_KNOTS.);
#4312 = CARTESIAN_POINT('',(-4.801517857143,-32.78964285714,11.));
#4313 = CARTESIAN_POINT('',(-4.670803571429,-32.91982142857,11.));
#4314 = CARTESIAN_POINT('',(-4.481964285714,-33.29669642857,11.));
#4315 = ORIENTED_EDGE('',*,*,#4278,.F.);
#4316 = ORIENTED_EDGE('',*,*,#4317,.F.);
#4317 = EDGE_CURVE('',#3840,#4279,#4318,.T.);
#4318 = B_SPLINE_CURVE_WITH_KNOTS('',2,(#4319,#4320,#4321),
  .UNSPECIFIED.,.F.,.F.,(3,3),(0.,1.),.PIECEWISE_BEZIER_KNOTS.);
#4319 = CARTESIAN_POINT('',(-4.801517857143,-32.78964285714,10.));
#4320 = CARTESIAN_POINT('',(-4.670803571429,-32.91982142857,10.));
#4321 = CARTESIAN_POINT('',(-4.481964285714,-33.29669642857,10.));
#4322 = SURFACE_OF_LINEAR_EXTRUSION('',#4323,#4327);
#4323 = B_SPLINE_CURVE_WITH_KNOTS('',2,(#4324,#4325,#4326),
  .UNSPECIFIED.,.F.,.F.,(3,3),(0.,1.),.PIECEWISE_BEZIER_KNOTS.);
#4324 = CARTESIAN_POINT('',(-4.801517857143,-32.78964285714,10.));
#4325 = CARTESIAN_POINT('',(-4.670803571429,-32.91982142857,10.));
#4326 = CARTESIAN_POINT('',(-4.481964285714,-33.29669642857,10.));
#4327 = VECTOR('',#4328,1.);
#4328 = DIRECTION('',(-0.,-0.,-1.));
#4329 = ADVANCED_FACE('',(#4330),#4364,.T.);
#4330 = FACE_BOUND('',#4331,.T.);
#4331 = EDGE_LOOP('',(#4332,#4342,#4350,#4358));
#4332 = ORIENTED_EDGE('',*,*,#4333,.T.);
#4333 = EDGE_CURVE('',#4334,#4336,#4338,.T.);
#4334 = VERTEX_POINT('',#4335);
#4335 = CARTESIAN_POINT('',(-6.631517857143,-30.44428571428,10.));
#4336 = VERTEX_POINT('',#4337);
#4337 = CARTESIAN_POINT('',(-6.631517857143,-30.44428571428,11.));
#4338 = LINE('',#4339,#4340);
#4339 = CARTESIAN_POINT('',(-6.631517857143,-30.44428571428,10.));
#4340 = VECTOR('',#4341,1.);
#4341 = DIRECTION('',(0.,0.,1.));
#4342 = ORIENTED_EDGE('',*,*,#4343,.T.);
#4343 = EDGE_CURVE('',#4336,#4344,#4346,.T.);
#4344 = VERTEX_POINT('',#4345);
#4345 = CARTESIAN_POINT('',(-6.631517857143,-32.09,11.));
#4346 = LINE('',#4347,#4348);
#4347 = CARTESIAN_POINT('',(-6.631517857143,-30.44428571428,11.));
#4348 = VECTOR('',#4349,1.);
#4349 = DIRECTION('',(0.,-1.,0.));
#4350 = ORIENTED_EDGE('',*,*,#4351,.F.);
#4351 = EDGE_CURVE('',#4352,#4344,#4354,.T.);
#4352 = VERTEX_POINT('',#4353);
#4353 = CARTESIAN_POINT('',(-6.631517857143,-32.09,10.));
#4354 = LINE('',#4355,#4356);
#4355 = CARTESIAN_POINT('',(-6.631517857143,-32.09,10.));
#4356 = VECTOR('',#4357,1.);
#4357 = DIRECTION('',(0.,0.,1.));
#4358 = ORIENTED_EDGE('',*,*,#4359,.F.);
#4359 = EDGE_CURVE('',#4334,#4352,#4360,.T.);
#4360 = LINE('',#4361,#4362);
#4361 = CARTESIAN_POINT('',(-6.631517857143,-30.44428571428,10.));
#4362 = VECTOR('',#4363,1.);
#4363 = DIRECTION('',(0.,-1.,0.));
#4364 = PLANE('',#4365);
#4365 = AXIS2_PLACEMENT_3D('',#4366,#4367,#4368);
#4366 = CARTESIAN_POINT('',(-6.631517857143,-30.44428571428,10.));
#4367 = DIRECTION('',(1.,0.,-0.));
#4368 = DIRECTION('',(0.,-1.,0.));
#4369 = ADVANCED_FACE('',(#4370),#4395,.T.);
#4370 = FACE_BOUND('',#4371,.T.);
#4371 = EDGE_LOOP('',(#4372,#4382,#4388,#4389));
#4372 = ORIENTED_EDGE('',*,*,#4373,.T.);
#4373 = EDGE_CURVE('',#4374,#4376,#4378,.T.);
#4374 = VERTEX_POINT('',#4375);
#4375 = CARTESIAN_POINT('',(-6.073035714286,-30.44428571428,10.));
#4376 = VERTEX_POINT('',#4377);
#4377 = CARTESIAN_POINT('',(-6.073035714286,-30.44428571428,11.));
#4378 = LINE('',#4379,#4380);
#4379 = CARTESIAN_POINT('',(-6.073035714286,-30.44428571428,10.));
#4380 = VECTOR('',#4381,1.);
#4381 = DIRECTION('',(0.,0.,1.));
#4382 = ORIENTED_EDGE('',*,*,#4383,.T.);
#4383 = EDGE_CURVE('',#4376,#4336,#4384,.T.);
#4384 = LINE('',#4385,#4386);
#4385 = CARTESIAN_POINT('',(-6.073035714286,-30.44428571428,11.));
#4386 = VECTOR('',#4387,1.);
#4387 = DIRECTION('',(-1.,0.,0.));
#4388 = ORIENTED_EDGE('',*,*,#4333,.F.);
#4389 = ORIENTED_EDGE('',*,*,#4390,.F.);
#4390 = EDGE_CURVE('',#4374,#4334,#4391,.T.);
#4391 = LINE('',#4392,#4393);
#4392 = CARTESIAN_POINT('',(-6.073035714286,-30.44428571428,10.));
#4393 = VECTOR('',#4394,1.);
#4394 = DIRECTION('',(-1.,0.,0.));
#4395 = PLANE('',#4396);
#4396 = AXIS2_PLACEMENT_3D('',#4397,#4398,#4399);
#4397 = CARTESIAN_POINT('',(-6.073035714286,-30.44428571428,10.));
#4398 = DIRECTION('',(0.,-1.,0.));
#4399 = DIRECTION('',(-1.,0.,0.));
#4400 = ADVANCED_FACE('',(#4401),#4426,.T.);
#4401 = FACE_BOUND('',#4402,.T.);
#4402 = EDGE_LOOP('',(#4403,#4413,#4419,#4420));
#4403 = ORIENTED_EDGE('',*,*,#4404,.T.);
#4404 = EDGE_CURVE('',#4405,#4407,#4409,.T.);
#4405 = VERTEX_POINT('',#4406);
#4406 = CARTESIAN_POINT('',(-5.373928571429,-30.63446428571,10.));
#4407 = VERTEX_POINT('',#4408);
#4408 = CARTESIAN_POINT('',(-5.373928571429,-30.63446428571,11.));
#4409 = LINE('',#4410,#4411);
#4410 = CARTESIAN_POINT('',(-5.373928571429,-30.63446428571,10.));
#4411 = VECTOR('',#4412,1.);
#4412 = DIRECTION('',(0.,0.,1.));
#4413 = ORIENTED_EDGE('',*,*,#4414,.T.);
#4414 = EDGE_CURVE('',#4407,#4376,#4415,.T.);
#4415 = B_SPLINE_CURVE_WITH_KNOTS('',2,(#4416,#4417,#4418),
  .UNSPECIFIED.,.F.,.F.,(3,3),(0.,1.),.PIECEWISE_BEZIER_KNOTS.);
#4416 = CARTESIAN_POINT('',(-5.373928571429,-30.63446428571,11.));
#4417 = CARTESIAN_POINT('',(-5.582857142857,-30.44428571428,11.));
#4418 = CARTESIAN_POINT('',(-6.073035714286,-30.44428571428,11.));
#4419 = ORIENTED_EDGE('',*,*,#4373,.F.);
#4420 = ORIENTED_EDGE('',*,*,#4421,.F.);
#4421 = EDGE_CURVE('',#4405,#4374,#4422,.T.);
#4422 = B_SPLINE_CURVE_WITH_KNOTS('',2,(#4423,#4424,#4425),
  .UNSPECIFIED.,.F.,.F.,(3,3),(0.,1.),.PIECEWISE_BEZIER_KNOTS.);
#4423 = CARTESIAN_POINT('',(-5.373928571429,-30.63446428571,10.));
#4424 = CARTESIAN_POINT('',(-5.582857142857,-30.44428571428,10.));
#4425 = CARTESIAN_POINT('',(-6.073035714286,-30.44428571428,10.));
#4426 = SURFACE_OF_LINEAR_EXTRUSION('',#4427,#4431);
#4427 = B_SPLINE_CURVE_WITH_KNOTS('',2,(#4428,#4429,#4430),
  .UNSPECIFIED.,.F.,.F.,(3,3),(0.,1.),.PIECEWISE_BEZIER_KNOTS.);
#4428 = CARTESIAN_POINT('',(-5.373928571429,-30.63446428571,10.));
#4429 = CARTESIAN_POINT('',(-5.582857142857,-30.44428571428,10.));
#4430 = CARTESIAN_POINT('',(-6.073035714286,-30.44428571428,10.));
#4431 = VECTOR('',#4432,1.);
#4432 = DIRECTION('',(-0.,-0.,-1.));
#4433 = ADVANCED_FACE('',(#4434),#4459,.T.);
#4434 = FACE_BOUND('',#4435,.T.);
#4435 = EDGE_LOOP('',(#4436,#4446,#4452,#4453));
#4436 = ORIENTED_EDGE('',*,*,#4437,.T.);
#4437 = EDGE_CURVE('',#4438,#4440,#4442,.T.);
#4438 = VERTEX_POINT('',#4439);
#4439 = CARTESIAN_POINT('',(-5.165,-31.265,10.));
#4440 = VERTEX_POINT('',#4441);
#4441 = CARTESIAN_POINT('',(-5.165,-31.265,11.));
#4442 = LINE('',#4443,#4444);
#4443 = CARTESIAN_POINT('',(-5.165,-31.265,10.));
#4444 = VECTOR('',#4445,1.);
#4445 = DIRECTION('',(0.,0.,1.));
#4446 = ORIENTED_EDGE('',*,*,#4447,.T.);
#4447 = EDGE_CURVE('',#4440,#4407,#4448,.T.);
#4448 = B_SPLINE_CURVE_WITH_KNOTS('',2,(#4449,#4450,#4451),
  .UNSPECIFIED.,.F.,.F.,(3,3),(0.,1.),.PIECEWISE_BEZIER_KNOTS.);
#4449 = CARTESIAN_POINT('',(-5.165,-31.265,11.));
#4450 = CARTESIAN_POINT('',(-5.165,-30.824375,11.));
#4451 = CARTESIAN_POINT('',(-5.373928571429,-30.63446428571,11.));
#4452 = ORIENTED_EDGE('',*,*,#4404,.F.);
#4453 = ORIENTED_EDGE('',*,*,#4454,.F.);
#4454 = EDGE_CURVE('',#4438,#4405,#4455,.T.);
#4455 = B_SPLINE_CURVE_WITH_KNOTS('',2,(#4456,#4457,#4458),
  .UNSPECIFIED.,.F.,.F.,(3,3),(0.,1.),.PIECEWISE_BEZIER_KNOTS.);
#4456 = CARTESIAN_POINT('',(-5.165,-31.265,10.));
#4457 = CARTESIAN_POINT('',(-5.165,-30.824375,10.));
#4458 = CARTESIAN_POINT('',(-5.373928571429,-30.63446428571,10.));
#4459 = SURFACE_OF_LINEAR_EXTRUSION('',#4460,#4464);
#4460 = B_SPLINE_CURVE_WITH_KNOTS('',2,(#4461,#4462,#4463),
  .UNSPECIFIED.,.F.,.F.,(3,3),(0.,1.),.PIECEWISE_BEZIER_KNOTS.);
#4461 = CARTESIAN_POINT('',(-5.165,-31.265,10.));
#4462 = CARTESIAN_POINT('',(-5.165,-30.824375,10.));
#4463 = CARTESIAN_POINT('',(-5.373928571429,-30.63446428571,10.));
#4464 = VECTOR('',#4465,1.);
#4465 = DIRECTION('',(-0.,-0.,-1.));
#4466 = ADVANCED_FACE('',(#4467),#4492,.T.);
#4467 = FACE_BOUND('',#4468,.T.);
#4468 = EDGE_LOOP('',(#4469,#4479,#4485,#4486));
#4469 = ORIENTED_EDGE('',*,*,#4470,.T.);
#4470 = EDGE_CURVE('',#4471,#4473,#4475,.T.);
#4471 = VERTEX_POINT('',#4472);
#4472 = CARTESIAN_POINT('',(-5.376071428571,-31.89794642857,10.));
#4473 = VERTEX_POINT('',#4474);
#4474 = CARTESIAN_POINT('',(-5.376071428571,-31.89794642857,11.));
#4475 = LINE('',#4476,#4477);
#4476 = CARTESIAN_POINT('',(-5.376071428571,-31.89794642857,10.));
#4477 = VECTOR('',#4478,1.);
#4478 = DIRECTION('',(0.,0.,1.));
#4479 = ORIENTED_EDGE('',*,*,#4480,.T.);
#4480 = EDGE_CURVE('',#4473,#4440,#4481,.T.);
#4481 = B_SPLINE_CURVE_WITH_KNOTS('',2,(#4482,#4483,#4484),
  .UNSPECIFIED.,.F.,.F.,(3,3),(0.,1.),.PIECEWISE_BEZIER_KNOTS.);
#4482 = CARTESIAN_POINT('',(-5.376071428571,-31.89794642857,11.));
#4483 = CARTESIAN_POINT('',(-5.165,-31.70589285714,11.));
#4484 = CARTESIAN_POINT('',(-5.165,-31.265,11.));
#4485 = ORIENTED_EDGE('',*,*,#4437,.F.);
#4486 = ORIENTED_EDGE('',*,*,#4487,.F.);
#4487 = EDGE_CURVE('',#4471,#4438,#4488,.T.);
#4488 = B_SPLINE_CURVE_WITH_KNOTS('',2,(#4489,#4490,#4491),
  .UNSPECIFIED.,.F.,.F.,(3,3),(0.,1.),.PIECEWISE_BEZIER_KNOTS.);
#4489 = CARTESIAN_POINT('',(-5.376071428571,-31.89794642857,10.));
#4490 = CARTESIAN_POINT('',(-5.165,-31.70589285714,10.));
#4491 = CARTESIAN_POINT('',(-5.165,-31.265,10.));
#4492 = SURFACE_OF_LINEAR_EXTRUSION('',#4493,#4497);
#4493 = B_SPLINE_CURVE_WITH_KNOTS('',2,(#4494,#4495,#4496),
  .UNSPECIFIED.,.F.,.F.,(3,3),(0.,1.),.PIECEWISE_BEZIER_KNOTS.);
#4494 = CARTESIAN_POINT('',(-5.376071428571,-31.89794642857,10.));
#4495 = CARTESIAN_POINT('',(-5.165,-31.70589285714,10.));
#4496 = CARTESIAN_POINT('',(-5.165,-31.265,10.));
#4497 = VECTOR('',#4498,1.);
#4498 = DIRECTION('',(-0.,-0.,-1.));
#4499 = ADVANCED_FACE('',(#4500),#4525,.T.);
#4500 = FACE_BOUND('',#4501,.T.);
#4501 = EDGE_LOOP('',(#4502,#4512,#4518,#4519));
#4502 = ORIENTED_EDGE('',*,*,#4503,.T.);
#4503 = EDGE_CURVE('',#4504,#4506,#4508,.T.);
#4504 = VERTEX_POINT('',#4505);
#4505 = CARTESIAN_POINT('',(-6.073035714286,-32.09,10.));
#4506 = VERTEX_POINT('',#4507);
#4507 = CARTESIAN_POINT('',(-6.073035714286,-32.09,11.));
#4508 = LINE('',#4509,#4510);
#4509 = CARTESIAN_POINT('',(-6.073035714286,-32.09,10.));
#4510 = VECTOR('',#4511,1.);
#4511 = DIRECTION('',(0.,0.,1.));
#4512 = ORIENTED_EDGE('',*,*,#4513,.T.);
#4513 = EDGE_CURVE('',#4506,#4473,#4514,.T.);
#4514 = B_SPLINE_CURVE_WITH_KNOTS('',2,(#4515,#4516,#4517),
  .UNSPECIFIED.,.F.,.F.,(3,3),(0.,1.),.PIECEWISE_BEZIER_KNOTS.);
#4515 = CARTESIAN_POINT('',(-6.073035714286,-32.09,11.));
#4516 = CARTESIAN_POINT('',(-5.586875,-32.09,11.));
#4517 = CARTESIAN_POINT('',(-5.376071428571,-31.89794642857,11.));
#4518 = ORIENTED_EDGE('',*,*,#4470,.F.);
#4519 = ORIENTED_EDGE('',*,*,#4520,.F.);
#4520 = EDGE_CURVE('',#4504,#4471,#4521,.T.);
#4521 = B_SPLINE_CURVE_WITH_KNOTS('',2,(#4522,#4523,#4524),
  .UNSPECIFIED.,.F.,.F.,(3,3),(0.,1.),.PIECEWISE_BEZIER_KNOTS.);
#4522 = CARTESIAN_POINT('',(-6.073035714286,-32.09,10.));
#4523 = CARTESIAN_POINT('',(-5.586875,-32.09,10.));
#4524 = CARTESIAN_POINT('',(-5.376071428571,-31.89794642857,10.));
#4525 = SURFACE_OF_LINEAR_EXTRUSION('',#4526,#4530);
#4526 = B_SPLINE_CURVE_WITH_KNOTS('',2,(#4527,#4528,#4529),
  .UNSPECIFIED.,.F.,.F.,(3,3),(0.,1.),.PIECEWISE_BEZIER_KNOTS.);
#4527 = CARTESIAN_POINT('',(-6.073035714286,-32.09,10.));
#4528 = CARTESIAN_POINT('',(-5.586875,-32.09,10.));
#4529 = CARTESIAN_POINT('',(-5.376071428571,-31.89794642857,10.));
#4530 = VECTOR('',#4531,1.);
#4531 = DIRECTION('',(-0.,-0.,-1.));
#4532 = ADVANCED_FACE('',(#4533),#4549,.T.);
#4533 = FACE_BOUND('',#4534,.T.);
#4534 = EDGE_LOOP('',(#4535,#4536,#4542,#4543));
#4535 = ORIENTED_EDGE('',*,*,#4351,.T.);
#4536 = ORIENTED_EDGE('',*,*,#4537,.T.);
#4537 = EDGE_CURVE('',#4344,#4506,#4538,.T.);
#4538 = LINE('',#4539,#4540);
#4539 = CARTESIAN_POINT('',(-6.631517857143,-32.09,11.));
#4540 = VECTOR('',#4541,1.);
#4541 = DIRECTION('',(1.,0.,0.));
#4542 = ORIENTED_EDGE('',*,*,#4503,.F.);
#4543 = ORIENTED_EDGE('',*,*,#4544,.F.);
#4544 = EDGE_CURVE('',#4352,#4504,#4545,.T.);
#4545 = LINE('',#4546,#4547);
#4546 = CARTESIAN_POINT('',(-6.631517857143,-32.09,10.));
#4547 = VECTOR('',#4548,1.);
#4548 = DIRECTION('',(1.,0.,0.));
#4549 = PLANE('',#4550);
#4550 = AXIS2_PLACEMENT_3D('',#4551,#4552,#4553);
#4551 = CARTESIAN_POINT('',(-6.631517857143,-32.09,10.));
#4552 = DIRECTION('',(0.,1.,0.));
#4553 = DIRECTION('',(1.,0.,0.));
#4554 = ADVANCED_FACE('',(#4555,#4573),#4582,.F.);
#4555 = FACE_BOUND('',#4556,.F.);
#4556 = EDGE_LOOP('',(#4557,#4558,#4559,#4560,#4561,#4562,#4563,#4564,
    #4565,#4566,#4567,#4568,#4569,#4570,#4571,#4572));
#4557 = ORIENTED_EDGE('',*,*,#3847,.F.);
#4558 = ORIENTED_EDGE('',*,*,#3880,.F.);
#4559 = ORIENTED_EDGE('',*,*,#3913,.F.);
#4560 = ORIENTED_EDGE('',*,*,#3946,.F.);
#4561 = ORIENTED_EDGE('',*,*,#3979,.F.);
#4562 = ORIENTED_EDGE('',*,*,#4012,.F.);
#4563 = ORIENTED_EDGE('',*,*,#4043,.F.);
#4564 = ORIENTED_EDGE('',*,*,#4074,.F.);
#4565 = ORIENTED_EDGE('',*,*,#4105,.F.);
#4566 = ORIENTED_EDGE('',*,*,#4136,.F.);
#4567 = ORIENTED_EDGE('',*,*,#4167,.F.);
#4568 = ORIENTED_EDGE('',*,*,#4200,.F.);
#4569 = ORIENTED_EDGE('',*,*,#4233,.F.);
#4570 = ORIENTED_EDGE('',*,*,#4264,.F.);
#4571 = ORIENTED_EDGE('',*,*,#4295,.F.);
#4572 = ORIENTED_EDGE('',*,*,#4317,.F.);
#4573 = FACE_BOUND('',#4574,.F.);
#4574 = EDGE_LOOP('',(#4575,#4576,#4577,#4578,#4579,#4580,#4581));
#4575 = ORIENTED_EDGE('',*,*,#4359,.F.);
#4576 = ORIENTED_EDGE('',*,*,#4390,.F.);
#4577 = ORIENTED_EDGE('',*,*,#4421,.F.);
#4578 = ORIENTED_EDGE('',*,*,#4454,.F.);
#4579 = ORIENTED_EDGE('',*,*,#4487,.F.);
#4580 = ORIENTED_EDGE('',*,*,#4520,.F.);
#4581 = ORIENTED_EDGE('',*,*,#4544,.F.);
#4582 = PLANE('',#4583);
#4583 = AXIS2_PLACEMENT_3D('',#4584,#4585,#4586);
#4584 = CARTESIAN_POINT('',(-5.921673711674,-32.50695458564,10.));
#4585 = DIRECTION('',(0.,0.,1.));
#4586 = DIRECTION('',(1.,0.,0.));
#4587 = ADVANCED_FACE('',(#4588,#4606),#4615,.T.);
#4588 = FACE_BOUND('',#4589,.T.);
#4589 = EDGE_LOOP('',(#4590,#4591,#4592,#4593,#4594,#4595,#4596,#4597,
    #4598,#4599,#4600,#4601,#4602,#4603,#4604,#4605));
#4590 = ORIENTED_EDGE('',*,*,#3831,.F.);
#4591 = ORIENTED_EDGE('',*,*,#3873,.F.);
#4592 = ORIENTED_EDGE('',*,*,#3906,.F.);
#4593 = ORIENTED_EDGE('',*,*,#3939,.F.);
#4594 = ORIENTED_EDGE('',*,*,#3972,.F.);
#4595 = ORIENTED_EDGE('',*,*,#4005,.F.);
#4596 = ORIENTED_EDGE('',*,*,#4036,.F.);
#4597 = ORIENTED_EDGE('',*,*,#4067,.F.);
#4598 = ORIENTED_EDGE('',*,*,#4098,.F.);
#4599 = ORIENTED_EDGE('',*,*,#4129,.F.);
#4600 = ORIENTED_EDGE('',*,*,#4160,.F.);
#4601 = ORIENTED_EDGE('',*,*,#4193,.F.);
#4602 = ORIENTED_EDGE('',*,*,#4226,.F.);
#4603 = ORIENTED_EDGE('',*,*,#4257,.F.);
#4604 = ORIENTED_EDGE('',*,*,#4288,.F.);
#4605 = ORIENTED_EDGE('',*,*,#4310,.F.);
#4606 = FACE_BOUND('',#4607,.T.);
#4607 = EDGE_LOOP('',(#4608,#4609,#4610,#4611,#4612,#4613,#4614));
#4608 = ORIENTED_EDGE('',*,*,#4343,.F.);
#4609 = ORIENTED_EDGE('',*,*,#4383,.F.);
#4610 = ORIENTED_EDGE('',*,*,#4414,.F.);
#4611 = ORIENTED_EDGE('',*,*,#4447,.F.);
#4612 = ORIENTED_EDGE('',*,*,#4480,.F.);
#4613 = ORIENTED_EDGE('',*,*,#4513,.F.);
#4614 = ORIENTED_EDGE('',*,*,#4537,.F.);
#4615 = PLANE('',#4616);
#4616 = AXIS2_PLACEMENT_3D('',#4617,#4618,#4619);
#4617 = CARTESIAN_POINT('',(-5.921673711674,-32.50695458564,11.));
#4618 = DIRECTION('',(0.,0.,1.));
#4619 = DIRECTION('',(1.,0.,0.));
#4620 = MANIFOLD_SOLID_BREP('',#4621);
#4621 = CLOSED_SHELL('',(#4622,#4662,#4693,#4724,#4755,#4786,#4817,#4848
    ,#4879,#4910,#4941,#4972,#4994,#5014));
#4622 = ADVANCED_FACE('',(#4623),#4657,.T.);
#4623 = FACE_BOUND('',#4624,.T.);
#4624 = EDGE_LOOP('',(#4625,#4635,#4643,#4651));
#4625 = ORIENTED_EDGE('',*,*,#4626,.T.);
#4626 = EDGE_CURVE('',#4627,#4629,#4631,.T.);
#4627 = VERTEX_POINT('',#4628);
#4628 = CARTESIAN_POINT('',(-2.705803571429,-30.49571428571,10.));
#4629 = VERTEX_POINT('',#4630);
#4630 = CARTESIAN_POINT('',(-2.705803571429,-30.49571428571,11.));
#4631 = LINE('',#4632,#4633);
#4632 = CARTESIAN_POINT('',(-2.705803571429,-30.49571428571,10.));
#4633 = VECTOR('',#4634,1.);
#4634 = DIRECTION('',(0.,0.,1.));
#4635 = ORIENTED_EDGE('',*,*,#4636,.T.);
#4636 = EDGE_CURVE('',#4629,#4637,#4639,.T.);
#4637 = VERTEX_POINT('',#4638);
#4638 = CARTESIAN_POINT('',(-2.705803571429,-29.45,11.));
#4639 = LINE('',#4640,#4641);
#4640 = CARTESIAN_POINT('',(-2.705803571429,-30.49571428571,11.));
#4641 = VECTOR('',#4642,1.);
#4642 = DIRECTION('',(0.,1.,0.));
#4643 = ORIENTED_EDGE('',*,*,#4644,.F.);
#4644 = EDGE_CURVE('',#4645,#4637,#4647,.T.);
#4645 = VERTEX_POINT('',#4646);
#4646 = CARTESIAN_POINT('',(-2.705803571429,-29.45,10.));
#4647 = LINE('',#4648,#4649);
#4648 = CARTESIAN_POINT('',(-2.705803571429,-29.45,10.));
#4649 = VECTOR('',#4650,1.);
#4650 = DIRECTION('',(0.,0.,1.));
#4651 = ORIENTED_EDGE('',*,*,#4652,.F.);
#4652 = EDGE_CURVE('',#4627,#4645,#4653,.T.);
#4653 = LINE('',#4654,#4655);
#4654 = CARTESIAN_POINT('',(-2.705803571429,-30.49571428571,10.));
#4655 = VECTOR('',#4656,1.);
#4656 = DIRECTION('',(0.,1.,0.));
#4657 = PLANE('',#4658);
#4658 = AXIS2_PLACEMENT_3D('',#4659,#4660,#4661);
#4659 = CARTESIAN_POINT('',(-2.705803571429,-30.49571428571,10.));
#4660 = DIRECTION('',(-1.,0.,0.));
#4661 = DIRECTION('',(0.,1.,0.));
#4662 = ADVANCED_FACE('',(#4663),#4688,.T.);
#4663 = FACE_BOUND('',#4664,.T.);
#4664 = EDGE_LOOP('',(#4665,#4675,#4681,#4682));
#4665 = ORIENTED_EDGE('',*,*,#4666,.T.);
#4666 = EDGE_CURVE('',#4667,#4669,#4671,.T.);
#4667 = VERTEX_POINT('',#4668);
#4668 = CARTESIAN_POINT('',(-1.5125,-30.49571428571,10.));
#4669 = VERTEX_POINT('',#4670);
#4670 = CARTESIAN_POINT('',(-1.5125,-30.49571428571,11.));
#4671 = LINE('',#4672,#4673);
#4672 = CARTESIAN_POINT('',(-1.5125,-30.49571428571,10.));
#4673 = VECTOR('',#4674,1.);
#4674 = DIRECTION('',(0.,0.,1.));
#4675 = ORIENTED_EDGE('',*,*,#4676,.T.);
#4676 = EDGE_CURVE('',#4669,#4629,#4677,.T.);
#4677 = LINE('',#4678,#4679);
#4678 = CARTESIAN_POINT('',(-1.5125,-30.49571428571,11.));
#4679 = VECTOR('',#4680,1.);
#4680 = DIRECTION('',(-1.,0.,0.));
#4681 = ORIENTED_EDGE('',*,*,#4626,.F.);
#4682 = ORIENTED_EDGE('',*,*,#4683,.F.);
#4683 = EDGE_CURVE('',#4667,#4627,#4684,.T.);
#4684 = LINE('',#4685,#4686);
#4685 = CARTESIAN_POINT('',(-1.5125,-30.49571428571,10.));
#4686 = VECTOR('',#4687,1.);
#4687 = DIRECTION('',(-1.,0.,0.));
#4688 = PLANE('',#4689);
#4689 = AXIS2_PLACEMENT_3D('',#4690,#4691,#4692);
#4690 = CARTESIAN_POINT('',(-1.5125,-30.49571428571,10.));
#4691 = DIRECTION('',(0.,-1.,0.));
#4692 = DIRECTION('',(-1.,0.,0.));
#4693 = ADVANCED_FACE('',(#4694),#4719,.T.);
#4694 = FACE_BOUND('',#4695,.T.);
#4695 = EDGE_LOOP('',(#4696,#4706,#4712,#4713));
#4696 = ORIENTED_EDGE('',*,*,#4697,.T.);
#4697 = EDGE_CURVE('',#4698,#4700,#4702,.T.);
#4698 = VERTEX_POINT('',#4699);
#4699 = CARTESIAN_POINT('',(-1.5125,-34.40428571428,10.));
#4700 = VERTEX_POINT('',#4701);
#4701 = CARTESIAN_POINT('',(-1.5125,-34.40428571428,11.));
#4702 = LINE('',#4703,#4704);
#4703 = CARTESIAN_POINT('',(-1.5125,-34.40428571428,10.));
#4704 = VECTOR('',#4705,1.);
#4705 = DIRECTION('',(0.,0.,1.));
#4706 = ORIENTED_EDGE('',*,*,#4707,.T.);
#4707 = EDGE_CURVE('',#4700,#4669,#4708,.T.);
#4708 = LINE('',#4709,#4710);
#4709 = CARTESIAN_POINT('',(-1.5125,-34.40428571428,11.));
#4710 = VECTOR('',#4711,1.);
#4711 = DIRECTION('',(0.,1.,0.));
#4712 = ORIENTED_EDGE('',*,*,#4666,.F.);
#4713 = ORIENTED_EDGE('',*,*,#4714,.F.);
#4714 = EDGE_CURVE('',#4698,#4667,#4715,.T.);
#4715 = LINE('',#4716,#4717);
#4716 = CARTESIAN_POINT('',(-1.5125,-34.40428571428,10.));
#4717 = VECTOR('',#4718,1.);
#4718 = DIRECTION('',(0.,1.,0.));
#4719 = PLANE('',#4720);
#4720 = AXIS2_PLACEMENT_3D('',#4721,#4722,#4723);
#4721 = CARTESIAN_POINT('',(-1.5125,-34.40428571428,10.));
#4722 = DIRECTION('',(-1.,0.,0.));
#4723 = DIRECTION('',(0.,1.,0.));
#4724 = ADVANCED_FACE('',(#4725),#4750,.T.);
#4725 = FACE_BOUND('',#4726,.T.);
#4726 = EDGE_LOOP('',(#4727,#4737,#4743,#4744));
#4727 = ORIENTED_EDGE('',*,*,#4728,.T.);
#4728 = EDGE_CURVE('',#4729,#4731,#4733,.T.);
#4729 = VERTEX_POINT('',#4730);
#4730 = CARTESIAN_POINT('',(-2.705803571429,-34.40428571428,10.));
#4731 = VERTEX_POINT('',#4732);
#4732 = CARTESIAN_POINT('',(-2.705803571429,-34.40428571428,11.));
#4733 = LINE('',#4734,#4735);
#4734 = CARTESIAN_POINT('',(-2.705803571429,-34.40428571428,10.));
#4735 = VECTOR('',#4736,1.);
#4736 = DIRECTION('',(0.,0.,1.));
#4737 = ORIENTED_EDGE('',*,*,#4738,.T.);
#4738 = EDGE_CURVE('',#4731,#4700,#4739,.T.);
#4739 = LINE('',#4740,#4741);
#4740 = CARTESIAN_POINT('',(-2.705803571429,-34.40428571428,11.));
#4741 = VECTOR('',#4742,1.);
#4742 = DIRECTION('',(1.,0.,0.));
#4743 = ORIENTED_EDGE('',*,*,#4697,.F.);
#4744 = ORIENTED_EDGE('',*,*,#4745,.F.);
#4745 = EDGE_CURVE('',#4729,#4698,#4746,.T.);
#4746 = LINE('',#4747,#4748);
#4747 = CARTESIAN_POINT('',(-2.705803571429,-34.40428571428,10.));
#4748 = VECTOR('',#4749,1.);
#4749 = DIRECTION('',(1.,0.,0.));
#4750 = PLANE('',#4751);
#4751 = AXIS2_PLACEMENT_3D('',#4752,#4753,#4754);
#4752 = CARTESIAN_POINT('',(-2.705803571429,-34.40428571428,10.));
#4753 = DIRECTION('',(0.,1.,0.));
#4754 = DIRECTION('',(1.,0.,0.));
#4755 = ADVANCED_FACE('',(#4756),#4781,.T.);
#4756 = FACE_BOUND('',#4757,.T.);
#4757 = EDGE_LOOP('',(#4758,#4768,#4774,#4775));
#4758 = ORIENTED_EDGE('',*,*,#4759,.T.);
#4759 = EDGE_CURVE('',#4760,#4762,#4764,.T.);
#4760 = VERTEX_POINT('',#4761);
#4761 = CARTESIAN_POINT('',(-2.705803571429,-35.45,10.));
#4762 = VERTEX_POINT('',#4763);
#4763 = CARTESIAN_POINT('',(-2.705803571429,-35.45,11.));
#4764 = LINE('',#4765,#4766);
#4765 = CARTESIAN_POINT('',(-2.705803571429,-35.45,10.));
#4766 = VECTOR('',#4767,1.);
#4767 = DIRECTION('',(0.,0.,1.));
#4768 = ORIENTED_EDGE('',*,*,#4769,.T.);
#4769 = EDGE_CURVE('',#4762,#4731,#4770,.T.);
#4770 = LINE('',#4771,#4772);
#4771 = CARTESIAN_POINT('',(-2.705803571429,-35.45,11.));
#4772 = VECTOR('',#4773,1.);
#4773 = DIRECTION('',(0.,1.,0.));
#4774 = ORIENTED_EDGE('',*,*,#4728,.F.);
#4775 = ORIENTED_EDGE('',*,*,#4776,.F.);
#4776 = EDGE_CURVE('',#4760,#4729,#4777,.T.);
#4777 = LINE('',#4778,#4779);
#4778 = CARTESIAN_POINT('',(-2.705803571429,-35.45,10.));
#4779 = VECTOR('',#4780,1.);
#4780 = DIRECTION('',(0.,1.,0.));
#4781 = PLANE('',#4782);
#4782 = AXIS2_PLACEMENT_3D('',#4783,#4784,#4785);
#4783 = CARTESIAN_POINT('',(-2.705803571429,-35.45,10.));
#4784 = DIRECTION('',(-1.,0.,0.));
#4785 = DIRECTION('',(0.,1.,0.));
#4786 = ADVANCED_FACE('',(#4787),#4812,.T.);
#4787 = FACE_BOUND('',#4788,.T.);
#4788 = EDGE_LOOP('',(#4789,#4799,#4805,#4806));
#4789 = ORIENTED_EDGE('',*,*,#4790,.T.);
#4790 = EDGE_CURVE('',#4791,#4793,#4795,.T.);
#4791 = VERTEX_POINT('',#4792);
#4792 = CARTESIAN_POINT('',(0.866071428571,-35.45,10.));
#4793 = VERTEX_POINT('',#4794);
#4794 = CARTESIAN_POINT('',(0.866071428571,-35.45,11.));
#4795 = LINE('',#4796,#4797);
#4796 = CARTESIAN_POINT('',(0.866071428571,-35.45,10.));
#4797 = VECTOR('',#4798,1.);
#4798 = DIRECTION('',(0.,0.,1.));
#4799 = ORIENTED_EDGE('',*,*,#4800,.T.);
#4800 = EDGE_CURVE('',#4793,#4762,#4801,.T.);
#4801 = LINE('',#4802,#4803);
#4802 = CARTESIAN_POINT('',(0.866071428571,-35.45,11.));
#4803 = VECTOR('',#4804,1.);
#4804 = DIRECTION('',(-1.,0.,0.));
#4805 = ORIENTED_EDGE('',*,*,#4759,.F.);
#4806 = ORIENTED_EDGE('',*,*,#4807,.F.);
#4807 = EDGE_CURVE('',#4791,#4760,#4808,.T.);
#4808 = LINE('',#4809,#4810);
#4809 = CARTESIAN_POINT('',(0.866071428571,-35.45,10.));
#4810 = VECTOR('',#4811,1.);
#4811 = DIRECTION('',(-1.,0.,0.));
#4812 = PLANE('',#4813);
#4813 = AXIS2_PLACEMENT_3D('',#4814,#4815,#4816);
#4814 = CARTESIAN_POINT('',(0.866071428571,-35.45,10.));
#4815 = DIRECTION('',(0.,-1.,0.));
#4816 = DIRECTION('',(-1.,0.,0.));
#4817 = ADVANCED_FACE('',(#4818),#4843,.T.);
#4818 = FACE_BOUND('',#4819,.T.);
#4819 = EDGE_LOOP('',(#4820,#4830,#4836,#4837));
#4820 = ORIENTED_EDGE('',*,*,#4821,.T.);
#4821 = EDGE_CURVE('',#4822,#4824,#4826,.T.);
#4822 = VERTEX_POINT('',#4823);
#4823 = CARTESIAN_POINT('',(0.866071428571,-34.40428571428,10.));
#4824 = VERTEX_POINT('',#4825);
#4825 = CARTESIAN_POINT('',(0.866071428571,-34.40428571428,11.));
#4826 = LINE('',#4827,#4828);
#4827 = CARTESIAN_POINT('',(0.866071428571,-34.40428571428,10.));
#4828 = VECTOR('',#4829,1.);
#4829 = DIRECTION('',(0.,0.,1.));
#4830 = ORIENTED_EDGE('',*,*,#4831,.T.);
#4831 = EDGE_CURVE('',#4824,#4793,#4832,.T.);
#4832 = LINE('',#4833,#4834);
#4833 = CARTESIAN_POINT('',(0.866071428571,-34.40428571428,11.));
#4834 = VECTOR('',#4835,1.);
#4835 = DIRECTION('',(0.,-1.,0.));
#4836 = ORIENTED_EDGE('',*,*,#4790,.F.);
#4837 = ORIENTED_EDGE('',*,*,#4838,.F.);
#4838 = EDGE_CURVE('',#4822,#4791,#4839,.T.);
#4839 = LINE('',#4840,#4841);
#4840 = CARTESIAN_POINT('',(0.866071428571,-34.40428571428,10.));
#4841 = VECTOR('',#4842,1.);
#4842 = DIRECTION('',(0.,-1.,0.));
#4843 = PLANE('',#4844);
#4844 = AXIS2_PLACEMENT_3D('',#4845,#4846,#4847);
#4845 = CARTESIAN_POINT('',(0.866071428571,-34.40428571428,10.));
#4846 = DIRECTION('',(1.,0.,-0.));
#4847 = DIRECTION('',(0.,-1.,0.));
#4848 = ADVANCED_FACE('',(#4849),#4874,.T.);
#4849 = FACE_BOUND('',#4850,.T.);
#4850 = EDGE_LOOP('',(#4851,#4861,#4867,#4868));
#4851 = ORIENTED_EDGE('',*,*,#4852,.T.);
#4852 = EDGE_CURVE('',#4853,#4855,#4857,.T.);
#4853 = VERTEX_POINT('',#4854);
#4854 = CARTESIAN_POINT('',(-0.327232142857,-34.40428571428,10.));
#4855 = VERTEX_POINT('',#4856);
#4856 = CARTESIAN_POINT('',(-0.327232142857,-34.40428571428,11.));
#4857 = LINE('',#4858,#4859);
#4858 = CARTESIAN_POINT('',(-0.327232142857,-34.40428571428,10.));
#4859 = VECTOR('',#4860,1.);
#4860 = DIRECTION('',(0.,0.,1.));
#4861 = ORIENTED_EDGE('',*,*,#4862,.T.);
#4862 = EDGE_CURVE('',#4855,#4824,#4863,.T.);
#4863 = LINE('',#4864,#4865);
#4864 = CARTESIAN_POINT('',(-0.327232142857,-34.40428571428,11.));
#4865 = VECTOR('',#4866,1.);
#4866 = DIRECTION('',(1.,0.,0.));
#4867 = ORIENTED_EDGE('',*,*,#4821,.F.);
#4868 = ORIENTED_EDGE('',*,*,#4869,.F.);
#4869 = EDGE_CURVE('',#4853,#4822,#4870,.T.);
#4870 = LINE('',#4871,#4872);
#4871 = CARTESIAN_POINT('',(-0.327232142857,-34.40428571428,10.));
#4872 = VECTOR('',#4873,1.);
#4873 = DIRECTION('',(1.,0.,0.));
#4874 = PLANE('',#4875);
#4875 = AXIS2_PLACEMENT_3D('',#4876,#4877,#4878);
#4876 = CARTESIAN_POINT('',(-0.327232142857,-34.40428571428,10.));
#4877 = DIRECTION('',(0.,1.,0.));
#4878 = DIRECTION('',(1.,0.,0.));
#4879 = ADVANCED_FACE('',(#4880),#4905,.T.);
#4880 = FACE_BOUND('',#4881,.T.);
#4881 = EDGE_LOOP('',(#4882,#4892,#4898,#4899));
#4882 = ORIENTED_EDGE('',*,*,#4883,.T.);
#4883 = EDGE_CURVE('',#4884,#4886,#4888,.T.);
#4884 = VERTEX_POINT('',#4885);
#4885 = CARTESIAN_POINT('',(-0.327232142857,-30.49571428571,10.));
#4886 = VERTEX_POINT('',#4887);
#4887 = CARTESIAN_POINT('',(-0.327232142857,-30.49571428571,11.));
#4888 = LINE('',#4889,#4890);
#4889 = CARTESIAN_POINT('',(-0.327232142857,-30.49571428571,10.));
#4890 = VECTOR('',#4891,1.);
#4891 = DIRECTION('',(0.,0.,1.));
#4892 = ORIENTED_EDGE('',*,*,#4893,.T.);
#4893 = EDGE_CURVE('',#4886,#4855,#4894,.T.);
#4894 = LINE('',#4895,#4896);
#4895 = CARTESIAN_POINT('',(-0.327232142857,-30.49571428571,11.));
#4896 = VECTOR('',#4897,1.);
#4897 = DIRECTION('',(0.,-1.,0.));
#4898 = ORIENTED_EDGE('',*,*,#4852,.F.);
#4899 = ORIENTED_EDGE('',*,*,#4900,.F.);
#4900 = EDGE_CURVE('',#4884,#4853,#4901,.T.);
#4901 = LINE('',#4902,#4903);
#4902 = CARTESIAN_POINT('',(-0.327232142857,-30.49571428571,10.));
#4903 = VECTOR('',#4904,1.);
#4904 = DIRECTION('',(0.,-1.,0.));
#4905 = PLANE('',#4906);
#4906 = AXIS2_PLACEMENT_3D('',#4907,#4908,#4909);
#4907 = CARTESIAN_POINT('',(-0.327232142857,-30.49571428571,10.));
#4908 = DIRECTION('',(1.,0.,-0.));
#4909 = DIRECTION('',(0.,-1.,0.));
#4910 = ADVANCED_FACE('',(#4911),#4936,.T.);
#4911 = FACE_BOUND('',#4912,.T.);
#4912 = EDGE_LOOP('',(#4913,#4923,#4929,#4930));
#4913 = ORIENTED_EDGE('',*,*,#4914,.T.);
#4914 = EDGE_CURVE('',#4915,#4917,#4919,.T.);
#4915 = VERTEX_POINT('',#4916);
#4916 = CARTESIAN_POINT('',(0.866071428571,-30.49571428571,10.));
#4917 = VERTEX_POINT('',#4918);
#4918 = CARTESIAN_POINT('',(0.866071428571,-30.49571428571,11.));
#4919 = LINE('',#4920,#4921);
#4920 = CARTESIAN_POINT('',(0.866071428571,-30.49571428571,10.));
#4921 = VECTOR('',#4922,1.);
#4922 = DIRECTION('',(0.,0.,1.));
#4923 = ORIENTED_EDGE('',*,*,#4924,.T.);
#4924 = EDGE_CURVE('',#4917,#4886,#4925,.T.);
#4925 = LINE('',#4926,#4927);
#4926 = CARTESIAN_POINT('',(0.866071428571,-30.49571428571,11.));
#4927 = VECTOR('',#4928,1.);
#4928 = DIRECTION('',(-1.,0.,0.));
#4929 = ORIENTED_EDGE('',*,*,#4883,.F.);
#4930 = ORIENTED_EDGE('',*,*,#4931,.F.);
#4931 = EDGE_CURVE('',#4915,#4884,#4932,.T.);
#4932 = LINE('',#4933,#4934);
#4933 = CARTESIAN_POINT('',(0.866071428571,-30.49571428571,10.));
#4934 = VECTOR('',#4935,1.);
#4935 = DIRECTION('',(-1.,0.,0.));
#4936 = PLANE('',#4937);
#4937 = AXIS2_PLACEMENT_3D('',#4938,#4939,#4940);
#4938 = CARTESIAN_POINT('',(0.866071428571,-30.49571428571,10.));
#4939 = DIRECTION('',(0.,-1.,0.));
#4940 = DIRECTION('',(-1.,0.,0.));
#4941 = ADVANCED_FACE('',(#4942),#4967,.T.);
#4942 = FACE_BOUND('',#4943,.T.);
#4943 = EDGE_LOOP('',(#4944,#4954,#4960,#4961));
#4944 = ORIENTED_EDGE('',*,*,#4945,.T.);
#4945 = EDGE_CURVE('',#4946,#4948,#4950,.T.);
#4946 = VERTEX_POINT('',#4947);
#4947 = CARTESIAN_POINT('',(0.866071428571,-29.45,10.));
#4948 = VERTEX_POINT('',#4949);
#4949 = CARTESIAN_POINT('',(0.866071428571,-29.45,11.));
#4950 = LINE('',#4951,#4952);
#4951 = CARTESIAN_POINT('',(0.866071428571,-29.45,10.));
#4952 = VECTOR('',#4953,1.);
#4953 = DIRECTION('',(0.,0.,1.));
#4954 = ORIENTED_EDGE('',*,*,#4955,.T.);
#4955 = EDGE_CURVE('',#4948,#4917,#4956,.T.);
#4956 = LINE('',#4957,#4958);
#4957 = CARTESIAN_POINT('',(0.866071428571,-29.45,11.));
#4958 = VECTOR('',#4959,1.);
#4959 = DIRECTION('',(0.,-1.,0.));
#4960 = ORIENTED_EDGE('',*,*,#4914,.F.);
#4961 = ORIENTED_EDGE('',*,*,#4962,.F.);
#4962 = EDGE_CURVE('',#4946,#4915,#4963,.T.);
#4963 = LINE('',#4964,#4965);
#4964 = CARTESIAN_POINT('',(0.866071428571,-29.45,10.));
#4965 = VECTOR('',#4966,1.);
#4966 = DIRECTION('',(0.,-1.,0.));
#4967 = PLANE('',#4968);
#4968 = AXIS2_PLACEMENT_3D('',#4969,#4970,#4971);
#4969 = CARTESIAN_POINT('',(0.866071428571,-29.45,10.));
#4970 = DIRECTION('',(1.,0.,-0.));
#4971 = DIRECTION('',(0.,-1.,0.));
#4972 = ADVANCED_FACE('',(#4973),#4989,.T.);
#4973 = FACE_BOUND('',#4974,.T.);
#4974 = EDGE_LOOP('',(#4975,#4976,#4982,#4983));
#4975 = ORIENTED_EDGE('',*,*,#4644,.T.);
#4976 = ORIENTED_EDGE('',*,*,#4977,.T.);
#4977 = EDGE_CURVE('',#4637,#4948,#4978,.T.);
#4978 = LINE('',#4979,#4980);
#4979 = CARTESIAN_POINT('',(-2.705803571429,-29.45,11.));
#4980 = VECTOR('',#4981,1.);
#4981 = DIRECTION('',(1.,0.,0.));
#4982 = ORIENTED_EDGE('',*,*,#4945,.F.);
#4983 = ORIENTED_EDGE('',*,*,#4984,.F.);
#4984 = EDGE_CURVE('',#4645,#4946,#4985,.T.);
#4985 = LINE('',#4986,#4987);
#4986 = CARTESIAN_POINT('',(-2.705803571429,-29.45,10.));
#4987 = VECTOR('',#4988,1.);
#4988 = DIRECTION('',(1.,0.,0.));
#4989 = PLANE('',#4990);
#4990 = AXIS2_PLACEMENT_3D('',#4991,#4992,#4993);
#4991 = CARTESIAN_POINT('',(-2.705803571429,-29.45,10.));
#4992 = DIRECTION('',(0.,1.,0.));
#4993 = DIRECTION('',(1.,0.,0.));
#4994 = ADVANCED_FACE('',(#4995),#5009,.F.);
#4995 = FACE_BOUND('',#4996,.F.);
#4996 = EDGE_LOOP('',(#4997,#4998,#4999,#5000,#5001,#5002,#5003,#5004,
    #5005,#5006,#5007,#5008));
#4997 = ORIENTED_EDGE('',*,*,#4652,.F.);
#4998 = ORIENTED_EDGE('',*,*,#4683,.F.);
#4999 = ORIENTED_EDGE('',*,*,#4714,.F.);
#5000 = ORIENTED_EDGE('',*,*,#4745,.F.);
#5001 = ORIENTED_EDGE('',*,*,#4776,.F.);
#5002 = ORIENTED_EDGE('',*,*,#4807,.F.);
#5003 = ORIENTED_EDGE('',*,*,#4838,.F.);
#5004 = ORIENTED_EDGE('',*,*,#4869,.F.);
#5005 = ORIENTED_EDGE('',*,*,#4900,.F.);
#5006 = ORIENTED_EDGE('',*,*,#4931,.F.);
#5007 = ORIENTED_EDGE('',*,*,#4962,.F.);
#5008 = ORIENTED_EDGE('',*,*,#4984,.F.);
#5009 = PLANE('',#5010);
#5010 = AXIS2_PLACEMENT_3D('',#5011,#5012,#5013);
#5011 = CARTESIAN_POINT('',(-0.919866071429,-32.45,10.));
#5012 = DIRECTION('',(0.,0.,1.));
#5013 = DIRECTION('',(1.,0.,0.));
#5014 = ADVANCED_FACE('',(#5015),#5029,.T.);
#5015 = FACE_BOUND('',#5016,.T.);
#5016 = EDGE_LOOP('',(#5017,#5018,#5019,#5020,#5021,#5022,#5023,#5024,
    #5025,#5026,#5027,#5028));
#5017 = ORIENTED_EDGE('',*,*,#4636,.F.);
#5018 = ORIENTED_EDGE('',*,*,#4676,.F.);
#5019 = ORIENTED_EDGE('',*,*,#4707,.F.);
#5020 = ORIENTED_EDGE('',*,*,#4738,.F.);
#5021 = ORIENTED_EDGE('',*,*,#4769,.F.);
#5022 = ORIENTED_EDGE('',*,*,#4800,.F.);
#5023 = ORIENTED_EDGE('',*,*,#4831,.F.);
#5024 = ORIENTED_EDGE('',*,*,#4862,.F.);
#5025 = ORIENTED_EDGE('',*,*,#4893,.F.);
#5026 = ORIENTED_EDGE('',*,*,#4924,.F.);
#5027 = ORIENTED_EDGE('',*,*,#4955,.F.);
#5028 = ORIENTED_EDGE('',*,*,#4977,.F.);
#5029 = PLANE('',#5030);
#5030 = AXIS2_PLACEMENT_3D('',#5031,#5032,#5033);
#5031 = CARTESIAN_POINT('',(-0.919866071429,-32.45,11.));
#5032 = DIRECTION('',(0.,0.,1.));
#5033 = DIRECTION('',(1.,0.,0.));
#5034 = MANIFOLD_SOLID_BREP('',#5035);
#5035 = CLOSED_SHELL('',(#5036,#5076,#5107,#5138,#5169,#5200,#5231,#5262
    ,#5293,#5324,#5346,#5364));
#5036 = ADVANCED_FACE('',(#5037),#5071,.T.);
#5037 = FACE_BOUND('',#5038,.T.);
#5038 = EDGE_LOOP('',(#5039,#5049,#5057,#5065));
#5039 = ORIENTED_EDGE('',*,*,#5040,.T.);
#5040 = EDGE_CURVE('',#5041,#5043,#5045,.T.);
#5041 = VERTEX_POINT('',#5042);
#5042 = CARTESIAN_POINT('',(2.107857142857,-29.45,10.));
#5043 = VERTEX_POINT('',#5044);
#5044 = CARTESIAN_POINT('',(2.107857142857,-29.45,11.));
#5045 = LINE('',#5046,#5047);
#5046 = CARTESIAN_POINT('',(2.107857142857,-29.45,10.));
#5047 = VECTOR('',#5048,1.);
#5048 = DIRECTION('',(0.,0.,1.));
#5049 = ORIENTED_EDGE('',*,*,#5050,.T.);
#5050 = EDGE_CURVE('',#5043,#5051,#5053,.T.);
#5051 = VERTEX_POINT('',#5052);
#5052 = CARTESIAN_POINT('',(6.165892857143,-29.45,11.));
#5053 = LINE('',#5054,#5055);
#5054 = CARTESIAN_POINT('',(2.107857142857,-29.45,11.));
#5055 = VECTOR('',#5056,1.);
#5056 = DIRECTION('',(1.,0.,0.));
#5057 = ORIENTED_EDGE('',*,*,#5058,.F.);
#5058 = EDGE_CURVE('',#5059,#5051,#5061,.T.);
#5059 = VERTEX_POINT('',#5060);
#5060 = CARTESIAN_POINT('',(6.165892857143,-29.45,10.));
#5061 = LINE('',#5062,#5063);
#5062 = CARTESIAN_POINT('',(6.165892857143,-29.45,10.));
#5063 = VECTOR('',#5064,1.);
#5064 = DIRECTION('',(0.,0.,1.));
#5065 = ORIENTED_EDGE('',*,*,#5066,.F.);
#5066 = EDGE_CURVE('',#5041,#5059,#5067,.T.);
#5067 = LINE('',#5068,#5069);
#5068 = CARTESIAN_POINT('',(2.107857142857,-29.45,10.));
#5069 = VECTOR('',#5070,1.);
#5070 = DIRECTION('',(1.,0.,0.));
#5071 = PLANE('',#5072);
#5072 = AXIS2_PLACEMENT_3D('',#5073,#5074,#5075);
#5073 = CARTESIAN_POINT('',(2.107857142857,-29.45,10.));
#5074 = DIRECTION('',(0.,1.,0.));
#5075 = DIRECTION('',(1.,0.,0.));
#5076 = ADVANCED_FACE('',(#5077),#5102,.T.);
#5077 = FACE_BOUND('',#5078,.T.);
#5078 = EDGE_LOOP('',(#5079,#5089,#5095,#5096));
#5079 = ORIENTED_EDGE('',*,*,#5080,.T.);
#5080 = EDGE_CURVE('',#5081,#5083,#5085,.T.);
#5081 = VERTEX_POINT('',#5082);
#5082 = CARTESIAN_POINT('',(2.107857142857,-30.49571428571,10.));
#5083 = VERTEX_POINT('',#5084);
#5084 = CARTESIAN_POINT('',(2.107857142857,-30.49571428571,11.));
#5085 = LINE('',#5086,#5087);
#5086 = CARTESIAN_POINT('',(2.107857142857,-30.49571428571,10.));
#5087 = VECTOR('',#5088,1.);
#5088 = DIRECTION('',(0.,0.,1.));
#5089 = ORIENTED_EDGE('',*,*,#5090,.T.);
#5090 = EDGE_CURVE('',#5083,#5043,#5091,.T.);
#5091 = LINE('',#5092,#5093);
#5092 = CARTESIAN_POINT('',(2.107857142857,-30.49571428571,11.));
#5093 = VECTOR('',#5094,1.);
#5094 = DIRECTION('',(0.,1.,0.));
#5095 = ORIENTED_EDGE('',*,*,#5040,.F.);
#5096 = ORIENTED_EDGE('',*,*,#5097,.F.);
#5097 = EDGE_CURVE('',#5081,#5041,#5098,.T.);
#5098 = LINE('',#5099,#5100);
#5099 = CARTESIAN_POINT('',(2.107857142857,-30.49571428571,10.));
#5100 = VECTOR('',#5101,1.);
#5101 = DIRECTION('',(0.,1.,0.));
#5102 = PLANE('',#5103);
#5103 = AXIS2_PLACEMENT_3D('',#5104,#5105,#5106);
#5104 = CARTESIAN_POINT('',(2.107857142857,-30.49571428571,10.));
#5105 = DIRECTION('',(-1.,0.,0.));
#5106 = DIRECTION('',(0.,1.,0.));
#5107 = ADVANCED_FACE('',(#5108),#5133,.T.);
#5108 = FACE_BOUND('',#5109,.T.);
#5109 = EDGE_LOOP('',(#5110,#5120,#5126,#5127));
#5110 = ORIENTED_EDGE('',*,*,#5111,.T.);
#5111 = EDGE_CURVE('',#5112,#5114,#5116,.T.);
#5112 = VERTEX_POINT('',#5113);
#5113 = CARTESIAN_POINT('',(4.715446428571,-30.49571428571,10.));
#5114 = VERTEX_POINT('',#5115);
#5115 = CARTESIAN_POINT('',(4.715446428571,-30.49571428571,11.));
#5116 = LINE('',#5117,#5118);
#5117 = CARTESIAN_POINT('',(4.715446428571,-30.49571428571,10.));
#5118 = VECTOR('',#5119,1.);
#5119 = DIRECTION('',(0.,0.,1.));
#5120 = ORIENTED_EDGE('',*,*,#5121,.T.);
#5121 = EDGE_CURVE('',#5114,#5083,#5122,.T.);
#5122 = LINE('',#5123,#5124);
#5123 = CARTESIAN_POINT('',(4.715446428571,-30.49571428571,11.));
#5124 = VECTOR('',#5125,1.);
#5125 = DIRECTION('',(-1.,0.,0.));
#5126 = ORIENTED_EDGE('',*,*,#5080,.F.);
#5127 = ORIENTED_EDGE('',*,*,#5128,.F.);
#5128 = EDGE_CURVE('',#5112,#5081,#5129,.T.);
#5129 = LINE('',#5130,#5131);
#5130 = CARTESIAN_POINT('',(4.715446428571,-30.49571428571,10.));
#5131 = VECTOR('',#5132,1.);
#5132 = DIRECTION('',(-1.,0.,0.));
#5133 = PLANE('',#5134);
#5134 = AXIS2_PLACEMENT_3D('',#5135,#5136,#5137);
#5135 = CARTESIAN_POINT('',(4.715446428571,-30.49571428571,10.));
#5136 = DIRECTION('',(0.,-1.,0.));
#5137 = DIRECTION('',(-1.,0.,0.));
#5138 = ADVANCED_FACE('',(#5139),#5164,.T.);
#5139 = FACE_BOUND('',#5140,.T.);
#5140 = EDGE_LOOP('',(#5141,#5151,#5157,#5158));
#5141 = ORIENTED_EDGE('',*,*,#5142,.T.);
#5142 = EDGE_CURVE('',#5143,#5145,#5147,.T.);
#5143 = VERTEX_POINT('',#5144);
#5144 = CARTESIAN_POINT('',(2.019464285714,-34.46964285714,10.));
#5145 = VERTEX_POINT('',#5146);
#5146 = CARTESIAN_POINT('',(2.019464285714,-34.46964285714,11.));
#5147 = LINE('',#5148,#5149);
#5148 = CARTESIAN_POINT('',(2.019464285714,-34.46964285714,10.));
#5149 = VECTOR('',#5150,1.);
#5150 = DIRECTION('',(0.,0.,1.));
#5151 = ORIENTED_EDGE('',*,*,#5152,.T.);
#5152 = EDGE_CURVE('',#5145,#5114,#5153,.T.);
#5153 = LINE('',#5154,#5155);
#5154 = CARTESIAN_POINT('',(2.019464285714,-34.46964285714,11.));
#5155 = VECTOR('',#5156,1.);
#5156 = DIRECTION('',(0.56141411766,0.827535007412,0.));
#5157 = ORIENTED_EDGE('',*,*,#5111,.F.);
#5158 = ORIENTED_EDGE('',*,*,#5159,.F.);
#5159 = EDGE_CURVE('',#5143,#5112,#5160,.T.);
#5160 = LINE('',#5161,#5162);
#5161 = CARTESIAN_POINT('',(2.019464285714,-34.46964285714,10.));
#5162 = VECTOR('',#5163,1.);
#5163 = DIRECTION('',(0.56141411766,0.827535007412,0.));
#5164 = PLANE('',#5165);
#5165 = AXIS2_PLACEMENT_3D('',#5166,#5167,#5168);
#5166 = CARTESIAN_POINT('',(2.019464285714,-34.46964285714,10.));
#5167 = DIRECTION('',(-0.827535007412,0.56141411766,0.));
#5168 = DIRECTION('',(0.56141411766,0.827535007412,0.));
#5169 = ADVANCED_FACE('',(#5170),#5195,.T.);
#5170 = FACE_BOUND('',#5171,.T.);
#5171 = EDGE_LOOP('',(#5172,#5182,#5188,#5189));
#5172 = ORIENTED_EDGE('',*,*,#5173,.T.);
#5173 = EDGE_CURVE('',#5174,#5176,#5178,.T.);
#5174 = VERTEX_POINT('',#5175);
#5175 = CARTESIAN_POINT('',(2.019464285714,-35.45,10.));
#5176 = VERTEX_POINT('',#5177);
#5177 = CARTESIAN_POINT('',(2.019464285714,-35.45,11.));
#5178 = LINE('',#5179,#5180);
#5179 = CARTESIAN_POINT('',(2.019464285714,-35.45,10.));
#5180 = VECTOR('',#5181,1.);
#5181 = DIRECTION('',(0.,0.,1.));
#5182 = ORIENTED_EDGE('',*,*,#5183,.T.);
#5183 = EDGE_CURVE('',#5176,#5145,#5184,.T.);
#5184 = LINE('',#5185,#5186);
#5185 = CARTESIAN_POINT('',(2.019464285714,-35.45,11.));
#5186 = VECTOR('',#5187,1.);
#5187 = DIRECTION('',(0.,1.,0.));
#5188 = ORIENTED_EDGE('',*,*,#5142,.F.);
#5189 = ORIENTED_EDGE('',*,*,#5190,.F.);
#5190 = EDGE_CURVE('',#5174,#5143,#5191,.T.);
#5191 = LINE('',#5192,#5193);
#5192 = CARTESIAN_POINT('',(2.019464285714,-35.45,10.));
#5193 = VECTOR('',#5194,1.);
#5194 = DIRECTION('',(0.,1.,0.));
#5195 = PLANE('',#5196);
#5196 = AXIS2_PLACEMENT_3D('',#5197,#5198,#5199);
#5197 = CARTESIAN_POINT('',(2.019464285714,-35.45,10.));
#5198 = DIRECTION('',(-1.,0.,0.));
#5199 = DIRECTION('',(0.,1.,0.));
#5200 = ADVANCED_FACE('',(#5201),#5226,.T.);
#5201 = FACE_BOUND('',#5202,.T.);
#5202 = EDGE_LOOP('',(#5203,#5213,#5219,#5220));
#5203 = ORIENTED_EDGE('',*,*,#5204,.T.);
#5204 = EDGE_CURVE('',#5205,#5207,#5209,.T.);
#5205 = VERTEX_POINT('',#5206);
#5206 = CARTESIAN_POINT('',(6.222142857143,-35.45,10.));
#5207 = VERTEX_POINT('',#5208);
#5208 = CARTESIAN_POINT('',(6.222142857143,-35.45,11.));
#5209 = LINE('',#5210,#5211);
#5210 = CARTESIAN_POINT('',(6.222142857143,-35.45,10.));
#5211 = VECTOR('',#5212,1.);
#5212 = DIRECTION('',(0.,0.,1.));
#5213 = ORIENTED_EDGE('',*,*,#5214,.T.);
#5214 = EDGE_CURVE('',#5207,#5176,#5215,.T.);
#5215 = LINE('',#5216,#5217);
#5216 = CARTESIAN_POINT('',(6.222142857143,-35.45,11.));
#5217 = VECTOR('',#5218,1.);
#5218 = DIRECTION('',(-1.,0.,0.));
#5219 = ORIENTED_EDGE('',*,*,#5173,.F.);
#5220 = ORIENTED_EDGE('',*,*,#5221,.F.);
#5221 = EDGE_CURVE('',#5205,#5174,#5222,.T.);
#5222 = LINE('',#5223,#5224);
#5223 = CARTESIAN_POINT('',(6.222142857143,-35.45,10.));
#5224 = VECTOR('',#5225,1.);
#5225 = DIRECTION('',(-1.,0.,0.));
#5226 = PLANE('',#5227);
#5227 = AXIS2_PLACEMENT_3D('',#5228,#5229,#5230);
#5228 = CARTESIAN_POINT('',(6.222142857143,-35.45,10.));
#5229 = DIRECTION('',(0.,-1.,0.));
#5230 = DIRECTION('',(-1.,0.,0.));
#5231 = ADVANCED_FACE('',(#5232),#5257,.T.);
#5232 = FACE_BOUND('',#5233,.T.);
#5233 = EDGE_LOOP('',(#5234,#5244,#5250,#5251));
#5234 = ORIENTED_EDGE('',*,*,#5235,.T.);
#5235 = EDGE_CURVE('',#5236,#5238,#5240,.T.);
#5236 = VERTEX_POINT('',#5237);
#5237 = CARTESIAN_POINT('',(6.222142857143,-34.40428571428,10.));
#5238 = VERTEX_POINT('',#5239);
#5239 = CARTESIAN_POINT('',(6.222142857143,-34.40428571428,11.));
#5240 = LINE('',#5241,#5242);
#5241 = CARTESIAN_POINT('',(6.222142857143,-34.40428571428,10.));
#5242 = VECTOR('',#5243,1.);
#5243 = DIRECTION('',(0.,0.,1.));
#5244 = ORIENTED_EDGE('',*,*,#5245,.T.);
#5245 = EDGE_CURVE('',#5238,#5207,#5246,.T.);
#5246 = LINE('',#5247,#5248);
#5247 = CARTESIAN_POINT('',(6.222142857143,-34.40428571428,11.));
#5248 = VECTOR('',#5249,1.);
#5249 = DIRECTION('',(0.,-1.,0.));
#5250 = ORIENTED_EDGE('',*,*,#5204,.F.);
#5251 = ORIENTED_EDGE('',*,*,#5252,.F.);
#5252 = EDGE_CURVE('',#5236,#5205,#5253,.T.);
#5253 = LINE('',#5254,#5255);
#5254 = CARTESIAN_POINT('',(6.222142857143,-34.40428571428,10.));
#5255 = VECTOR('',#5256,1.);
#5256 = DIRECTION('',(0.,-1.,0.));
#5257 = PLANE('',#5258);
#5258 = AXIS2_PLACEMENT_3D('',#5259,#5260,#5261);
#5259 = CARTESIAN_POINT('',(6.222142857143,-34.40428571428,10.));
#5260 = DIRECTION('',(1.,0.,-0.));
#5261 = DIRECTION('',(0.,-1.,0.));
#5262 = ADVANCED_FACE('',(#5263),#5288,.T.);
#5263 = FACE_BOUND('',#5264,.T.);
#5264 = EDGE_LOOP('',(#5265,#5275,#5281,#5282));
#5265 = ORIENTED_EDGE('',*,*,#5266,.T.);
#5266 = EDGE_CURVE('',#5267,#5269,#5271,.T.);
#5267 = VERTEX_POINT('',#5268);
#5268 = CARTESIAN_POINT('',(3.385535714286,-34.40428571428,10.));
#5269 = VERTEX_POINT('',#5270);
#5270 = CARTESIAN_POINT('',(3.385535714286,-34.40428571428,11.));
#5271 = LINE('',#5272,#5273);
#5272 = CARTESIAN_POINT('',(3.385535714286,-34.40428571428,10.));
#5273 = VECTOR('',#5274,1.);
#5274 = DIRECTION('',(0.,0.,1.));
#5275 = ORIENTED_EDGE('',*,*,#5276,.T.);
#5276 = EDGE_CURVE('',#5269,#5238,#5277,.T.);
#5277 = LINE('',#5278,#5279);
#5278 = CARTESIAN_POINT('',(3.385535714286,-34.40428571428,11.));
#5279 = VECTOR('',#5280,1.);
#5280 = DIRECTION('',(1.,0.,0.));
#5281 = ORIENTED_EDGE('',*,*,#5235,.F.);
#5282 = ORIENTED_EDGE('',*,*,#5283,.F.);
#5283 = EDGE_CURVE('',#5267,#5236,#5284,.T.);
#5284 = LINE('',#5285,#5286);
#5285 = CARTESIAN_POINT('',(3.385535714286,-34.40428571428,10.));
#5286 = VECTOR('',#5287,1.);
#5287 = DIRECTION('',(1.,0.,0.));
#5288 = PLANE('',#5289);
#5289 = AXIS2_PLACEMENT_3D('',#5290,#5291,#5292);
#5290 = CARTESIAN_POINT('',(3.385535714286,-34.40428571428,10.));
#5291 = DIRECTION('',(0.,1.,0.));
#5292 = DIRECTION('',(1.,0.,0.));
#5293 = ADVANCED_FACE('',(#5294),#5319,.T.);
#5294 = FACE_BOUND('',#5295,.T.);
#5295 = EDGE_LOOP('',(#5296,#5306,#5312,#5313));
#5296 = ORIENTED_EDGE('',*,*,#5297,.T.);
#5297 = EDGE_CURVE('',#5298,#5300,#5302,.T.);
#5298 = VERTEX_POINT('',#5299);
#5299 = CARTESIAN_POINT('',(6.165892857143,-30.43035714285,10.));
#5300 = VERTEX_POINT('',#5301);
#5301 = CARTESIAN_POINT('',(6.165892857143,-30.43035714285,11.));
#5302 = LINE('',#5303,#5304);
#5303 = CARTESIAN_POINT('',(6.165892857143,-30.43035714285,10.));
#5304 = VECTOR('',#5305,1.);
#5305 = DIRECTION('',(0.,0.,1.));
#5306 = ORIENTED_EDGE('',*,*,#5307,.T.);
#5307 = EDGE_CURVE('',#5300,#5269,#5308,.T.);
#5308 = LINE('',#5309,#5310);
#5309 = CARTESIAN_POINT('',(6.165892857143,-30.43035714285,11.));
#5310 = VECTOR('',#5311,1.);
#5311 = DIRECTION('',(-0.573269585488,-0.819366817948,0.));
#5312 = ORIENTED_EDGE('',*,*,#5266,.F.);
#5313 = ORIENTED_EDGE('',*,*,#5314,.F.);
#5314 = EDGE_CURVE('',#5298,#5267,#5315,.T.);
#5315 = LINE('',#5316,#5317);
#5316 = CARTESIAN_POINT('',(6.165892857143,-30.43035714285,10.));
#5317 = VECTOR('',#5318,1.);
#5318 = DIRECTION('',(-0.573269585488,-0.819366817948,0.));
#5319 = PLANE('',#5320);
#5320 = AXIS2_PLACEMENT_3D('',#5321,#5322,#5323);
#5321 = CARTESIAN_POINT('',(6.165892857143,-30.43035714285,10.));
#5322 = DIRECTION('',(0.819366817948,-0.573269585488,0.));
#5323 = DIRECTION('',(-0.573269585488,-0.819366817948,0.));
#5324 = ADVANCED_FACE('',(#5325),#5341,.T.);
#5325 = FACE_BOUND('',#5326,.T.);
#5326 = EDGE_LOOP('',(#5327,#5328,#5334,#5335));
#5327 = ORIENTED_EDGE('',*,*,#5058,.T.);
#5328 = ORIENTED_EDGE('',*,*,#5329,.T.);
#5329 = EDGE_CURVE('',#5051,#5300,#5330,.T.);
#5330 = LINE('',#5331,#5332);
#5331 = CARTESIAN_POINT('',(6.165892857143,-29.45,11.));
#5332 = VECTOR('',#5333,1.);
#5333 = DIRECTION('',(0.,-1.,0.));
#5334 = ORIENTED_EDGE('',*,*,#5297,.F.);
#5335 = ORIENTED_EDGE('',*,*,#5336,.F.);
#5336 = EDGE_CURVE('',#5059,#5298,#5337,.T.);
#5337 = LINE('',#5338,#5339);
#5338 = CARTESIAN_POINT('',(6.165892857143,-29.45,10.));
#5339 = VECTOR('',#5340,1.);
#5340 = DIRECTION('',(0.,-1.,0.));
#5341 = PLANE('',#5342);
#5342 = AXIS2_PLACEMENT_3D('',#5343,#5344,#5345);
#5343 = CARTESIAN_POINT('',(6.165892857143,-29.45,10.));
#5344 = DIRECTION('',(1.,0.,-0.));
#5345 = DIRECTION('',(0.,-1.,0.));
#5346 = ADVANCED_FACE('',(#5347),#5359,.F.);
#5347 = FACE_BOUND('',#5348,.F.);
#5348 = EDGE_LOOP('',(#5349,#5350,#5351,#5352,#5353,#5354,#5355,#5356,
    #5357,#5358));
#5349 = ORIENTED_EDGE('',*,*,#5066,.F.);
#5350 = ORIENTED_EDGE('',*,*,#5097,.F.);
#5351 = ORIENTED_EDGE('',*,*,#5128,.F.);
#5352 = ORIENTED_EDGE('',*,*,#5159,.F.);
#5353 = ORIENTED_EDGE('',*,*,#5190,.F.);
#5354 = ORIENTED_EDGE('',*,*,#5221,.F.);
#5355 = ORIENTED_EDGE('',*,*,#5252,.F.);
#5356 = ORIENTED_EDGE('',*,*,#5283,.F.);
#5357 = ORIENTED_EDGE('',*,*,#5314,.F.);
#5358 = ORIENTED_EDGE('',*,*,#5336,.F.);
#5359 = PLANE('',#5360);
#5360 = AXIS2_PLACEMENT_3D('',#5361,#5362,#5363);
#5361 = CARTESIAN_POINT('',(4.111663452635,-32.4821034959,10.));
#5362 = DIRECTION('',(0.,0.,1.));
#5363 = DIRECTION('',(1.,0.,0.));
#5364 = ADVANCED_FACE('',(#5365),#5377,.T.);
#5365 = FACE_BOUND('',#5366,.T.);
#5366 = EDGE_LOOP('',(#5367,#5368,#5369,#5370,#5371,#5372,#5373,#5374,
    #5375,#5376));
#5367 = ORIENTED_EDGE('',*,*,#5050,.F.);
#5368 = ORIENTED_EDGE('',*,*,#5090,.F.);
#5369 = ORIENTED_EDGE('',*,*,#5121,.F.);
#5370 = ORIENTED_EDGE('',*,*,#5152,.F.);
#5371 = ORIENTED_EDGE('',*,*,#5183,.F.);
#5372 = ORIENTED_EDGE('',*,*,#5214,.F.);
#5373 = ORIENTED_EDGE('',*,*,#5245,.F.);
#5374 = ORIENTED_EDGE('',*,*,#5276,.F.);
#5375 = ORIENTED_EDGE('',*,*,#5307,.F.);
#5376 = ORIENTED_EDGE('',*,*,#5329,.F.);
#5377 = PLANE('',#5378);
#5378 = AXIS2_PLACEMENT_3D('',#5379,#5380,#5381);
#5379 = CARTESIAN_POINT('',(4.111663452635,-32.4821034959,11.));
#5380 = DIRECTION('',(0.,0.,1.));
#5381 = DIRECTION('',(1.,0.,0.));
#5382 = MANIFOLD_SOLID_BREP('',#5383);
#5383 = CLOSED_SHELL('',(#5384,#5424,#5455,#5486,#5517,#5548,#5579,#5610
    ,#5641,#5672,#5703,#5734,#5756,#5776));
#5384 = ADVANCED_FACE('',(#5385),#5419,.T.);
#5385 = FACE_BOUND('',#5386,.T.);
#5386 = EDGE_LOOP('',(#5387,#5397,#5405,#5413));
#5387 = ORIENTED_EDGE('',*,*,#5388,.T.);
#5388 = EDGE_CURVE('',#5389,#5391,#5393,.T.);
#5389 = VERTEX_POINT('',#5390);
#5390 = CARTESIAN_POINT('',(10.923303571429,-35.45,10.));
#5391 = VERTEX_POINT('',#5392);
#5392 = CARTESIAN_POINT('',(10.923303571429,-35.45,11.));
#5393 = LINE('',#5394,#5395);
#5394 = CARTESIAN_POINT('',(10.923303571429,-35.45,10.));
#5395 = VECTOR('',#5396,1.);
#5396 = DIRECTION('',(0.,0.,1.));
#5397 = ORIENTED_EDGE('',*,*,#5398,.T.);
#5398 = EDGE_CURVE('',#5391,#5399,#5401,.T.);
#5399 = VERTEX_POINT('',#5400);
#5400 = CARTESIAN_POINT('',(7.186696428571,-35.45,11.));
#5401 = LINE('',#5402,#5403);
#5402 = CARTESIAN_POINT('',(10.923303571429,-35.45,11.));
#5403 = VECTOR('',#5404,1.);
#5404 = DIRECTION('',(-1.,0.,0.));
#5405 = ORIENTED_EDGE('',*,*,#5406,.F.);
#5406 = EDGE_CURVE('',#5407,#5399,#5409,.T.);
#5407 = VERTEX_POINT('',#5408);
#5408 = CARTESIAN_POINT('',(7.186696428571,-35.45,10.));
#5409 = LINE('',#5410,#5411);
#5410 = CARTESIAN_POINT('',(7.186696428571,-35.45,10.));
#5411 = VECTOR('',#5412,1.);
#5412 = DIRECTION('',(0.,0.,1.));
#5413 = ORIENTED_EDGE('',*,*,#5414,.F.);
#5414 = EDGE_CURVE('',#5389,#5407,#5415,.T.);
#5415 = LINE('',#5416,#5417);
#5416 = CARTESIAN_POINT('',(10.923303571429,-35.45,10.));
#5417 = VECTOR('',#5418,1.);
#5418 = DIRECTION('',(-1.,0.,0.));
#5419 = PLANE('',#5420);
#5420 = AXIS2_PLACEMENT_3D('',#5421,#5422,#5423);
#5421 = CARTESIAN_POINT('',(10.923303571429,-35.45,10.));
#5422 = DIRECTION('',(0.,-1.,0.));
#5423 = DIRECTION('',(-1.,0.,0.));
#5424 = ADVANCED_FACE('',(#5425),#5450,.T.);
#5425 = FACE_BOUND('',#5426,.T.);
#5426 = EDGE_LOOP('',(#5427,#5437,#5443,#5444));
#5427 = ORIENTED_EDGE('',*,*,#5428,.T.);
#5428 = EDGE_CURVE('',#5429,#5431,#5433,.T.);
#5429 = VERTEX_POINT('',#5430);
#5430 = CARTESIAN_POINT('',(10.923303571429,-34.40428571428,10.));
#5431 = VERTEX_POINT('',#5432);
#5432 = CARTESIAN_POINT('',(10.923303571429,-34.40428571428,11.));
#5433 = LINE('',#5434,#5435);
#5434 = CARTESIAN_POINT('',(10.923303571429,-34.40428571428,10.));
#5435 = VECTOR('',#5436,1.);
#5436 = DIRECTION('',(0.,0.,1.));
#5437 = ORIENTED_EDGE('',*,*,#5438,.T.);
#5438 = EDGE_CURVE('',#5431,#5391,#5439,.T.);
#5439 = LINE('',#5440,#5441);
#5440 = CARTESIAN_POINT('',(10.923303571429,-34.40428571428,11.));
#5441 = VECTOR('',#5442,1.);
#5442 = DIRECTION('',(0.,-1.,0.));
#5443 = ORIENTED_EDGE('',*,*,#5388,.F.);
#5444 = ORIENTED_EDGE('',*,*,#5445,.F.);
#5445 = EDGE_CURVE('',#5429,#5389,#5446,.T.);
#5446 = LINE('',#5447,#5448);
#5447 = CARTESIAN_POINT('',(10.923303571429,-34.40428571428,10.));
#5448 = VECTOR('',#5449,1.);
#5449 = DIRECTION('',(0.,-1.,0.));
#5450 = PLANE('',#5451);
#5451 = AXIS2_PLACEMENT_3D('',#5452,#5453,#5454);
#5452 = CARTESIAN_POINT('',(10.923303571429,-34.40428571428,10.));
#5453 = DIRECTION('',(1.,0.,-0.));
#5454 = DIRECTION('',(0.,-1.,0.));
#5455 = ADVANCED_FACE('',(#5456),#5481,.T.);
#5456 = FACE_BOUND('',#5457,.T.);
#5457 = EDGE_LOOP('',(#5458,#5468,#5474,#5475));
#5458 = ORIENTED_EDGE('',*,*,#5459,.T.);
#5459 = EDGE_CURVE('',#5460,#5462,#5464,.T.);
#5460 = VERTEX_POINT('',#5461);
#5461 = CARTESIAN_POINT('',(8.371964285714,-34.40428571428,10.));
#5462 = VERTEX_POINT('',#5463);
#5463 = CARTESIAN_POINT('',(8.371964285714,-34.40428571428,11.));
#5464 = LINE('',#5465,#5466);
#5465 = CARTESIAN_POINT('',(8.371964285714,-34.40428571428,10.));
#5466 = VECTOR('',#5467,1.);
#5467 = DIRECTION('',(0.,0.,1.));
#5468 = ORIENTED_EDGE('',*,*,#5469,.T.);
#5469 = EDGE_CURVE('',#5462,#5431,#5470,.T.);
#5470 = LINE('',#5471,#5472);
#5471 = CARTESIAN_POINT('',(8.371964285714,-34.40428571428,11.));
#5472 = VECTOR('',#5473,1.);
#5473 = DIRECTION('',(1.,0.,0.));
#5474 = ORIENTED_EDGE('',*,*,#5428,.F.);
#5475 = ORIENTED_EDGE('',*,*,#5476,.F.);
#5476 = EDGE_CURVE('',#5460,#5429,#5477,.T.);
#5477 = LINE('',#5478,#5479);
#5478 = CARTESIAN_POINT('',(8.371964285714,-34.40428571428,10.));
#5479 = VECTOR('',#5480,1.);
#5480 = DIRECTION('',(1.,0.,0.));
#5481 = PLANE('',#5482);
#5482 = AXIS2_PLACEMENT_3D('',#5483,#5484,#5485);
#5483 = CARTESIAN_POINT('',(8.371964285714,-34.40428571428,10.));
#5484 = DIRECTION('',(0.,1.,0.));
#5485 = DIRECTION('',(1.,0.,0.));
#5486 = ADVANCED_FACE('',(#5487),#5512,.T.);
#5487 = FACE_BOUND('',#5488,.T.);
#5488 = EDGE_LOOP('',(#5489,#5499,#5505,#5506));
#5489 = ORIENTED_EDGE('',*,*,#5490,.T.);
#5490 = EDGE_CURVE('',#5491,#5493,#5495,.T.);
#5491 = VERTEX_POINT('',#5492);
#5492 = CARTESIAN_POINT('',(8.371964285714,-32.82714285714,10.));
#5493 = VERTEX_POINT('',#5494);
#5494 = CARTESIAN_POINT('',(8.371964285714,-32.82714285714,11.));
#5495 = LINE('',#5496,#5497);
#5496 = CARTESIAN_POINT('',(8.371964285714,-32.82714285714,10.));
#5497 = VECTOR('',#5498,1.);
#5498 = DIRECTION('',(0.,0.,1.));
#5499 = ORIENTED_EDGE('',*,*,#5500,.T.);
#5500 = EDGE_CURVE('',#5493,#5462,#5501,.T.);
#5501 = LINE('',#5502,#5503);
#5502 = CARTESIAN_POINT('',(8.371964285714,-32.82714285714,11.));
#5503 = VECTOR('',#5504,1.);
#5504 = DIRECTION('',(0.,-1.,0.));
#5505 = ORIENTED_EDGE('',*,*,#5459,.F.);
#5506 = ORIENTED_EDGE('',*,*,#5507,.F.);
#5507 = EDGE_CURVE('',#5491,#5460,#5508,.T.);
#5508 = LINE('',#5509,#5510);
#5509 = CARTESIAN_POINT('',(8.371964285714,-32.82714285714,10.));
#5510 = VECTOR('',#5511,1.);
#5511 = DIRECTION('',(0.,-1.,0.));
#5512 = PLANE('',#5513);
#5513 = AXIS2_PLACEMENT_3D('',#5514,#5515,#5516);
#5514 = CARTESIAN_POINT('',(8.371964285714,-32.82714285714,10.));
#5515 = DIRECTION('',(1.,0.,-0.));
#5516 = DIRECTION('',(0.,-1.,0.));
#5517 = ADVANCED_FACE('',(#5518),#5543,.T.);
#5518 = FACE_BOUND('',#5519,.T.);
#5519 = EDGE_LOOP('',(#5520,#5530,#5536,#5537));
#5520 = ORIENTED_EDGE('',*,*,#5521,.T.);
#5521 = EDGE_CURVE('',#5522,#5524,#5526,.T.);
#5522 = VERTEX_POINT('',#5523);
#5523 = CARTESIAN_POINT('',(10.682232142857,-32.82714285714,10.));
#5524 = VERTEX_POINT('',#5525);
#5525 = CARTESIAN_POINT('',(10.682232142857,-32.82714285714,11.));
#5526 = LINE('',#5527,#5528);
#5527 = CARTESIAN_POINT('',(10.682232142857,-32.82714285714,10.));
#5528 = VECTOR('',#5529,1.);
#5529 = DIRECTION('',(0.,0.,1.));
#5530 = ORIENTED_EDGE('',*,*,#5531,.T.);
#5531 = EDGE_CURVE('',#5524,#5493,#5532,.T.);
#5532 = LINE('',#5533,#5534);
#5533 = CARTESIAN_POINT('',(10.682232142857,-32.82714285714,11.));
#5534 = VECTOR('',#5535,1.);
#5535 = DIRECTION('',(-1.,0.,0.));
#5536 = ORIENTED_EDGE('',*,*,#5490,.F.);
#5537 = ORIENTED_EDGE('',*,*,#5538,.F.);
#5538 = EDGE_CURVE('',#5522,#5491,#5539,.T.);
#5539 = LINE('',#5540,#5541);
#5540 = CARTESIAN_POINT('',(10.682232142857,-32.82714285714,10.));
#5541 = VECTOR('',#5542,1.);
#5542 = DIRECTION('',(-1.,0.,0.));
#5543 = PLANE('',#5544);
#5544 = AXIS2_PLACEMENT_3D('',#5545,#5546,#5547);
#5545 = CARTESIAN_POINT('',(10.682232142857,-32.82714285714,10.));
#5546 = DIRECTION('',(0.,-1.,0.));
#5547 = DIRECTION('',(-1.,0.,0.));
#5548 = ADVANCED_FACE('',(#5549),#5574,.T.);
#5549 = FACE_BOUND('',#5550,.T.);
#5550 = EDGE_LOOP('',(#5551,#5561,#5567,#5568));
#5551 = ORIENTED_EDGE('',*,*,#5552,.T.);
#5552 = EDGE_CURVE('',#5553,#5555,#5557,.T.);
#5553 = VERTEX_POINT('',#5554);
#5554 = CARTESIAN_POINT('',(10.682232142857,-31.78142857142,10.));
#5555 = VERTEX_POINT('',#5556);
#5556 = CARTESIAN_POINT('',(10.682232142857,-31.78142857142,11.));
#5557 = LINE('',#5558,#5559);
#5558 = CARTESIAN_POINT('',(10.682232142857,-31.78142857142,10.));
#5559 = VECTOR('',#5560,1.);
#5560 = DIRECTION('',(0.,0.,1.));
#5561 = ORIENTED_EDGE('',*,*,#5562,.T.);
#5562 = EDGE_CURVE('',#5555,#5524,#5563,.T.);
#5563 = LINE('',#5564,#5565);
#5564 = CARTESIAN_POINT('',(10.682232142857,-31.78142857142,11.));
#5565 = VECTOR('',#5566,1.);
#5566 = DIRECTION('',(0.,-1.,0.));
#5567 = ORIENTED_EDGE('',*,*,#5521,.F.);
#5568 = ORIENTED_EDGE('',*,*,#5569,.F.);
#5569 = EDGE_CURVE('',#5553,#5522,#5570,.T.);
#5570 = LINE('',#5571,#5572);
#5571 = CARTESIAN_POINT('',(10.682232142857,-31.78142857142,10.));
#5572 = VECTOR('',#5573,1.);
#5573 = DIRECTION('',(0.,-1.,0.));
#5574 = PLANE('',#5575);
#5575 = AXIS2_PLACEMENT_3D('',#5576,#5577,#5578);
#5576 = CARTESIAN_POINT('',(10.682232142857,-31.78142857142,10.));
#5577 = DIRECTION('',(1.,0.,-0.));
#5578 = DIRECTION('',(0.,-1.,0.));
#5579 = ADVANCED_FACE('',(#5580),#5605,.T.);
#5580 = FACE_BOUND('',#5581,.T.);
#5581 = EDGE_LOOP('',(#5582,#5592,#5598,#5599));
#5582 = ORIENTED_EDGE('',*,*,#5583,.T.);
#5583 = EDGE_CURVE('',#5584,#5586,#5588,.T.);
#5584 = VERTEX_POINT('',#5585);
#5585 = CARTESIAN_POINT('',(8.371964285714,-31.78142857142,10.));
#5586 = VERTEX_POINT('',#5587);
#5587 = CARTESIAN_POINT('',(8.371964285714,-31.78142857142,11.));
#5588 = LINE('',#5589,#5590);
#5589 = CARTESIAN_POINT('',(8.371964285714,-31.78142857142,10.));
#5590 = VECTOR('',#5591,1.);
#5591 = DIRECTION('',(0.,0.,1.));
#5592 = ORIENTED_EDGE('',*,*,#5593,.T.);
#5593 = EDGE_CURVE('',#5586,#5555,#5594,.T.);
#5594 = LINE('',#5595,#5596);
#5595 = CARTESIAN_POINT('',(8.371964285714,-31.78142857142,11.));
#5596 = VECTOR('',#5597,1.);
#5597 = DIRECTION('',(1.,0.,0.));
#5598 = ORIENTED_EDGE('',*,*,#5552,.F.);
#5599 = ORIENTED_EDGE('',*,*,#5600,.F.);
#5600 = EDGE_CURVE('',#5584,#5553,#5601,.T.);
#5601 = LINE('',#5602,#5603);
#5602 = CARTESIAN_POINT('',(8.371964285714,-31.78142857142,10.));
#5603 = VECTOR('',#5604,1.);
#5604 = DIRECTION('',(1.,0.,0.));
#5605 = PLANE('',#5606);
#5606 = AXIS2_PLACEMENT_3D('',#5607,#5608,#5609);
#5607 = CARTESIAN_POINT('',(8.371964285714,-31.78142857142,10.));
#5608 = DIRECTION('',(0.,1.,0.));
#5609 = DIRECTION('',(1.,0.,0.));
#5610 = ADVANCED_FACE('',(#5611),#5636,.T.);
#5611 = FACE_BOUND('',#5612,.T.);
#5612 = EDGE_LOOP('',(#5613,#5623,#5629,#5630));
#5613 = ORIENTED_EDGE('',*,*,#5614,.T.);
#5614 = EDGE_CURVE('',#5615,#5617,#5619,.T.);
#5615 = VERTEX_POINT('',#5616);
#5616 = CARTESIAN_POINT('',(8.371964285714,-30.49571428571,10.));
#5617 = VERTEX_POINT('',#5618);
#5618 = CARTESIAN_POINT('',(8.371964285714,-30.49571428571,11.));
#5619 = LINE('',#5620,#5621);
#5620 = CARTESIAN_POINT('',(8.371964285714,-30.49571428571,10.));
#5621 = VECTOR('',#5622,1.);
#5622 = DIRECTION('',(0.,0.,1.));
#5623 = ORIENTED_EDGE('',*,*,#5624,.T.);
#5624 = EDGE_CURVE('',#5617,#5586,#5625,.T.);
#5625 = LINE('',#5626,#5627);
#5626 = CARTESIAN_POINT('',(8.371964285714,-30.49571428571,11.));
#5627 = VECTOR('',#5628,1.);
#5628 = DIRECTION('',(0.,-1.,0.));
#5629 = ORIENTED_EDGE('',*,*,#5583,.F.);
#5630 = ORIENTED_EDGE('',*,*,#5631,.F.);
#5631 = EDGE_CURVE('',#5615,#5584,#5632,.T.);
#5632 = LINE('',#5633,#5634);
#5633 = CARTESIAN_POINT('',(8.371964285714,-30.49571428571,10.));
#5634 = VECTOR('',#5635,1.);
#5635 = DIRECTION('',(0.,-1.,0.));
#5636 = PLANE('',#5637);
#5637 = AXIS2_PLACEMENT_3D('',#5638,#5639,#5640);
#5638 = CARTESIAN_POINT('',(8.371964285714,-30.49571428571,10.));
#5639 = DIRECTION('',(1.,0.,-0.));
#5640 = DIRECTION('',(0.,-1.,0.));
#5641 = ADVANCED_FACE('',(#5642),#5667,.T.);
#5642 = FACE_BOUND('',#5643,.T.);
#5643 = EDGE_LOOP('',(#5644,#5654,#5660,#5661));
#5644 = ORIENTED_EDGE('',*,*,#5645,.T.);
#5645 = EDGE_CURVE('',#5646,#5648,#5650,.T.);
#5646 = VERTEX_POINT('',#5647);
#5647 = CARTESIAN_POINT('',(10.923303571429,-30.49571428571,10.));
#5648 = VERTEX_POINT('',#5649);
#5649 = CARTESIAN_POINT('',(10.923303571429,-30.49571428571,11.));
#5650 = LINE('',#5651,#5652);
#5651 = CARTESIAN_POINT('',(10.923303571429,-30.49571428571,10.));
#5652 = VECTOR('',#5653,1.);
#5653 = DIRECTION('',(0.,0.,1.));
#5654 = ORIENTED_EDGE('',*,*,#5655,.T.);
#5655 = EDGE_CURVE('',#5648,#5617,#5656,.T.);
#5656 = LINE('',#5657,#5658);
#5657 = CARTESIAN_POINT('',(10.923303571429,-30.49571428571,11.));
#5658 = VECTOR('',#5659,1.);
#5659 = DIRECTION('',(-1.,0.,0.));
#5660 = ORIENTED_EDGE('',*,*,#5614,.F.);
#5661 = ORIENTED_EDGE('',*,*,#5662,.F.);
#5662 = EDGE_CURVE('',#5646,#5615,#5663,.T.);
#5663 = LINE('',#5664,#5665);
#5664 = CARTESIAN_POINT('',(10.923303571429,-30.49571428571,10.));
#5665 = VECTOR('',#5666,1.);
#5666 = DIRECTION('',(-1.,0.,0.));
#5667 = PLANE('',#5668);
#5668 = AXIS2_PLACEMENT_3D('',#5669,#5670,#5671);
#5669 = CARTESIAN_POINT('',(10.923303571429,-30.49571428571,10.));
#5670 = DIRECTION('',(0.,-1.,0.));
#5671 = DIRECTION('',(-1.,0.,0.));
#5672 = ADVANCED_FACE('',(#5673),#5698,.T.);
#5673 = FACE_BOUND('',#5674,.T.);
#5674 = EDGE_LOOP('',(#5675,#5685,#5691,#5692));
#5675 = ORIENTED_EDGE('',*,*,#5676,.T.);
#5676 = EDGE_CURVE('',#5677,#5679,#5681,.T.);
#5677 = VERTEX_POINT('',#5678);
#5678 = CARTESIAN_POINT('',(10.923303571429,-29.45,10.));
#5679 = VERTEX_POINT('',#5680);
#5680 = CARTESIAN_POINT('',(10.923303571429,-29.45,11.));
#5681 = LINE('',#5682,#5683);
#5682 = CARTESIAN_POINT('',(10.923303571429,-29.45,10.));
#5683 = VECTOR('',#5684,1.);
#5684 = DIRECTION('',(0.,0.,1.));
#5685 = ORIENTED_EDGE('',*,*,#5686,.T.);
#5686 = EDGE_CURVE('',#5679,#5648,#5687,.T.);
#5687 = LINE('',#5688,#5689);
#5688 = CARTESIAN_POINT('',(10.923303571429,-29.45,11.));
#5689 = VECTOR('',#5690,1.);
#5690 = DIRECTION('',(0.,-1.,0.));
#5691 = ORIENTED_EDGE('',*,*,#5645,.F.);
#5692 = ORIENTED_EDGE('',*,*,#5693,.F.);
#5693 = EDGE_CURVE('',#5677,#5646,#5694,.T.);
#5694 = LINE('',#5695,#5696);
#5695 = CARTESIAN_POINT('',(10.923303571429,-29.45,10.));
#5696 = VECTOR('',#5697,1.);
#5697 = DIRECTION('',(0.,-1.,0.));
#5698 = PLANE('',#5699);
#5699 = AXIS2_PLACEMENT_3D('',#5700,#5701,#5702);
#5700 = CARTESIAN_POINT('',(10.923303571429,-29.45,10.));
#5701 = DIRECTION('',(1.,0.,-0.));
#5702 = DIRECTION('',(0.,-1.,0.));
#5703 = ADVANCED_FACE('',(#5704),#5729,.T.);
#5704 = FACE_BOUND('',#5705,.T.);
#5705 = EDGE_LOOP('',(#5706,#5716,#5722,#5723));
#5706 = ORIENTED_EDGE('',*,*,#5707,.T.);
#5707 = EDGE_CURVE('',#5708,#5710,#5712,.T.);
#5708 = VERTEX_POINT('',#5709);
#5709 = CARTESIAN_POINT('',(7.186696428571,-29.45,10.));
#5710 = VERTEX_POINT('',#5711);
#5711 = CARTESIAN_POINT('',(7.186696428571,-29.45,11.));
#5712 = LINE('',#5713,#5714);
#5713 = CARTESIAN_POINT('',(7.186696428571,-29.45,10.));
#5714 = VECTOR('',#5715,1.);
#5715 = DIRECTION('',(0.,0.,1.));
#5716 = ORIENTED_EDGE('',*,*,#5717,.T.);
#5717 = EDGE_CURVE('',#5710,#5679,#5718,.T.);
#5718 = LINE('',#5719,#5720);
#5719 = CARTESIAN_POINT('',(7.186696428571,-29.45,11.));
#5720 = VECTOR('',#5721,1.);
#5721 = DIRECTION('',(1.,0.,0.));
#5722 = ORIENTED_EDGE('',*,*,#5676,.F.);
#5723 = ORIENTED_EDGE('',*,*,#5724,.F.);
#5724 = EDGE_CURVE('',#5708,#5677,#5725,.T.);
#5725 = LINE('',#5726,#5727);
#5726 = CARTESIAN_POINT('',(7.186696428571,-29.45,10.));
#5727 = VECTOR('',#5728,1.);
#5728 = DIRECTION('',(1.,0.,0.));
#5729 = PLANE('',#5730);
#5730 = AXIS2_PLACEMENT_3D('',#5731,#5732,#5733);
#5731 = CARTESIAN_POINT('',(7.186696428571,-29.45,10.));
#5732 = DIRECTION('',(0.,1.,0.));
#5733 = DIRECTION('',(1.,0.,0.));
#5734 = ADVANCED_FACE('',(#5735),#5751,.T.);
#5735 = FACE_BOUND('',#5736,.T.);
#5736 = EDGE_LOOP('',(#5737,#5738,#5744,#5745));
#5737 = ORIENTED_EDGE('',*,*,#5406,.T.);
#5738 = ORIENTED_EDGE('',*,*,#5739,.T.);
#5739 = EDGE_CURVE('',#5399,#5710,#5740,.T.);
#5740 = LINE('',#5741,#5742);
#5741 = CARTESIAN_POINT('',(7.186696428571,-35.45,11.));
#5742 = VECTOR('',#5743,1.);
#5743 = DIRECTION('',(0.,1.,0.));
#5744 = ORIENTED_EDGE('',*,*,#5707,.F.);
#5745 = ORIENTED_EDGE('',*,*,#5746,.F.);
#5746 = EDGE_CURVE('',#5407,#5708,#5747,.T.);
#5747 = LINE('',#5748,#5749);
#5748 = CARTESIAN_POINT('',(7.186696428571,-35.45,10.));
#5749 = VECTOR('',#5750,1.);
#5750 = DIRECTION('',(0.,1.,0.));
#5751 = PLANE('',#5752);
#5752 = AXIS2_PLACEMENT_3D('',#5753,#5754,#5755);
#5753 = CARTESIAN_POINT('',(7.186696428571,-35.45,10.));
#5754 = DIRECTION('',(-1.,0.,0.));
#5755 = DIRECTION('',(0.,1.,0.));
#5756 = ADVANCED_FACE('',(#5757),#5771,.F.);
#5757 = FACE_BOUND('',#5758,.F.);
#5758 = EDGE_LOOP('',(#5759,#5760,#5761,#5762,#5763,#5764,#5765,#5766,
    #5767,#5768,#5769,#5770));
#5759 = ORIENTED_EDGE('',*,*,#5414,.F.);
#5760 = ORIENTED_EDGE('',*,*,#5445,.F.);
#5761 = ORIENTED_EDGE('',*,*,#5476,.F.);
#5762 = ORIENTED_EDGE('',*,*,#5507,.F.);
#5763 = ORIENTED_EDGE('',*,*,#5538,.F.);
#5764 = ORIENTED_EDGE('',*,*,#5569,.F.);
#5765 = ORIENTED_EDGE('',*,*,#5600,.F.);
#5766 = ORIENTED_EDGE('',*,*,#5631,.F.);
#5767 = ORIENTED_EDGE('',*,*,#5662,.F.);
#5768 = ORIENTED_EDGE('',*,*,#5693,.F.);
#5769 = ORIENTED_EDGE('',*,*,#5724,.F.);
#5770 = ORIENTED_EDGE('',*,*,#5746,.F.);
#5771 = PLANE('',#5772);
#5772 = AXIS2_PLACEMENT_3D('',#5773,#5774,#5775);
#5773 = CARTESIAN_POINT('',(8.974481774246,-32.42693971166,10.));
#5774 = DIRECTION('',(0.,0.,1.));
#5775 = DIRECTION('',(1.,0.,0.));
#5776 = ADVANCED_FACE('',(#5777),#5791,.T.);
#5777 = FACE_BOUND('',#5778,.T.);
#5778 = EDGE_LOOP('',(#5779,#5780,#5781,#5782,#5783,#5784,#5785,#5786,
    #5787,#5788,#5789,#5790));
#5779 = ORIENTED_EDGE('',*,*,#5398,.F.);
#5780 = ORIENTED_EDGE('',*,*,#5438,.F.);
#5781 = ORIENTED_EDGE('',*,*,#5469,.F.);
#5782 = ORIENTED_EDGE('',*,*,#5500,.F.);
#5783 = ORIENTED_EDGE('',*,*,#5531,.F.);
#5784 = ORIENTED_EDGE('',*,*,#5562,.F.);
#5785 = ORIENTED_EDGE('',*,*,#5593,.F.);
#5786 = ORIENTED_EDGE('',*,*,#5624,.F.);
#5787 = ORIENTED_EDGE('',*,*,#5655,.F.);
#5788 = ORIENTED_EDGE('',*,*,#5686,.F.);
#5789 = ORIENTED_EDGE('',*,*,#5717,.F.);
#5790 = ORIENTED_EDGE('',*,*,#5739,.F.);
#5791 = PLANE('',#5792);
#5792 = AXIS2_PLACEMENT_3D('',#5793,#5794,#5795);
#5793 = CARTESIAN_POINT('',(8.974481774246,-32.42693971166,11.));
#5794 = DIRECTION('',(0.,0.,1.));
#5795 = DIRECTION('',(1.,0.,0.));
#5796 = MANIFOLD_SOLID_BREP('',#5797);
#5797 = CLOSED_SHELL('',(#5798,#5838,#5869,#5900,#5933,#5966,#5999,#6023
    ,#6063,#6094,#6127,#6160,#6193,#6226,#6248,#6272));
#5798 = ADVANCED_FACE('',(#5799),#5833,.T.);
#5799 = FACE_BOUND('',#5800,.T.);
#5800 = EDGE_LOOP('',(#5801,#5811,#5819,#5827));
#5801 = ORIENTED_EDGE('',*,*,#5802,.T.);
#5802 = EDGE_CURVE('',#5803,#5805,#5807,.T.);
#5803 = VERTEX_POINT('',#5804);
#5804 = CARTESIAN_POINT('',(12.016428571429,-29.45,10.));
#5805 = VERTEX_POINT('',#5806);
#5806 = CARTESIAN_POINT('',(12.016428571429,-29.45,11.));
#5807 = LINE('',#5808,#5809);
#5808 = CARTESIAN_POINT('',(12.016428571429,-29.45,10.));
#5809 = VECTOR('',#5810,1.);
#5810 = DIRECTION('',(0.,0.,1.));
#5811 = ORIENTED_EDGE('',*,*,#5812,.T.);
#5812 = EDGE_CURVE('',#5805,#5813,#5815,.T.);
#5813 = VERTEX_POINT('',#5814);
#5814 = CARTESIAN_POINT('',(13.286071428571,-29.45,11.));
#5815 = LINE('',#5816,#5817);
#5816 = CARTESIAN_POINT('',(12.016428571429,-29.45,11.));
#5817 = VECTOR('',#5818,1.);
#5818 = DIRECTION('',(1.,0.,0.));
#5819 = ORIENTED_EDGE('',*,*,#5820,.F.);
#5820 = EDGE_CURVE('',#5821,#5813,#5823,.T.);
#5821 = VERTEX_POINT('',#5822);
#5822 = CARTESIAN_POINT('',(13.286071428571,-29.45,10.));
#5823 = LINE('',#5824,#5825);
#5824 = CARTESIAN_POINT('',(13.286071428571,-29.45,10.));
#5825 = VECTOR('',#5826,1.);
#5826 = DIRECTION('',(0.,0.,1.));
#5827 = ORIENTED_EDGE('',*,*,#5828,.F.);
#5828 = EDGE_CURVE('',#5803,#5821,#5829,.T.);
#5829 = LINE('',#5830,#5831);
#5830 = CARTESIAN_POINT('',(12.016428571429,-29.45,10.));
#5831 = VECTOR('',#5832,1.);
#5832 = DIRECTION('',(1.,0.,0.));
#5833 = PLANE('',#5834);
#5834 = AXIS2_PLACEMENT_3D('',#5835,#5836,#5837);
#5835 = CARTESIAN_POINT('',(12.016428571429,-29.45,10.));
#5836 = DIRECTION('',(0.,1.,0.));
#5837 = DIRECTION('',(1.,0.,0.));
#5838 = ADVANCED_FACE('',(#5839),#5864,.T.);
#5839 = FACE_BOUND('',#5840,.T.);
#5840 = EDGE_LOOP('',(#5841,#5851,#5857,#5858));
#5841 = ORIENTED_EDGE('',*,*,#5842,.T.);
#5842 = EDGE_CURVE('',#5843,#5845,#5847,.T.);
#5843 = VERTEX_POINT('',#5844);
#5844 = CARTESIAN_POINT('',(12.016428571429,-35.45,10.));
#5845 = VERTEX_POINT('',#5846);
#5846 = CARTESIAN_POINT('',(12.016428571429,-35.45,11.));
#5847 = LINE('',#5848,#5849);
#5848 = CARTESIAN_POINT('',(12.016428571429,-35.45,10.));
#5849 = VECTOR('',#5850,1.);
#5850 = DIRECTION('',(0.,0.,1.));
#5851 = ORIENTED_EDGE('',*,*,#5852,.T.);
#5852 = EDGE_CURVE('',#5845,#5805,#5853,.T.);
#5853 = LINE('',#5854,#5855);
#5854 = CARTESIAN_POINT('',(12.016428571429,-35.45,11.));
#5855 = VECTOR('',#5856,1.);
#5856 = DIRECTION('',(0.,1.,0.));
#5857 = ORIENTED_EDGE('',*,*,#5802,.F.);
#5858 = ORIENTED_EDGE('',*,*,#5859,.F.);
#5859 = EDGE_CURVE('',#5843,#5803,#5860,.T.);
#5860 = LINE('',#5861,#5862);
#5861 = CARTESIAN_POINT('',(12.016428571429,-35.45,10.));
#5862 = VECTOR('',#5863,1.);
#5863 = DIRECTION('',(0.,1.,0.));
#5864 = PLANE('',#5865);
#5865 = AXIS2_PLACEMENT_3D('',#5866,#5867,#5868);
#5866 = CARTESIAN_POINT('',(12.016428571429,-35.45,10.));
#5867 = DIRECTION('',(-1.,0.,0.));
#5868 = DIRECTION('',(0.,1.,0.));
#5869 = ADVANCED_FACE('',(#5870),#5895,.T.);
#5870 = FACE_BOUND('',#5871,.T.);
#5871 = EDGE_LOOP('',(#5872,#5882,#5888,#5889));
#5872 = ORIENTED_EDGE('',*,*,#5873,.T.);
#5873 = EDGE_CURVE('',#5874,#5876,#5878,.T.);
#5874 = VERTEX_POINT('',#5875);
#5875 = CARTESIAN_POINT('',(13.286071428571,-35.45,10.));
#5876 = VERTEX_POINT('',#5877);
#5877 = CARTESIAN_POINT('',(13.286071428571,-35.45,11.));
#5878 = LINE('',#5879,#5880);
#5879 = CARTESIAN_POINT('',(13.286071428571,-35.45,10.));
#5880 = VECTOR('',#5881,1.);
#5881 = DIRECTION('',(0.,0.,1.));
#5882 = ORIENTED_EDGE('',*,*,#5883,.T.);
#5883 = EDGE_CURVE('',#5876,#5845,#5884,.T.);
#5884 = LINE('',#5885,#5886);
#5885 = CARTESIAN_POINT('',(13.286071428571,-35.45,11.));
#5886 = VECTOR('',#5887,1.);
#5887 = DIRECTION('',(-1.,0.,0.));
#5888 = ORIENTED_EDGE('',*,*,#5842,.F.);
#5889 = ORIENTED_EDGE('',*,*,#5890,.F.);
#5890 = EDGE_CURVE('',#5874,#5843,#5891,.T.);
#5891 = LINE('',#5892,#5893);
#5892 = CARTESIAN_POINT('',(13.286071428571,-35.45,10.));
#5893 = VECTOR('',#5894,1.);
#5894 = DIRECTION('',(-1.,0.,0.));
#5895 = PLANE('',#5896);
#5896 = AXIS2_PLACEMENT_3D('',#5897,#5898,#5899);
#5897 = CARTESIAN_POINT('',(13.286071428571,-35.45,10.));
#5898 = DIRECTION('',(0.,-1.,0.));
#5899 = DIRECTION('',(-1.,0.,0.));
#5900 = ADVANCED_FACE('',(#5901),#5926,.T.);
#5901 = FACE_BOUND('',#5902,.T.);
#5902 = EDGE_LOOP('',(#5903,#5913,#5919,#5920));
#5903 = ORIENTED_EDGE('',*,*,#5904,.T.);
#5904 = EDGE_CURVE('',#5905,#5907,#5909,.T.);
#5905 = VERTEX_POINT('',#5906);
#5906 = CARTESIAN_POINT('',(15.403482142857,-34.74473214285,10.));
#5907 = VERTEX_POINT('',#5908);
#5908 = CARTESIAN_POINT('',(15.403482142857,-34.74473214285,11.));
#5909 = LINE('',#5910,#5911);
#5910 = CARTESIAN_POINT('',(15.403482142857,-34.74473214285,10.));
#5911 = VECTOR('',#5912,1.);
#5912 = DIRECTION('',(0.,0.,1.));
#5913 = ORIENTED_EDGE('',*,*,#5914,.T.);
#5914 = EDGE_CURVE('',#5907,#5876,#5915,.T.);
#5915 = B_SPLINE_CURVE_WITH_KNOTS('',2,(#5916,#5917,#5918),
  .UNSPECIFIED.,.F.,.F.,(3,3),(0.,1.),.PIECEWISE_BEZIER_KNOTS.);
#5916 = CARTESIAN_POINT('',(15.403482142857,-34.74473214285,11.));
#5917 = CARTESIAN_POINT('',(14.756607142857,-35.45,11.));
#5918 = CARTESIAN_POINT('',(13.286071428571,-35.45,11.));
#5919 = ORIENTED_EDGE('',*,*,#5873,.F.);
#5920 = ORIENTED_EDGE('',*,*,#5921,.F.);
#5921 = EDGE_CURVE('',#5905,#5874,#5922,.T.);
#5922 = B_SPLINE_CURVE_WITH_KNOTS('',2,(#5923,#5924,#5925),
  .UNSPECIFIED.,.F.,.F.,(3,3),(0.,1.),.PIECEWISE_BEZIER_KNOTS.);
#5923 = CARTESIAN_POINT('',(15.403482142857,-34.74473214285,10.));
#5924 = CARTESIAN_POINT('',(14.756607142857,-35.45,10.));
#5925 = CARTESIAN_POINT('',(13.286071428571,-35.45,10.));
#5926 = SURFACE_OF_LINEAR_EXTRUSION('',#5927,#5931);
#5927 = B_SPLINE_CURVE_WITH_KNOTS('',2,(#5928,#5929,#5930),
  .UNSPECIFIED.,.F.,.F.,(3,3),(0.,1.),.PIECEWISE_BEZIER_KNOTS.);
#5928 = CARTESIAN_POINT('',(15.403482142857,-34.74473214285,10.));
#5929 = CARTESIAN_POINT('',(14.756607142857,-35.45,10.));
#5930 = CARTESIAN_POINT('',(13.286071428571,-35.45,10.));
#5931 = VECTOR('',#5932,1.);
#5932 = DIRECTION('',(-0.,-0.,-1.));
#5933 = ADVANCED_FACE('',(#5934),#5959,.T.);
#5934 = FACE_BOUND('',#5935,.T.);
#5935 = EDGE_LOOP('',(#5936,#5946,#5952,#5953));
#5936 = ORIENTED_EDGE('',*,*,#5937,.T.);
#5937 = EDGE_CURVE('',#5938,#5940,#5942,.T.);
#5938 = VERTEX_POINT('',#5939);
#5939 = CARTESIAN_POINT('',(16.050357142857,-32.44410714285,10.));
#5940 = VERTEX_POINT('',#5941);
#5941 = CARTESIAN_POINT('',(16.050357142857,-32.44410714285,11.));
#5942 = LINE('',#5943,#5944);
#5943 = CARTESIAN_POINT('',(16.050357142857,-32.44410714285,10.));
#5944 = VECTOR('',#5945,1.);
#5945 = DIRECTION('',(0.,0.,1.));
#5946 = ORIENTED_EDGE('',*,*,#5947,.T.);
#5947 = EDGE_CURVE('',#5940,#5907,#5948,.T.);
#5948 = B_SPLINE_CURVE_WITH_KNOTS('',2,(#5949,#5950,#5951),
  .UNSPECIFIED.,.F.,.F.,(3,3),(0.,1.),.PIECEWISE_BEZIER_KNOTS.);
#5949 = CARTESIAN_POINT('',(16.050357142857,-32.44410714285,11.));
#5950 = CARTESIAN_POINT('',(16.050357142857,-34.03946428571,11.));
#5951 = CARTESIAN_POINT('',(15.403482142857,-34.74473214285,11.));
#5952 = ORIENTED_EDGE('',*,*,#5904,.F.);
#5953 = ORIENTED_EDGE('',*,*,#5954,.F.);
#5954 = EDGE_CURVE('',#5938,#5905,#5955,.T.);
#5955 = B_SPLINE_CURVE_WITH_KNOTS('',2,(#5956,#5957,#5958),
  .UNSPECIFIED.,.F.,.F.,(3,3),(0.,1.),.PIECEWISE_BEZIER_KNOTS.);
#5956 = CARTESIAN_POINT('',(16.050357142857,-32.44410714285,10.));
#5957 = CARTESIAN_POINT('',(16.050357142857,-34.03946428571,10.));
#5958 = CARTESIAN_POINT('',(15.403482142857,-34.74473214285,10.));
#5959 = SURFACE_OF_LINEAR_EXTRUSION('',#5960,#5964);
#5960 = B_SPLINE_CURVE_WITH_KNOTS('',2,(#5961,#5962,#5963),
  .UNSPECIFIED.,.F.,.F.,(3,3),(0.,1.),.PIECEWISE_BEZIER_KNOTS.);
#5961 = CARTESIAN_POINT('',(16.050357142857,-32.44410714285,10.));
#5962 = CARTESIAN_POINT('',(16.050357142857,-34.03946428571,10.));
#5963 = CARTESIAN_POINT('',(15.403482142857,-34.74473214285,10.));
#5964 = VECTOR('',#5965,1.);
#5965 = DIRECTION('',(-0.,-0.,-1.));
#5966 = ADVANCED_FACE('',(#5967),#5992,.T.);
#5967 = FACE_BOUND('',#5968,.T.);
#5968 = EDGE_LOOP('',(#5969,#5979,#5985,#5986));
#5969 = ORIENTED_EDGE('',*,*,#5970,.T.);
#5970 = EDGE_CURVE('',#5971,#5973,#5975,.T.);
#5971 = VERTEX_POINT('',#5972);
#5972 = CARTESIAN_POINT('',(15.403482142857,-30.15125,10.));
#5973 = VERTEX_POINT('',#5974);
#5974 = CARTESIAN_POINT('',(15.403482142857,-30.15125,11.));
#5975 = LINE('',#5976,#5977);
#5976 = CARTESIAN_POINT('',(15.403482142857,-30.15125,10.));
#5977 = VECTOR('',#5978,1.);
#5978 = DIRECTION('',(0.,0.,1.));
#5979 = ORIENTED_EDGE('',*,*,#5980,.T.);
#5980 = EDGE_CURVE('',#5973,#5940,#5981,.T.);
#5981 = B_SPLINE_CURVE_WITH_KNOTS('',2,(#5982,#5983,#5984),
  .UNSPECIFIED.,.F.,.F.,(3,3),(0.,1.),.PIECEWISE_BEZIER_KNOTS.);
#5982 = CARTESIAN_POINT('',(15.403482142857,-30.15125,11.));
#5983 = CARTESIAN_POINT('',(16.050357142857,-30.8525,11.));
#5984 = CARTESIAN_POINT('',(16.050357142857,-32.44410714285,11.));
#5985 = ORIENTED_EDGE('',*,*,#5937,.F.);
#5986 = ORIENTED_EDGE('',*,*,#5987,.F.);
#5987 = EDGE_CURVE('',#5971,#5938,#5988,.T.);
#5988 = B_SPLINE_CURVE_WITH_KNOTS('',2,(#5989,#5990,#5991),
  .UNSPECIFIED.,.F.,.F.,(3,3),(0.,1.),.PIECEWISE_BEZIER_KNOTS.);
#5989 = CARTESIAN_POINT('',(15.403482142857,-30.15125,10.));
#5990 = CARTESIAN_POINT('',(16.050357142857,-30.8525,10.));
#5991 = CARTESIAN_POINT('',(16.050357142857,-32.44410714285,10.));
#5992 = SURFACE_OF_LINEAR_EXTRUSION('',#5993,#5997);
#5993 = B_SPLINE_CURVE_WITH_KNOTS('',2,(#5994,#5995,#5996),
  .UNSPECIFIED.,.F.,.F.,(3,3),(0.,1.),.PIECEWISE_BEZIER_KNOTS.);
#5994 = CARTESIAN_POINT('',(15.403482142857,-30.15125,10.));
#5995 = CARTESIAN_POINT('',(16.050357142857,-30.8525,10.));
#5996 = CARTESIAN_POINT('',(16.050357142857,-32.44410714285,10.));
#5997 = VECTOR('',#5998,1.);
#5998 = DIRECTION('',(-0.,-0.,-1.));
#5999 = ADVANCED_FACE('',(#6000),#6016,.T.);
#6000 = FACE_BOUND('',#6001,.T.);
#6001 = EDGE_LOOP('',(#6002,#6003,#6009,#6010));
#6002 = ORIENTED_EDGE('',*,*,#5820,.T.);
#6003 = ORIENTED_EDGE('',*,*,#6004,.T.);
#6004 = EDGE_CURVE('',#5813,#5973,#6005,.T.);
#6005 = B_SPLINE_CURVE_WITH_KNOTS('',2,(#6006,#6007,#6008),
  .UNSPECIFIED.,.F.,.F.,(3,3),(0.,1.),.PIECEWISE_BEZIER_KNOTS.);
#6006 = CARTESIAN_POINT('',(13.286071428571,-29.45,11.));
#6007 = CARTESIAN_POINT('',(14.756607142857,-29.45,11.));
#6008 = CARTESIAN_POINT('',(15.403482142857,-30.15125,11.));
#6009 = ORIENTED_EDGE('',*,*,#5970,.F.);
#6010 = ORIENTED_EDGE('',*,*,#6011,.F.);
#6011 = EDGE_CURVE('',#5821,#5971,#6012,.T.);
#6012 = B_SPLINE_CURVE_WITH_KNOTS('',2,(#6013,#6014,#6015),
  .UNSPECIFIED.,.F.,.F.,(3,3),(0.,1.),.PIECEWISE_BEZIER_KNOTS.);
#6013 = CARTESIAN_POINT('',(13.286071428571,-29.45,10.));
#6014 = CARTESIAN_POINT('',(14.756607142857,-29.45,10.));
#6015 = CARTESIAN_POINT('',(15.403482142857,-30.15125,10.));
#6016 = SURFACE_OF_LINEAR_EXTRUSION('',#6017,#6021);
#6017 = B_SPLINE_CURVE_WITH_KNOTS('',2,(#6018,#6019,#6020),
  .UNSPECIFIED.,.F.,.F.,(3,3),(0.,1.),.PIECEWISE_BEZIER_KNOTS.);
#6018 = CARTESIAN_POINT('',(13.286071428571,-29.45,10.));
#6019 = CARTESIAN_POINT('',(14.756607142857,-29.45,10.));
#6020 = CARTESIAN_POINT('',(15.403482142857,-30.15125,10.));
#6021 = VECTOR('',#6022,1.);
#6022 = DIRECTION('',(-0.,-0.,-1.));
#6023 = ADVANCED_FACE('',(#6024),#6058,.T.);
#6024 = FACE_BOUND('',#6025,.T.);
#6025 = EDGE_LOOP('',(#6026,#6036,#6044,#6052));
#6026 = ORIENTED_EDGE('',*,*,#6027,.T.);
#6027 = EDGE_CURVE('',#6028,#6030,#6032,.T.);
#6028 = VERTEX_POINT('',#6029);
#6029 = CARTESIAN_POINT('',(13.201696428571,-30.51285714285,10.));
#6030 = VERTEX_POINT('',#6031);
#6031 = CARTESIAN_POINT('',(13.201696428571,-30.51285714285,11.));
#6032 = LINE('',#6033,#6034);
#6033 = CARTESIAN_POINT('',(13.201696428571,-30.51285714285,10.));
#6034 = VECTOR('',#6035,1.);
#6035 = DIRECTION('',(0.,0.,1.));
#6036 = ORIENTED_EDGE('',*,*,#6037,.T.);
#6037 = EDGE_CURVE('',#6030,#6038,#6040,.T.);
#6038 = VERTEX_POINT('',#6039);
#6039 = CARTESIAN_POINT('',(13.201696428571,-34.38714285714,11.));
#6040 = LINE('',#6041,#6042);
#6041 = CARTESIAN_POINT('',(13.201696428571,-30.51285714285,11.));
#6042 = VECTOR('',#6043,1.);
#6043 = DIRECTION('',(0.,-1.,0.));
#6044 = ORIENTED_EDGE('',*,*,#6045,.F.);
#6045 = EDGE_CURVE('',#6046,#6038,#6048,.T.);
#6046 = VERTEX_POINT('',#6047);
#6047 = CARTESIAN_POINT('',(13.201696428571,-34.38714285714,10.));
#6048 = LINE('',#6049,#6050);
#6049 = CARTESIAN_POINT('',(13.201696428571,-34.38714285714,10.));
#6050 = VECTOR('',#6051,1.);
#6051 = DIRECTION('',(0.,0.,1.));
#6052 = ORIENTED_EDGE('',*,*,#6053,.F.);
#6053 = EDGE_CURVE('',#6028,#6046,#6054,.T.);
#6054 = LINE('',#6055,#6056);
#6055 = CARTESIAN_POINT('',(13.201696428571,-30.51285714285,10.));
#6056 = VECTOR('',#6057,1.);
#6057 = DIRECTION('',(0.,-1.,0.));
#6058 = PLANE('',#6059);
#6059 = AXIS2_PLACEMENT_3D('',#6060,#6061,#6062);
#6060 = CARTESIAN_POINT('',(13.201696428571,-30.51285714285,10.));
#6061 = DIRECTION('',(1.,0.,-0.));
#6062 = DIRECTION('',(0.,-1.,0.));
#6063 = ADVANCED_FACE('',(#6064),#6089,.T.);
#6064 = FACE_BOUND('',#6065,.T.);
#6065 = EDGE_LOOP('',(#6066,#6076,#6082,#6083));
#6066 = ORIENTED_EDGE('',*,*,#6067,.T.);
#6067 = EDGE_CURVE('',#6068,#6070,#6072,.T.);
#6068 = VERTEX_POINT('',#6069);
#6069 = CARTESIAN_POINT('',(13.523125,-30.51285714285,10.));
#6070 = VERTEX_POINT('',#6071);
#6071 = CARTESIAN_POINT('',(13.523125,-30.51285714285,11.));
#6072 = LINE('',#6073,#6074);
#6073 = CARTESIAN_POINT('',(13.523125,-30.51285714285,10.));
#6074 = VECTOR('',#6075,1.);
#6075 = DIRECTION('',(0.,0.,1.));
#6076 = ORIENTED_EDGE('',*,*,#6077,.T.);
#6077 = EDGE_CURVE('',#6070,#6030,#6078,.T.);
#6078 = LINE('',#6079,#6080);
#6079 = CARTESIAN_POINT('',(13.523125,-30.51285714285,11.));
#6080 = VECTOR('',#6081,1.);
#6081 = DIRECTION('',(-1.,0.,0.));
#6082 = ORIENTED_EDGE('',*,*,#6027,.F.);
#6083 = ORIENTED_EDGE('',*,*,#6084,.F.);
#6084 = EDGE_CURVE('',#6068,#6028,#6085,.T.);
#6085 = LINE('',#6086,#6087);
#6086 = CARTESIAN_POINT('',(13.523125,-30.51285714285,10.));
#6087 = VECTOR('',#6088,1.);
#6088 = DIRECTION('',(-1.,0.,0.));
#6089 = PLANE('',#6090);
#6090 = AXIS2_PLACEMENT_3D('',#6091,#6092,#6093);
#6091 = CARTESIAN_POINT('',(13.523125,-30.51285714285,10.));
#6092 = DIRECTION('',(0.,-1.,0.));
#6093 = DIRECTION('',(-1.,0.,0.));
#6094 = ADVANCED_FACE('',(#6095),#6120,.T.);
#6095 = FACE_BOUND('',#6096,.T.);
#6096 = EDGE_LOOP('',(#6097,#6107,#6113,#6114));
#6097 = ORIENTED_EDGE('',*,*,#6098,.T.);
#6098 = EDGE_CURVE('',#6099,#6101,#6103,.T.);
#6099 = VERTEX_POINT('',#6100);
#6100 = CARTESIAN_POINT('',(14.519553571429,-30.95241071428,10.));
#6101 = VERTEX_POINT('',#6102);
#6102 = CARTESIAN_POINT('',(14.519553571429,-30.95241071428,11.));
#6103 = LINE('',#6104,#6105);
#6104 = CARTESIAN_POINT('',(14.519553571429,-30.95241071428,10.));
#6105 = VECTOR('',#6106,1.);
#6106 = DIRECTION('',(0.,0.,1.));
#6107 = ORIENTED_EDGE('',*,*,#6108,.T.);
#6108 = EDGE_CURVE('',#6101,#6070,#6109,.T.);
#6109 = B_SPLINE_CURVE_WITH_KNOTS('',2,(#6110,#6111,#6112),
  .UNSPECIFIED.,.F.,.F.,(3,3),(0.,1.),.PIECEWISE_BEZIER_KNOTS.);
#6110 = CARTESIAN_POINT('',(14.519553571429,-30.95241071428,11.));
#6111 = CARTESIAN_POINT('',(14.222232142857,-30.51285714285,11.));
#6112 = CARTESIAN_POINT('',(13.523125,-30.51285714285,11.));
#6113 = ORIENTED_EDGE('',*,*,#6067,.F.);
#6114 = ORIENTED_EDGE('',*,*,#6115,.F.);
#6115 = EDGE_CURVE('',#6099,#6068,#6116,.T.);
#6116 = B_SPLINE_CURVE_WITH_KNOTS('',2,(#6117,#6118,#6119),
  .UNSPECIFIED.,.F.,.F.,(3,3),(0.,1.),.PIECEWISE_BEZIER_KNOTS.);
#6117 = CARTESIAN_POINT('',(14.519553571429,-30.95241071428,10.));
#6118 = CARTESIAN_POINT('',(14.222232142857,-30.51285714285,10.));
#6119 = CARTESIAN_POINT('',(13.523125,-30.51285714285,10.));
#6120 = SURFACE_OF_LINEAR_EXTRUSION('',#6121,#6125);
#6121 = B_SPLINE_CURVE_WITH_KNOTS('',2,(#6122,#6123,#6124),
  .UNSPECIFIED.,.F.,.F.,(3,3),(0.,1.),.PIECEWISE_BEZIER_KNOTS.);
#6122 = CARTESIAN_POINT('',(14.519553571429,-30.95241071428,10.));
#6123 = CARTESIAN_POINT('',(14.222232142857,-30.51285714285,10.));
#6124 = CARTESIAN_POINT('',(13.523125,-30.51285714285,10.));
#6125 = VECTOR('',#6126,1.);
#6126 = DIRECTION('',(-0.,-0.,-1.));
#6127 = ADVANCED_FACE('',(#6128),#6153,.T.);
#6128 = FACE_BOUND('',#6129,.T.);
#6129 = EDGE_LOOP('',(#6130,#6140,#6146,#6147));
#6130 = ORIENTED_EDGE('',*,*,#6131,.T.);
#6131 = EDGE_CURVE('',#6132,#6134,#6136,.T.);
#6132 = VERTEX_POINT('',#6133);
#6133 = CARTESIAN_POINT('',(14.816875,-32.44383928571,10.));
#6134 = VERTEX_POINT('',#6135);
#6135 = CARTESIAN_POINT('',(14.816875,-32.44383928571,11.));
#6136 = LINE('',#6137,#6138);
#6137 = CARTESIAN_POINT('',(14.816875,-32.44383928571,10.));
#6138 = VECTOR('',#6139,1.);
#6139 = DIRECTION('',(0.,0.,1.));
#6140 = ORIENTED_EDGE('',*,*,#6141,.T.);
#6141 = EDGE_CURVE('',#6134,#6101,#6142,.T.);
#6142 = B_SPLINE_CURVE_WITH_KNOTS('',2,(#6143,#6144,#6145),
  .UNSPECIFIED.,.F.,.F.,(3,3),(0.,1.),.PIECEWISE_BEZIER_KNOTS.);
#6143 = CARTESIAN_POINT('',(14.816875,-32.44383928571,11.));
#6144 = CARTESIAN_POINT('',(14.816875,-31.39169642857,11.));
#6145 = CARTESIAN_POINT('',(14.519553571429,-30.95241071428,11.));
#6146 = ORIENTED_EDGE('',*,*,#6098,.F.);
#6147 = ORIENTED_EDGE('',*,*,#6148,.F.);
#6148 = EDGE_CURVE('',#6132,#6099,#6149,.T.);
#6149 = B_SPLINE_CURVE_WITH_KNOTS('',2,(#6150,#6151,#6152),
  .UNSPECIFIED.,.F.,.F.,(3,3),(0.,1.),.PIECEWISE_BEZIER_KNOTS.);
#6150 = CARTESIAN_POINT('',(14.816875,-32.44383928571,10.));
#6151 = CARTESIAN_POINT('',(14.816875,-31.39169642857,10.));
#6152 = CARTESIAN_POINT('',(14.519553571429,-30.95241071428,10.));
#6153 = SURFACE_OF_LINEAR_EXTRUSION('',#6154,#6158);
#6154 = B_SPLINE_CURVE_WITH_KNOTS('',2,(#6155,#6156,#6157),
  .UNSPECIFIED.,.F.,.F.,(3,3),(0.,1.),.PIECEWISE_BEZIER_KNOTS.);
#6155 = CARTESIAN_POINT('',(14.816875,-32.44383928571,10.));
#6156 = CARTESIAN_POINT('',(14.816875,-31.39169642857,10.));
#6157 = CARTESIAN_POINT('',(14.519553571429,-30.95241071428,10.));
#6158 = VECTOR('',#6159,1.);
#6159 = DIRECTION('',(-0.,-0.,-1.));
#6160 = ADVANCED_FACE('',(#6161),#6186,.T.);
#6161 = FACE_BOUND('',#6162,.T.);
#6162 = EDGE_LOOP('',(#6163,#6173,#6179,#6180));
#6163 = ORIENTED_EDGE('',*,*,#6164,.T.);
#6164 = EDGE_CURVE('',#6165,#6167,#6169,.T.);
#6165 = VERTEX_POINT('',#6166);
#6166 = CARTESIAN_POINT('',(14.519553571429,-33.94571428571,10.));
#6167 = VERTEX_POINT('',#6168);
#6168 = CARTESIAN_POINT('',(14.519553571429,-33.94571428571,11.));
#6169 = LINE('',#6170,#6171);
#6170 = CARTESIAN_POINT('',(14.519553571429,-33.94571428571,10.));
#6171 = VECTOR('',#6172,1.);
#6172 = DIRECTION('',(0.,0.,1.));
#6173 = ORIENTED_EDGE('',*,*,#6174,.T.);
#6174 = EDGE_CURVE('',#6167,#6134,#6175,.T.);
#6175 = B_SPLINE_CURVE_WITH_KNOTS('',2,(#6176,#6177,#6178),
  .UNSPECIFIED.,.F.,.F.,(3,3),(0.,1.),.PIECEWISE_BEZIER_KNOTS.);
#6176 = CARTESIAN_POINT('',(14.519553571429,-33.94571428571,11.));
#6177 = CARTESIAN_POINT('',(14.816875,-33.50428571428,11.));
#6178 = CARTESIAN_POINT('',(14.816875,-32.44383928571,11.));
#6179 = ORIENTED_EDGE('',*,*,#6131,.F.);
#6180 = ORIENTED_EDGE('',*,*,#6181,.F.);
#6181 = EDGE_CURVE('',#6165,#6132,#6182,.T.);
#6182 = B_SPLINE_CURVE_WITH_KNOTS('',2,(#6183,#6184,#6185),
  .UNSPECIFIED.,.F.,.F.,(3,3),(0.,1.),.PIECEWISE_BEZIER_KNOTS.);
#6183 = CARTESIAN_POINT('',(14.519553571429,-33.94571428571,10.));
#6184 = CARTESIAN_POINT('',(14.816875,-33.50428571428,10.));
#6185 = CARTESIAN_POINT('',(14.816875,-32.44383928571,10.));
#6186 = SURFACE_OF_LINEAR_EXTRUSION('',#6187,#6191);
#6187 = B_SPLINE_CURVE_WITH_KNOTS('',2,(#6188,#6189,#6190),
  .UNSPECIFIED.,.F.,.F.,(3,3),(0.,1.),.PIECEWISE_BEZIER_KNOTS.);
#6188 = CARTESIAN_POINT('',(14.519553571429,-33.94571428571,10.));
#6189 = CARTESIAN_POINT('',(14.816875,-33.50428571428,10.));
#6190 = CARTESIAN_POINT('',(14.816875,-32.44383928571,10.));
#6191 = VECTOR('',#6192,1.);
#6192 = DIRECTION('',(-0.,-0.,-1.));
#6193 = ADVANCED_FACE('',(#6194),#6219,.T.);
#6194 = FACE_BOUND('',#6195,.T.);
#6195 = EDGE_LOOP('',(#6196,#6206,#6212,#6213));
#6196 = ORIENTED_EDGE('',*,*,#6197,.T.);
#6197 = EDGE_CURVE('',#6198,#6200,#6202,.T.);
#6198 = VERTEX_POINT('',#6199);
#6199 = CARTESIAN_POINT('',(13.523125,-34.38714285714,10.));
#6200 = VERTEX_POINT('',#6201);
#6201 = CARTESIAN_POINT('',(13.523125,-34.38714285714,11.));
#6202 = LINE('',#6203,#6204);
#6203 = CARTESIAN_POINT('',(13.523125,-34.38714285714,10.));
#6204 = VECTOR('',#6205,1.);
#6205 = DIRECTION('',(0.,0.,1.));
#6206 = ORIENTED_EDGE('',*,*,#6207,.T.);
#6207 = EDGE_CURVE('',#6200,#6167,#6208,.T.);
#6208 = B_SPLINE_CURVE_WITH_KNOTS('',2,(#6209,#6210,#6211),
  .UNSPECIFIED.,.F.,.F.,(3,3),(0.,1.),.PIECEWISE_BEZIER_KNOTS.);
#6209 = CARTESIAN_POINT('',(13.523125,-34.38714285714,11.));
#6210 = CARTESIAN_POINT('',(14.222232142857,-34.38714285714,11.));
#6211 = CARTESIAN_POINT('',(14.519553571429,-33.94571428571,11.));
#6212 = ORIENTED_EDGE('',*,*,#6164,.F.);
#6213 = ORIENTED_EDGE('',*,*,#6214,.F.);
#6214 = EDGE_CURVE('',#6198,#6165,#6215,.T.);
#6215 = B_SPLINE_CURVE_WITH_KNOTS('',2,(#6216,#6217,#6218),
  .UNSPECIFIED.,.F.,.F.,(3,3),(0.,1.),.PIECEWISE_BEZIER_KNOTS.);
#6216 = CARTESIAN_POINT('',(13.523125,-34.38714285714,10.));
#6217 = CARTESIAN_POINT('',(14.222232142857,-34.38714285714,10.));
#6218 = CARTESIAN_POINT('',(14.519553571429,-33.94571428571,10.));
#6219 = SURFACE_OF_LINEAR_EXTRUSION('',#6220,#6224);
#6220 = B_SPLINE_CURVE_WITH_KNOTS('',2,(#6221,#6222,#6223),
  .UNSPECIFIED.,.F.,.F.,(3,3),(0.,1.),.PIECEWISE_BEZIER_KNOTS.);
#6221 = CARTESIAN_POINT('',(13.523125,-34.38714285714,10.));
#6222 = CARTESIAN_POINT('',(14.222232142857,-34.38714285714,10.));
#6223 = CARTESIAN_POINT('',(14.519553571429,-33.94571428571,10.));
#6224 = VECTOR('',#6225,1.);
#6225 = DIRECTION('',(-0.,-0.,-1.));
#6226 = ADVANCED_FACE('',(#6227),#6243,.T.);
#6227 = FACE_BOUND('',#6228,.T.);
#6228 = EDGE_LOOP('',(#6229,#6230,#6236,#6237));
#6229 = ORIENTED_EDGE('',*,*,#6045,.T.);
#6230 = ORIENTED_EDGE('',*,*,#6231,.T.);
#6231 = EDGE_CURVE('',#6038,#6200,#6232,.T.);
#6232 = LINE('',#6233,#6234);
#6233 = CARTESIAN_POINT('',(13.201696428571,-34.38714285714,11.));
#6234 = VECTOR('',#6235,1.);
#6235 = DIRECTION('',(1.,0.,0.));
#6236 = ORIENTED_EDGE('',*,*,#6197,.F.);
#6237 = ORIENTED_EDGE('',*,*,#6238,.F.);
#6238 = EDGE_CURVE('',#6046,#6198,#6239,.T.);
#6239 = LINE('',#6240,#6241);
#6240 = CARTESIAN_POINT('',(13.201696428571,-34.38714285714,10.));
#6241 = VECTOR('',#6242,1.);
#6242 = DIRECTION('',(1.,0.,0.));
#6243 = PLANE('',#6244);
#6244 = AXIS2_PLACEMENT_3D('',#6245,#6246,#6247);
#6245 = CARTESIAN_POINT('',(13.201696428571,-34.38714285714,10.));
#6246 = DIRECTION('',(0.,1.,0.));
#6247 = DIRECTION('',(1.,0.,0.));
#6248 = ADVANCED_FACE('',(#6249,#6258),#6267,.F.);
#6249 = FACE_BOUND('',#6250,.F.);
#6250 = EDGE_LOOP('',(#6251,#6252,#6253,#6254,#6255,#6256,#6257));
#6251 = ORIENTED_EDGE('',*,*,#5828,.F.);
#6252 = ORIENTED_EDGE('',*,*,#5859,.F.);
#6253 = ORIENTED_EDGE('',*,*,#5890,.F.);
#6254 = ORIENTED_EDGE('',*,*,#5921,.F.);
#6255 = ORIENTED_EDGE('',*,*,#5954,.F.);
#6256 = ORIENTED_EDGE('',*,*,#5987,.F.);
#6257 = ORIENTED_EDGE('',*,*,#6011,.F.);
#6258 = FACE_BOUND('',#6259,.F.);
#6259 = EDGE_LOOP('',(#6260,#6261,#6262,#6263,#6264,#6265,#6266));
#6260 = ORIENTED_EDGE('',*,*,#6053,.F.);
#6261 = ORIENTED_EDGE('',*,*,#6084,.F.);
#6262 = ORIENTED_EDGE('',*,*,#6115,.F.);
#6263 = ORIENTED_EDGE('',*,*,#6148,.F.);
#6264 = ORIENTED_EDGE('',*,*,#6181,.F.);
#6265 = ORIENTED_EDGE('',*,*,#6214,.F.);
#6266 = ORIENTED_EDGE('',*,*,#6238,.F.);
#6267 = PLANE('',#6268);
#6268 = AXIS2_PLACEMENT_3D('',#6269,#6270,#6271);
#6269 = CARTESIAN_POINT('',(13.788805932165,-32.44957001975,10.));
#6270 = DIRECTION('',(0.,0.,1.));
#6271 = DIRECTION('',(1.,0.,0.));
#6272 = ADVANCED_FACE('',(#6273,#6282),#6291,.T.);
#6273 = FACE_BOUND('',#6274,.T.);
#6274 = EDGE_LOOP('',(#6275,#6276,#6277,#6278,#6279,#6280,#6281));
#6275 = ORIENTED_EDGE('',*,*,#5812,.F.);
#6276 = ORIENTED_EDGE('',*,*,#5852,.F.);
#6277 = ORIENTED_EDGE('',*,*,#5883,.F.);
#6278 = ORIENTED_EDGE('',*,*,#5914,.F.);
#6279 = ORIENTED_EDGE('',*,*,#5947,.F.);
#6280 = ORIENTED_EDGE('',*,*,#5980,.F.);
#6281 = ORIENTED_EDGE('',*,*,#6004,.F.);
#6282 = FACE_BOUND('',#6283,.T.);
#6283 = EDGE_LOOP('',(#6284,#6285,#6286,#6287,#6288,#6289,#6290));
#6284 = ORIENTED_EDGE('',*,*,#6037,.F.);
#6285 = ORIENTED_EDGE('',*,*,#6077,.F.);
#6286 = ORIENTED_EDGE('',*,*,#6108,.F.);
#6287 = ORIENTED_EDGE('',*,*,#6141,.F.);
#6288 = ORIENTED_EDGE('',*,*,#6174,.F.);
#6289 = ORIENTED_EDGE('',*,*,#6207,.F.);
#6290 = ORIENTED_EDGE('',*,*,#6231,.F.);
#6291 = PLANE('',#6292);
#6292 = AXIS2_PLACEMENT_3D('',#6293,#6294,#6295);
#6293 = CARTESIAN_POINT('',(13.788805932165,-32.44957001975,11.));
#6294 = DIRECTION('',(0.,0.,1.));
#6295 = DIRECTION('',(1.,0.,0.));
#6296 = MANIFOLD_SOLID_BREP('',#6297);
#6297 = CLOSED_SHELL('',(#6298,#6338,#6371,#6404,#6437,#6470,#6501,#6532
    ,#6563,#6596,#6629,#6662,#6695,#6726,#6748,#6770));
#6298 = ADVANCED_FACE('',(#6299),#6333,.T.);
#6299 = FACE_BOUND('',#6300,.T.);
#6300 = EDGE_LOOP('',(#6301,#6311,#6319,#6327));
#6301 = ORIENTED_EDGE('',*,*,#6302,.T.);
#6302 = EDGE_CURVE('',#6303,#6305,#6307,.T.);
#6303 = VERTEX_POINT('',#6304);
#6304 = CARTESIAN_POINT('',(21.800446428571,-33.23294642857,10.));
#6305 = VERTEX_POINT('',#6306);
#6306 = CARTESIAN_POINT('',(21.800446428571,-33.23294642857,11.));
#6307 = LINE('',#6308,#6309);
#6308 = CARTESIAN_POINT('',(21.800446428571,-33.23294642857,10.));
#6309 = VECTOR('',#6310,1.);
#6310 = DIRECTION('',(0.,0.,1.));
#6311 = ORIENTED_EDGE('',*,*,#6312,.T.);
#6312 = EDGE_CURVE('',#6305,#6313,#6315,.T.);
#6313 = VERTEX_POINT('',#6314);
#6314 = CARTESIAN_POINT('',(21.800446428571,-29.45,11.));
#6315 = LINE('',#6316,#6317);
#6316 = CARTESIAN_POINT('',(21.800446428571,-33.23294642857,11.));
#6317 = VECTOR('',#6318,1.);
#6318 = DIRECTION('',(0.,1.,0.));
#6319 = ORIENTED_EDGE('',*,*,#6320,.F.);
#6320 = EDGE_CURVE('',#6321,#6313,#6323,.T.);
#6321 = VERTEX_POINT('',#6322);
#6322 = CARTESIAN_POINT('',(21.800446428571,-29.45,10.));
#6323 = LINE('',#6324,#6325);
#6324 = CARTESIAN_POINT('',(21.800446428571,-29.45,10.));
#6325 = VECTOR('',#6326,1.);
#6326 = DIRECTION('',(0.,0.,1.));
#6327 = ORIENTED_EDGE('',*,*,#6328,.F.);
#6328 = EDGE_CURVE('',#6303,#6321,#6329,.T.);
#6329 = LINE('',#6330,#6331);
#6330 = CARTESIAN_POINT('',(21.800446428571,-33.23294642857,10.));
#6331 = VECTOR('',#6332,1.);
#6332 = DIRECTION('',(0.,1.,0.));
#6333 = PLANE('',#6334);
#6334 = AXIS2_PLACEMENT_3D('',#6335,#6336,#6337);
#6335 = CARTESIAN_POINT('',(21.800446428571,-33.23294642857,10.));
#6336 = DIRECTION('',(-1.,0.,0.));
#6337 = DIRECTION('',(0.,1.,0.));
#6338 = ADVANCED_FACE('',(#6339),#6364,.T.);
#6339 = FACE_BOUND('',#6340,.T.);
#6340 = EDGE_LOOP('',(#6341,#6351,#6357,#6358));
#6341 = ORIENTED_EDGE('',*,*,#6342,.T.);
#6342 = EDGE_CURVE('',#6343,#6345,#6347,.T.);
#6343 = VERTEX_POINT('',#6344);
#6344 = CARTESIAN_POINT('',(22.288482142857,-35.01392857142,10.));
#6345 = VERTEX_POINT('',#6346);
#6346 = CARTESIAN_POINT('',(22.288482142857,-35.01392857142,11.));
#6347 = LINE('',#6348,#6349);
#6348 = CARTESIAN_POINT('',(22.288482142857,-35.01392857142,10.));
#6349 = VECTOR('',#6350,1.);
#6350 = DIRECTION('',(0.,0.,1.));
#6351 = ORIENTED_EDGE('',*,*,#6352,.T.);
#6352 = EDGE_CURVE('',#6345,#6305,#6353,.T.);
#6353 = B_SPLINE_CURVE_WITH_KNOTS('',2,(#6354,#6355,#6356),
  .UNSPECIFIED.,.F.,.F.,(3,3),(0.,1.),.PIECEWISE_BEZIER_KNOTS.);
#6354 = CARTESIAN_POINT('',(22.288482142857,-35.01392857142,11.));
#6355 = CARTESIAN_POINT('',(21.800446428571,-34.45785714285,11.));
#6356 = CARTESIAN_POINT('',(21.800446428571,-33.23294642857,11.));
#6357 = ORIENTED_EDGE('',*,*,#6302,.F.);
#6358 = ORIENTED_EDGE('',*,*,#6359,.F.);
#6359 = EDGE_CURVE('',#6343,#6303,#6360,.T.);
#6360 = B_SPLINE_CURVE_WITH_KNOTS('',2,(#6361,#6362,#6363),
  .UNSPECIFIED.,.F.,.F.,(3,3),(0.,1.),.PIECEWISE_BEZIER_KNOTS.);
#6361 = CARTESIAN_POINT('',(22.288482142857,-35.01392857142,10.));
#6362 = CARTESIAN_POINT('',(21.800446428571,-34.45785714285,10.));
#6363 = CARTESIAN_POINT('',(21.800446428571,-33.23294642857,10.));
#6364 = SURFACE_OF_LINEAR_EXTRUSION('',#6365,#6369);
#6365 = B_SPLINE_CURVE_WITH_KNOTS('',2,(#6366,#6367,#6368),
  .UNSPECIFIED.,.F.,.F.,(3,3),(0.,1.),.PIECEWISE_BEZIER_KNOTS.);
#6366 = CARTESIAN_POINT('',(22.288482142857,-35.01392857142,10.));
#6367 = CARTESIAN_POINT('',(21.800446428571,-34.45785714285,10.));
#6368 = CARTESIAN_POINT('',(21.800446428571,-33.23294642857,10.));
#6369 = VECTOR('',#6370,1.);
#6370 = DIRECTION('',(-0.,-0.,-1.));
#6371 = ADVANCED_FACE('',(#6372),#6397,.T.);
#6372 = FACE_BOUND('',#6373,.T.);
#6373 = EDGE_LOOP('',(#6374,#6384,#6390,#6391));
#6374 = ORIENTED_EDGE('',*,*,#6375,.T.);
#6375 = EDGE_CURVE('',#6376,#6378,#6380,.T.);
#6376 = VERTEX_POINT('',#6377);
#6377 = CARTESIAN_POINT('',(23.849553571429,-35.57,10.));
#6378 = VERTEX_POINT('',#6379);
#6379 = CARTESIAN_POINT('',(23.849553571429,-35.57,11.));
#6380 = LINE('',#6381,#6382);
#6381 = CARTESIAN_POINT('',(23.849553571429,-35.57,10.));
#6382 = VECTOR('',#6383,1.);
#6383 = DIRECTION('',(0.,0.,1.));
#6384 = ORIENTED_EDGE('',*,*,#6385,.T.);
#6385 = EDGE_CURVE('',#6378,#6345,#6386,.T.);
#6386 = B_SPLINE_CURVE_WITH_KNOTS('',2,(#6387,#6388,#6389),
  .UNSPECIFIED.,.F.,.F.,(3,3),(0.,1.),.PIECEWISE_BEZIER_KNOTS.);
#6387 = CARTESIAN_POINT('',(23.849553571429,-35.57,11.));
#6388 = CARTESIAN_POINT('',(22.776785714286,-35.57,11.));
#6389 = CARTESIAN_POINT('',(22.288482142857,-35.01392857142,11.));
#6390 = ORIENTED_EDGE('',*,*,#6342,.F.);
#6391 = ORIENTED_EDGE('',*,*,#6392,.F.);
#6392 = EDGE_CURVE('',#6376,#6343,#6393,.T.);
#6393 = B_SPLINE_CURVE_WITH_KNOTS('',2,(#6394,#6395,#6396),
  .UNSPECIFIED.,.F.,.F.,(3,3),(0.,1.),.PIECEWISE_BEZIER_KNOTS.);
#6394 = CARTESIAN_POINT('',(23.849553571429,-35.57,10.));
#6395 = CARTESIAN_POINT('',(22.776785714286,-35.57,10.));
#6396 = CARTESIAN_POINT('',(22.288482142857,-35.01392857142,10.));
#6397 = SURFACE_OF_LINEAR_EXTRUSION('',#6398,#6402);
#6398 = B_SPLINE_CURVE_WITH_KNOTS('',2,(#6399,#6400,#6401),
  .UNSPECIFIED.,.F.,.F.,(3,3),(0.,1.),.PIECEWISE_BEZIER_KNOTS.);
#6399 = CARTESIAN_POINT('',(23.849553571429,-35.57,10.));
#6400 = CARTESIAN_POINT('',(22.776785714286,-35.57,10.));
#6401 = CARTESIAN_POINT('',(22.288482142857,-35.01392857142,10.));
#6402 = VECTOR('',#6403,1.);
#6403 = DIRECTION('',(-0.,-0.,-1.));
#6404 = ADVANCED_FACE('',(#6405),#6430,.T.);
#6405 = FACE_BOUND('',#6406,.T.);
#6406 = EDGE_LOOP('',(#6407,#6417,#6423,#6424));
#6407 = ORIENTED_EDGE('',*,*,#6408,.T.);
#6408 = EDGE_CURVE('',#6409,#6411,#6413,.T.);
#6409 = VERTEX_POINT('',#6410);
#6410 = CARTESIAN_POINT('',(25.4125,-35.01392857142,10.));
#6411 = VERTEX_POINT('',#6412);
#6412 = CARTESIAN_POINT('',(25.4125,-35.01392857142,11.));
#6413 = LINE('',#6414,#6415);
#6414 = CARTESIAN_POINT('',(25.4125,-35.01392857142,10.));
#6415 = VECTOR('',#6416,1.);
#6416 = DIRECTION('',(0.,0.,1.));
#6417 = ORIENTED_EDGE('',*,*,#6418,.T.);
#6418 = EDGE_CURVE('',#6411,#6378,#6419,.T.);
#6419 = B_SPLINE_CURVE_WITH_KNOTS('',2,(#6420,#6421,#6422),
  .UNSPECIFIED.,.F.,.F.,(3,3),(0.,1.),.PIECEWISE_BEZIER_KNOTS.);
#6420 = CARTESIAN_POINT('',(25.4125,-35.01392857142,11.));
#6421 = CARTESIAN_POINT('',(24.926339285714,-35.57,11.));
#6422 = CARTESIAN_POINT('',(23.849553571429,-35.57,11.));
#6423 = ORIENTED_EDGE('',*,*,#6375,.F.);
#6424 = ORIENTED_EDGE('',*,*,#6425,.F.);
#6425 = EDGE_CURVE('',#6409,#6376,#6426,.T.);
#6426 = B_SPLINE_CURVE_WITH_KNOTS('',2,(#6427,#6428,#6429),
  .UNSPECIFIED.,.F.,.F.,(3,3),(0.,1.),.PIECEWISE_BEZIER_KNOTS.);
#6427 = CARTESIAN_POINT('',(25.4125,-35.01392857142,10.));
#6428 = CARTESIAN_POINT('',(24.926339285714,-35.57,10.));
#6429 = CARTESIAN_POINT('',(23.849553571429,-35.57,10.));
#6430 = SURFACE_OF_LINEAR_EXTRUSION('',#6431,#6435);
#6431 = B_SPLINE_CURVE_WITH_KNOTS('',2,(#6432,#6433,#6434),
  .UNSPECIFIED.,.F.,.F.,(3,3),(0.,1.),.PIECEWISE_BEZIER_KNOTS.);
#6432 = CARTESIAN_POINT('',(25.4125,-35.01392857142,10.));
#6433 = CARTESIAN_POINT('',(24.926339285714,-35.57,10.));
#6434 = CARTESIAN_POINT('',(23.849553571429,-35.57,10.));
#6435 = VECTOR('',#6436,1.);
#6436 = DIRECTION('',(-0.,-0.,-1.));
#6437 = ADVANCED_FACE('',(#6438),#6463,.T.);
#6438 = FACE_BOUND('',#6439,.T.);
#6439 = EDGE_LOOP('',(#6440,#6450,#6456,#6457));
#6440 = ORIENTED_EDGE('',*,*,#6441,.T.);
#6441 = EDGE_CURVE('',#6442,#6444,#6446,.T.);
#6442 = VERTEX_POINT('',#6443);
#6443 = CARTESIAN_POINT('',(25.898660714286,-33.23294642857,10.));
#6444 = VERTEX_POINT('',#6445);
#6445 = CARTESIAN_POINT('',(25.898660714286,-33.23294642857,11.));
#6446 = LINE('',#6447,#6448);
#6447 = CARTESIAN_POINT('',(25.898660714286,-33.23294642857,10.));
#6448 = VECTOR('',#6449,1.);
#6449 = DIRECTION('',(0.,0.,1.));
#6450 = ORIENTED_EDGE('',*,*,#6451,.T.);
#6451 = EDGE_CURVE('',#6444,#6411,#6452,.T.);
#6452 = B_SPLINE_CURVE_WITH_KNOTS('',2,(#6453,#6454,#6455),
  .UNSPECIFIED.,.F.,.F.,(3,3),(0.,1.),.PIECEWISE_BEZIER_KNOTS.);
#6453 = CARTESIAN_POINT('',(25.898660714286,-33.23294642857,11.));
#6454 = CARTESIAN_POINT('',(25.898660714286,-34.45785714285,11.));
#6455 = CARTESIAN_POINT('',(25.4125,-35.01392857142,11.));
#6456 = ORIENTED_EDGE('',*,*,#6408,.F.);
#6457 = ORIENTED_EDGE('',*,*,#6458,.F.);
#6458 = EDGE_CURVE('',#6442,#6409,#6459,.T.);
#6459 = B_SPLINE_CURVE_WITH_KNOTS('',2,(#6460,#6461,#6462),
  .UNSPECIFIED.,.F.,.F.,(3,3),(0.,1.),.PIECEWISE_BEZIER_KNOTS.);
#6460 = CARTESIAN_POINT('',(25.898660714286,-33.23294642857,10.));
#6461 = CARTESIAN_POINT('',(25.898660714286,-34.45785714285,10.));
#6462 = CARTESIAN_POINT('',(25.4125,-35.01392857142,10.));
#6463 = SURFACE_OF_LINEAR_EXTRUSION('',#6464,#6468);
#6464 = B_SPLINE_CURVE_WITH_KNOTS('',2,(#6465,#6466,#6467),
  .UNSPECIFIED.,.F.,.F.,(3,3),(0.,1.),.PIECEWISE_BEZIER_KNOTS.);
#6465 = CARTESIAN_POINT('',(25.898660714286,-33.23294642857,10.));
#6466 = CARTESIAN_POINT('',(25.898660714286,-34.45785714285,10.));
#6467 = CARTESIAN_POINT('',(25.4125,-35.01392857142,10.));
#6468 = VECTOR('',#6469,1.);
#6469 = DIRECTION('',(-0.,-0.,-1.));
#6470 = ADVANCED_FACE('',(#6471),#6496,.T.);
#6471 = FACE_BOUND('',#6472,.T.);
#6472 = EDGE_LOOP('',(#6473,#6483,#6489,#6490));
#6473 = ORIENTED_EDGE('',*,*,#6474,.T.);
#6474 = EDGE_CURVE('',#6475,#6477,#6479,.T.);
#6475 = VERTEX_POINT('',#6476);
#6476 = CARTESIAN_POINT('',(25.898660714286,-29.45,10.));
#6477 = VERTEX_POINT('',#6478);
#6478 = CARTESIAN_POINT('',(25.898660714286,-29.45,11.));
#6479 = LINE('',#6480,#6481);
#6480 = CARTESIAN_POINT('',(25.898660714286,-29.45,10.));
#6481 = VECTOR('',#6482,1.);
#6482 = DIRECTION('',(0.,0.,1.));
#6483 = ORIENTED_EDGE('',*,*,#6484,.T.);
#6484 = EDGE_CURVE('',#6477,#6444,#6485,.T.);
#6485 = LINE('',#6486,#6487);
#6486 = CARTESIAN_POINT('',(25.898660714286,-29.45,11.));
#6487 = VECTOR('',#6488,1.);
#6488 = DIRECTION('',(0.,-1.,0.));
#6489 = ORIENTED_EDGE('',*,*,#6441,.F.);
#6490 = ORIENTED_EDGE('',*,*,#6491,.F.);
#6491 = EDGE_CURVE('',#6475,#6442,#6492,.T.);
#6492 = LINE('',#6493,#6494);
#6493 = CARTESIAN_POINT('',(25.898660714286,-29.45,10.));
#6494 = VECTOR('',#6495,1.);
#6495 = DIRECTION('',(0.,-1.,0.));
#6496 = PLANE('',#6497);
#6497 = AXIS2_PLACEMENT_3D('',#6498,#6499,#6500);
#6498 = CARTESIAN_POINT('',(25.898660714286,-29.45,10.));
#6499 = DIRECTION('',(1.,0.,-0.));
#6500 = DIRECTION('',(0.,-1.,0.));
#6501 = ADVANCED_FACE('',(#6502),#6527,.T.);
#6502 = FACE_BOUND('',#6503,.T.);
#6503 = EDGE_LOOP('',(#6504,#6514,#6520,#6521));
#6504 = ORIENTED_EDGE('',*,*,#6505,.T.);
#6505 = EDGE_CURVE('',#6506,#6508,#6510,.T.);
#6506 = VERTEX_POINT('',#6507);
#6507 = CARTESIAN_POINT('',(24.713392857143,-29.45,10.));
#6508 = VERTEX_POINT('',#6509);
#6509 = CARTESIAN_POINT('',(24.713392857143,-29.45,11.));
#6510 = LINE('',#6511,#6512);
#6511 = CARTESIAN_POINT('',(24.713392857143,-29.45,10.));
#6512 = VECTOR('',#6513,1.);
#6513 = DIRECTION('',(0.,0.,1.));
#6514 = ORIENTED_EDGE('',*,*,#6515,.T.);
#6515 = EDGE_CURVE('',#6508,#6477,#6516,.T.);
#6516 = LINE('',#6517,#6518);
#6517 = CARTESIAN_POINT('',(24.713392857143,-29.45,11.));
#6518 = VECTOR('',#6519,1.);
#6519 = DIRECTION('',(1.,0.,0.));
#6520 = ORIENTED_EDGE('',*,*,#6474,.F.);
#6521 = ORIENTED_EDGE('',*,*,#6522,.F.);
#6522 = EDGE_CURVE('',#6506,#6475,#6523,.T.);
#6523 = LINE('',#6524,#6525);
#6524 = CARTESIAN_POINT('',(24.713392857143,-29.45,10.));
#6525 = VECTOR('',#6526,1.);
#6526 = DIRECTION('',(1.,0.,0.));
#6527 = PLANE('',#6528);
#6528 = AXIS2_PLACEMENT_3D('',#6529,#6530,#6531);
#6529 = CARTESIAN_POINT('',(24.713392857143,-29.45,10.));
#6530 = DIRECTION('',(0.,1.,0.));
#6531 = DIRECTION('',(1.,0.,0.));
#6532 = ADVANCED_FACE('',(#6533),#6558,.T.);
#6533 = FACE_BOUND('',#6534,.T.);
#6534 = EDGE_LOOP('',(#6535,#6545,#6551,#6552));
#6535 = ORIENTED_EDGE('',*,*,#6536,.T.);
#6536 = EDGE_CURVE('',#6537,#6539,#6541,.T.);
#6537 = VERTEX_POINT('',#6538);
#6538 = CARTESIAN_POINT('',(24.713392857143,-33.53026785714,10.));
#6539 = VERTEX_POINT('',#6540);
#6540 = CARTESIAN_POINT('',(24.713392857143,-33.53026785714,11.));
#6541 = LINE('',#6542,#6543);
#6542 = CARTESIAN_POINT('',(24.713392857143,-33.53026785714,10.));
#6543 = VECTOR('',#6544,1.);
#6544 = DIRECTION('',(0.,0.,1.));
#6545 = ORIENTED_EDGE('',*,*,#6546,.T.);
#6546 = EDGE_CURVE('',#6539,#6508,#6547,.T.);
#6547 = LINE('',#6548,#6549);
#6548 = CARTESIAN_POINT('',(24.713392857143,-33.53026785714,11.));
#6549 = VECTOR('',#6550,1.);
#6550 = DIRECTION('',(0.,1.,0.));
#6551 = ORIENTED_EDGE('',*,*,#6505,.F.);
#6552 = ORIENTED_EDGE('',*,*,#6553,.F.);
#6553 = EDGE_CURVE('',#6537,#6506,#6554,.T.);
#6554 = LINE('',#6555,#6556);
#6555 = CARTESIAN_POINT('',(24.713392857143,-33.53026785714,10.));
#6556 = VECTOR('',#6557,1.);
#6557 = DIRECTION('',(0.,1.,0.));
#6558 = PLANE('',#6559);
#6559 = AXIS2_PLACEMENT_3D('',#6560,#6561,#6562);
#6560 = CARTESIAN_POINT('',(24.713392857143,-33.53026785714,10.));
#6561 = DIRECTION('',(-1.,0.,0.));
#6562 = DIRECTION('',(0.,1.,0.));
#6563 = ADVANCED_FACE('',(#6564),#6589,.T.);
#6564 = FACE_BOUND('',#6565,.T.);
#6565 = EDGE_LOOP('',(#6566,#6576,#6582,#6583));
#6566 = ORIENTED_EDGE('',*,*,#6567,.T.);
#6567 = EDGE_CURVE('',#6568,#6570,#6572,.T.);
#6568 = VERTEX_POINT('',#6569);
#6569 = CARTESIAN_POINT('',(24.484375,-34.235,10.));
#6570 = VERTEX_POINT('',#6571);
#6571 = CARTESIAN_POINT('',(24.484375,-34.235,11.));
#6572 = LINE('',#6573,#6574);
#6573 = CARTESIAN_POINT('',(24.484375,-34.235,10.));
#6574 = VECTOR('',#6575,1.);
#6575 = DIRECTION('',(0.,0.,1.));
#6576 = ORIENTED_EDGE('',*,*,#6577,.T.);
#6577 = EDGE_CURVE('',#6570,#6539,#6578,.T.);
#6578 = B_SPLINE_CURVE_WITH_KNOTS('',2,(#6579,#6580,#6581),
  .UNSPECIFIED.,.F.,.F.,(3,3),(0.,1.),.PIECEWISE_BEZIER_KNOTS.);
#6579 = CARTESIAN_POINT('',(24.484375,-34.235,11.));
#6580 = CARTESIAN_POINT('',(24.713392857143,-33.98,11.));
#6581 = CARTESIAN_POINT('',(24.713392857143,-33.53026785714,11.));
#6582 = ORIENTED_EDGE('',*,*,#6536,.F.);
#6583 = ORIENTED_EDGE('',*,*,#6584,.F.);
#6584 = EDGE_CURVE('',#6568,#6537,#6585,.T.);
#6585 = B_SPLINE_CURVE_WITH_KNOTS('',2,(#6586,#6587,#6588),
  .UNSPECIFIED.,.F.,.F.,(3,3),(0.,1.),.PIECEWISE_BEZIER_KNOTS.);
#6586 = CARTESIAN_POINT('',(24.484375,-34.235,10.));
#6587 = CARTESIAN_POINT('',(24.713392857143,-33.98,10.));
#6588 = CARTESIAN_POINT('',(24.713392857143,-33.53026785714,10.));
#6589 = SURFACE_OF_LINEAR_EXTRUSION('',#6590,#6594);
#6590 = B_SPLINE_CURVE_WITH_KNOTS('',2,(#6591,#6592,#6593),
  .UNSPECIFIED.,.F.,.F.,(3,3),(0.,1.),.PIECEWISE_BEZIER_KNOTS.);
#6591 = CARTESIAN_POINT('',(24.484375,-34.235,10.));
#6592 = CARTESIAN_POINT('',(24.713392857143,-33.98,10.));
#6593 = CARTESIAN_POINT('',(24.713392857143,-33.53026785714,10.));
#6594 = VECTOR('',#6595,1.);
#6595 = DIRECTION('',(-0.,-0.,-1.));
#6596 = ADVANCED_FACE('',(#6597),#6622,.T.);
#6597 = FACE_BOUND('',#6598,.T.);
#6598 = EDGE_LOOP('',(#6599,#6609,#6615,#6616));
#6599 = ORIENTED_EDGE('',*,*,#6600,.T.);
#6600 = EDGE_CURVE('',#6601,#6603,#6605,.T.);
#6601 = VERTEX_POINT('',#6602);
#6602 = CARTESIAN_POINT('',(23.849553571429,-34.49,10.));
#6603 = VERTEX_POINT('',#6604);
#6604 = CARTESIAN_POINT('',(23.849553571429,-34.49,11.));
#6605 = LINE('',#6606,#6607);
#6606 = CARTESIAN_POINT('',(23.849553571429,-34.49,10.));
#6607 = VECTOR('',#6608,1.);
#6608 = DIRECTION('',(0.,0.,1.));
#6609 = ORIENTED_EDGE('',*,*,#6610,.T.);
#6610 = EDGE_CURVE('',#6603,#6570,#6611,.T.);
#6611 = B_SPLINE_CURVE_WITH_KNOTS('',2,(#6612,#6613,#6614),
  .UNSPECIFIED.,.F.,.F.,(3,3),(0.,1.),.PIECEWISE_BEZIER_KNOTS.);
#6612 = CARTESIAN_POINT('',(23.849553571429,-34.49,11.));
#6613 = CARTESIAN_POINT('',(24.255357142857,-34.49,11.));
#6614 = CARTESIAN_POINT('',(24.484375,-34.235,11.));
#6615 = ORIENTED_EDGE('',*,*,#6567,.F.);
#6616 = ORIENTED_EDGE('',*,*,#6617,.F.);
#6617 = EDGE_CURVE('',#6601,#6568,#6618,.T.);
#6618 = B_SPLINE_CURVE_WITH_KNOTS('',2,(#6619,#6620,#6621),
  .UNSPECIFIED.,.F.,.F.,(3,3),(0.,1.),.PIECEWISE_BEZIER_KNOTS.);
#6619 = CARTESIAN_POINT('',(23.849553571429,-34.49,10.));
#6620 = CARTESIAN_POINT('',(24.255357142857,-34.49,10.));
#6621 = CARTESIAN_POINT('',(24.484375,-34.235,10.));
#6622 = SURFACE_OF_LINEAR_EXTRUSION('',#6623,#6627);
#6623 = B_SPLINE_CURVE_WITH_KNOTS('',2,(#6624,#6625,#6626),
  .UNSPECIFIED.,.F.,.F.,(3,3),(0.,1.),.PIECEWISE_BEZIER_KNOTS.);
#6624 = CARTESIAN_POINT('',(23.849553571429,-34.49,10.));
#6625 = CARTESIAN_POINT('',(24.255357142857,-34.49,10.));
#6626 = CARTESIAN_POINT('',(24.484375,-34.235,10.));
#6627 = VECTOR('',#6628,1.);
#6628 = DIRECTION('',(-0.,-0.,-1.));
#6629 = ADVANCED_FACE('',(#6630),#6655,.T.);
#6630 = FACE_BOUND('',#6631,.T.);
#6631 = EDGE_LOOP('',(#6632,#6642,#6648,#6649));
#6632 = ORIENTED_EDGE('',*,*,#6633,.T.);
#6633 = EDGE_CURVE('',#6634,#6636,#6638,.T.);
#6634 = VERTEX_POINT('',#6635);
#6635 = CARTESIAN_POINT('',(23.214732142857,-34.235,10.));
#6636 = VERTEX_POINT('',#6637);
#6637 = CARTESIAN_POINT('',(23.214732142857,-34.235,11.));
#6638 = LINE('',#6639,#6640);
#6639 = CARTESIAN_POINT('',(23.214732142857,-34.235,10.));
#6640 = VECTOR('',#6641,1.);
#6641 = DIRECTION('',(0.,0.,1.));
#6642 = ORIENTED_EDGE('',*,*,#6643,.T.);
#6643 = EDGE_CURVE('',#6636,#6603,#6644,.T.);
#6644 = B_SPLINE_CURVE_WITH_KNOTS('',2,(#6645,#6646,#6647),
  .UNSPECIFIED.,.F.,.F.,(3,3),(0.,1.),.PIECEWISE_BEZIER_KNOTS.);
#6645 = CARTESIAN_POINT('',(23.214732142857,-34.235,11.));
#6646 = CARTESIAN_POINT('',(23.44375,-34.49,11.));
#6647 = CARTESIAN_POINT('',(23.849553571429,-34.49,11.));
#6648 = ORIENTED_EDGE('',*,*,#6600,.F.);
#6649 = ORIENTED_EDGE('',*,*,#6650,.F.);
#6650 = EDGE_CURVE('',#6634,#6601,#6651,.T.);
#6651 = B_SPLINE_CURVE_WITH_KNOTS('',2,(#6652,#6653,#6654),
  .UNSPECIFIED.,.F.,.F.,(3,3),(0.,1.),.PIECEWISE_BEZIER_KNOTS.);
#6652 = CARTESIAN_POINT('',(23.214732142857,-34.235,10.));
#6653 = CARTESIAN_POINT('',(23.44375,-34.49,10.));
#6654 = CARTESIAN_POINT('',(23.849553571429,-34.49,10.));
#6655 = SURFACE_OF_LINEAR_EXTRUSION('',#6656,#6660);
#6656 = B_SPLINE_CURVE_WITH_KNOTS('',2,(#6657,#6658,#6659),
  .UNSPECIFIED.,.F.,.F.,(3,3),(0.,1.),.PIECEWISE_BEZIER_KNOTS.);
#6657 = CARTESIAN_POINT('',(23.214732142857,-34.235,10.));
#6658 = CARTESIAN_POINT('',(23.44375,-34.49,10.));
#6659 = CARTESIAN_POINT('',(23.849553571429,-34.49,10.));
#6660 = VECTOR('',#6661,1.);
#6661 = DIRECTION('',(-0.,-0.,-1.));
#6662 = ADVANCED_FACE('',(#6663),#6688,.T.);
#6663 = FACE_BOUND('',#6664,.T.);
#6664 = EDGE_LOOP('',(#6665,#6675,#6681,#6682));
#6665 = ORIENTED_EDGE('',*,*,#6666,.T.);
#6666 = EDGE_CURVE('',#6667,#6669,#6671,.T.);
#6667 = VERTEX_POINT('',#6668);
#6668 = CARTESIAN_POINT('',(22.985714285714,-33.53026785714,10.));
#6669 = VERTEX_POINT('',#6670);
#6670 = CARTESIAN_POINT('',(22.985714285714,-33.53026785714,11.));
#6671 = LINE('',#6672,#6673);
#6672 = CARTESIAN_POINT('',(22.985714285714,-33.53026785714,10.));
#6673 = VECTOR('',#6674,1.);
#6674 = DIRECTION('',(0.,0.,1.));
#6675 = ORIENTED_EDGE('',*,*,#6676,.T.);
#6676 = EDGE_CURVE('',#6669,#6636,#6677,.T.);
#6677 = B_SPLINE_CURVE_WITH_KNOTS('',2,(#6678,#6679,#6680),
  .UNSPECIFIED.,.F.,.F.,(3,3),(0.,1.),.PIECEWISE_BEZIER_KNOTS.);
#6678 = CARTESIAN_POINT('',(22.985714285714,-33.53026785714,11.));
#6679 = CARTESIAN_POINT('',(22.985714285714,-33.98,11.));
#6680 = CARTESIAN_POINT('',(23.214732142857,-34.235,11.));
#6681 = ORIENTED_EDGE('',*,*,#6633,.F.);
#6682 = ORIENTED_EDGE('',*,*,#6683,.F.);
#6683 = EDGE_CURVE('',#6667,#6634,#6684,.T.);
#6684 = B_SPLINE_CURVE_WITH_KNOTS('',2,(#6685,#6686,#6687),
  .UNSPECIFIED.,.F.,.F.,(3,3),(0.,1.),.PIECEWISE_BEZIER_KNOTS.);
#6685 = CARTESIAN_POINT('',(22.985714285714,-33.53026785714,10.));
#6686 = CARTESIAN_POINT('',(22.985714285714,-33.98,10.));
#6687 = CARTESIAN_POINT('',(23.214732142857,-34.235,10.));
#6688 = SURFACE_OF_LINEAR_EXTRUSION('',#6689,#6693);
#6689 = B_SPLINE_CURVE_WITH_KNOTS('',2,(#6690,#6691,#6692),
  .UNSPECIFIED.,.F.,.F.,(3,3),(0.,1.),.PIECEWISE_BEZIER_KNOTS.);
#6690 = CARTESIAN_POINT('',(22.985714285714,-33.53026785714,10.));
#6691 = CARTESIAN_POINT('',(22.985714285714,-33.98,10.));
#6692 = CARTESIAN_POINT('',(23.214732142857,-34.235,10.));
#6693 = VECTOR('',#6694,1.);
#6694 = DIRECTION('',(-0.,-0.,-1.));
#6695 = ADVANCED_FACE('',(#6696),#6721,.T.);
#6696 = FACE_BOUND('',#6697,.T.);
#6697 = EDGE_LOOP('',(#6698,#6708,#6714,#6715));
#6698 = ORIENTED_EDGE('',*,*,#6699,.T.);
#6699 = EDGE_CURVE('',#6700,#6702,#6704,.T.);
#6700 = VERTEX_POINT('',#6701);
#6701 = CARTESIAN_POINT('',(22.985714285714,-29.45,10.));
#6702 = VERTEX_POINT('',#6703);
#6703 = CARTESIAN_POINT('',(22.985714285714,-29.45,11.));
#6704 = LINE('',#6705,#6706);
#6705 = CARTESIAN_POINT('',(22.985714285714,-29.45,10.));
#6706 = VECTOR('',#6707,1.);
#6707 = DIRECTION('',(0.,0.,1.));
#6708 = ORIENTED_EDGE('',*,*,#6709,.T.);
#6709 = EDGE_CURVE('',#6702,#6669,#6710,.T.);
#6710 = LINE('',#6711,#6712);
#6711 = CARTESIAN_POINT('',(22.985714285714,-29.45,11.));
#6712 = VECTOR('',#6713,1.);
#6713 = DIRECTION('',(0.,-1.,0.));
#6714 = ORIENTED_EDGE('',*,*,#6666,.F.);
#6715 = ORIENTED_EDGE('',*,*,#6716,.F.);
#6716 = EDGE_CURVE('',#6700,#6667,#6717,.T.);
#6717 = LINE('',#6718,#6719);
#6718 = CARTESIAN_POINT('',(22.985714285714,-29.45,10.));
#6719 = VECTOR('',#6720,1.);
#6720 = DIRECTION('',(0.,-1.,0.));
#6721 = PLANE('',#6722);
#6722 = AXIS2_PLACEMENT_3D('',#6723,#6724,#6725);
#6723 = CARTESIAN_POINT('',(22.985714285714,-29.45,10.));
#6724 = DIRECTION('',(1.,0.,-0.));
#6725 = DIRECTION('',(0.,-1.,0.));
#6726 = ADVANCED_FACE('',(#6727),#6743,.T.);
#6727 = FACE_BOUND('',#6728,.T.);
#6728 = EDGE_LOOP('',(#6729,#6730,#6736,#6737));
#6729 = ORIENTED_EDGE('',*,*,#6320,.T.);
#6730 = ORIENTED_EDGE('',*,*,#6731,.T.);
#6731 = EDGE_CURVE('',#6313,#6702,#6732,.T.);
#6732 = LINE('',#6733,#6734);
#6733 = CARTESIAN_POINT('',(21.800446428571,-29.45,11.));
#6734 = VECTOR('',#6735,1.);
#6735 = DIRECTION('',(1.,0.,0.));
#6736 = ORIENTED_EDGE('',*,*,#6699,.F.);
#6737 = ORIENTED_EDGE('',*,*,#6738,.F.);
#6738 = EDGE_CURVE('',#6321,#6700,#6739,.T.);
#6739 = LINE('',#6740,#6741);
#6740 = CARTESIAN_POINT('',(21.800446428571,-29.45,10.));
#6741 = VECTOR('',#6742,1.);
#6742 = DIRECTION('',(1.,0.,0.));
#6743 = PLANE('',#6744);
#6744 = AXIS2_PLACEMENT_3D('',#6745,#6746,#6747);
#6745 = CARTESIAN_POINT('',(21.800446428571,-29.45,10.));
#6746 = DIRECTION('',(0.,1.,0.));
#6747 = DIRECTION('',(1.,0.,0.));
#6748 = ADVANCED_FACE('',(#6749),#6765,.F.);
#6749 = FACE_BOUND('',#6750,.F.);
#6750 = EDGE_LOOP('',(#6751,#6752,#6753,#6754,#6755,#6756,#6757,#6758,
    #6759,#6760,#6761,#6762,#6763,#6764));
#6751 = ORIENTED_EDGE('',*,*,#6328,.F.);
#6752 = ORIENTED_EDGE('',*,*,#6359,.F.);
#6753 = ORIENTED_EDGE('',*,*,#6392,.F.);
#6754 = ORIENTED_EDGE('',*,*,#6425,.F.);
#6755 = ORIENTED_EDGE('',*,*,#6458,.F.);
#6756 = ORIENTED_EDGE('',*,*,#6491,.F.);
#6757 = ORIENTED_EDGE('',*,*,#6522,.F.);
#6758 = ORIENTED_EDGE('',*,*,#6553,.F.);
#6759 = ORIENTED_EDGE('',*,*,#6584,.F.);
#6760 = ORIENTED_EDGE('',*,*,#6617,.F.);
#6761 = ORIENTED_EDGE('',*,*,#6650,.F.);
#6762 = ORIENTED_EDGE('',*,*,#6683,.F.);
#6763 = ORIENTED_EDGE('',*,*,#6716,.F.);
#6764 = ORIENTED_EDGE('',*,*,#6738,.F.);
#6765 = PLANE('',#6766);
#6766 = AXIS2_PLACEMENT_3D('',#6767,#6768,#6769);
#6767 = CARTESIAN_POINT('',(23.849671168776,-32.37432956877,10.));
#6768 = DIRECTION('',(0.,0.,1.));
#6769 = DIRECTION('',(1.,0.,0.));
#6770 = ADVANCED_FACE('',(#6771),#6787,.T.);
#6771 = FACE_BOUND('',#6772,.T.);
#6772 = EDGE_LOOP('',(#6773,#6774,#6775,#6776,#6777,#6778,#6779,#6780,
    #6781,#6782,#6783,#6784,#6785,#6786));
#6773 = ORIENTED_EDGE('',*,*,#6312,.F.);
#6774 = ORIENTED_EDGE('',*,*,#6352,.F.);
#6775 = ORIENTED_EDGE('',*,*,#6385,.F.);
#6776 = ORIENTED_EDGE('',*,*,#6418,.F.);
#6777 = ORIENTED_EDGE('',*,*,#6451,.F.);
#6778 = ORIENTED_EDGE('',*,*,#6484,.F.);
#6779 = ORIENTED_EDGE('',*,*,#6515,.F.);
#6780 = ORIENTED_EDGE('',*,*,#6546,.F.);
#6781 = ORIENTED_EDGE('',*,*,#6577,.F.);
#6782 = ORIENTED_EDGE('',*,*,#6610,.F.);
#6783 = ORIENTED_EDGE('',*,*,#6643,.F.);
#6784 = ORIENTED_EDGE('',*,*,#6676,.F.);
#6785 = ORIENTED_EDGE('',*,*,#6709,.F.);
#6786 = ORIENTED_EDGE('',*,*,#6731,.F.);
#6787 = PLANE('',#6788);
#6788 = AXIS2_PLACEMENT_3D('',#6789,#6790,#6791);
#6789 = CARTESIAN_POINT('',(23.849671168776,-32.37432956877,11.));
#6790 = DIRECTION('',(0.,0.,1.));
#6791 = DIRECTION('',(1.,0.,0.));
#6792 = MANIFOLD_SOLID_BREP('',#6793);
#6793 = CLOSED_SHELL('',(#6794,#6836,#6867,#6900,#6933,#6966,#6999,#7032
    ,#7065,#7096,#7129,#7162,#7195,#7228,#7261,#7294,#7325,#7358,#7391,
    #7424,#7457,#7490,#7523,#7554,#7587,#7620,#7653,#7686,#7710,#7746));
#6794 = ADVANCED_FACE('',(#6795),#6829,.T.);
#6795 = FACE_BOUND('',#6796,.T.);
#6796 = EDGE_LOOP('',(#6797,#6807,#6815,#6823));
#6797 = ORIENTED_EDGE('',*,*,#6798,.T.);
#6798 = EDGE_CURVE('',#6799,#6801,#6803,.T.);
#6799 = VERTEX_POINT('',#6800);
#6800 = CARTESIAN_POINT('',(28.377946428571,-32.82741071428,10.));
#6801 = VERTEX_POINT('',#6802);
#6802 = CARTESIAN_POINT('',(28.377946428571,-32.82741071428,11.));
#6803 = LINE('',#6804,#6805);
#6804 = CARTESIAN_POINT('',(28.377946428571,-32.82741071428,10.));
#6805 = VECTOR('',#6806,1.);
#6806 = DIRECTION('',(0.,0.,1.));
#6807 = ORIENTED_EDGE('',*,*,#6808,.T.);
#6808 = EDGE_CURVE('',#6801,#6809,#6811,.T.);
#6809 = VERTEX_POINT('',#6810);
#6810 = CARTESIAN_POINT('',(27.164553571429,-32.10928571428,11.));
#6811 = B_SPLINE_CURVE_WITH_KNOTS('',2,(#6812,#6813,#6814),
  .UNSPECIFIED.,.F.,.F.,(3,3),(0.,1.),.PIECEWISE_BEZIER_KNOTS.);
#6812 = CARTESIAN_POINT('',(28.377946428571,-32.82741071428,11.));
#6813 = CARTESIAN_POINT('',(27.481964285714,-32.48535714285,11.));
#6814 = CARTESIAN_POINT('',(27.164553571429,-32.10928571428,11.));
#6815 = ORIENTED_EDGE('',*,*,#6816,.F.);
#6816 = EDGE_CURVE('',#6817,#6809,#6819,.T.);
#6817 = VERTEX_POINT('',#6818);
#6818 = CARTESIAN_POINT('',(27.164553571429,-32.10928571428,10.));
#6819 = LINE('',#6820,#6821);
#6820 = CARTESIAN_POINT('',(27.164553571429,-32.10928571428,10.));
#6821 = VECTOR('',#6822,1.);
#6822 = DIRECTION('',(0.,0.,1.));
#6823 = ORIENTED_EDGE('',*,*,#6824,.F.);
#6824 = EDGE_CURVE('',#6799,#6817,#6825,.T.);
#6825 = B_SPLINE_CURVE_WITH_KNOTS('',2,(#6826,#6827,#6828),
  .UNSPECIFIED.,.F.,.F.,(3,3),(0.,1.),.PIECEWISE_BEZIER_KNOTS.);
#6826 = CARTESIAN_POINT('',(28.377946428571,-32.82741071428,10.));
#6827 = CARTESIAN_POINT('',(27.481964285714,-32.48535714285,10.));
#6828 = CARTESIAN_POINT('',(27.164553571429,-32.10928571428,10.));
#6829 = SURFACE_OF_LINEAR_EXTRUSION('',#6830,#6834);
#6830 = B_SPLINE_CURVE_WITH_KNOTS('',2,(#6831,#6832,#6833),
  .UNSPECIFIED.,.F.,.F.,(3,3),(0.,1.),.PIECEWISE_BEZIER_KNOTS.);
#6831 = CARTESIAN_POINT('',(28.377946428571,-32.82741071428,10.));
#6832 = CARTESIAN_POINT('',(27.481964285714,-32.48535714285,10.));
#6833 = CARTESIAN_POINT('',(27.164553571429,-32.10928571428,10.));
#6834 = VECTOR('',#6835,1.);
#6835 = DIRECTION('',(-0.,-0.,-1.));
#6836 = ADVANCED_FACE('',(#6837),#6862,.T.);
#6837 = FACE_BOUND('',#6838,.T.);
#6838 = EDGE_LOOP('',(#6839,#6849,#6855,#6856));
#6839 = ORIENTED_EDGE('',*,*,#6840,.T.);
#6840 = EDGE_CURVE('',#6841,#6843,#6845,.T.);
#6841 = VERTEX_POINT('',#6842);
#6842 = CARTESIAN_POINT('',(28.960535714286,-33.04758928571,10.));
#6843 = VERTEX_POINT('',#6844);
#6844 = CARTESIAN_POINT('',(28.960535714286,-33.04758928571,11.));
#6845 = LINE('',#6846,#6847);
#6846 = CARTESIAN_POINT('',(28.960535714286,-33.04758928571,10.));
#6847 = VECTOR('',#6848,1.);
#6848 = DIRECTION('',(0.,0.,1.));
#6849 = ORIENTED_EDGE('',*,*,#6850,.T.);
#6850 = EDGE_CURVE('',#6843,#6801,#6851,.T.);
#6851 = LINE('',#6852,#6853);
#6852 = CARTESIAN_POINT('',(28.960535714286,-33.04758928571,11.));
#6853 = VECTOR('',#6854,1.);
#6854 = DIRECTION('',(-0.935424690924,0.353526021122,0.));
#6855 = ORIENTED_EDGE('',*,*,#6798,.F.);
#6856 = ORIENTED_EDGE('',*,*,#6857,.F.);
#6857 = EDGE_CURVE('',#6841,#6799,#6858,.T.);
#6858 = LINE('',#6859,#6860);
#6859 = CARTESIAN_POINT('',(28.960535714286,-33.04758928571,10.));
#6860 = VECTOR('',#6861,1.);
#6861 = DIRECTION('',(-0.935424690924,0.353526021122,0.));
#6862 = PLANE('',#6863);
#6863 = AXIS2_PLACEMENT_3D('',#6864,#6865,#6866);
#6864 = CARTESIAN_POINT('',(28.960535714286,-33.04758928571,10.));
#6865 = DIRECTION('',(-0.353526021122,-0.935424690924,0.));
#6866 = DIRECTION('',(-0.935424690924,0.353526021122,0.));
#6867 = ADVANCED_FACE('',(#6868),#6893,.T.);
#6868 = FACE_BOUND('',#6869,.T.);
#6869 = EDGE_LOOP('',(#6870,#6880,#6886,#6887));
#6870 = ORIENTED_EDGE('',*,*,#6871,.T.);
#6871 = EDGE_CURVE('',#6872,#6874,#6876,.T.);
#6872 = VERTEX_POINT('',#6873);
#6873 = CARTESIAN_POINT('',(29.426607142857,-33.366875,10.));
#6874 = VERTEX_POINT('',#6875);
#6875 = CARTESIAN_POINT('',(29.426607142857,-33.366875,11.));
#6876 = LINE('',#6877,#6878);
#6877 = CARTESIAN_POINT('',(29.426607142857,-33.366875,10.));
#6878 = VECTOR('',#6879,1.);
#6879 = DIRECTION('',(0.,0.,1.));
#6880 = ORIENTED_EDGE('',*,*,#6881,.T.);
#6881 = EDGE_CURVE('',#6874,#6843,#6882,.T.);
#6882 = B_SPLINE_CURVE_WITH_KNOTS('',2,(#6883,#6884,#6885),
  .UNSPECIFIED.,.F.,.F.,(3,3),(0.,1.),.PIECEWISE_BEZIER_KNOTS.);
#6883 = CARTESIAN_POINT('',(29.426607142857,-33.366875,11.));
#6884 = CARTESIAN_POINT('',(29.265892857143,-33.16410714285,11.));
#6885 = CARTESIAN_POINT('',(28.960535714286,-33.04758928571,11.));
#6886 = ORIENTED_EDGE('',*,*,#6840,.F.);
#6887 = ORIENTED_EDGE('',*,*,#6888,.F.);
#6888 = EDGE_CURVE('',#6872,#6841,#6889,.T.);
#6889 = B_SPLINE_CURVE_WITH_KNOTS('',2,(#6890,#6891,#6892),
  .UNSPECIFIED.,.F.,.F.,(3,3),(0.,1.),.PIECEWISE_BEZIER_KNOTS.);
#6890 = CARTESIAN_POINT('',(29.426607142857,-33.366875,10.));
#6891 = CARTESIAN_POINT('',(29.265892857143,-33.16410714285,10.));
#6892 = CARTESIAN_POINT('',(28.960535714286,-33.04758928571,10.));
#6893 = SURFACE_OF_LINEAR_EXTRUSION('',#6894,#6898);
#6894 = B_SPLINE_CURVE_WITH_KNOTS('',2,(#6895,#6896,#6897),
  .UNSPECIFIED.,.F.,.F.,(3,3),(0.,1.),.PIECEWISE_BEZIER_KNOTS.);
#6895 = CARTESIAN_POINT('',(29.426607142857,-33.366875,10.));
#6896 = CARTESIAN_POINT('',(29.265892857143,-33.16410714285,10.));
#6897 = CARTESIAN_POINT('',(28.960535714286,-33.04758928571,10.));
#6898 = VECTOR('',#6899,1.);
#6899 = DIRECTION('',(-0.,-0.,-1.));
#6900 = ADVANCED_FACE('',(#6901),#6926,.T.);
#6901 = FACE_BOUND('',#6902,.T.);
#6902 = EDGE_LOOP('',(#6903,#6913,#6919,#6920));
#6903 = ORIENTED_EDGE('',*,*,#6904,.T.);
#6904 = EDGE_CURVE('',#6905,#6907,#6909,.T.);
#6905 = VERTEX_POINT('',#6906);
#6906 = CARTESIAN_POINT('',(29.587321428571,-33.83830357142,10.));
#6907 = VERTEX_POINT('',#6908);
#6908 = CARTESIAN_POINT('',(29.587321428571,-33.83830357142,11.));
#6909 = LINE('',#6910,#6911);
#6910 = CARTESIAN_POINT('',(29.587321428571,-33.83830357142,10.));
#6911 = VECTOR('',#6912,1.);
#6912 = DIRECTION('',(0.,0.,1.));
#6913 = ORIENTED_EDGE('',*,*,#6914,.T.);
#6914 = EDGE_CURVE('',#6907,#6874,#6915,.T.);
#6915 = B_SPLINE_CURVE_WITH_KNOTS('',2,(#6916,#6917,#6918),
  .UNSPECIFIED.,.F.,.F.,(3,3),(0.,1.),.PIECEWISE_BEZIER_KNOTS.);
#6916 = CARTESIAN_POINT('',(29.587321428571,-33.83830357142,11.));
#6917 = CARTESIAN_POINT('',(29.587321428571,-33.569375,11.));
#6918 = CARTESIAN_POINT('',(29.426607142857,-33.366875,11.));
#6919 = ORIENTED_EDGE('',*,*,#6871,.F.);
#6920 = ORIENTED_EDGE('',*,*,#6921,.F.);
#6921 = EDGE_CURVE('',#6905,#6872,#6922,.T.);
#6922 = B_SPLINE_CURVE_WITH_KNOTS('',2,(#6923,#6924,#6925),
  .UNSPECIFIED.,.F.,.F.,(3,3),(0.,1.),.PIECEWISE_BEZIER_KNOTS.);
#6923 = CARTESIAN_POINT('',(29.587321428571,-33.83830357142,10.));
#6924 = CARTESIAN_POINT('',(29.587321428571,-33.569375,10.));
#6925 = CARTESIAN_POINT('',(29.426607142857,-33.366875,10.));
#6926 = SURFACE_OF_LINEAR_EXTRUSION('',#6927,#6931);
#6927 = B_SPLINE_CURVE_WITH_KNOTS('',2,(#6928,#6929,#6930),
  .UNSPECIFIED.,.F.,.F.,(3,3),(0.,1.),.PIECEWISE_BEZIER_KNOTS.);
#6928 = CARTESIAN_POINT('',(29.587321428571,-33.83830357142,10.));
#6929 = CARTESIAN_POINT('',(29.587321428571,-33.569375,10.));
#6930 = CARTESIAN_POINT('',(29.426607142857,-33.366875,10.));
#6931 = VECTOR('',#6932,1.);
#6932 = DIRECTION('',(-0.,-0.,-1.));
#6933 = ADVANCED_FACE('',(#6934),#6959,.T.);
#6934 = FACE_BOUND('',#6935,.T.);
#6935 = EDGE_LOOP('',(#6936,#6946,#6952,#6953));
#6936 = ORIENTED_EDGE('',*,*,#6937,.T.);
#6937 = EDGE_CURVE('',#6938,#6940,#6942,.T.);
#6938 = VERTEX_POINT('',#6939);
#6939 = CARTESIAN_POINT('',(29.34625,-34.394375,10.));
#6940 = VERTEX_POINT('',#6941);
#6941 = CARTESIAN_POINT('',(29.34625,-34.394375,11.));
#6942 = LINE('',#6943,#6944);
#6943 = CARTESIAN_POINT('',(29.34625,-34.394375,10.));
#6944 = VECTOR('',#6945,1.);
#6945 = DIRECTION('',(0.,0.,1.));
#6946 = ORIENTED_EDGE('',*,*,#6947,.T.);
#6947 = EDGE_CURVE('',#6940,#6907,#6948,.T.);
#6948 = B_SPLINE_CURVE_WITH_KNOTS('',2,(#6949,#6950,#6951),
  .UNSPECIFIED.,.F.,.F.,(3,3),(0.,1.),.PIECEWISE_BEZIER_KNOTS.);
#6949 = CARTESIAN_POINT('',(29.34625,-34.394375,11.));
#6950 = CARTESIAN_POINT('',(29.587321428571,-34.195625,11.));
#6951 = CARTESIAN_POINT('',(29.587321428571,-33.83830357142,11.));
#6952 = ORIENTED_EDGE('',*,*,#6904,.F.);
#6953 = ORIENTED_EDGE('',*,*,#6954,.F.);
#6954 = EDGE_CURVE('',#6938,#6905,#6955,.T.);
#6955 = B_SPLINE_CURVE_WITH_KNOTS('',2,(#6956,#6957,#6958),
  .UNSPECIFIED.,.F.,.F.,(3,3),(0.,1.),.PIECEWISE_BEZIER_KNOTS.);
#6956 = CARTESIAN_POINT('',(29.34625,-34.394375,10.));
#6957 = CARTESIAN_POINT('',(29.587321428571,-34.195625,10.));
#6958 = CARTESIAN_POINT('',(29.587321428571,-33.83830357142,10.));
#6959 = SURFACE_OF_LINEAR_EXTRUSION('',#6960,#6964);
#6960 = B_SPLINE_CURVE_WITH_KNOTS('',2,(#6961,#6962,#6963),
  .UNSPECIFIED.,.F.,.F.,(3,3),(0.,1.),.PIECEWISE_BEZIER_KNOTS.);
#6961 = CARTESIAN_POINT('',(29.34625,-34.394375,10.));
#6962 = CARTESIAN_POINT('',(29.587321428571,-34.195625,10.));
#6963 = CARTESIAN_POINT('',(29.587321428571,-33.83830357142,10.));
#6964 = VECTOR('',#6965,1.);
#6965 = DIRECTION('',(-0.,-0.,-1.));
#6966 = ADVANCED_FACE('',(#6967),#6992,.T.);
#6967 = FACE_BOUND('',#6968,.T.);
#6968 = EDGE_LOOP('',(#6969,#6979,#6985,#6986));
#6969 = ORIENTED_EDGE('',*,*,#6970,.T.);
#6970 = EDGE_CURVE('',#6971,#6973,#6975,.T.);
#6971 = VERTEX_POINT('',#6972);
#6972 = CARTESIAN_POINT('',(28.667232142857,-34.59285714285,10.));
#6973 = VERTEX_POINT('',#6974);
#6974 = CARTESIAN_POINT('',(28.667232142857,-34.59285714285,11.));
#6975 = LINE('',#6976,#6977);
#6976 = CARTESIAN_POINT('',(28.667232142857,-34.59285714285,10.));
#6977 = VECTOR('',#6978,1.);
#6978 = DIRECTION('',(0.,0.,1.));
#6979 = ORIENTED_EDGE('',*,*,#6980,.T.);
#6980 = EDGE_CURVE('',#6973,#6940,#6981,.T.);
#6981 = B_SPLINE_CURVE_WITH_KNOTS('',2,(#6982,#6983,#6984),
  .UNSPECIFIED.,.F.,.F.,(3,3),(0.,1.),.PIECEWISE_BEZIER_KNOTS.);
#6982 = CARTESIAN_POINT('',(28.667232142857,-34.59285714285,11.));
#6983 = CARTESIAN_POINT('',(29.105178571429,-34.59285714285,11.));
#6984 = CARTESIAN_POINT('',(29.34625,-34.394375,11.));
#6985 = ORIENTED_EDGE('',*,*,#6937,.F.);
#6986 = ORIENTED_EDGE('',*,*,#6987,.F.);
#6987 = EDGE_CURVE('',#6971,#6938,#6988,.T.);
#6988 = B_SPLINE_CURVE_WITH_KNOTS('',2,(#6989,#6990,#6991),
  .UNSPECIFIED.,.F.,.F.,(3,3),(0.,1.),.PIECEWISE_BEZIER_KNOTS.);
#6989 = CARTESIAN_POINT('',(28.667232142857,-34.59285714285,10.));
#6990 = CARTESIAN_POINT('',(29.105178571429,-34.59285714285,10.));
#6991 = CARTESIAN_POINT('',(29.34625,-34.394375,10.));
#6992 = SURFACE_OF_LINEAR_EXTRUSION('',#6993,#6997);
#6993 = B_SPLINE_CURVE_WITH_KNOTS('',2,(#6994,#6995,#6996),
  .UNSPECIFIED.,.F.,.F.,(3,3),(0.,1.),.PIECEWISE_BEZIER_KNOTS.);
#6994 = CARTESIAN_POINT('',(28.667232142857,-34.59285714285,10.));
#6995 = CARTESIAN_POINT('',(29.105178571429,-34.59285714285,10.));
#6996 = CARTESIAN_POINT('',(29.34625,-34.394375,10.));
#6997 = VECTOR('',#6998,1.);
#6998 = DIRECTION('',(-0.,-0.,-1.));
#6999 = ADVANCED_FACE('',(#7000),#7025,.T.);
#7000 = FACE_BOUND('',#7001,.T.);
#7001 = EDGE_LOOP('',(#7002,#7012,#7018,#7019));
#7002 = ORIENTED_EDGE('',*,*,#7003,.T.);
#7003 = EDGE_CURVE('',#7004,#7006,#7008,.T.);
#7004 = VERTEX_POINT('',#7005);
#7005 = CARTESIAN_POINT('',(27.789196428571,-34.42785714285,10.));
#7006 = VERTEX_POINT('',#7007);
#7007 = CARTESIAN_POINT('',(27.789196428571,-34.42785714285,11.));
#7008 = LINE('',#7009,#7010);
#7009 = CARTESIAN_POINT('',(27.789196428571,-34.42785714285,10.));
#7010 = VECTOR('',#7011,1.);
#7011 = DIRECTION('',(0.,0.,1.));
#7012 = ORIENTED_EDGE('',*,*,#7013,.T.);
#7013 = EDGE_CURVE('',#7006,#6973,#7014,.T.);
#7014 = B_SPLINE_CURVE_WITH_KNOTS('',2,(#7015,#7016,#7017),
  .UNSPECIFIED.,.F.,.F.,(3,3),(0.,1.),.PIECEWISE_BEZIER_KNOTS.);
#7015 = CARTESIAN_POINT('',(27.789196428571,-34.42785714285,11.));
#7016 = CARTESIAN_POINT('',(28.233303571429,-34.59285714285,11.));
#7017 = CARTESIAN_POINT('',(28.667232142857,-34.59285714285,11.));
#7018 = ORIENTED_EDGE('',*,*,#6970,.F.);
#7019 = ORIENTED_EDGE('',*,*,#7020,.F.);
#7020 = EDGE_CURVE('',#7004,#6971,#7021,.T.);
#7021 = B_SPLINE_CURVE_WITH_KNOTS('',2,(#7022,#7023,#7024),
  .UNSPECIFIED.,.F.,.F.,(3,3),(0.,1.),.PIECEWISE_BEZIER_KNOTS.);
#7022 = CARTESIAN_POINT('',(27.789196428571,-34.42785714285,10.));
#7023 = CARTESIAN_POINT('',(28.233303571429,-34.59285714285,10.));
#7024 = CARTESIAN_POINT('',(28.667232142857,-34.59285714285,10.));
#7025 = SURFACE_OF_LINEAR_EXTRUSION('',#7026,#7030);
#7026 = B_SPLINE_CURVE_WITH_KNOTS('',2,(#7027,#7028,#7029),
  .UNSPECIFIED.,.F.,.F.,(3,3),(0.,1.),.PIECEWISE_BEZIER_KNOTS.);
#7027 = CARTESIAN_POINT('',(27.789196428571,-34.42785714285,10.));
#7028 = CARTESIAN_POINT('',(28.233303571429,-34.59285714285,10.));
#7029 = CARTESIAN_POINT('',(28.667232142857,-34.59285714285,10.));
#7030 = VECTOR('',#7031,1.);
#7031 = DIRECTION('',(-0.,-0.,-1.));
#7032 = ADVANCED_FACE('',(#7033),#7058,.T.);
#7033 = FACE_BOUND('',#7034,.T.);
#7034 = EDGE_LOOP('',(#7035,#7045,#7051,#7052));
#7035 = ORIENTED_EDGE('',*,*,#7036,.T.);
#7036 = EDGE_CURVE('',#7037,#7039,#7041,.T.);
#7037 = VERTEX_POINT('',#7038);
#7038 = CARTESIAN_POINT('',(26.87125,-33.92428571428,10.));
#7039 = VERTEX_POINT('',#7040);
#7040 = CARTESIAN_POINT('',(26.87125,-33.92428571428,11.));
#7041 = LINE('',#7042,#7043);
#7042 = CARTESIAN_POINT('',(26.87125,-33.92428571428,10.));
#7043 = VECTOR('',#7044,1.);
#7044 = DIRECTION('',(0.,0.,1.));
#7045 = ORIENTED_EDGE('',*,*,#7046,.T.);
#7046 = EDGE_CURVE('',#7039,#7006,#7047,.T.);
#7047 = B_SPLINE_CURVE_WITH_KNOTS('',2,(#7048,#7049,#7050),
  .UNSPECIFIED.,.F.,.F.,(3,3),(0.,1.),.PIECEWISE_BEZIER_KNOTS.);
#7048 = CARTESIAN_POINT('',(26.87125,-33.92428571428,11.));
#7049 = CARTESIAN_POINT('',(27.345357142857,-34.26258928571,11.));
#7050 = CARTESIAN_POINT('',(27.789196428571,-34.42785714285,11.));
#7051 = ORIENTED_EDGE('',*,*,#7003,.F.);
#7052 = ORIENTED_EDGE('',*,*,#7053,.F.);
#7053 = EDGE_CURVE('',#7037,#7004,#7054,.T.);
#7054 = B_SPLINE_CURVE_WITH_KNOTS('',2,(#7055,#7056,#7057),
  .UNSPECIFIED.,.F.,.F.,(3,3),(0.,1.),.PIECEWISE_BEZIER_KNOTS.);
#7055 = CARTESIAN_POINT('',(26.87125,-33.92428571428,10.));
#7056 = CARTESIAN_POINT('',(27.345357142857,-34.26258928571,10.));
#7057 = CARTESIAN_POINT('',(27.789196428571,-34.42785714285,10.));
#7058 = SURFACE_OF_LINEAR_EXTRUSION('',#7059,#7063);
#7059 = B_SPLINE_CURVE_WITH_KNOTS('',2,(#7060,#7061,#7062),
  .UNSPECIFIED.,.F.,.F.,(3,3),(0.,1.),.PIECEWISE_BEZIER_KNOTS.);
#7060 = CARTESIAN_POINT('',(26.87125,-33.92428571428,10.));
#7061 = CARTESIAN_POINT('',(27.345357142857,-34.26258928571,10.));
#7062 = CARTESIAN_POINT('',(27.789196428571,-34.42785714285,10.));
#7063 = VECTOR('',#7064,1.);
#7064 = DIRECTION('',(-0.,-0.,-1.));
#7065 = ADVANCED_FACE('',(#7066),#7091,.T.);
#7066 = FACE_BOUND('',#7067,.T.);
#7067 = EDGE_LOOP('',(#7068,#7078,#7084,#7085));
#7068 = ORIENTED_EDGE('',*,*,#7069,.T.);
#7069 = EDGE_CURVE('',#7070,#7072,#7074,.T.);
#7070 = VERTEX_POINT('',#7071);
#7071 = CARTESIAN_POINT('',(26.87125,-35.14142857142,10.));
#7072 = VERTEX_POINT('',#7073);
#7073 = CARTESIAN_POINT('',(26.87125,-35.14142857142,11.));
#7074 = LINE('',#7075,#7076);
#7075 = CARTESIAN_POINT('',(26.87125,-35.14142857142,10.));
#7076 = VECTOR('',#7077,1.);
#7077 = DIRECTION('',(0.,0.,1.));
#7078 = ORIENTED_EDGE('',*,*,#7079,.T.);
#7079 = EDGE_CURVE('',#7072,#7039,#7080,.T.);
#7080 = LINE('',#7081,#7082);
#7081 = CARTESIAN_POINT('',(26.87125,-35.14142857142,11.));
#7082 = VECTOR('',#7083,1.);
#7083 = DIRECTION('',(0.,1.,0.));
#7084 = ORIENTED_EDGE('',*,*,#7036,.F.);
#7085 = ORIENTED_EDGE('',*,*,#7086,.F.);
#7086 = EDGE_CURVE('',#7070,#7037,#7087,.T.);
#7087 = LINE('',#7088,#7089);
#7088 = CARTESIAN_POINT('',(26.87125,-35.14142857142,10.));
#7089 = VECTOR('',#7090,1.);
#7090 = DIRECTION('',(0.,1.,0.));
#7091 = PLANE('',#7092);
#7092 = AXIS2_PLACEMENT_3D('',#7093,#7094,#7095);
#7093 = CARTESIAN_POINT('',(26.87125,-35.14142857142,10.));
#7094 = DIRECTION('',(-1.,0.,0.));
#7095 = DIRECTION('',(0.,1.,0.));
#7096 = ADVANCED_FACE('',(#7097),#7122,.T.);
#7097 = FACE_BOUND('',#7098,.T.);
#7098 = EDGE_LOOP('',(#7099,#7109,#7115,#7116));
#7099 = ORIENTED_EDGE('',*,*,#7100,.T.);
#7100 = EDGE_CURVE('',#7101,#7103,#7105,.T.);
#7101 = VERTEX_POINT('',#7102);
#7102 = CARTESIAN_POINT('',(27.736964285714,-35.46178571428,10.));
#7103 = VERTEX_POINT('',#7104);
#7104 = CARTESIAN_POINT('',(27.736964285714,-35.46178571428,11.));
#7105 = LINE('',#7106,#7107);
#7106 = CARTESIAN_POINT('',(27.736964285714,-35.46178571428,10.));
#7107 = VECTOR('',#7108,1.);
#7108 = DIRECTION('',(0.,0.,1.));
#7109 = ORIENTED_EDGE('',*,*,#7110,.T.);
#7110 = EDGE_CURVE('',#7103,#7072,#7111,.T.);
#7111 = B_SPLINE_CURVE_WITH_KNOTS('',2,(#7112,#7113,#7114),
  .UNSPECIFIED.,.F.,.F.,(3,3),(0.,1.),.PIECEWISE_BEZIER_KNOTS.);
#7112 = CARTESIAN_POINT('',(27.736964285714,-35.46178571428,11.));
#7113 = CARTESIAN_POINT('',(27.289107142857,-35.35357142857,11.));
#7114 = CARTESIAN_POINT('',(26.87125,-35.14142857142,11.));
#7115 = ORIENTED_EDGE('',*,*,#7069,.F.);
#7116 = ORIENTED_EDGE('',*,*,#7117,.F.);
#7117 = EDGE_CURVE('',#7101,#7070,#7118,.T.);
#7118 = B_SPLINE_CURVE_WITH_KNOTS('',2,(#7119,#7120,#7121),
  .UNSPECIFIED.,.F.,.F.,(3,3),(0.,1.),.PIECEWISE_BEZIER_KNOTS.);
#7119 = CARTESIAN_POINT('',(27.736964285714,-35.46178571428,10.));
#7120 = CARTESIAN_POINT('',(27.289107142857,-35.35357142857,10.));
#7121 = CARTESIAN_POINT('',(26.87125,-35.14142857142,10.));
#7122 = SURFACE_OF_LINEAR_EXTRUSION('',#7123,#7127);
#7123 = B_SPLINE_CURVE_WITH_KNOTS('',2,(#7124,#7125,#7126),
  .UNSPECIFIED.,.F.,.F.,(3,3),(0.,1.),.PIECEWISE_BEZIER_KNOTS.);
#7124 = CARTESIAN_POINT('',(27.736964285714,-35.46178571428,10.));
#7125 = CARTESIAN_POINT('',(27.289107142857,-35.35357142857,10.));
#7126 = CARTESIAN_POINT('',(26.87125,-35.14142857142,10.));
#7127 = VECTOR('',#7128,1.);
#7128 = DIRECTION('',(-0.,-0.,-1.));
#7129 = ADVANCED_FACE('',(#7130),#7155,.T.);
#7130 = FACE_BOUND('',#7131,.T.);
#7131 = EDGE_LOOP('',(#7132,#7142,#7148,#7149));
#7132 = ORIENTED_EDGE('',*,*,#7133,.T.);
#7133 = EDGE_CURVE('',#7134,#7136,#7138,.T.);
#7134 = VERTEX_POINT('',#7135);
#7135 = CARTESIAN_POINT('',(28.631071428571,-35.57,10.));
#7136 = VERTEX_POINT('',#7137);
#7137 = CARTESIAN_POINT('',(28.631071428571,-35.57,11.));
#7138 = LINE('',#7139,#7140);
#7139 = CARTESIAN_POINT('',(28.631071428571,-35.57,10.));
#7140 = VECTOR('',#7141,1.);
#7141 = DIRECTION('',(0.,0.,1.));
#7142 = ORIENTED_EDGE('',*,*,#7143,.T.);
#7143 = EDGE_CURVE('',#7136,#7103,#7144,.T.);
#7144 = B_SPLINE_CURVE_WITH_KNOTS('',2,(#7145,#7146,#7147),
  .UNSPECIFIED.,.F.,.F.,(3,3),(0.,1.),.PIECEWISE_BEZIER_KNOTS.);
#7145 = CARTESIAN_POINT('',(28.631071428571,-35.57,11.));
#7146 = CARTESIAN_POINT('',(28.185089285714,-35.57,11.));
#7147 = CARTESIAN_POINT('',(27.736964285714,-35.46178571428,11.));
#7148 = ORIENTED_EDGE('',*,*,#7100,.F.);
#7149 = ORIENTED_EDGE('',*,*,#7150,.F.);
#7150 = EDGE_CURVE('',#7134,#7101,#7151,.T.);
#7151 = B_SPLINE_CURVE_WITH_KNOTS('',2,(#7152,#7153,#7154),
  .UNSPECIFIED.,.F.,.F.,(3,3),(0.,1.),.PIECEWISE_BEZIER_KNOTS.);
#7152 = CARTESIAN_POINT('',(28.631071428571,-35.57,10.));
#7153 = CARTESIAN_POINT('',(28.185089285714,-35.57,10.));
#7154 = CARTESIAN_POINT('',(27.736964285714,-35.46178571428,10.));
#7155 = SURFACE_OF_LINEAR_EXTRUSION('',#7156,#7160);
#7156 = B_SPLINE_CURVE_WITH_KNOTS('',2,(#7157,#7158,#7159),
  .UNSPECIFIED.,.F.,.F.,(3,3),(0.,1.),.PIECEWISE_BEZIER_KNOTS.);
#7157 = CARTESIAN_POINT('',(28.631071428571,-35.57,10.));
#7158 = CARTESIAN_POINT('',(28.185089285714,-35.57,10.));
#7159 = CARTESIAN_POINT('',(27.736964285714,-35.46178571428,10.));
#7160 = VECTOR('',#7161,1.);
#7161 = DIRECTION('',(-0.,-0.,-1.));
#7162 = ADVANCED_FACE('',(#7163),#7188,.T.);
#7163 = FACE_BOUND('',#7164,.T.);
#7164 = EDGE_LOOP('',(#7165,#7175,#7181,#7182));
#7165 = ORIENTED_EDGE('',*,*,#7166,.T.);
#7166 = EDGE_CURVE('',#7167,#7169,#7171,.T.);
#7167 = VERTEX_POINT('',#7168);
#7168 = CARTESIAN_POINT('',(30.252142857143,-35.12321428571,10.));
#7169 = VERTEX_POINT('',#7170);
#7170 = CARTESIAN_POINT('',(30.252142857143,-35.12321428571,11.));
#7171 = LINE('',#7172,#7173);
#7172 = CARTESIAN_POINT('',(30.252142857143,-35.12321428571,10.));
#7173 = VECTOR('',#7174,1.);
#7174 = DIRECTION('',(0.,0.,1.));
#7175 = ORIENTED_EDGE('',*,*,#7176,.T.);
#7176 = EDGE_CURVE('',#7169,#7136,#7177,.T.);
#7177 = B_SPLINE_CURVE_WITH_KNOTS('',2,(#7178,#7179,#7180),
  .UNSPECIFIED.,.F.,.F.,(3,3),(0.,1.),.PIECEWISE_BEZIER_KNOTS.);
#7178 = CARTESIAN_POINT('',(30.252142857143,-35.12321428571,11.));
#7179 = CARTESIAN_POINT('',(29.715892857143,-35.57,11.));
#7180 = CARTESIAN_POINT('',(28.631071428571,-35.57,11.));
#7181 = ORIENTED_EDGE('',*,*,#7133,.F.);
#7182 = ORIENTED_EDGE('',*,*,#7183,.F.);
#7183 = EDGE_CURVE('',#7167,#7134,#7184,.T.);
#7184 = B_SPLINE_CURVE_WITH_KNOTS('',2,(#7185,#7186,#7187),
  .UNSPECIFIED.,.F.,.F.,(3,3),(0.,1.),.PIECEWISE_BEZIER_KNOTS.);
#7185 = CARTESIAN_POINT('',(30.252142857143,-35.12321428571,10.));
#7186 = CARTESIAN_POINT('',(29.715892857143,-35.57,10.));
#7187 = CARTESIAN_POINT('',(28.631071428571,-35.57,10.));
#7188 = SURFACE_OF_LINEAR_EXTRUSION('',#7189,#7193);
#7189 = B_SPLINE_CURVE_WITH_KNOTS('',2,(#7190,#7191,#7192),
  .UNSPECIFIED.,.F.,.F.,(3,3),(0.,1.),.PIECEWISE_BEZIER_KNOTS.);
#7190 = CARTESIAN_POINT('',(30.252142857143,-35.12321428571,10.));
#7191 = CARTESIAN_POINT('',(29.715892857143,-35.57,10.));
#7192 = CARTESIAN_POINT('',(28.631071428571,-35.57,10.));
#7193 = VECTOR('',#7194,1.);
#7194 = DIRECTION('',(-0.,-0.,-1.));
#7195 = ADVANCED_FACE('',(#7196),#7221,.T.);
#7196 = FACE_BOUND('',#7197,.T.);
#7197 = EDGE_LOOP('',(#7198,#7208,#7214,#7215));
#7198 = ORIENTED_EDGE('',*,*,#7199,.T.);
#7199 = EDGE_CURVE('',#7200,#7202,#7204,.T.);
#7200 = VERTEX_POINT('',#7201);
#7201 = CARTESIAN_POINT('',(30.788660714286,-33.77026785714,10.));
#7202 = VERTEX_POINT('',#7203);
#7203 = CARTESIAN_POINT('',(30.788660714286,-33.77026785714,11.));
#7204 = LINE('',#7205,#7206);
#7205 = CARTESIAN_POINT('',(30.788660714286,-33.77026785714,10.));
#7206 = VECTOR('',#7207,1.);
#7207 = DIRECTION('',(0.,0.,1.));
#7208 = ORIENTED_EDGE('',*,*,#7209,.T.);
#7209 = EDGE_CURVE('',#7202,#7169,#7210,.T.);
#7210 = B_SPLINE_CURVE_WITH_KNOTS('',2,(#7211,#7212,#7213),
  .UNSPECIFIED.,.F.,.F.,(3,3),(0.,1.),.PIECEWISE_BEZIER_KNOTS.);
#7211 = CARTESIAN_POINT('',(30.788660714286,-33.77026785714,11.));
#7212 = CARTESIAN_POINT('',(30.788660714286,-34.67616071428,11.));
#7213 = CARTESIAN_POINT('',(30.252142857143,-35.12321428571,11.));
#7214 = ORIENTED_EDGE('',*,*,#7166,.F.);
#7215 = ORIENTED_EDGE('',*,*,#7216,.F.);
#7216 = EDGE_CURVE('',#7200,#7167,#7217,.T.);
#7217 = B_SPLINE_CURVE_WITH_KNOTS('',2,(#7218,#7219,#7220),
  .UNSPECIFIED.,.F.,.F.,(3,3),(0.,1.),.PIECEWISE_BEZIER_KNOTS.);
#7218 = CARTESIAN_POINT('',(30.788660714286,-33.77026785714,10.));
#7219 = CARTESIAN_POINT('',(30.788660714286,-34.67616071428,10.));
#7220 = CARTESIAN_POINT('',(30.252142857143,-35.12321428571,10.));
#7221 = SURFACE_OF_LINEAR_EXTRUSION('',#7222,#7226);
#7222 = B_SPLINE_CURVE_WITH_KNOTS('',2,(#7223,#7224,#7225),
  .UNSPECIFIED.,.F.,.F.,(3,3),(0.,1.),.PIECEWISE_BEZIER_KNOTS.);
#7223 = CARTESIAN_POINT('',(30.788660714286,-33.77026785714,10.));
#7224 = CARTESIAN_POINT('',(30.788660714286,-34.67616071428,10.));
#7225 = CARTESIAN_POINT('',(30.252142857143,-35.12321428571,10.));
#7226 = VECTOR('',#7227,1.);
#7227 = DIRECTION('',(-0.,-0.,-1.));
#7228 = ADVANCED_FACE('',(#7229),#7254,.T.);
#7229 = FACE_BOUND('',#7230,.T.);
#7230 = EDGE_LOOP('',(#7231,#7241,#7247,#7248));
#7231 = ORIENTED_EDGE('',*,*,#7232,.T.);
#7232 = EDGE_CURVE('',#7233,#7235,#7237,.T.);
#7233 = VERTEX_POINT('',#7234);
#7234 = CARTESIAN_POINT('',(30.447142857143,-32.66830357142,10.));
#7235 = VERTEX_POINT('',#7236);
#7236 = CARTESIAN_POINT('',(30.447142857143,-32.66830357142,11.));
#7237 = LINE('',#7238,#7239);
#7238 = CARTESIAN_POINT('',(30.447142857143,-32.66830357142,10.));
#7239 = VECTOR('',#7240,1.);
#7240 = DIRECTION('',(0.,0.,1.));
#7241 = ORIENTED_EDGE('',*,*,#7242,.T.);
#7242 = EDGE_CURVE('',#7235,#7202,#7243,.T.);
#7243 = B_SPLINE_CURVE_WITH_KNOTS('',2,(#7244,#7245,#7246),
  .UNSPECIFIED.,.F.,.F.,(3,3),(0.,1.),.PIECEWISE_BEZIER_KNOTS.);
#7244 = CARTESIAN_POINT('',(30.447142857143,-32.66830357142,11.));
#7245 = CARTESIAN_POINT('',(30.788660714286,-33.10517857142,11.));
#7246 = CARTESIAN_POINT('',(30.788660714286,-33.77026785714,11.));
#7247 = ORIENTED_EDGE('',*,*,#7199,.F.);
#7248 = ORIENTED_EDGE('',*,*,#7249,.F.);
#7249 = EDGE_CURVE('',#7233,#7200,#7250,.T.);
#7250 = B_SPLINE_CURVE_WITH_KNOTS('',2,(#7251,#7252,#7253),
  .UNSPECIFIED.,.F.,.F.,(3,3),(0.,1.),.PIECEWISE_BEZIER_KNOTS.);
#7251 = CARTESIAN_POINT('',(30.447142857143,-32.66830357142,10.));
#7252 = CARTESIAN_POINT('',(30.788660714286,-33.10517857142,10.));
#7253 = CARTESIAN_POINT('',(30.788660714286,-33.77026785714,10.));
#7254 = SURFACE_OF_LINEAR_EXTRUSION('',#7255,#7259);
#7255 = B_SPLINE_CURVE_WITH_KNOTS('',2,(#7256,#7257,#7258),
  .UNSPECIFIED.,.F.,.F.,(3,3),(0.,1.),.PIECEWISE_BEZIER_KNOTS.);
#7256 = CARTESIAN_POINT('',(30.447142857143,-32.66830357142,10.));
#7257 = CARTESIAN_POINT('',(30.788660714286,-33.10517857142,10.));
#7258 = CARTESIAN_POINT('',(30.788660714286,-33.77026785714,10.));
#7259 = VECTOR('',#7260,1.);
#7260 = DIRECTION('',(-0.,-0.,-1.));
#7261 = ADVANCED_FACE('',(#7262),#7287,.T.);
#7262 = FACE_BOUND('',#7263,.T.);
#7263 = EDGE_LOOP('',(#7264,#7274,#7280,#7281));
#7264 = ORIENTED_EDGE('',*,*,#7265,.T.);
#7265 = EDGE_CURVE('',#7266,#7268,#7270,.T.);
#7266 = VERTEX_POINT('',#7267);
#7267 = CARTESIAN_POINT('',(29.382410714286,-31.96678571428,10.));
#7268 = VERTEX_POINT('',#7269);
#7269 = CARTESIAN_POINT('',(29.382410714286,-31.96678571428,11.));
#7270 = LINE('',#7271,#7272);
#7271 = CARTESIAN_POINT('',(29.382410714286,-31.96678571428,10.));
#7272 = VECTOR('',#7273,1.);
#7273 = DIRECTION('',(0.,0.,1.));
#7274 = ORIENTED_EDGE('',*,*,#7275,.T.);
#7275 = EDGE_CURVE('',#7268,#7235,#7276,.T.);
#7276 = B_SPLINE_CURVE_WITH_KNOTS('',2,(#7277,#7278,#7279),
  .UNSPECIFIED.,.F.,.F.,(3,3),(0.,1.),.PIECEWISE_BEZIER_KNOTS.);
#7277 = CARTESIAN_POINT('',(29.382410714286,-31.96678571428,11.));
#7278 = CARTESIAN_POINT('',(30.105625,-32.23142857142,11.));
#7279 = CARTESIAN_POINT('',(30.447142857143,-32.66830357142,11.));
#7280 = ORIENTED_EDGE('',*,*,#7232,.F.);
#7281 = ORIENTED_EDGE('',*,*,#7282,.F.);
#7282 = EDGE_CURVE('',#7266,#7233,#7283,.T.);
#7283 = B_SPLINE_CURVE_WITH_KNOTS('',2,(#7284,#7285,#7286),
  .UNSPECIFIED.,.F.,.F.,(3,3),(0.,1.),.PIECEWISE_BEZIER_KNOTS.);
#7284 = CARTESIAN_POINT('',(29.382410714286,-31.96678571428,10.));
#7285 = CARTESIAN_POINT('',(30.105625,-32.23142857142,10.));
#7286 = CARTESIAN_POINT('',(30.447142857143,-32.66830357142,10.));
#7287 = SURFACE_OF_LINEAR_EXTRUSION('',#7288,#7292);
#7288 = B_SPLINE_CURVE_WITH_KNOTS('',2,(#7289,#7290,#7291),
  .UNSPECIFIED.,.F.,.F.,(3,3),(0.,1.),.PIECEWISE_BEZIER_KNOTS.);
#7289 = CARTESIAN_POINT('',(29.382410714286,-31.96678571428,10.));
#7290 = CARTESIAN_POINT('',(30.105625,-32.23142857142,10.));
#7291 = CARTESIAN_POINT('',(30.447142857143,-32.66830357142,10.));
#7292 = VECTOR('',#7293,1.);
#7293 = DIRECTION('',(-0.,-0.,-1.));
#7294 = ADVANCED_FACE('',(#7295),#7320,.T.);
#7295 = FACE_BOUND('',#7296,.T.);
#7296 = EDGE_LOOP('',(#7297,#7307,#7313,#7314));
#7297 = ORIENTED_EDGE('',*,*,#7298,.T.);
#7298 = EDGE_CURVE('',#7299,#7301,#7303,.T.);
#7299 = VERTEX_POINT('',#7300);
#7300 = CARTESIAN_POINT('',(28.872142857143,-31.77473214285,10.));
#7301 = VERTEX_POINT('',#7302);
#7302 = CARTESIAN_POINT('',(28.872142857143,-31.77473214285,11.));
#7303 = LINE('',#7304,#7305);
#7304 = CARTESIAN_POINT('',(28.872142857143,-31.77473214285,10.));
#7305 = VECTOR('',#7306,1.);
#7306 = DIRECTION('',(0.,0.,1.));
#7307 = ORIENTED_EDGE('',*,*,#7308,.T.);
#7308 = EDGE_CURVE('',#7301,#7268,#7309,.T.);
#7309 = LINE('',#7310,#7311);
#7310 = CARTESIAN_POINT('',(28.872142857143,-31.77473214285,11.));
#7311 = VECTOR('',#7312,1.);
#7312 = DIRECTION('',(0.935904506269,-0.352253822045,0.));
#7313 = ORIENTED_EDGE('',*,*,#7265,.F.);
#7314 = ORIENTED_EDGE('',*,*,#7315,.F.);
#7315 = EDGE_CURVE('',#7299,#7266,#7316,.T.);
#7316 = LINE('',#7317,#7318);
#7317 = CARTESIAN_POINT('',(28.872142857143,-31.77473214285,10.));
#7318 = VECTOR('',#7319,1.);
#7319 = DIRECTION('',(0.935904506269,-0.352253822045,0.));
#7320 = PLANE('',#7321);
#7321 = AXIS2_PLACEMENT_3D('',#7322,#7323,#7324);
#7322 = CARTESIAN_POINT('',(28.872142857143,-31.77473214285,10.));
#7323 = DIRECTION('',(0.352253822045,0.935904506269,-0.));
#7324 = DIRECTION('',(0.935904506269,-0.352253822045,0.));
#7325 = ADVANCED_FACE('',(#7326),#7351,.T.);
#7326 = FACE_BOUND('',#7327,.T.);
#7327 = EDGE_LOOP('',(#7328,#7338,#7344,#7345));
#7328 = ORIENTED_EDGE('',*,*,#7329,.T.);
#7329 = EDGE_CURVE('',#7330,#7332,#7334,.T.);
#7330 = VERTEX_POINT('',#7331);
#7331 = CARTESIAN_POINT('',(28.174910714286,-31.41232142857,10.));
#7332 = VERTEX_POINT('',#7333);
#7333 = CARTESIAN_POINT('',(28.174910714286,-31.41232142857,11.));
#7334 = LINE('',#7335,#7336);
#7335 = CARTESIAN_POINT('',(28.174910714286,-31.41232142857,10.));
#7336 = VECTOR('',#7337,1.);
#7337 = DIRECTION('',(0.,0.,1.));
#7338 = ORIENTED_EDGE('',*,*,#7339,.T.);
#7339 = EDGE_CURVE('',#7332,#7301,#7340,.T.);
#7340 = B_SPLINE_CURVE_WITH_KNOTS('',2,(#7341,#7342,#7343),
  .UNSPECIFIED.,.F.,.F.,(3,3),(0.,1.),.PIECEWISE_BEZIER_KNOTS.);
#7341 = CARTESIAN_POINT('',(28.174910714286,-31.41232142857,11.));
#7342 = CARTESIAN_POINT('',(28.341785714286,-31.57625,11.));
#7343 = CARTESIAN_POINT('',(28.872142857143,-31.77473214285,11.));
#7344 = ORIENTED_EDGE('',*,*,#7298,.F.);
#7345 = ORIENTED_EDGE('',*,*,#7346,.F.);
#7346 = EDGE_CURVE('',#7330,#7299,#7347,.T.);
#7347 = B_SPLINE_CURVE_WITH_KNOTS('',2,(#7348,#7349,#7350),
  .UNSPECIFIED.,.F.,.F.,(3,3),(0.,1.),.PIECEWISE_BEZIER_KNOTS.);
#7348 = CARTESIAN_POINT('',(28.174910714286,-31.41232142857,10.));
#7349 = CARTESIAN_POINT('',(28.341785714286,-31.57625,10.));
#7350 = CARTESIAN_POINT('',(28.872142857143,-31.77473214285,10.));
#7351 = SURFACE_OF_LINEAR_EXTRUSION('',#7352,#7356);
#7352 = B_SPLINE_CURVE_WITH_KNOTS('',2,(#7353,#7354,#7355),
  .UNSPECIFIED.,.F.,.F.,(3,3),(0.,1.),.PIECEWISE_BEZIER_KNOTS.);
#7353 = CARTESIAN_POINT('',(28.174910714286,-31.41232142857,10.));
#7354 = CARTESIAN_POINT('',(28.341785714286,-31.57625,10.));
#7355 = CARTESIAN_POINT('',(28.872142857143,-31.77473214285,10.));
#7356 = VECTOR('',#7357,1.);
#7357 = DIRECTION('',(-0.,-0.,-1.));
#7358 = ADVANCED_FACE('',(#7359),#7384,.T.);
#7359 = FACE_BOUND('',#7360,.T.);
#7360 = EDGE_LOOP('',(#7361,#7371,#7377,#7378));
#7361 = ORIENTED_EDGE('',*,*,#7362,.T.);
#7362 = EDGE_CURVE('',#7363,#7365,#7367,.T.);
#7363 = VERTEX_POINT('',#7364);
#7364 = CARTESIAN_POINT('',(28.008303571429,-30.996875,10.));
#7365 = VERTEX_POINT('',#7366);
#7366 = CARTESIAN_POINT('',(28.008303571429,-30.996875,11.));
#7367 = LINE('',#7368,#7369);
#7368 = CARTESIAN_POINT('',(28.008303571429,-30.996875,10.));
#7369 = VECTOR('',#7370,1.);
#7370 = DIRECTION('',(0.,0.,1.));
#7371 = ORIENTED_EDGE('',*,*,#7372,.T.);
#7372 = EDGE_CURVE('',#7365,#7332,#7373,.T.);
#7373 = B_SPLINE_CURVE_WITH_KNOTS('',2,(#7374,#7375,#7376),
  .UNSPECIFIED.,.F.,.F.,(3,3),(0.,1.),.PIECEWISE_BEZIER_KNOTS.);
#7374 = CARTESIAN_POINT('',(28.008303571429,-30.996875,11.));
#7375 = CARTESIAN_POINT('',(28.008303571429,-31.248125,11.));
#7376 = CARTESIAN_POINT('',(28.174910714286,-31.41232142857,11.));
#7377 = ORIENTED_EDGE('',*,*,#7329,.F.);
#7378 = ORIENTED_EDGE('',*,*,#7379,.F.);
#7379 = EDGE_CURVE('',#7363,#7330,#7380,.T.);
#7380 = B_SPLINE_CURVE_WITH_KNOTS('',2,(#7381,#7382,#7383),
  .UNSPECIFIED.,.F.,.F.,(3,3),(0.,1.),.PIECEWISE_BEZIER_KNOTS.);
#7381 = CARTESIAN_POINT('',(28.008303571429,-30.996875,10.));
#7382 = CARTESIAN_POINT('',(28.008303571429,-31.248125,10.));
#7383 = CARTESIAN_POINT('',(28.174910714286,-31.41232142857,10.));
#7384 = SURFACE_OF_LINEAR_EXTRUSION('',#7385,#7389);
#7385 = B_SPLINE_CURVE_WITH_KNOTS('',2,(#7386,#7387,#7388),
  .UNSPECIFIED.,.F.,.F.,(3,3),(0.,1.),.PIECEWISE_BEZIER_KNOTS.);
#7386 = CARTESIAN_POINT('',(28.008303571429,-30.996875,10.));
#7387 = CARTESIAN_POINT('',(28.008303571429,-31.248125,10.));
#7388 = CARTESIAN_POINT('',(28.174910714286,-31.41232142857,10.));
#7389 = VECTOR('',#7390,1.);
#7390 = DIRECTION('',(-0.,-0.,-1.));
#7391 = ADVANCED_FACE('',(#7392),#7417,.T.);
#7392 = FACE_BOUND('',#7393,.T.);
#7393 = EDGE_LOOP('',(#7394,#7404,#7410,#7411));
#7394 = ORIENTED_EDGE('',*,*,#7395,.T.);
#7395 = EDGE_CURVE('',#7396,#7398,#7400,.T.);
#7396 = VERTEX_POINT('',#7397);
#7397 = CARTESIAN_POINT('',(28.237321428571,-30.49866071428,10.));
#7398 = VERTEX_POINT('',#7399);
#7399 = CARTESIAN_POINT('',(28.237321428571,-30.49866071428,11.));
#7400 = LINE('',#7401,#7402);
#7401 = CARTESIAN_POINT('',(28.237321428571,-30.49866071428,10.));
#7402 = VECTOR('',#7403,1.);
#7403 = DIRECTION('',(0.,0.,1.));
#7404 = ORIENTED_EDGE('',*,*,#7405,.T.);
#7405 = EDGE_CURVE('',#7398,#7365,#7406,.T.);
#7406 = B_SPLINE_CURVE_WITH_KNOTS('',2,(#7407,#7408,#7409),
  .UNSPECIFIED.,.F.,.F.,(3,3),(0.,1.),.PIECEWISE_BEZIER_KNOTS.);
#7407 = CARTESIAN_POINT('',(28.237321428571,-30.49866071428,11.));
#7408 = CARTESIAN_POINT('',(28.008303571429,-30.67276785714,11.));
#7409 = CARTESIAN_POINT('',(28.008303571429,-30.996875,11.));
#7410 = ORIENTED_EDGE('',*,*,#7362,.F.);
#7411 = ORIENTED_EDGE('',*,*,#7412,.F.);
#7412 = EDGE_CURVE('',#7396,#7363,#7413,.T.);
#7413 = B_SPLINE_CURVE_WITH_KNOTS('',2,(#7414,#7415,#7416),
  .UNSPECIFIED.,.F.,.F.,(3,3),(0.,1.),.PIECEWISE_BEZIER_KNOTS.);
#7414 = CARTESIAN_POINT('',(28.237321428571,-30.49866071428,10.));
#7415 = CARTESIAN_POINT('',(28.008303571429,-30.67276785714,10.));
#7416 = CARTESIAN_POINT('',(28.008303571429,-30.996875,10.));
#7417 = SURFACE_OF_LINEAR_EXTRUSION('',#7418,#7422);
#7418 = B_SPLINE_CURVE_WITH_KNOTS('',2,(#7419,#7420,#7421),
  .UNSPECIFIED.,.F.,.F.,(3,3),(0.,1.),.PIECEWISE_BEZIER_KNOTS.);
#7419 = CARTESIAN_POINT('',(28.237321428571,-30.49866071428,10.));
#7420 = CARTESIAN_POINT('',(28.008303571429,-30.67276785714,10.));
#7421 = CARTESIAN_POINT('',(28.008303571429,-30.996875,10.));
#7422 = VECTOR('',#7423,1.);
#7423 = DIRECTION('',(-0.,-0.,-1.));
#7424 = ADVANCED_FACE('',(#7425),#7450,.T.);
#7425 = FACE_BOUND('',#7426,.T.);
#7426 = EDGE_LOOP('',(#7427,#7437,#7443,#7444));
#7427 = ORIENTED_EDGE('',*,*,#7428,.T.);
#7428 = EDGE_CURVE('',#7429,#7431,#7433,.T.);
#7429 = VERTEX_POINT('',#7430);
#7430 = CARTESIAN_POINT('',(28.89625,-30.32428571428,10.));
#7431 = VERTEX_POINT('',#7432);
#7432 = CARTESIAN_POINT('',(28.89625,-30.32428571428,11.));
#7433 = LINE('',#7434,#7435);
#7434 = CARTESIAN_POINT('',(28.89625,-30.32428571428,10.));
#7435 = VECTOR('',#7436,1.);
#7436 = DIRECTION('',(0.,0.,1.));
#7437 = ORIENTED_EDGE('',*,*,#7438,.T.);
#7438 = EDGE_CURVE('',#7431,#7398,#7439,.T.);
#7439 = B_SPLINE_CURVE_WITH_KNOTS('',2,(#7440,#7441,#7442),
  .UNSPECIFIED.,.F.,.F.,(3,3),(0.,1.),.PIECEWISE_BEZIER_KNOTS.);
#7440 = CARTESIAN_POINT('',(28.89625,-30.32428571428,11.));
#7441 = CARTESIAN_POINT('',(28.466339285714,-30.32428571428,11.));
#7442 = CARTESIAN_POINT('',(28.237321428571,-30.49866071428,11.));
#7443 = ORIENTED_EDGE('',*,*,#7395,.F.);
#7444 = ORIENTED_EDGE('',*,*,#7445,.F.);
#7445 = EDGE_CURVE('',#7429,#7396,#7446,.T.);
#7446 = B_SPLINE_CURVE_WITH_KNOTS('',2,(#7447,#7448,#7449),
  .UNSPECIFIED.,.F.,.F.,(3,3),(0.,1.),.PIECEWISE_BEZIER_KNOTS.);
#7447 = CARTESIAN_POINT('',(28.89625,-30.32428571428,10.));
#7448 = CARTESIAN_POINT('',(28.466339285714,-30.32428571428,10.));
#7449 = CARTESIAN_POINT('',(28.237321428571,-30.49866071428,10.));
#7450 = SURFACE_OF_LINEAR_EXTRUSION('',#7451,#7455);
#7451 = B_SPLINE_CURVE_WITH_KNOTS('',2,(#7452,#7453,#7454),
  .UNSPECIFIED.,.F.,.F.,(3,3),(0.,1.),.PIECEWISE_BEZIER_KNOTS.);
#7452 = CARTESIAN_POINT('',(28.89625,-30.32428571428,10.));
#7453 = CARTESIAN_POINT('',(28.466339285714,-30.32428571428,10.));
#7454 = CARTESIAN_POINT('',(28.237321428571,-30.49866071428,10.));
#7455 = VECTOR('',#7456,1.);
#7456 = DIRECTION('',(-0.,-0.,-1.));
#7457 = ADVANCED_FACE('',(#7458),#7483,.T.);
#7458 = FACE_BOUND('',#7459,.T.);
#7459 = EDGE_LOOP('',(#7460,#7470,#7476,#7477));
#7460 = ORIENTED_EDGE('',*,*,#7461,.T.);
#7461 = EDGE_CURVE('',#7462,#7464,#7466,.T.);
#7462 = VERTEX_POINT('',#7463);
#7463 = CARTESIAN_POINT('',(29.675714285714,-30.46892857142,10.));
#7464 = VERTEX_POINT('',#7465);
#7465 = CARTESIAN_POINT('',(29.675714285714,-30.46892857142,11.));
#7466 = LINE('',#7467,#7468);
#7467 = CARTESIAN_POINT('',(29.675714285714,-30.46892857142,10.));
#7468 = VECTOR('',#7469,1.);
#7469 = DIRECTION('',(0.,0.,1.));
#7470 = ORIENTED_EDGE('',*,*,#7471,.T.);
#7471 = EDGE_CURVE('',#7464,#7431,#7472,.T.);
#7472 = B_SPLINE_CURVE_WITH_KNOTS('',2,(#7473,#7474,#7475),
  .UNSPECIFIED.,.F.,.F.,(3,3),(0.,1.),.PIECEWISE_BEZIER_KNOTS.);
#7473 = CARTESIAN_POINT('',(29.675714285714,-30.46892857142,11.));
#7474 = CARTESIAN_POINT('',(29.281964285714,-30.32428571428,11.));
#7475 = CARTESIAN_POINT('',(28.89625,-30.32428571428,11.));
#7476 = ORIENTED_EDGE('',*,*,#7428,.F.);
#7477 = ORIENTED_EDGE('',*,*,#7478,.F.);
#7478 = EDGE_CURVE('',#7462,#7429,#7479,.T.);
#7479 = B_SPLINE_CURVE_WITH_KNOTS('',2,(#7480,#7481,#7482),
  .UNSPECIFIED.,.F.,.F.,(3,3),(0.,1.),.PIECEWISE_BEZIER_KNOTS.);
#7480 = CARTESIAN_POINT('',(29.675714285714,-30.46892857142,10.));
#7481 = CARTESIAN_POINT('',(29.281964285714,-30.32428571428,10.));
#7482 = CARTESIAN_POINT('',(28.89625,-30.32428571428,10.));
#7483 = SURFACE_OF_LINEAR_EXTRUSION('',#7484,#7488);
#7484 = B_SPLINE_CURVE_WITH_KNOTS('',2,(#7485,#7486,#7487),
  .UNSPECIFIED.,.F.,.F.,(3,3),(0.,1.),.PIECEWISE_BEZIER_KNOTS.);
#7485 = CARTESIAN_POINT('',(29.675714285714,-30.46892857142,10.));
#7486 = CARTESIAN_POINT('',(29.281964285714,-30.32428571428,10.));
#7487 = CARTESIAN_POINT('',(28.89625,-30.32428571428,10.));
#7488 = VECTOR('',#7489,1.);
#7489 = DIRECTION('',(-0.,-0.,-1.));
#7490 = ADVANCED_FACE('',(#7491),#7516,.T.);
#7491 = FACE_BOUND('',#7492,.T.);
#7492 = EDGE_LOOP('',(#7493,#7503,#7509,#7510));
#7493 = ORIENTED_EDGE('',*,*,#7494,.T.);
#7494 = EDGE_CURVE('',#7495,#7497,#7499,.T.);
#7495 = VERTEX_POINT('',#7496);
#7496 = CARTESIAN_POINT('',(30.451160714286,-30.89,10.));
#7497 = VERTEX_POINT('',#7498);
#7498 = CARTESIAN_POINT('',(30.451160714286,-30.89,11.));
#7499 = LINE('',#7500,#7501);
#7500 = CARTESIAN_POINT('',(30.451160714286,-30.89,10.));
#7501 = VECTOR('',#7502,1.);
#7502 = DIRECTION('',(0.,0.,1.));
#7503 = ORIENTED_EDGE('',*,*,#7504,.T.);
#7504 = EDGE_CURVE('',#7497,#7464,#7505,.T.);
#7505 = B_SPLINE_CURVE_WITH_KNOTS('',2,(#7506,#7507,#7508),
  .UNSPECIFIED.,.F.,.F.,(3,3),(0.,1.),.PIECEWISE_BEZIER_KNOTS.);
#7506 = CARTESIAN_POINT('',(30.451160714286,-30.89,11.));
#7507 = CARTESIAN_POINT('',(30.069464285714,-30.61330357142,11.));
#7508 = CARTESIAN_POINT('',(29.675714285714,-30.46892857142,11.));
#7509 = ORIENTED_EDGE('',*,*,#7461,.F.);
#7510 = ORIENTED_EDGE('',*,*,#7511,.F.);
#7511 = EDGE_CURVE('',#7495,#7462,#7512,.T.);
#7512 = B_SPLINE_CURVE_WITH_KNOTS('',2,(#7513,#7514,#7515),
  .UNSPECIFIED.,.F.,.F.,(3,3),(0.,1.),.PIECEWISE_BEZIER_KNOTS.);
#7513 = CARTESIAN_POINT('',(30.451160714286,-30.89,10.));
#7514 = CARTESIAN_POINT('',(30.069464285714,-30.61330357142,10.));
#7515 = CARTESIAN_POINT('',(29.675714285714,-30.46892857142,10.));
#7516 = SURFACE_OF_LINEAR_EXTRUSION('',#7517,#7521);
#7517 = B_SPLINE_CURVE_WITH_KNOTS('',2,(#7518,#7519,#7520),
  .UNSPECIFIED.,.F.,.F.,(3,3),(0.,1.),.PIECEWISE_BEZIER_KNOTS.);
#7518 = CARTESIAN_POINT('',(30.451160714286,-30.89,10.));
#7519 = CARTESIAN_POINT('',(30.069464285714,-30.61330357142,10.));
#7520 = CARTESIAN_POINT('',(29.675714285714,-30.46892857142,10.));
#7521 = VECTOR('',#7522,1.);
#7522 = DIRECTION('',(-0.,-0.,-1.));
#7523 = ADVANCED_FACE('',(#7524),#7549,.T.);
#7524 = FACE_BOUND('',#7525,.T.);
#7525 = EDGE_LOOP('',(#7526,#7536,#7542,#7543));
#7526 = ORIENTED_EDGE('',*,*,#7527,.T.);
#7527 = EDGE_CURVE('',#7528,#7530,#7532,.T.);
#7528 = VERTEX_POINT('',#7529);
#7529 = CARTESIAN_POINT('',(30.451160714286,-29.72428571428,10.));
#7530 = VERTEX_POINT('',#7531);
#7531 = CARTESIAN_POINT('',(30.451160714286,-29.72428571428,11.));
#7532 = LINE('',#7533,#7534);
#7533 = CARTESIAN_POINT('',(30.451160714286,-29.72428571428,10.));
#7534 = VECTOR('',#7535,1.);
#7535 = DIRECTION('',(0.,0.,1.));
#7536 = ORIENTED_EDGE('',*,*,#7537,.T.);
#7537 = EDGE_CURVE('',#7530,#7497,#7538,.T.);
#7538 = LINE('',#7539,#7540);
#7539 = CARTESIAN_POINT('',(30.451160714286,-29.72428571428,11.));
#7540 = VECTOR('',#7541,1.);
#7541 = DIRECTION('',(0.,-1.,0.));
#7542 = ORIENTED_EDGE('',*,*,#7494,.F.);
#7543 = ORIENTED_EDGE('',*,*,#7544,.F.);
#7544 = EDGE_CURVE('',#7528,#7495,#7545,.T.);
#7545 = LINE('',#7546,#7547);
#7546 = CARTESIAN_POINT('',(30.451160714286,-29.72428571428,10.));
#7547 = VECTOR('',#7548,1.);
#7548 = DIRECTION('',(0.,-1.,0.));
#7549 = PLANE('',#7550);
#7550 = AXIS2_PLACEMENT_3D('',#7551,#7552,#7553);
#7551 = CARTESIAN_POINT('',(30.451160714286,-29.72428571428,10.));
#7552 = DIRECTION('',(1.,0.,-0.));
#7553 = DIRECTION('',(0.,-1.,0.));
#7554 = ADVANCED_FACE('',(#7555),#7580,.T.);
#7555 = FACE_BOUND('',#7556,.T.);
#7556 = EDGE_LOOP('',(#7557,#7567,#7573,#7574));
#7557 = ORIENTED_EDGE('',*,*,#7558,.T.);
#7558 = EDGE_CURVE('',#7559,#7561,#7563,.T.);
#7559 = VERTEX_POINT('',#7560);
#7560 = CARTESIAN_POINT('',(29.631517857143,-29.4425,10.));
#7561 = VERTEX_POINT('',#7562);
#7562 = CARTESIAN_POINT('',(29.631517857143,-29.4425,11.));
#7563 = LINE('',#7564,#7565);
#7564 = CARTESIAN_POINT('',(29.631517857143,-29.4425,10.));
#7565 = VECTOR('',#7566,1.);
#7566 = DIRECTION('',(0.,0.,1.));
#7567 = ORIENTED_EDGE('',*,*,#7568,.T.);
#7568 = EDGE_CURVE('',#7561,#7530,#7569,.T.);
#7569 = B_SPLINE_CURVE_WITH_KNOTS('',2,(#7570,#7571,#7572),
  .UNSPECIFIED.,.F.,.F.,(3,3),(0.,1.),.PIECEWISE_BEZIER_KNOTS.);
#7570 = CARTESIAN_POINT('',(29.631517857143,-29.4425,11.));
#7571 = CARTESIAN_POINT('',(30.045357142857,-29.53785714285,11.));
#7572 = CARTESIAN_POINT('',(30.451160714286,-29.72428571428,11.));
#7573 = ORIENTED_EDGE('',*,*,#7527,.F.);
#7574 = ORIENTED_EDGE('',*,*,#7575,.F.);
#7575 = EDGE_CURVE('',#7559,#7528,#7576,.T.);
#7576 = B_SPLINE_CURVE_WITH_KNOTS('',2,(#7577,#7578,#7579),
  .UNSPECIFIED.,.F.,.F.,(3,3),(0.,1.),.PIECEWISE_BEZIER_KNOTS.);
#7577 = CARTESIAN_POINT('',(29.631517857143,-29.4425,10.));
#7578 = CARTESIAN_POINT('',(30.045357142857,-29.53785714285,10.));
#7579 = CARTESIAN_POINT('',(30.451160714286,-29.72428571428,10.));
#7580 = SURFACE_OF_LINEAR_EXTRUSION('',#7581,#7585);
#7581 = B_SPLINE_CURVE_WITH_KNOTS('',2,(#7582,#7583,#7584),
  .UNSPECIFIED.,.F.,.F.,(3,3),(0.,1.),.PIECEWISE_BEZIER_KNOTS.);
#7582 = CARTESIAN_POINT('',(29.631517857143,-29.4425,10.));
#7583 = CARTESIAN_POINT('',(30.045357142857,-29.53785714285,10.));
#7584 = CARTESIAN_POINT('',(30.451160714286,-29.72428571428,10.));
#7585 = VECTOR('',#7586,1.);
#7586 = DIRECTION('',(-0.,-0.,-1.));
#7587 = ADVANCED_FACE('',(#7588),#7613,.T.);
#7588 = FACE_BOUND('',#7589,.T.);
#7589 = EDGE_LOOP('',(#7590,#7600,#7606,#7607));
#7590 = ORIENTED_EDGE('',*,*,#7591,.T.);
#7591 = EDGE_CURVE('',#7592,#7594,#7596,.T.);
#7592 = VERTEX_POINT('',#7593);
#7593 = CARTESIAN_POINT('',(28.803839285714,-29.34714285714,10.));
#7594 = VERTEX_POINT('',#7595);
#7595 = CARTESIAN_POINT('',(28.803839285714,-29.34714285714,11.));
#7596 = LINE('',#7597,#7598);
#7597 = CARTESIAN_POINT('',(28.803839285714,-29.34714285714,10.));
#7598 = VECTOR('',#7599,1.);
#7599 = DIRECTION('',(0.,0.,1.));
#7600 = ORIENTED_EDGE('',*,*,#7601,.T.);
#7601 = EDGE_CURVE('',#7594,#7561,#7602,.T.);
#7602 = B_SPLINE_CURVE_WITH_KNOTS('',2,(#7603,#7604,#7605),
  .UNSPECIFIED.,.F.,.F.,(3,3),(0.,1.),.PIECEWISE_BEZIER_KNOTS.);
#7603 = CARTESIAN_POINT('',(28.803839285714,-29.34714285714,11.));
#7604 = CARTESIAN_POINT('',(29.217678571429,-29.34714285714,11.));
#7605 = CARTESIAN_POINT('',(29.631517857143,-29.4425,11.));
#7606 = ORIENTED_EDGE('',*,*,#7558,.F.);
#7607 = ORIENTED_EDGE('',*,*,#7608,.F.);
#7608 = EDGE_CURVE('',#7592,#7559,#7609,.T.);
#7609 = B_SPLINE_CURVE_WITH_KNOTS('',2,(#7610,#7611,#7612),
  .UNSPECIFIED.,.F.,.F.,(3,3),(0.,1.),.PIECEWISE_BEZIER_KNOTS.);
#7610 = CARTESIAN_POINT('',(28.803839285714,-29.34714285714,10.));
#7611 = CARTESIAN_POINT('',(29.217678571429,-29.34714285714,10.));
#7612 = CARTESIAN_POINT('',(29.631517857143,-29.4425,10.));
#7613 = SURFACE_OF_LINEAR_EXTRUSION('',#7614,#7618);
#7614 = B_SPLINE_CURVE_WITH_KNOTS('',2,(#7615,#7616,#7617),
  .UNSPECIFIED.,.F.,.F.,(3,3),(0.,1.),.PIECEWISE_BEZIER_KNOTS.);
#7615 = CARTESIAN_POINT('',(28.803839285714,-29.34714285714,10.));
#7616 = CARTESIAN_POINT('',(29.217678571429,-29.34714285714,10.));
#7617 = CARTESIAN_POINT('',(29.631517857143,-29.4425,10.));
#7618 = VECTOR('',#7619,1.);
#7619 = DIRECTION('',(-0.,-0.,-1.));
#7620 = ADVANCED_FACE('',(#7621),#7646,.T.);
#7621 = FACE_BOUND('',#7622,.T.);
#7622 = EDGE_LOOP('',(#7623,#7633,#7639,#7640));
#7623 = ORIENTED_EDGE('',*,*,#7624,.T.);
#7624 = EDGE_CURVE('',#7625,#7627,#7629,.T.);
#7625 = VERTEX_POINT('',#7626);
#7626 = CARTESIAN_POINT('',(27.369464285714,-29.81401785714,10.));
#7627 = VERTEX_POINT('',#7628);
#7628 = CARTESIAN_POINT('',(27.369464285714,-29.81401785714,11.));
#7629 = LINE('',#7630,#7631);
#7630 = CARTESIAN_POINT('',(27.369464285714,-29.81401785714,10.));
#7631 = VECTOR('',#7632,1.);
#7632 = DIRECTION('',(0.,0.,1.));
#7633 = ORIENTED_EDGE('',*,*,#7634,.T.);
#7634 = EDGE_CURVE('',#7627,#7594,#7635,.T.);
#7635 = B_SPLINE_CURVE_WITH_KNOTS('',2,(#7636,#7637,#7638),
  .UNSPECIFIED.,.F.,.F.,(3,3),(0.,1.),.PIECEWISE_BEZIER_KNOTS.);
#7636 = CARTESIAN_POINT('',(27.369464285714,-29.81401785714,11.));
#7637 = CARTESIAN_POINT('',(27.891785714286,-29.34714285714,11.));
#7638 = CARTESIAN_POINT('',(28.803839285714,-29.34714285714,11.));
#7639 = ORIENTED_EDGE('',*,*,#7591,.F.);
#7640 = ORIENTED_EDGE('',*,*,#7641,.F.);
#7641 = EDGE_CURVE('',#7625,#7592,#7642,.T.);
#7642 = B_SPLINE_CURVE_WITH_KNOTS('',2,(#7643,#7644,#7645),
  .UNSPECIFIED.,.F.,.F.,(3,3),(0.,1.),.PIECEWISE_BEZIER_KNOTS.);
#7643 = CARTESIAN_POINT('',(27.369464285714,-29.81401785714,10.));
#7644 = CARTESIAN_POINT('',(27.891785714286,-29.34714285714,10.));
#7645 = CARTESIAN_POINT('',(28.803839285714,-29.34714285714,10.));
#7646 = SURFACE_OF_LINEAR_EXTRUSION('',#7647,#7651);
#7647 = B_SPLINE_CURVE_WITH_KNOTS('',2,(#7648,#7649,#7650),
  .UNSPECIFIED.,.F.,.F.,(3,3),(0.,1.),.PIECEWISE_BEZIER_KNOTS.);
#7648 = CARTESIAN_POINT('',(27.369464285714,-29.81401785714,10.));
#7649 = CARTESIAN_POINT('',(27.891785714286,-29.34714285714,10.));
#7650 = CARTESIAN_POINT('',(28.803839285714,-29.34714285714,10.));
#7651 = VECTOR('',#7652,1.);
#7652 = DIRECTION('',(-0.,-0.,-1.));
#7653 = ADVANCED_FACE('',(#7654),#7679,.T.);
#7654 = FACE_BOUND('',#7655,.T.);
#7655 = EDGE_LOOP('',(#7656,#7666,#7672,#7673));
#7656 = ORIENTED_EDGE('',*,*,#7657,.T.);
#7657 = EDGE_CURVE('',#7658,#7660,#7662,.T.);
#7658 = VERTEX_POINT('',#7659);
#7659 = CARTESIAN_POINT('',(26.847142857143,-31.09732142857,10.));
#7660 = VERTEX_POINT('',#7661);
#7661 = CARTESIAN_POINT('',(26.847142857143,-31.09732142857,11.));
#7662 = LINE('',#7663,#7664);
#7663 = CARTESIAN_POINT('',(26.847142857143,-31.09732142857,10.));
#7664 = VECTOR('',#7665,1.);
#7665 = DIRECTION('',(0.,0.,1.));
#7666 = ORIENTED_EDGE('',*,*,#7667,.T.);
#7667 = EDGE_CURVE('',#7660,#7627,#7668,.T.);
#7668 = B_SPLINE_CURVE_WITH_KNOTS('',2,(#7669,#7670,#7671),
  .UNSPECIFIED.,.F.,.F.,(3,3),(0.,1.),.PIECEWISE_BEZIER_KNOTS.);
#7669 = CARTESIAN_POINT('',(26.847142857143,-31.09732142857,11.));
#7670 = CARTESIAN_POINT('',(26.847142857143,-30.280625,11.));
#7671 = CARTESIAN_POINT('',(27.369464285714,-29.81401785714,11.));
#7672 = ORIENTED_EDGE('',*,*,#7624,.F.);
#7673 = ORIENTED_EDGE('',*,*,#7674,.F.);
#7674 = EDGE_CURVE('',#7658,#7625,#7675,.T.);
#7675 = B_SPLINE_CURVE_WITH_KNOTS('',2,(#7676,#7677,#7678),
  .UNSPECIFIED.,.F.,.F.,(3,3),(0.,1.),.PIECEWISE_BEZIER_KNOTS.);
#7676 = CARTESIAN_POINT('',(26.847142857143,-31.09732142857,10.));
#7677 = CARTESIAN_POINT('',(26.847142857143,-30.280625,10.));
#7678 = CARTESIAN_POINT('',(27.369464285714,-29.81401785714,10.));
#7679 = SURFACE_OF_LINEAR_EXTRUSION('',#7680,#7684);
#7680 = B_SPLINE_CURVE_WITH_KNOTS('',2,(#7681,#7682,#7683),
  .UNSPECIFIED.,.F.,.F.,(3,3),(0.,1.),.PIECEWISE_BEZIER_KNOTS.);
#7681 = CARTESIAN_POINT('',(26.847142857143,-31.09732142857,10.));
#7682 = CARTESIAN_POINT('',(26.847142857143,-30.280625,10.));
#7683 = CARTESIAN_POINT('',(27.369464285714,-29.81401785714,10.));
#7684 = VECTOR('',#7685,1.);
#7685 = DIRECTION('',(-0.,-0.,-1.));
#7686 = ADVANCED_FACE('',(#7687),#7703,.T.);
#7687 = FACE_BOUND('',#7688,.T.);
#7688 = EDGE_LOOP('',(#7689,#7690,#7696,#7697));
#7689 = ORIENTED_EDGE('',*,*,#6816,.T.);
#7690 = ORIENTED_EDGE('',*,*,#7691,.T.);
#7691 = EDGE_CURVE('',#6809,#7660,#7692,.T.);
#7692 = B_SPLINE_CURVE_WITH_KNOTS('',2,(#7693,#7694,#7695),
  .UNSPECIFIED.,.F.,.F.,(3,3),(0.,1.),.PIECEWISE_BEZIER_KNOTS.);
#7693 = CARTESIAN_POINT('',(27.164553571429,-32.10928571428,11.));
#7694 = CARTESIAN_POINT('',(26.847142857143,-31.73294642857,11.));
#7695 = CARTESIAN_POINT('',(26.847142857143,-31.09732142857,11.));
#7696 = ORIENTED_EDGE('',*,*,#7657,.F.);
#7697 = ORIENTED_EDGE('',*,*,#7698,.F.);
#7698 = EDGE_CURVE('',#6817,#7658,#7699,.T.);
#7699 = B_SPLINE_CURVE_WITH_KNOTS('',2,(#7700,#7701,#7702),
  .UNSPECIFIED.,.F.,.F.,(3,3),(0.,1.),.PIECEWISE_BEZIER_KNOTS.);
#7700 = CARTESIAN_POINT('',(27.164553571429,-32.10928571428,10.));
#7701 = CARTESIAN_POINT('',(26.847142857143,-31.73294642857,10.));
#7702 = CARTESIAN_POINT('',(26.847142857143,-31.09732142857,10.));
#7703 = SURFACE_OF_LINEAR_EXTRUSION('',#7704,#7708);
#7704 = B_SPLINE_CURVE_WITH_KNOTS('',2,(#7705,#7706,#7707),
  .UNSPECIFIED.,.F.,.F.,(3,3),(0.,1.),.PIECEWISE_BEZIER_KNOTS.);
#7705 = CARTESIAN_POINT('',(27.164553571429,-32.10928571428,10.));
#7706 = CARTESIAN_POINT('',(26.847142857143,-31.73294642857,10.));
#7707 = CARTESIAN_POINT('',(26.847142857143,-31.09732142857,10.));
#7708 = VECTOR('',#7709,1.);
#7709 = DIRECTION('',(-0.,-0.,-1.));
#7710 = ADVANCED_FACE('',(#7711),#7741,.F.);
#7711 = FACE_BOUND('',#7712,.F.);
#7712 = EDGE_LOOP('',(#7713,#7714,#7715,#7716,#7717,#7718,#7719,#7720,
    #7721,#7722,#7723,#7724,#7725,#7726,#7727,#7728,#7729,#7730,#7731,
    #7732,#7733,#7734,#7735,#7736,#7737,#7738,#7739,#7740));
#7713 = ORIENTED_EDGE('',*,*,#6824,.F.);
#7714 = ORIENTED_EDGE('',*,*,#6857,.F.);
#7715 = ORIENTED_EDGE('',*,*,#6888,.F.);
#7716 = ORIENTED_EDGE('',*,*,#6921,.F.);
#7717 = ORIENTED_EDGE('',*,*,#6954,.F.);
#7718 = ORIENTED_EDGE('',*,*,#6987,.F.);
#7719 = ORIENTED_EDGE('',*,*,#7020,.F.);
#7720 = ORIENTED_EDGE('',*,*,#7053,.F.);
#7721 = ORIENTED_EDGE('',*,*,#7086,.F.);
#7722 = ORIENTED_EDGE('',*,*,#7117,.F.);
#7723 = ORIENTED_EDGE('',*,*,#7150,.F.);
#7724 = ORIENTED_EDGE('',*,*,#7183,.F.);
#7725 = ORIENTED_EDGE('',*,*,#7216,.F.);
#7726 = ORIENTED_EDGE('',*,*,#7249,.F.);
#7727 = ORIENTED_EDGE('',*,*,#7282,.F.);
#7728 = ORIENTED_EDGE('',*,*,#7315,.F.);
#7729 = ORIENTED_EDGE('',*,*,#7346,.F.);
#7730 = ORIENTED_EDGE('',*,*,#7379,.F.);
#7731 = ORIENTED_EDGE('',*,*,#7412,.F.);
#7732 = ORIENTED_EDGE('',*,*,#7445,.F.);
#7733 = ORIENTED_EDGE('',*,*,#7478,.F.);
#7734 = ORIENTED_EDGE('',*,*,#7511,.F.);
#7735 = ORIENTED_EDGE('',*,*,#7544,.F.);
#7736 = ORIENTED_EDGE('',*,*,#7575,.F.);
#7737 = ORIENTED_EDGE('',*,*,#7608,.F.);
#7738 = ORIENTED_EDGE('',*,*,#7641,.F.);
#7739 = ORIENTED_EDGE('',*,*,#7674,.F.);
#7740 = ORIENTED_EDGE('',*,*,#7698,.F.);
#7741 = PLANE('',#7742);
#7742 = AXIS2_PLACEMENT_3D('',#7743,#7744,#7745);
#7743 = CARTESIAN_POINT('',(28.763711432071,-32.49971664851,10.));
#7744 = DIRECTION('',(0.,0.,1.));
#7745 = DIRECTION('',(1.,0.,0.));
#7746 = ADVANCED_FACE('',(#7747),#7777,.T.);
#7747 = FACE_BOUND('',#7748,.T.);
#7748 = EDGE_LOOP('',(#7749,#7750,#7751,#7752,#7753,#7754,#7755,#7756,
    #7757,#7758,#7759,#7760,#7761,#7762,#7763,#7764,#7765,#7766,#7767,
    #7768,#7769,#7770,#7771,#7772,#7773,#7774,#7775,#7776));
#7749 = ORIENTED_EDGE('',*,*,#6808,.F.);
#7750 = ORIENTED_EDGE('',*,*,#6850,.F.);
#7751 = ORIENTED_EDGE('',*,*,#6881,.F.);
#7752 = ORIENTED_EDGE('',*,*,#6914,.F.);
#7753 = ORIENTED_EDGE('',*,*,#6947,.F.);
#7754 = ORIENTED_EDGE('',*,*,#6980,.F.);
#7755 = ORIENTED_EDGE('',*,*,#7013,.F.);
#7756 = ORIENTED_EDGE('',*,*,#7046,.F.);
#7757 = ORIENTED_EDGE('',*,*,#7079,.F.);
#7758 = ORIENTED_EDGE('',*,*,#7110,.F.);
#7759 = ORIENTED_EDGE('',*,*,#7143,.F.);
#7760 = ORIENTED_EDGE('',*,*,#7176,.F.);
#7761 = ORIENTED_EDGE('',*,*,#7209,.F.);
#7762 = ORIENTED_EDGE('',*,*,#7242,.F.);
#7763 = ORIENTED_EDGE('',*,*,#7275,.F.);
#7764 = ORIENTED_EDGE('',*,*,#7308,.F.);
#7765 = ORIENTED_EDGE('',*,*,#7339,.F.);
#7766 = ORIENTED_EDGE('',*,*,#7372,.F.);
#7767 = ORIENTED_EDGE('',*,*,#7405,.F.);
#7768 = ORIENTED_EDGE('',*,*,#7438,.F.);
#7769 = ORIENTED_EDGE('',*,*,#7471,.F.);
#7770 = ORIENTED_EDGE('',*,*,#7504,.F.);
#7771 = ORIENTED_EDGE('',*,*,#7537,.F.);
#7772 = ORIENTED_EDGE('',*,*,#7568,.F.);
#7773 = ORIENTED_EDGE('',*,*,#7601,.F.);
#7774 = ORIENTED_EDGE('',*,*,#7634,.F.);
#7775 = ORIENTED_EDGE('',*,*,#7667,.F.);
#7776 = ORIENTED_EDGE('',*,*,#7691,.F.);
#7777 = PLANE('',#7778);
#7778 = AXIS2_PLACEMENT_3D('',#7779,#7780,#7781);
#7779 = CARTESIAN_POINT('',(28.763711432071,-32.49971664851,11.));
#7780 = DIRECTION('',(0.,0.,1.));
#7781 = DIRECTION('',(1.,0.,0.));
#7782 = MANIFOLD_SOLID_BREP('',#7783);
#7783 = CLOSED_SHELL('',(#7784,#7824,#7855,#7886,#7917,#7948,#7979,#8010
    ,#8041,#8072,#8103,#8134,#8156,#8176));
#7784 = ADVANCED_FACE('',(#7785),#7819,.T.);
#7785 = FACE_BOUND('',#7786,.T.);
#7786 = EDGE_LOOP('',(#7787,#7797,#7805,#7813));
#7787 = ORIENTED_EDGE('',*,*,#7788,.T.);
#7788 = EDGE_CURVE('',#7789,#7791,#7793,.T.);
#7789 = VERTEX_POINT('',#7790);
#7790 = CARTESIAN_POINT('',(35.694732142857,-35.45,10.));
#7791 = VERTEX_POINT('',#7792);
#7792 = CARTESIAN_POINT('',(35.694732142857,-35.45,11.));
#7793 = LINE('',#7794,#7795);
#7794 = CARTESIAN_POINT('',(35.694732142857,-35.45,10.));
#7795 = VECTOR('',#7796,1.);
#7796 = DIRECTION('',(0.,0.,1.));
#7797 = ORIENTED_EDGE('',*,*,#7798,.T.);
#7798 = EDGE_CURVE('',#7791,#7799,#7801,.T.);
#7799 = VERTEX_POINT('',#7800);
#7800 = CARTESIAN_POINT('',(31.958125,-35.45,11.));
#7801 = LINE('',#7802,#7803);
#7802 = CARTESIAN_POINT('',(35.694732142857,-35.45,11.));
#7803 = VECTOR('',#7804,1.);
#7804 = DIRECTION('',(-1.,0.,0.));
#7805 = ORIENTED_EDGE('',*,*,#7806,.F.);
#7806 = EDGE_CURVE('',#7807,#7799,#7809,.T.);
#7807 = VERTEX_POINT('',#7808);
#7808 = CARTESIAN_POINT('',(31.958125,-35.45,10.));
#7809 = LINE('',#7810,#7811);
#7810 = CARTESIAN_POINT('',(31.958125,-35.45,10.));
#7811 = VECTOR('',#7812,1.);
#7812 = DIRECTION('',(0.,0.,1.));
#7813 = ORIENTED_EDGE('',*,*,#7814,.F.);
#7814 = EDGE_CURVE('',#7789,#7807,#7815,.T.);
#7815 = LINE('',#7816,#7817);
#7816 = CARTESIAN_POINT('',(35.694732142857,-35.45,10.));
#7817 = VECTOR('',#7818,1.);
#7818 = DIRECTION('',(-1.,0.,0.));
#7819 = PLANE('',#7820);
#7820 = AXIS2_PLACEMENT_3D('',#7821,#7822,#7823);
#7821 = CARTESIAN_POINT('',(35.694732142857,-35.45,10.));
#7822 = DIRECTION('',(0.,-1.,0.));
#7823 = DIRECTION('',(-1.,0.,0.));
#7824 = ADVANCED_FACE('',(#7825),#7850,.T.);
#7825 = FACE_BOUND('',#7826,.T.);
#7826 = EDGE_LOOP('',(#7827,#7837,#7843,#7844));
#7827 = ORIENTED_EDGE('',*,*,#7828,.T.);
#7828 = EDGE_CURVE('',#7829,#7831,#7833,.T.);
#7829 = VERTEX_POINT('',#7830);
#7830 = CARTESIAN_POINT('',(35.694732142857,-34.40428571428,10.));
#7831 = VERTEX_POINT('',#7832);
#7832 = CARTESIAN_POINT('',(35.694732142857,-34.40428571428,11.));
#7833 = LINE('',#7834,#7835);
#7834 = CARTESIAN_POINT('',(35.694732142857,-34.40428571428,10.));
#7835 = VECTOR('',#7836,1.);
#7836 = DIRECTION('',(0.,0.,1.));
#7837 = ORIENTED_EDGE('',*,*,#7838,.T.);
#7838 = EDGE_CURVE('',#7831,#7791,#7839,.T.);
#7839 = LINE('',#7840,#7841);
#7840 = CARTESIAN_POINT('',(35.694732142857,-34.40428571428,11.));
#7841 = VECTOR('',#7842,1.);
#7842 = DIRECTION('',(0.,-1.,0.));
#7843 = ORIENTED_EDGE('',*,*,#7788,.F.);
#7844 = ORIENTED_EDGE('',*,*,#7845,.F.);
#7845 = EDGE_CURVE('',#7829,#7789,#7846,.T.);
#7846 = LINE('',#7847,#7848);
#7847 = CARTESIAN_POINT('',(35.694732142857,-34.40428571428,10.));
#7848 = VECTOR('',#7849,1.);
#7849 = DIRECTION('',(0.,-1.,0.));
#7850 = PLANE('',#7851);
#7851 = AXIS2_PLACEMENT_3D('',#7852,#7853,#7854);
#7852 = CARTESIAN_POINT('',(35.694732142857,-34.40428571428,10.));
#7853 = DIRECTION('',(1.,0.,-0.));
#7854 = DIRECTION('',(0.,-1.,0.));
#7855 = ADVANCED_FACE('',(#7856),#7881,.T.);
#7856 = FACE_BOUND('',#7857,.T.);
#7857 = EDGE_LOOP('',(#7858,#7868,#7874,#7875));
#7858 = ORIENTED_EDGE('',*,*,#7859,.T.);
#7859 = EDGE_CURVE('',#7860,#7862,#7864,.T.);
#7860 = VERTEX_POINT('',#7861);
#7861 = CARTESIAN_POINT('',(33.143392857143,-34.40428571428,10.));
#7862 = VERTEX_POINT('',#7863);
#7863 = CARTESIAN_POINT('',(33.143392857143,-34.40428571428,11.));
#7864 = LINE('',#7865,#7866);
#7865 = CARTESIAN_POINT('',(33.143392857143,-34.40428571428,10.));
#7866 = VECTOR('',#7867,1.);
#7867 = DIRECTION('',(0.,0.,1.));
#7868 = ORIENTED_EDGE('',*,*,#7869,.T.);
#7869 = EDGE_CURVE('',#7862,#7831,#7870,.T.);
#7870 = LINE('',#7871,#7872);
#7871 = CARTESIAN_POINT('',(33.143392857143,-34.40428571428,11.));
#7872 = VECTOR('',#7873,1.);
#7873 = DIRECTION('',(1.,0.,0.));
#7874 = ORIENTED_EDGE('',*,*,#7828,.F.);
#7875 = ORIENTED_EDGE('',*,*,#7876,.F.);
#7876 = EDGE_CURVE('',#7860,#7829,#7877,.T.);
#7877 = LINE('',#7878,#7879);
#7878 = CARTESIAN_POINT('',(33.143392857143,-34.40428571428,10.));
#7879 = VECTOR('',#7880,1.);
#7880 = DIRECTION('',(1.,0.,0.));
#7881 = PLANE('',#7882);
#7882 = AXIS2_PLACEMENT_3D('',#7883,#7884,#7885);
#7883 = CARTESIAN_POINT('',(33.143392857143,-34.40428571428,10.));
#7884 = DIRECTION('',(0.,1.,0.));
#7885 = DIRECTION('',(1.,0.,0.));
#7886 = ADVANCED_FACE('',(#7887),#7912,.T.);
#7887 = FACE_BOUND('',#7888,.T.);
#7888 = EDGE_LOOP('',(#7889,#7899,#7905,#7906));
#7889 = ORIENTED_EDGE('',*,*,#7890,.T.);
#7890 = EDGE_CURVE('',#7891,#7893,#7895,.T.);
#7891 = VERTEX_POINT('',#7892);
#7892 = CARTESIAN_POINT('',(33.143392857143,-32.82714285714,10.));
#7893 = VERTEX_POINT('',#7894);
#7894 = CARTESIAN_POINT('',(33.143392857143,-32.82714285714,11.));
#7895 = LINE('',#7896,#7897);
#7896 = CARTESIAN_POINT('',(33.143392857143,-32.82714285714,10.));
#7897 = VECTOR('',#7898,1.);
#7898 = DIRECTION('',(0.,0.,1.));
#7899 = ORIENTED_EDGE('',*,*,#7900,.T.);
#7900 = EDGE_CURVE('',#7893,#7862,#7901,.T.);
#7901 = LINE('',#7902,#7903);
#7902 = CARTESIAN_POINT('',(33.143392857143,-32.82714285714,11.));
#7903 = VECTOR('',#7904,1.);
#7904 = DIRECTION('',(0.,-1.,0.));
#7905 = ORIENTED_EDGE('',*,*,#7859,.F.);
#7906 = ORIENTED_EDGE('',*,*,#7907,.F.);
#7907 = EDGE_CURVE('',#7891,#7860,#7908,.T.);
#7908 = LINE('',#7909,#7910);
#7909 = CARTESIAN_POINT('',(33.143392857143,-32.82714285714,10.));
#7910 = VECTOR('',#7911,1.);
#7911 = DIRECTION('',(0.,-1.,0.));
#7912 = PLANE('',#7913);
#7913 = AXIS2_PLACEMENT_3D('',#7914,#7915,#7916);
#7914 = CARTESIAN_POINT('',(33.143392857143,-32.82714285714,10.));
#7915 = DIRECTION('',(1.,0.,-0.));
#7916 = DIRECTION('',(0.,-1.,0.));
#7917 = ADVANCED_FACE('',(#7918),#7943,.T.);
#7918 = FACE_BOUND('',#7919,.T.);
#7919 = EDGE_LOOP('',(#7920,#7930,#7936,#7937));
#7920 = ORIENTED_EDGE('',*,*,#7921,.T.);
#7921 = EDGE_CURVE('',#7922,#7924,#7926,.T.);
#7922 = VERTEX_POINT('',#7923);
#7923 = CARTESIAN_POINT('',(35.453660714286,-32.82714285714,10.));
#7924 = VERTEX_POINT('',#7925);
#7925 = CARTESIAN_POINT('',(35.453660714286,-32.82714285714,11.));
#7926 = LINE('',#7927,#7928);
#7927 = CARTESIAN_POINT('',(35.453660714286,-32.82714285714,10.));
#7928 = VECTOR('',#7929,1.);
#7929 = DIRECTION('',(0.,0.,1.));
#7930 = ORIENTED_EDGE('',*,*,#7931,.T.);
#7931 = EDGE_CURVE('',#7924,#7893,#7932,.T.);
#7932 = LINE('',#7933,#7934);
#7933 = CARTESIAN_POINT('',(35.453660714286,-32.82714285714,11.));
#7934 = VECTOR('',#7935,1.);
#7935 = DIRECTION('',(-1.,0.,0.));
#7936 = ORIENTED_EDGE('',*,*,#7890,.F.);
#7937 = ORIENTED_EDGE('',*,*,#7938,.F.);
#7938 = EDGE_CURVE('',#7922,#7891,#7939,.T.);
#7939 = LINE('',#7940,#7941);
#7940 = CARTESIAN_POINT('',(35.453660714286,-32.82714285714,10.));
#7941 = VECTOR('',#7942,1.);
#7942 = DIRECTION('',(-1.,0.,0.));
#7943 = PLANE('',#7944);
#7944 = AXIS2_PLACEMENT_3D('',#7945,#7946,#7947);
#7945 = CARTESIAN_POINT('',(35.453660714286,-32.82714285714,10.));
#7946 = DIRECTION('',(0.,-1.,0.));
#7947 = DIRECTION('',(-1.,0.,0.));
#7948 = ADVANCED_FACE('',(#7949),#7974,.T.);
#7949 = FACE_BOUND('',#7950,.T.);
#7950 = EDGE_LOOP('',(#7951,#7961,#7967,#7968));
#7951 = ORIENTED_EDGE('',*,*,#7952,.T.);
#7952 = EDGE_CURVE('',#7953,#7955,#7957,.T.);
#7953 = VERTEX_POINT('',#7954);
#7954 = CARTESIAN_POINT('',(35.453660714286,-31.78142857142,10.));
#7955 = VERTEX_POINT('',#7956);
#7956 = CARTESIAN_POINT('',(35.453660714286,-31.78142857142,11.));
#7957 = LINE('',#7958,#7959);
#7958 = CARTESIAN_POINT('',(35.453660714286,-31.78142857142,10.));
#7959 = VECTOR('',#7960,1.);
#7960 = DIRECTION('',(0.,0.,1.));
#7961 = ORIENTED_EDGE('',*,*,#7962,.T.);
#7962 = EDGE_CURVE('',#7955,#7924,#7963,.T.);
#7963 = LINE('',#7964,#7965);
#7964 = CARTESIAN_POINT('',(35.453660714286,-31.78142857142,11.));
#7965 = VECTOR('',#7966,1.);
#7966 = DIRECTION('',(0.,-1.,0.));
#7967 = ORIENTED_EDGE('',*,*,#7921,.F.);
#7968 = ORIENTED_EDGE('',*,*,#7969,.F.);
#7969 = EDGE_CURVE('',#7953,#7922,#7970,.T.);
#7970 = LINE('',#7971,#7972);
#7971 = CARTESIAN_POINT('',(35.453660714286,-31.78142857142,10.));
#7972 = VECTOR('',#7973,1.);
#7973 = DIRECTION('',(0.,-1.,0.));
#7974 = PLANE('',#7975);
#7975 = AXIS2_PLACEMENT_3D('',#7976,#7977,#7978);
#7976 = CARTESIAN_POINT('',(35.453660714286,-31.78142857142,10.));
#7977 = DIRECTION('',(1.,0.,-0.));
#7978 = DIRECTION('',(0.,-1.,0.));
#7979 = ADVANCED_FACE('',(#7980),#8005,.T.);
#7980 = FACE_BOUND('',#7981,.T.);
#7981 = EDGE_LOOP('',(#7982,#7992,#7998,#7999));
#7982 = ORIENTED_EDGE('',*,*,#7983,.T.);
#7983 = EDGE_CURVE('',#7984,#7986,#7988,.T.);
#7984 = VERTEX_POINT('',#7985);
#7985 = CARTESIAN_POINT('',(33.143392857143,-31.78142857142,10.));
#7986 = VERTEX_POINT('',#7987);
#7987 = CARTESIAN_POINT('',(33.143392857143,-31.78142857142,11.));
#7988 = LINE('',#7989,#7990);
#7989 = CARTESIAN_POINT('',(33.143392857143,-31.78142857142,10.));
#7990 = VECTOR('',#7991,1.);
#7991 = DIRECTION('',(0.,0.,1.));
#7992 = ORIENTED_EDGE('',*,*,#7993,.T.);
#7993 = EDGE_CURVE('',#7986,#7955,#7994,.T.);
#7994 = LINE('',#7995,#7996);
#7995 = CARTESIAN_POINT('',(33.143392857143,-31.78142857142,11.));
#7996 = VECTOR('',#7997,1.);
#7997 = DIRECTION('',(1.,0.,0.));
#7998 = ORIENTED_EDGE('',*,*,#7952,.F.);
#7999 = ORIENTED_EDGE('',*,*,#8000,.F.);
#8000 = EDGE_CURVE('',#7984,#7953,#8001,.T.);
#8001 = LINE('',#8002,#8003);
#8002 = CARTESIAN_POINT('',(33.143392857143,-31.78142857142,10.));
#8003 = VECTOR('',#8004,1.);
#8004 = DIRECTION('',(1.,0.,0.));
#8005 = PLANE('',#8006);
#8006 = AXIS2_PLACEMENT_3D('',#8007,#8008,#8009);
#8007 = CARTESIAN_POINT('',(33.143392857143,-31.78142857142,10.));
#8008 = DIRECTION('',(0.,1.,0.));
#8009 = DIRECTION('',(1.,0.,0.));
#8010 = ADVANCED_FACE('',(#8011),#8036,.T.);
#8011 = FACE_BOUND('',#8012,.T.);
#8012 = EDGE_LOOP('',(#8013,#8023,#8029,#8030));
#8013 = ORIENTED_EDGE('',*,*,#8014,.T.);
#8014 = EDGE_CURVE('',#8015,#8017,#8019,.T.);
#8015 = VERTEX_POINT('',#8016);
#8016 = CARTESIAN_POINT('',(33.143392857143,-30.49571428571,10.));
#8017 = VERTEX_POINT('',#8018);
#8018 = CARTESIAN_POINT('',(33.143392857143,-30.49571428571,11.));
#8019 = LINE('',#8020,#8021);
#8020 = CARTESIAN_POINT('',(33.143392857143,-30.49571428571,10.));
#8021 = VECTOR('',#8022,1.);
#8022 = DIRECTION('',(0.,0.,1.));
#8023 = ORIENTED_EDGE('',*,*,#8024,.T.);
#8024 = EDGE_CURVE('',#8017,#7986,#8025,.T.);
#8025 = LINE('',#8026,#8027);
#8026 = CARTESIAN_POINT('',(33.143392857143,-30.49571428571,11.));
#8027 = VECTOR('',#8028,1.);
#8028 = DIRECTION('',(0.,-1.,0.));
#8029 = ORIENTED_EDGE('',*,*,#7983,.F.);
#8030 = ORIENTED_EDGE('',*,*,#8031,.F.);
#8031 = EDGE_CURVE('',#8015,#7984,#8032,.T.);
#8032 = LINE('',#8033,#8034);
#8033 = CARTESIAN_POINT('',(33.143392857143,-30.49571428571,10.));
#8034 = VECTOR('',#8035,1.);
#8035 = DIRECTION('',(0.,-1.,0.));
#8036 = PLANE('',#8037);
#8037 = AXIS2_PLACEMENT_3D('',#8038,#8039,#8040);
#8038 = CARTESIAN_POINT('',(33.143392857143,-30.49571428571,10.));
#8039 = DIRECTION('',(1.,0.,-0.));
#8040 = DIRECTION('',(0.,-1.,0.));
#8041 = ADVANCED_FACE('',(#8042),#8067,.T.);
#8042 = FACE_BOUND('',#8043,.T.);
#8043 = EDGE_LOOP('',(#8044,#8054,#8060,#8061));
#8044 = ORIENTED_EDGE('',*,*,#8045,.T.);
#8045 = EDGE_CURVE('',#8046,#8048,#8050,.T.);
#8046 = VERTEX_POINT('',#8047);
#8047 = CARTESIAN_POINT('',(35.694732142857,-30.49571428571,10.));
#8048 = VERTEX_POINT('',#8049);
#8049 = CARTESIAN_POINT('',(35.694732142857,-30.49571428571,11.));
#8050 = LINE('',#8051,#8052);
#8051 = CARTESIAN_POINT('',(35.694732142857,-30.49571428571,10.));
#8052 = VECTOR('',#8053,1.);
#8053 = DIRECTION('',(0.,0.,1.));
#8054 = ORIENTED_EDGE('',*,*,#8055,.T.);
#8055 = EDGE_CURVE('',#8048,#8017,#8056,.T.);
#8056 = LINE('',#8057,#8058);
#8057 = CARTESIAN_POINT('',(35.694732142857,-30.49571428571,11.));
#8058 = VECTOR('',#8059,1.);
#8059 = DIRECTION('',(-1.,0.,0.));
#8060 = ORIENTED_EDGE('',*,*,#8014,.F.);
#8061 = ORIENTED_EDGE('',*,*,#8062,.F.);
#8062 = EDGE_CURVE('',#8046,#8015,#8063,.T.);
#8063 = LINE('',#8064,#8065);
#8064 = CARTESIAN_POINT('',(35.694732142857,-30.49571428571,10.));
#8065 = VECTOR('',#8066,1.);
#8066 = DIRECTION('',(-1.,0.,0.));
#8067 = PLANE('',#8068);
#8068 = AXIS2_PLACEMENT_3D('',#8069,#8070,#8071);
#8069 = CARTESIAN_POINT('',(35.694732142857,-30.49571428571,10.));
#8070 = DIRECTION('',(0.,-1.,0.));
#8071 = DIRECTION('',(-1.,0.,0.));
#8072 = ADVANCED_FACE('',(#8073),#8098,.T.);
#8073 = FACE_BOUND('',#8074,.T.);
#8074 = EDGE_LOOP('',(#8075,#8085,#8091,#8092));
#8075 = ORIENTED_EDGE('',*,*,#8076,.T.);
#8076 = EDGE_CURVE('',#8077,#8079,#8081,.T.);
#8077 = VERTEX_POINT('',#8078);
#8078 = CARTESIAN_POINT('',(35.694732142857,-29.45,10.));
#8079 = VERTEX_POINT('',#8080);
#8080 = CARTESIAN_POINT('',(35.694732142857,-29.45,11.));
#8081 = LINE('',#8082,#8083);
#8082 = CARTESIAN_POINT('',(35.694732142857,-29.45,10.));
#8083 = VECTOR('',#8084,1.);
#8084 = DIRECTION('',(0.,0.,1.));
#8085 = ORIENTED_EDGE('',*,*,#8086,.T.);
#8086 = EDGE_CURVE('',#8079,#8048,#8087,.T.);
#8087 = LINE('',#8088,#8089);
#8088 = CARTESIAN_POINT('',(35.694732142857,-29.45,11.));
#8089 = VECTOR('',#8090,1.);
#8090 = DIRECTION('',(0.,-1.,0.));
#8091 = ORIENTED_EDGE('',*,*,#8045,.F.);
#8092 = ORIENTED_EDGE('',*,*,#8093,.F.);
#8093 = EDGE_CURVE('',#8077,#8046,#8094,.T.);
#8094 = LINE('',#8095,#8096);
#8095 = CARTESIAN_POINT('',(35.694732142857,-29.45,10.));
#8096 = VECTOR('',#8097,1.);
#8097 = DIRECTION('',(0.,-1.,0.));
#8098 = PLANE('',#8099);
#8099 = AXIS2_PLACEMENT_3D('',#8100,#8101,#8102);
#8100 = CARTESIAN_POINT('',(35.694732142857,-29.45,10.));
#8101 = DIRECTION('',(1.,0.,-0.));
#8102 = DIRECTION('',(0.,-1.,0.));
#8103 = ADVANCED_FACE('',(#8104),#8129,.T.);
#8104 = FACE_BOUND('',#8105,.T.);
#8105 = EDGE_LOOP('',(#8106,#8116,#8122,#8123));
#8106 = ORIENTED_EDGE('',*,*,#8107,.T.);
#8107 = EDGE_CURVE('',#8108,#8110,#8112,.T.);
#8108 = VERTEX_POINT('',#8109);
#8109 = CARTESIAN_POINT('',(31.958125,-29.45,10.));
#8110 = VERTEX_POINT('',#8111);
#8111 = CARTESIAN_POINT('',(31.958125,-29.45,11.));
#8112 = LINE('',#8113,#8114);
#8113 = CARTESIAN_POINT('',(31.958125,-29.45,10.));
#8114 = VECTOR('',#8115,1.);
#8115 = DIRECTION('',(0.,0.,1.));
#8116 = ORIENTED_EDGE('',*,*,#8117,.T.);
#8117 = EDGE_CURVE('',#8110,#8079,#8118,.T.);
#8118 = LINE('',#8119,#8120);
#8119 = CARTESIAN_POINT('',(31.958125,-29.45,11.));
#8120 = VECTOR('',#8121,1.);
#8121 = DIRECTION('',(1.,0.,0.));
#8122 = ORIENTED_EDGE('',*,*,#8076,.F.);
#8123 = ORIENTED_EDGE('',*,*,#8124,.F.);
#8124 = EDGE_CURVE('',#8108,#8077,#8125,.T.);
#8125 = LINE('',#8126,#8127);
#8126 = CARTESIAN_POINT('',(31.958125,-29.45,10.));
#8127 = VECTOR('',#8128,1.);
#8128 = DIRECTION('',(1.,0.,0.));
#8129 = PLANE('',#8130);
#8130 = AXIS2_PLACEMENT_3D('',#8131,#8132,#8133);
#8131 = CARTESIAN_POINT('',(31.958125,-29.45,10.));
#8132 = DIRECTION('',(0.,1.,0.));
#8133 = DIRECTION('',(1.,0.,0.));
#8134 = ADVANCED_FACE('',(#8135),#8151,.T.);
#8135 = FACE_BOUND('',#8136,.T.);
#8136 = EDGE_LOOP('',(#8137,#8138,#8144,#8145));
#8137 = ORIENTED_EDGE('',*,*,#7806,.T.);
#8138 = ORIENTED_EDGE('',*,*,#8139,.T.);
#8139 = EDGE_CURVE('',#7799,#8110,#8140,.T.);
#8140 = LINE('',#8141,#8142);
#8141 = CARTESIAN_POINT('',(31.958125,-35.45,11.));
#8142 = VECTOR('',#8143,1.);
#8143 = DIRECTION('',(0.,1.,0.));
#8144 = ORIENTED_EDGE('',*,*,#8107,.F.);
#8145 = ORIENTED_EDGE('',*,*,#8146,.F.);
#8146 = EDGE_CURVE('',#7807,#8108,#8147,.T.);
#8147 = LINE('',#8148,#8149);
#8148 = CARTESIAN_POINT('',(31.958125,-35.45,10.));
#8149 = VECTOR('',#8150,1.);
#8150 = DIRECTION('',(0.,1.,0.));
#8151 = PLANE('',#8152);
#8152 = AXIS2_PLACEMENT_3D('',#8153,#8154,#8155);
#8153 = CARTESIAN_POINT('',(31.958125,-35.45,10.));
#8154 = DIRECTION('',(-1.,0.,0.));
#8155 = DIRECTION('',(0.,1.,0.));
#8156 = ADVANCED_FACE('',(#8157),#8171,.F.);
#8157 = FACE_BOUND('',#8158,.F.);
#8158 = EDGE_LOOP('',(#8159,#8160,#8161,#8162,#8163,#8164,#8165,#8166,
    #8167,#8168,#8169,#8170));
#8159 = ORIENTED_EDGE('',*,*,#7814,.F.);
#8160 = ORIENTED_EDGE('',*,*,#7845,.F.);
#8161 = ORIENTED_EDGE('',*,*,#7876,.F.);
#8162 = ORIENTED_EDGE('',*,*,#7907,.F.);
#8163 = ORIENTED_EDGE('',*,*,#7938,.F.);
#8164 = ORIENTED_EDGE('',*,*,#7969,.F.);
#8165 = ORIENTED_EDGE('',*,*,#8000,.F.);
#8166 = ORIENTED_EDGE('',*,*,#8031,.F.);
#8167 = ORIENTED_EDGE('',*,*,#8062,.F.);
#8168 = ORIENTED_EDGE('',*,*,#8093,.F.);
#8169 = ORIENTED_EDGE('',*,*,#8124,.F.);
#8170 = ORIENTED_EDGE('',*,*,#8146,.F.);
#8171 = PLANE('',#8172);
#8172 = AXIS2_PLACEMENT_3D('',#8173,#8174,#8175);
#8173 = CARTESIAN_POINT('',(33.745910345675,-32.42693971166,10.));
#8174 = DIRECTION('',(0.,0.,1.));
#8175 = DIRECTION('',(1.,0.,0.));
#8176 = ADVANCED_FACE('',(#8177),#8191,.T.);
#8177 = FACE_BOUND('',#8178,.T.);
#8178 = EDGE_LOOP('',(#8179,#8180,#8181,#8182,#8183,#8184,#8185,#8186,
    #8187,#8188,#8189,#8190));
#8179 = ORIENTED_EDGE('',*,*,#7798,.F.);
#8180 = ORIENTED_EDGE('',*,*,#7838,.F.);
#8181 = ORIENTED_EDGE('',*,*,#7869,.F.);
#8182 = ORIENTED_EDGE('',*,*,#7900,.F.);
#8183 = ORIENTED_EDGE('',*,*,#7931,.F.);
#8184 = ORIENTED_EDGE('',*,*,#7962,.F.);
#8185 = ORIENTED_EDGE('',*,*,#7993,.F.);
#8186 = ORIENTED_EDGE('',*,*,#8024,.F.);
#8187 = ORIENTED_EDGE('',*,*,#8055,.F.);
#8188 = ORIENTED_EDGE('',*,*,#8086,.F.);
#8189 = ORIENTED_EDGE('',*,*,#8117,.F.);
#8190 = ORIENTED_EDGE('',*,*,#8139,.F.);
#8191 = PLANE('',#8192);
#8192 = AXIS2_PLACEMENT_3D('',#8193,#8194,#8195);
#8193 = CARTESIAN_POINT('',(33.745910345675,-32.42693971166,11.));
#8194 = DIRECTION('',(0.,0.,1.));
#8195 = DIRECTION('',(1.,0.,0.));
#8196 = ( GEOMETRIC_REPRESENTATION_CONTEXT(3) 
GLOBAL_UNCERTAINTY_ASSIGNED_CONTEXT((#8200)) 
GLOBAL_UNIT_ASSIGNED_CONTEXT((#8197,#8198,#8199)) REPRESENTATION_CONTEXT
('Context #1','3D Context with UNIT and UNCERTAINTY') );
#8197 = ( LENGTH_UNIT() NAMED_UNIT(*) SI_UNIT(.MILLI.,.METRE.) );
#8198 = ( NAMED_UNIT(*) PLANE_ANGLE_UNIT() SI_UNIT($,.RADIAN.) );
#8199 = ( NAMED_UNIT(*) SI_UNIT($,.STERADIAN.) SOLID_ANGLE_UNIT() );
#8200 = UNCERTAINTY_MEASURE_WITH_UNIT(LENGTH_MEASURE(1.E-07),#8197,
  'distance_accuracy_value','confusion accuracy');
#8201 = CONTEXT_DEPENDENT_SHAPE_REPRESENTATION(#8202,#8204);
#8202 = ( REPRESENTATION_RELATIONSHIP('','',#1655,#10) 
REPRESENTATION_RELATIONSHIP_WITH_TRANSFORMATION(#8203) 
SHAPE_REPRESENTATION_RELATIONSHIP() );
#8203 = ITEM_DEFINED_TRANSFORMATION('','',#11,#27);
#8204 = PRODUCT_DEFINITION_SHAPE('Placement','Placement of an item',
  #8205);
#8205 = NEXT_ASSEMBLY_USAGE_OCCURRENCE('16','Extrude','',#5,#1650,$);
#8206 = PRODUCT_RELATED_PRODUCT_CATEGORY('part',$,(#1652));
#8207 = SHAPE_DEFINITION_REPRESENTATION(#8208,#8214);
#8208 = PRODUCT_DEFINITION_SHAPE('','',#8209);
#8209 = PRODUCT_DEFINITION('design','',#8210,#8213);
#8210 = PRODUCT_DEFINITION_FORMATION('','',#8211);
#8211 = PRODUCT('Extrude001','Extrude001','',(#8212));
#8212 = PRODUCT_CONTEXT('',#2,'mechanical');
#8213 = PRODUCT_DEFINITION_CONTEXT('part definition',#2,'design');
#8214 = SHAPE_REPRESENTATION('',(#11,#8215,#8797,#9145,#9361),#9676);
#8215 = MANIFOLD_SOLID_BREP('',#8216);
#8216 = CLOSED_SHELL('',(#8217,#8259,#8292,#8325,#8358,#8391,#8424,#8457
    ,#8481,#8523,#8556,#8589,#8622,#8655,#8688,#8721,#8745,#8771));
#8217 = ADVANCED_FACE('',(#8218),#8252,.T.);
#8218 = FACE_BOUND('',#8219,.T.);
#8219 = EDGE_LOOP('',(#8220,#8230,#8238,#8246));
#8220 = ORIENTED_EDGE('',*,*,#8221,.T.);
#8221 = EDGE_CURVE('',#8222,#8224,#8226,.T.);
#8222 = VERTEX_POINT('',#8223);
#8223 = CARTESIAN_POINT('',(-9.2799999,-40.81044642857,10.));
#8224 = VERTEX_POINT('',#8225);
#8225 = CARTESIAN_POINT('',(-9.2799999,-40.81044642857,11.));
#8226 = LINE('',#8227,#8228);
#8227 = CARTESIAN_POINT('',(-9.2799999,-40.81044642857,10.));
#8228 = VECTOR('',#8229,1.);
#8229 = DIRECTION('',(0.,0.,1.));
#8230 = ORIENTED_EDGE('',*,*,#8231,.T.);
#8231 = EDGE_CURVE('',#8224,#8232,#8234,.T.);
#8232 = VERTEX_POINT('',#8233);
#8233 = CARTESIAN_POINT('',(-8.747767757143,-38.48464285714,11.));
#8234 = B_SPLINE_CURVE_WITH_KNOTS('',2,(#8235,#8236,#8237),
  .UNSPECIFIED.,.F.,.F.,(3,3),(0.,1.),.PIECEWISE_BEZIER_KNOTS.);
#8235 = CARTESIAN_POINT('',(-9.2799999,-40.81044642857,11.));
#8236 = CARTESIAN_POINT('',(-9.2799999,-39.271875,11.));
#8237 = CARTESIAN_POINT('',(-8.747767757143,-38.48464285714,11.));
#8238 = ORIENTED_EDGE('',*,*,#8239,.F.);
#8239 = EDGE_CURVE('',#8240,#8232,#8242,.T.);
#8240 = VERTEX_POINT('',#8241);
#8241 = CARTESIAN_POINT('',(-8.747767757143,-38.48464285714,10.));
#8242 = LINE('',#8243,#8244);
#8243 = CARTESIAN_POINT('',(-8.747767757143,-38.48464285714,10.));
#8244 = VECTOR('',#8245,1.);
#8245 = DIRECTION('',(0.,0.,1.));
#8246 = ORIENTED_EDGE('',*,*,#8247,.F.);
#8247 = EDGE_CURVE('',#8222,#8240,#8248,.T.);
#8248 = B_SPLINE_CURVE_WITH_KNOTS('',2,(#8249,#8250,#8251),
  .UNSPECIFIED.,.F.,.F.,(3,3),(0.,1.),.PIECEWISE_BEZIER_KNOTS.);
#8249 = CARTESIAN_POINT('',(-9.2799999,-40.81044642857,10.));
#8250 = CARTESIAN_POINT('',(-9.2799999,-39.271875,10.));
#8251 = CARTESIAN_POINT('',(-8.747767757143,-38.48464285714,10.));
#8252 = SURFACE_OF_LINEAR_EXTRUSION('',#8253,#8257);
#8253 = B_SPLINE_CURVE_WITH_KNOTS('',2,(#8254,#8255,#8256),
  .UNSPECIFIED.,.F.,.F.,(3,3),(0.,1.),.PIECEWISE_BEZIER_KNOTS.);
#8254 = CARTESIAN_POINT('',(-9.2799999,-40.81044642857,10.));
#8255 = CARTESIAN_POINT('',(-9.2799999,-39.271875,10.));
#8256 = CARTESIAN_POINT('',(-8.747767757143,-38.48464285714,10.));
#8257 = VECTOR('',#8258,1.);
#8258 = DIRECTION('',(-0.,-0.,-1.));
#8259 = ADVANCED_FACE('',(#8260),#8285,.T.);
#8260 = FACE_BOUND('',#8261,.T.);
#8261 = EDGE_LOOP('',(#8262,#8272,#8278,#8279));
#8262 = ORIENTED_EDGE('',*,*,#8263,.T.);
#8263 = EDGE_CURVE('',#8264,#8266,#8268,.T.);
#8264 = VERTEX_POINT('',#8265);
#8265 = CARTESIAN_POINT('',(-8.747767757143,-43.13276785714,10.));
#8266 = VERTEX_POINT('',#8267);
#8267 = CARTESIAN_POINT('',(-8.747767757143,-43.13276785714,11.));
#8268 = LINE('',#8269,#8270);
#8269 = CARTESIAN_POINT('',(-8.747767757143,-43.13276785714,10.));
#8270 = VECTOR('',#8271,1.);
#8271 = DIRECTION('',(0.,0.,1.));
#8272 = ORIENTED_EDGE('',*,*,#8273,.T.);
#8273 = EDGE_CURVE('',#8266,#8224,#8274,.T.);
#8274 = B_SPLINE_CURVE_WITH_KNOTS('',2,(#8275,#8276,#8277),
  .UNSPECIFIED.,.F.,.F.,(3,3),(0.,1.),.PIECEWISE_BEZIER_KNOTS.);
#8275 = CARTESIAN_POINT('',(-8.747767757143,-43.13276785714,11.));
#8276 = CARTESIAN_POINT('',(-9.2799999,-42.34526785714,11.));
#8277 = CARTESIAN_POINT('',(-9.2799999,-40.81044642857,11.));
#8278 = ORIENTED_EDGE('',*,*,#8221,.F.);
#8279 = ORIENTED_EDGE('',*,*,#8280,.F.);
#8280 = EDGE_CURVE('',#8264,#8222,#8281,.T.);
#8281 = B_SPLINE_CURVE_WITH_KNOTS('',2,(#8282,#8283,#8284),
  .UNSPECIFIED.,.F.,.F.,(3,3),(0.,1.),.PIECEWISE_BEZIER_KNOTS.);
#8282 = CARTESIAN_POINT('',(-8.747767757143,-43.13276785714,10.));
#8283 = CARTESIAN_POINT('',(-9.2799999,-42.34526785714,10.));
#8284 = CARTESIAN_POINT('',(-9.2799999,-40.81044642857,10.));
#8285 = SURFACE_OF_LINEAR_EXTRUSION('',#8286,#8290);
#8286 = B_SPLINE_CURVE_WITH_KNOTS('',2,(#8287,#8288,#8289),
  .UNSPECIFIED.,.F.,.F.,(3,3),(0.,1.),.PIECEWISE_BEZIER_KNOTS.);
#8287 = CARTESIAN_POINT('',(-8.747767757143,-43.13276785714,10.));
#8288 = CARTESIAN_POINT('',(-9.2799999,-42.34526785714,10.));
#8289 = CARTESIAN_POINT('',(-9.2799999,-40.81044642857,10.));
#8290 = VECTOR('',#8291,1.);
#8291 = DIRECTION('',(-0.,-0.,-1.));
#8292 = ADVANCED_FACE('',(#8293),#8318,.T.);
#8293 = FACE_BOUND('',#8294,.T.);
#8294 = EDGE_LOOP('',(#8295,#8305,#8311,#8312));
#8295 = ORIENTED_EDGE('',*,*,#8296,.T.);
#8296 = EDGE_CURVE('',#8297,#8299,#8301,.T.);
#8297 = VERTEX_POINT('',#8298);
#8298 = CARTESIAN_POINT('',(-7.174642757143,-43.92,10.));
#8299 = VERTEX_POINT('',#8300);
#8300 = CARTESIAN_POINT('',(-7.174642757143,-43.92,11.));
#8301 = LINE('',#8302,#8303);
#8302 = CARTESIAN_POINT('',(-7.174642757143,-43.92,10.));
#8303 = VECTOR('',#8304,1.);
#8304 = DIRECTION('',(0.,0.,1.));
#8305 = ORIENTED_EDGE('',*,*,#8306,.T.);
#8306 = EDGE_CURVE('',#8299,#8266,#8307,.T.);
#8307 = B_SPLINE_CURVE_WITH_KNOTS('',2,(#8308,#8309,#8310),
  .UNSPECIFIED.,.F.,.F.,(3,3),(0.,1.),.PIECEWISE_BEZIER_KNOTS.);
#8308 = CARTESIAN_POINT('',(-7.174642757143,-43.92,11.));
#8309 = CARTESIAN_POINT('',(-8.215267757143,-43.92,11.));
#8310 = CARTESIAN_POINT('',(-8.747767757143,-43.13276785714,11.));
#8311 = ORIENTED_EDGE('',*,*,#8263,.F.);
#8312 = ORIENTED_EDGE('',*,*,#8313,.F.);
#8313 = EDGE_CURVE('',#8297,#8264,#8314,.T.);
#8314 = B_SPLINE_CURVE_WITH_KNOTS('',2,(#8315,#8316,#8317),
  .UNSPECIFIED.,.F.,.F.,(3,3),(0.,1.),.PIECEWISE_BEZIER_KNOTS.);
#8315 = CARTESIAN_POINT('',(-7.174642757143,-43.92,10.));
#8316 = CARTESIAN_POINT('',(-8.215267757143,-43.92,10.));
#8317 = CARTESIAN_POINT('',(-8.747767757143,-43.13276785714,10.));
#8318 = SURFACE_OF_LINEAR_EXTRUSION('',#8319,#8323);
#8319 = B_SPLINE_CURVE_WITH_KNOTS('',2,(#8320,#8321,#8322),
  .UNSPECIFIED.,.F.,.F.,(3,3),(0.,1.),.PIECEWISE_BEZIER_KNOTS.);
#8320 = CARTESIAN_POINT('',(-7.174642757143,-43.92,10.));
#8321 = CARTESIAN_POINT('',(-8.215267757143,-43.92,10.));
#8322 = CARTESIAN_POINT('',(-8.747767757143,-43.13276785714,10.));
#8323 = VECTOR('',#8324,1.);
#8324 = DIRECTION('',(-0.,-0.,-1.));
#8325 = ADVANCED_FACE('',(#8326),#8351,.T.);
#8326 = FACE_BOUND('',#8327,.T.);
#8327 = EDGE_LOOP('',(#8328,#8338,#8344,#8345));
#8328 = ORIENTED_EDGE('',*,*,#8329,.T.);
#8329 = EDGE_CURVE('',#8330,#8332,#8334,.T.);
#8330 = VERTEX_POINT('',#8331);
#8331 = CARTESIAN_POINT('',(-5.597767757143,-43.13276785714,10.));
#8332 = VERTEX_POINT('',#8333);
#8333 = CARTESIAN_POINT('',(-5.597767757143,-43.13276785714,11.));
#8334 = LINE('',#8335,#8336);
#8335 = CARTESIAN_POINT('',(-5.597767757143,-43.13276785714,10.));
#8336 = VECTOR('',#8337,1.);
#8337 = DIRECTION('',(0.,0.,1.));
#8338 = ORIENTED_EDGE('',*,*,#8339,.T.);
#8339 = EDGE_CURVE('',#8332,#8299,#8340,.T.);
#8340 = B_SPLINE_CURVE_WITH_KNOTS('',2,(#8341,#8342,#8343),
  .UNSPECIFIED.,.F.,.F.,(3,3),(0.,1.),.PIECEWISE_BEZIER_KNOTS.);
#8341 = CARTESIAN_POINT('',(-5.597767757143,-43.13276785714,11.));
#8342 = CARTESIAN_POINT('',(-6.1299999,-43.92,11.));
#8343 = CARTESIAN_POINT('',(-7.174642757143,-43.92,11.));
#8344 = ORIENTED_EDGE('',*,*,#8296,.F.);
#8345 = ORIENTED_EDGE('',*,*,#8346,.F.);
#8346 = EDGE_CURVE('',#8330,#8297,#8347,.T.);
#8347 = B_SPLINE_CURVE_WITH_KNOTS('',2,(#8348,#8349,#8350),
  .UNSPECIFIED.,.F.,.F.,(3,3),(0.,1.),.PIECEWISE_BEZIER_KNOTS.);
#8348 = CARTESIAN_POINT('',(-5.597767757143,-43.13276785714,10.));
#8349 = CARTESIAN_POINT('',(-6.1299999,-43.92,10.));
#8350 = CARTESIAN_POINT('',(-7.174642757143,-43.92,10.));
#8351 = SURFACE_OF_LINEAR_EXTRUSION('',#8352,#8356);
#8352 = B_SPLINE_CURVE_WITH_KNOTS('',2,(#8353,#8354,#8355),
  .UNSPECIFIED.,.F.,.F.,(3,3),(0.,1.),.PIECEWISE_BEZIER_KNOTS.);
#8353 = CARTESIAN_POINT('',(-5.597767757143,-43.13276785714,10.));
#8354 = CARTESIAN_POINT('',(-6.1299999,-43.92,10.));
#8355 = CARTESIAN_POINT('',(-7.174642757143,-43.92,10.));
#8356 = VECTOR('',#8357,1.);
#8357 = DIRECTION('',(-0.,-0.,-1.));
#8358 = ADVANCED_FACE('',(#8359),#8384,.T.);
#8359 = FACE_BOUND('',#8360,.T.);
#8360 = EDGE_LOOP('',(#8361,#8371,#8377,#8378));
#8361 = ORIENTED_EDGE('',*,*,#8362,.T.);
#8362 = EDGE_CURVE('',#8363,#8365,#8367,.T.);
#8363 = VERTEX_POINT('',#8364);
#8364 = CARTESIAN_POINT('',(-5.065267757143,-40.81044642857,10.));
#8365 = VERTEX_POINT('',#8366);
#8366 = CARTESIAN_POINT('',(-5.065267757143,-40.81044642857,11.));
#8367 = LINE('',#8368,#8369);
#8368 = CARTESIAN_POINT('',(-5.065267757143,-40.81044642857,10.));
#8369 = VECTOR('',#8370,1.);
#8370 = DIRECTION('',(0.,0.,1.));
#8371 = ORIENTED_EDGE('',*,*,#8372,.T.);
#8372 = EDGE_CURVE('',#8365,#8332,#8373,.T.);
#8373 = B_SPLINE_CURVE_WITH_KNOTS('',2,(#8374,#8375,#8376),
  .UNSPECIFIED.,.F.,.F.,(3,3),(0.,1.),.PIECEWISE_BEZIER_KNOTS.);
#8374 = CARTESIAN_POINT('',(-5.065267757143,-40.81044642857,11.));
#8375 = CARTESIAN_POINT('',(-5.065267757143,-42.34526785714,11.));
#8376 = CARTESIAN_POINT('',(-5.597767757143,-43.13276785714,11.));
#8377 = ORIENTED_EDGE('',*,*,#8329,.F.);
#8378 = ORIENTED_EDGE('',*,*,#8379,.F.);
#8379 = EDGE_CURVE('',#8363,#8330,#8380,.T.);
#8380 = B_SPLINE_CURVE_WITH_KNOTS('',2,(#8381,#8382,#8383),
  .UNSPECIFIED.,.F.,.F.,(3,3),(0.,1.),.PIECEWISE_BEZIER_KNOTS.);
#8381 = CARTESIAN_POINT('',(-5.065267757143,-40.81044642857,10.));
#8382 = CARTESIAN_POINT('',(-5.065267757143,-42.34526785714,10.));
#8383 = CARTESIAN_POINT('',(-5.597767757143,-43.13276785714,10.));
#8384 = SURFACE_OF_LINEAR_EXTRUSION('',#8385,#8389);
#8385 = B_SPLINE_CURVE_WITH_KNOTS('',2,(#8386,#8387,#8388),
  .UNSPECIFIED.,.F.,.F.,(3,3),(0.,1.),.PIECEWISE_BEZIER_KNOTS.);
#8386 = CARTESIAN_POINT('',(-5.065267757143,-40.81044642857,10.));
#8387 = CARTESIAN_POINT('',(-5.065267757143,-42.34526785714,10.));
#8388 = CARTESIAN_POINT('',(-5.597767757143,-43.13276785714,10.));
#8389 = VECTOR('',#8390,1.);
#8390 = DIRECTION('',(-0.,-0.,-1.));
#8391 = ADVANCED_FACE('',(#8392),#8417,.T.);
#8392 = FACE_BOUND('',#8393,.T.);
#8393 = EDGE_LOOP('',(#8394,#8404,#8410,#8411));
#8394 = ORIENTED_EDGE('',*,*,#8395,.T.);
#8395 = EDGE_CURVE('',#8396,#8398,#8400,.T.);
#8396 = VERTEX_POINT('',#8397);
#8397 = CARTESIAN_POINT('',(-5.597767757143,-38.48464285714,10.));
#8398 = VERTEX_POINT('',#8399);
#8399 = CARTESIAN_POINT('',(-5.597767757143,-38.48464285714,11.));
#8400 = LINE('',#8401,#8402);
#8401 = CARTESIAN_POINT('',(-5.597767757143,-38.48464285714,10.));
#8402 = VECTOR('',#8403,1.);
#8403 = DIRECTION('',(0.,0.,1.));
#8404 = ORIENTED_EDGE('',*,*,#8405,.T.);
#8405 = EDGE_CURVE('',#8398,#8365,#8406,.T.);
#8406 = B_SPLINE_CURVE_WITH_KNOTS('',2,(#8407,#8408,#8409),
  .UNSPECIFIED.,.F.,.F.,(3,3),(0.,1.),.PIECEWISE_BEZIER_KNOTS.);
#8407 = CARTESIAN_POINT('',(-5.597767757143,-38.48464285714,11.));
#8408 = CARTESIAN_POINT('',(-5.065267757143,-39.271875,11.));
#8409 = CARTESIAN_POINT('',(-5.065267757143,-40.81044642857,11.));
#8410 = ORIENTED_EDGE('',*,*,#8362,.F.);
#8411 = ORIENTED_EDGE('',*,*,#8412,.F.);
#8412 = EDGE_CURVE('',#8396,#8363,#8413,.T.);
#8413 = B_SPLINE_CURVE_WITH_KNOTS('',2,(#8414,#8415,#8416),
  .UNSPECIFIED.,.F.,.F.,(3,3),(0.,1.),.PIECEWISE_BEZIER_KNOTS.);
#8414 = CARTESIAN_POINT('',(-5.597767757143,-38.48464285714,10.));
#8415 = CARTESIAN_POINT('',(-5.065267757143,-39.271875,10.));
#8416 = CARTESIAN_POINT('',(-5.065267757143,-40.81044642857,10.));
#8417 = SURFACE_OF_LINEAR_EXTRUSION('',#8418,#8422);
#8418 = B_SPLINE_CURVE_WITH_KNOTS('',2,(#8419,#8420,#8421),
  .UNSPECIFIED.,.F.,.F.,(3,3),(0.,1.),.PIECEWISE_BEZIER_KNOTS.);
#8419 = CARTESIAN_POINT('',(-5.597767757143,-38.48464285714,10.));
#8420 = CARTESIAN_POINT('',(-5.065267757143,-39.271875,10.));
#8421 = CARTESIAN_POINT('',(-5.065267757143,-40.81044642857,10.));
#8422 = VECTOR('',#8423,1.);
#8423 = DIRECTION('',(-0.,-0.,-1.));
#8424 = ADVANCED_FACE('',(#8425),#8450,.T.);
#8425 = FACE_BOUND('',#8426,.T.);
#8426 = EDGE_LOOP('',(#8427,#8437,#8443,#8444));
#8427 = ORIENTED_EDGE('',*,*,#8428,.T.);
#8428 = EDGE_CURVE('',#8429,#8431,#8433,.T.);
#8429 = VERTEX_POINT('',#8430);
#8430 = CARTESIAN_POINT('',(-7.174642757143,-37.69714285714,10.));
#8431 = VERTEX_POINT('',#8432);
#8432 = CARTESIAN_POINT('',(-7.174642757143,-37.69714285714,11.));
#8433 = LINE('',#8434,#8435);
#8434 = CARTESIAN_POINT('',(-7.174642757143,-37.69714285714,10.));
#8435 = VECTOR('',#8436,1.);
#8436 = DIRECTION('',(0.,0.,1.));
#8437 = ORIENTED_EDGE('',*,*,#8438,.T.);
#8438 = EDGE_CURVE('',#8431,#8398,#8439,.T.);
#8439 = B_SPLINE_CURVE_WITH_KNOTS('',2,(#8440,#8441,#8442),
  .UNSPECIFIED.,.F.,.F.,(3,3),(0.,1.),.PIECEWISE_BEZIER_KNOTS.);
#8440 = CARTESIAN_POINT('',(-7.174642757143,-37.69714285714,11.));
#8441 = CARTESIAN_POINT('',(-6.1299999,-37.69714285714,11.));
#8442 = CARTESIAN_POINT('',(-5.597767757143,-38.48464285714,11.));
#8443 = ORIENTED_EDGE('',*,*,#8395,.F.);
#8444 = ORIENTED_EDGE('',*,*,#8445,.F.);
#8445 = EDGE_CURVE('',#8429,#8396,#8446,.T.);
#8446 = B_SPLINE_CURVE_WITH_KNOTS('',2,(#8447,#8448,#8449),
  .UNSPECIFIED.,.F.,.F.,(3,3),(0.,1.),.PIECEWISE_BEZIER_KNOTS.);
#8447 = CARTESIAN_POINT('',(-7.174642757143,-37.69714285714,10.));
#8448 = CARTESIAN_POINT('',(-6.1299999,-37.69714285714,10.));
#8449 = CARTESIAN_POINT('',(-5.597767757143,-38.48464285714,10.));
#8450 = SURFACE_OF_LINEAR_EXTRUSION('',#8451,#8455);
#8451 = B_SPLINE_CURVE_WITH_KNOTS('',2,(#8452,#8453,#8454),
  .UNSPECIFIED.,.F.,.F.,(3,3),(0.,1.),.PIECEWISE_BEZIER_KNOTS.);
#8452 = CARTESIAN_POINT('',(-7.174642757143,-37.69714285714,10.));
#8453 = CARTESIAN_POINT('',(-6.1299999,-37.69714285714,10.));
#8454 = CARTESIAN_POINT('',(-5.597767757143,-38.48464285714,10.));
#8455 = VECTOR('',#8456,1.);
#8456 = DIRECTION('',(-0.,-0.,-1.));
#8457 = ADVANCED_FACE('',(#8458),#8474,.T.);
#8458 = FACE_BOUND('',#8459,.T.);
#8459 = EDGE_LOOP('',(#8460,#8461,#8467,#8468));
#8460 = ORIENTED_EDGE('',*,*,#8239,.T.);
#8461 = ORIENTED_EDGE('',*,*,#8462,.T.);
#8462 = EDGE_CURVE('',#8232,#8431,#8463,.T.);
#8463 = B_SPLINE_CURVE_WITH_KNOTS('',2,(#8464,#8465,#8466),
  .UNSPECIFIED.,.F.,.F.,(3,3),(0.,1.),.PIECEWISE_BEZIER_KNOTS.);
#8464 = CARTESIAN_POINT('',(-8.747767757143,-38.48464285714,11.));
#8465 = CARTESIAN_POINT('',(-8.215267757143,-37.69714285714,11.));
#8466 = CARTESIAN_POINT('',(-7.174642757143,-37.69714285714,11.));
#8467 = ORIENTED_EDGE('',*,*,#8428,.F.);
#8468 = ORIENTED_EDGE('',*,*,#8469,.F.);
#8469 = EDGE_CURVE('',#8240,#8429,#8470,.T.);
#8470 = B_SPLINE_CURVE_WITH_KNOTS('',2,(#8471,#8472,#8473),
  .UNSPECIFIED.,.F.,.F.,(3,3),(0.,1.),.PIECEWISE_BEZIER_KNOTS.);
#8471 = CARTESIAN_POINT('',(-8.747767757143,-38.48464285714,10.));
#8472 = CARTESIAN_POINT('',(-8.215267757143,-37.69714285714,10.));
#8473 = CARTESIAN_POINT('',(-7.174642757143,-37.69714285714,10.));
#8474 = SURFACE_OF_LINEAR_EXTRUSION('',#8475,#8479);
#8475 = B_SPLINE_CURVE_WITH_KNOTS('',2,(#8476,#8477,#8478),
  .UNSPECIFIED.,.F.,.F.,(3,3),(0.,1.),.PIECEWISE_BEZIER_KNOTS.);
#8476 = CARTESIAN_POINT('',(-8.747767757143,-38.48464285714,10.));
#8477 = CARTESIAN_POINT('',(-8.215267757143,-37.69714285714,10.));
#8478 = CARTESIAN_POINT('',(-7.174642757143,-37.69714285714,10.));
#8479 = VECTOR('',#8480,1.);
#8480 = DIRECTION('',(-0.,-0.,-1.));
#8481 = ADVANCED_FACE('',(#8482),#8516,.T.);
#8482 = FACE_BOUND('',#8483,.T.);
#8483 = EDGE_LOOP('',(#8484,#8494,#8502,#8510));
#8484 = ORIENTED_EDGE('',*,*,#8485,.T.);
#8485 = EDGE_CURVE('',#8486,#8488,#8490,.T.);
#8486 = VERTEX_POINT('',#8487);
#8487 = CARTESIAN_POINT('',(-7.174642757143,-38.76,10.));
#8488 = VERTEX_POINT('',#8489);
#8489 = CARTESIAN_POINT('',(-7.174642757143,-38.76,11.));
#8490 = LINE('',#8491,#8492);
#8491 = CARTESIAN_POINT('',(-7.174642757143,-38.76,10.));
#8492 = VECTOR('',#8493,1.);
#8493 = DIRECTION('',(0.,0.,1.));
#8494 = ORIENTED_EDGE('',*,*,#8495,.T.);
#8495 = EDGE_CURVE('',#8488,#8496,#8498,.T.);
#8496 = VERTEX_POINT('',#8497);
#8497 = CARTESIAN_POINT('',(-7.837589185714,-39.24455357142,11.));
#8498 = B_SPLINE_CURVE_WITH_KNOTS('',2,(#8499,#8500,#8501),
  .UNSPECIFIED.,.F.,.F.,(3,3),(0.,1.),.PIECEWISE_BEZIER_KNOTS.);
#8499 = CARTESIAN_POINT('',(-7.174642757143,-38.76,11.));
#8500 = CARTESIAN_POINT('',(-7.628660614286,-38.76,11.));
#8501 = CARTESIAN_POINT('',(-7.837589185714,-39.24455357142,11.));
#8502 = ORIENTED_EDGE('',*,*,#8503,.F.);
#8503 = EDGE_CURVE('',#8504,#8496,#8506,.T.);
#8504 = VERTEX_POINT('',#8505);
#8505 = CARTESIAN_POINT('',(-7.837589185714,-39.24455357142,10.));
#8506 = LINE('',#8507,#8508);
#8507 = CARTESIAN_POINT('',(-7.837589185714,-39.24455357142,10.));
#8508 = VECTOR('',#8509,1.);
#8509 = DIRECTION('',(0.,0.,1.));
#8510 = ORIENTED_EDGE('',*,*,#8511,.F.);
#8511 = EDGE_CURVE('',#8486,#8504,#8512,.T.);
#8512 = B_SPLINE_CURVE_WITH_KNOTS('',2,(#8513,#8514,#8515),
  .UNSPECIFIED.,.F.,.F.,(3,3),(0.,1.),.PIECEWISE_BEZIER_KNOTS.);
#8513 = CARTESIAN_POINT('',(-7.174642757143,-38.76,10.));
#8514 = CARTESIAN_POINT('',(-7.628660614286,-38.76,10.));
#8515 = CARTESIAN_POINT('',(-7.837589185714,-39.24455357142,10.));
#8516 = SURFACE_OF_LINEAR_EXTRUSION('',#8517,#8521);
#8517 = B_SPLINE_CURVE_WITH_KNOTS('',2,(#8518,#8519,#8520),
  .UNSPECIFIED.,.F.,.F.,(3,3),(0.,1.),.PIECEWISE_BEZIER_KNOTS.);
#8518 = CARTESIAN_POINT('',(-7.174642757143,-38.76,10.));
#8519 = CARTESIAN_POINT('',(-7.628660614286,-38.76,10.));
#8520 = CARTESIAN_POINT('',(-7.837589185714,-39.24455357142,10.));
#8521 = VECTOR('',#8522,1.);
#8522 = DIRECTION('',(-0.,-0.,-1.));
#8523 = ADVANCED_FACE('',(#8524),#8549,.T.);
#8524 = FACE_BOUND('',#8525,.T.);
#8525 = EDGE_LOOP('',(#8526,#8536,#8542,#8543));
#8526 = ORIENTED_EDGE('',*,*,#8527,.T.);
#8527 = EDGE_CURVE('',#8528,#8530,#8532,.T.);
#8528 = VERTEX_POINT('',#8529);
#8529 = CARTESIAN_POINT('',(-6.507678471429,-39.24455357142,10.));
#8530 = VERTEX_POINT('',#8531);
#8531 = CARTESIAN_POINT('',(-6.507678471429,-39.24455357142,11.));
#8532 = LINE('',#8533,#8534);
#8533 = CARTESIAN_POINT('',(-6.507678471429,-39.24455357142,10.));
#8534 = VECTOR('',#8535,1.);
#8535 = DIRECTION('',(0.,0.,1.));
#8536 = ORIENTED_EDGE('',*,*,#8537,.T.);
#8537 = EDGE_CURVE('',#8530,#8488,#8538,.T.);
#8538 = B_SPLINE_CURVE_WITH_KNOTS('',2,(#8539,#8540,#8541),
  .UNSPECIFIED.,.F.,.F.,(3,3),(0.,1.),.PIECEWISE_BEZIER_KNOTS.);
#8539 = CARTESIAN_POINT('',(-6.507678471429,-39.24455357142,11.));
#8540 = CARTESIAN_POINT('',(-6.716607042857,-38.76,11.));
#8541 = CARTESIAN_POINT('',(-7.174642757143,-38.76,11.));
#8542 = ORIENTED_EDGE('',*,*,#8485,.F.);
#8543 = ORIENTED_EDGE('',*,*,#8544,.F.);
#8544 = EDGE_CURVE('',#8528,#8486,#8545,.T.);
#8545 = B_SPLINE_CURVE_WITH_KNOTS('',2,(#8546,#8547,#8548),
  .UNSPECIFIED.,.F.,.F.,(3,3),(0.,1.),.PIECEWISE_BEZIER_KNOTS.);
#8546 = CARTESIAN_POINT('',(-6.507678471429,-39.24455357142,10.));
#8547 = CARTESIAN_POINT('',(-6.716607042857,-38.76,10.));
#8548 = CARTESIAN_POINT('',(-7.174642757143,-38.76,10.));
#8549 = SURFACE_OF_LINEAR_EXTRUSION('',#8550,#8554);
#8550 = B_SPLINE_CURVE_WITH_KNOTS('',2,(#8551,#8552,#8553),
  .UNSPECIFIED.,.F.,.F.,(3,3),(0.,1.),.PIECEWISE_BEZIER_KNOTS.);
#8551 = CARTESIAN_POINT('',(-6.507678471429,-39.24455357142,10.));
#8552 = CARTESIAN_POINT('',(-6.716607042857,-38.76,10.));
#8553 = CARTESIAN_POINT('',(-7.174642757143,-38.76,10.));
#8554 = VECTOR('',#8555,1.);
#8555 = DIRECTION('',(-0.,-0.,-1.));
#8556 = ADVANCED_FACE('',(#8557),#8582,.T.);
#8557 = FACE_BOUND('',#8558,.T.);
#8558 = EDGE_LOOP('',(#8559,#8569,#8575,#8576));
#8559 = ORIENTED_EDGE('',*,*,#8560,.T.);
#8560 = EDGE_CURVE('',#8561,#8563,#8565,.T.);
#8561 = VERTEX_POINT('',#8562);
#8562 = CARTESIAN_POINT('',(-6.2987499,-40.81071428571,10.));
#8563 = VERTEX_POINT('',#8564);
#8564 = CARTESIAN_POINT('',(-6.2987499,-40.81071428571,11.));
#8565 = LINE('',#8566,#8567);
#8566 = CARTESIAN_POINT('',(-6.2987499,-40.81071428571,10.));
#8567 = VECTOR('',#8568,1.);
#8568 = DIRECTION('',(0.,0.,1.));
#8569 = ORIENTED_EDGE('',*,*,#8570,.T.);
#8570 = EDGE_CURVE('',#8563,#8530,#8571,.T.);
#8571 = B_SPLINE_CURVE_WITH_KNOTS('',2,(#8572,#8573,#8574),
  .UNSPECIFIED.,.F.,.F.,(3,3),(0.,1.),.PIECEWISE_BEZIER_KNOTS.);
#8572 = CARTESIAN_POINT('',(-6.2987499,-40.81071428571,11.));
#8573 = CARTESIAN_POINT('',(-6.2987499,-39.72910714285,11.));
#8574 = CARTESIAN_POINT('',(-6.507678471429,-39.24455357142,11.));
#8575 = ORIENTED_EDGE('',*,*,#8527,.F.);
#8576 = ORIENTED_EDGE('',*,*,#8577,.F.);
#8577 = EDGE_CURVE('',#8561,#8528,#8578,.T.);
#8578 = B_SPLINE_CURVE_WITH_KNOTS('',2,(#8579,#8580,#8581),
  .UNSPECIFIED.,.F.,.F.,(3,3),(0.,1.),.PIECEWISE_BEZIER_KNOTS.);
#8579 = CARTESIAN_POINT('',(-6.2987499,-40.81071428571,10.));
#8580 = CARTESIAN_POINT('',(-6.2987499,-39.72910714285,10.));
#8581 = CARTESIAN_POINT('',(-6.507678471429,-39.24455357142,10.));
#8582 = SURFACE_OF_LINEAR_EXTRUSION('',#8583,#8587);
#8583 = B_SPLINE_CURVE_WITH_KNOTS('',2,(#8584,#8585,#8586),
  .UNSPECIFIED.,.F.,.F.,(3,3),(0.,1.),.PIECEWISE_BEZIER_KNOTS.);
#8584 = CARTESIAN_POINT('',(-6.2987499,-40.81071428571,10.));
#8585 = CARTESIAN_POINT('',(-6.2987499,-39.72910714285,10.));
#8586 = CARTESIAN_POINT('',(-6.507678471429,-39.24455357142,10.));
#8587 = VECTOR('',#8588,1.);
#8588 = DIRECTION('',(-0.,-0.,-1.));
#8589 = ADVANCED_FACE('',(#8590),#8615,.T.);
#8590 = FACE_BOUND('',#8591,.T.);
#8591 = EDGE_LOOP('',(#8592,#8602,#8608,#8609));
#8592 = ORIENTED_EDGE('',*,*,#8593,.T.);
#8593 = EDGE_CURVE('',#8594,#8596,#8598,.T.);
#8594 = VERTEX_POINT('',#8595);
#8595 = CARTESIAN_POINT('',(-6.507678471429,-42.37258928571,10.));
#8596 = VERTEX_POINT('',#8597);
#8597 = CARTESIAN_POINT('',(-6.507678471429,-42.37258928571,11.));
#8598 = LINE('',#8599,#8600);
#8599 = CARTESIAN_POINT('',(-6.507678471429,-42.37258928571,10.));
#8600 = VECTOR('',#8601,1.);
#8601 = DIRECTION('',(0.,0.,1.));
#8602 = ORIENTED_EDGE('',*,*,#8603,.T.);
#8603 = EDGE_CURVE('',#8596,#8563,#8604,.T.);
#8604 = B_SPLINE_CURVE_WITH_KNOTS('',2,(#8605,#8606,#8607),
  .UNSPECIFIED.,.F.,.F.,(3,3),(0.,1.),.PIECEWISE_BEZIER_KNOTS.);
#8605 = CARTESIAN_POINT('',(-6.507678471429,-42.37258928571,11.));
#8606 = CARTESIAN_POINT('',(-6.2987499,-41.88803571428,11.));
#8607 = CARTESIAN_POINT('',(-6.2987499,-40.81071428571,11.));
#8608 = ORIENTED_EDGE('',*,*,#8560,.F.);
#8609 = ORIENTED_EDGE('',*,*,#8610,.F.);
#8610 = EDGE_CURVE('',#8594,#8561,#8611,.T.);
#8611 = B_SPLINE_CURVE_WITH_KNOTS('',2,(#8612,#8613,#8614),
  .UNSPECIFIED.,.F.,.F.,(3,3),(0.,1.),.PIECEWISE_BEZIER_KNOTS.);
#8612 = CARTESIAN_POINT('',(-6.507678471429,-42.37258928571,10.));
#8613 = CARTESIAN_POINT('',(-6.2987499,-41.88803571428,10.));
#8614 = CARTESIAN_POINT('',(-6.2987499,-40.81071428571,10.));
#8615 = SURFACE_OF_LINEAR_EXTRUSION('',#8616,#8620);
#8616 = B_SPLINE_CURVE_WITH_KNOTS('',2,(#8617,#8618,#8619),
  .UNSPECIFIED.,.F.,.F.,(3,3),(0.,1.),.PIECEWISE_BEZIER_KNOTS.);
#8617 = CARTESIAN_POINT('',(-6.507678471429,-42.37258928571,10.));
#8618 = CARTESIAN_POINT('',(-6.2987499,-41.88803571428,10.));
#8619 = CARTESIAN_POINT('',(-6.2987499,-40.81071428571,10.));
#8620 = VECTOR('',#8621,1.);
#8621 = DIRECTION('',(-0.,-0.,-1.));
#8622 = ADVANCED_FACE('',(#8623),#8648,.T.);
#8623 = FACE_BOUND('',#8624,.T.);
#8624 = EDGE_LOOP('',(#8625,#8635,#8641,#8642));
#8625 = ORIENTED_EDGE('',*,*,#8626,.T.);
#8626 = EDGE_CURVE('',#8627,#8629,#8631,.T.);
#8627 = VERTEX_POINT('',#8628);
#8628 = CARTESIAN_POINT('',(-7.174642757143,-42.85714285714,10.));
#8629 = VERTEX_POINT('',#8630);
#8630 = CARTESIAN_POINT('',(-7.174642757143,-42.85714285714,11.));
#8631 = LINE('',#8632,#8633);
#8632 = CARTESIAN_POINT('',(-7.174642757143,-42.85714285714,10.));
#8633 = VECTOR('',#8634,1.);
#8634 = DIRECTION('',(0.,0.,1.));
#8635 = ORIENTED_EDGE('',*,*,#8636,.T.);
#8636 = EDGE_CURVE('',#8629,#8596,#8637,.T.);
#8637 = B_SPLINE_CURVE_WITH_KNOTS('',2,(#8638,#8639,#8640),
  .UNSPECIFIED.,.F.,.F.,(3,3),(0.,1.),.PIECEWISE_BEZIER_KNOTS.);
#8638 = CARTESIAN_POINT('',(-7.174642757143,-42.85714285714,11.));
#8639 = CARTESIAN_POINT('',(-6.716607042857,-42.85714285714,11.));
#8640 = CARTESIAN_POINT('',(-6.507678471429,-42.37258928571,11.));
#8641 = ORIENTED_EDGE('',*,*,#8593,.F.);
#8642 = ORIENTED_EDGE('',*,*,#8643,.F.);
#8643 = EDGE_CURVE('',#8627,#8594,#8644,.T.);
#8644 = B_SPLINE_CURVE_WITH_KNOTS('',2,(#8645,#8646,#8647),
  .UNSPECIFIED.,.F.,.F.,(3,3),(0.,1.),.PIECEWISE_BEZIER_KNOTS.);
#8645 = CARTESIAN_POINT('',(-7.174642757143,-42.85714285714,10.));
#8646 = CARTESIAN_POINT('',(-6.716607042857,-42.85714285714,10.));
#8647 = CARTESIAN_POINT('',(-6.507678471429,-42.37258928571,10.));
#8648 = SURFACE_OF_LINEAR_EXTRUSION('',#8649,#8653);
#8649 = B_SPLINE_CURVE_WITH_KNOTS('',2,(#8650,#8651,#8652),
  .UNSPECIFIED.,.F.,.F.,(3,3),(0.,1.),.PIECEWISE_BEZIER_KNOTS.);
#8650 = CARTESIAN_POINT('',(-7.174642757143,-42.85714285714,10.));
#8651 = CARTESIAN_POINT('',(-6.716607042857,-42.85714285714,10.));
#8652 = CARTESIAN_POINT('',(-6.507678471429,-42.37258928571,10.));
#8653 = VECTOR('',#8654,1.);
#8654 = DIRECTION('',(-0.,-0.,-1.));
#8655 = ADVANCED_FACE('',(#8656),#8681,.T.);
#8656 = FACE_BOUND('',#8657,.T.);
#8657 = EDGE_LOOP('',(#8658,#8668,#8674,#8675));
#8658 = ORIENTED_EDGE('',*,*,#8659,.T.);
#8659 = EDGE_CURVE('',#8660,#8662,#8664,.T.);
#8660 = VERTEX_POINT('',#8661);
#8661 = CARTESIAN_POINT('',(-7.837589185714,-42.37258928571,10.));
#8662 = VERTEX_POINT('',#8663);
#8663 = CARTESIAN_POINT('',(-7.837589185714,-42.37258928571,11.));
#8664 = LINE('',#8665,#8666);
#8665 = CARTESIAN_POINT('',(-7.837589185714,-42.37258928571,10.));
#8666 = VECTOR('',#8667,1.);
#8667 = DIRECTION('',(0.,0.,1.));
#8668 = ORIENTED_EDGE('',*,*,#8669,.T.);
#8669 = EDGE_CURVE('',#8662,#8629,#8670,.T.);
#8670 = B_SPLINE_CURVE_WITH_KNOTS('',2,(#8671,#8672,#8673),
  .UNSPECIFIED.,.F.,.F.,(3,3),(0.,1.),.PIECEWISE_BEZIER_KNOTS.);
#8671 = CARTESIAN_POINT('',(-7.837589185714,-42.37258928571,11.));
#8672 = CARTESIAN_POINT('',(-7.628660614286,-42.85714285714,11.));
#8673 = CARTESIAN_POINT('',(-7.174642757143,-42.85714285714,11.));
#8674 = ORIENTED_EDGE('',*,*,#8626,.F.);
#8675 = ORIENTED_EDGE('',*,*,#8676,.F.);
#8676 = EDGE_CURVE('',#8660,#8627,#8677,.T.);
#8677 = B_SPLINE_CURVE_WITH_KNOTS('',2,(#8678,#8679,#8680),
  .UNSPECIFIED.,.F.,.F.,(3,3),(0.,1.),.PIECEWISE_BEZIER_KNOTS.);
#8678 = CARTESIAN_POINT('',(-7.837589185714,-42.37258928571,10.));
#8679 = CARTESIAN_POINT('',(-7.628660614286,-42.85714285714,10.));
#8680 = CARTESIAN_POINT('',(-7.174642757143,-42.85714285714,10.));
#8681 = SURFACE_OF_LINEAR_EXTRUSION('',#8682,#8686);
#8682 = B_SPLINE_CURVE_WITH_KNOTS('',2,(#8683,#8684,#8685),
  .UNSPECIFIED.,.F.,.F.,(3,3),(0.,1.),.PIECEWISE_BEZIER_KNOTS.);
#8683 = CARTESIAN_POINT('',(-7.837589185714,-42.37258928571,10.));
#8684 = CARTESIAN_POINT('',(-7.628660614286,-42.85714285714,10.));
#8685 = CARTESIAN_POINT('',(-7.174642757143,-42.85714285714,10.));
#8686 = VECTOR('',#8687,1.);
#8687 = DIRECTION('',(-0.,-0.,-1.));
#8688 = ADVANCED_FACE('',(#8689),#8714,.T.);
#8689 = FACE_BOUND('',#8690,.T.);
#8690 = EDGE_LOOP('',(#8691,#8701,#8707,#8708));
#8691 = ORIENTED_EDGE('',*,*,#8692,.T.);
#8692 = EDGE_CURVE('',#8693,#8695,#8697,.T.);
#8693 = VERTEX_POINT('',#8694);
#8694 = CARTESIAN_POINT('',(-8.046517757143,-40.81071428571,10.));
#8695 = VERTEX_POINT('',#8696);
#8696 = CARTESIAN_POINT('',(-8.046517757143,-40.81071428571,11.));
#8697 = LINE('',#8698,#8699);
#8698 = CARTESIAN_POINT('',(-8.046517757143,-40.81071428571,10.));
#8699 = VECTOR('',#8700,1.);
#8700 = DIRECTION('',(0.,0.,1.));
#8701 = ORIENTED_EDGE('',*,*,#8702,.T.);
#8702 = EDGE_CURVE('',#8695,#8662,#8703,.T.);
#8703 = B_SPLINE_CURVE_WITH_KNOTS('',2,(#8704,#8705,#8706),
  .UNSPECIFIED.,.F.,.F.,(3,3),(0.,1.),.PIECEWISE_BEZIER_KNOTS.);
#8704 = CARTESIAN_POINT('',(-8.046517757143,-40.81071428571,11.));
#8705 = CARTESIAN_POINT('',(-8.046517757143,-41.88803571428,11.));
#8706 = CARTESIAN_POINT('',(-7.837589185714,-42.37258928571,11.));
#8707 = ORIENTED_EDGE('',*,*,#8659,.F.);
#8708 = ORIENTED_EDGE('',*,*,#8709,.F.);
#8709 = EDGE_CURVE('',#8693,#8660,#8710,.T.);
#8710 = B_SPLINE_CURVE_WITH_KNOTS('',2,(#8711,#8712,#8713),
  .UNSPECIFIED.,.F.,.F.,(3,3),(0.,1.),.PIECEWISE_BEZIER_KNOTS.);
#8711 = CARTESIAN_POINT('',(-8.046517757143,-40.81071428571,10.));
#8712 = CARTESIAN_POINT('',(-8.046517757143,-41.88803571428,10.));
#8713 = CARTESIAN_POINT('',(-7.837589185714,-42.37258928571,10.));
#8714 = SURFACE_OF_LINEAR_EXTRUSION('',#8715,#8719);
#8715 = B_SPLINE_CURVE_WITH_KNOTS('',2,(#8716,#8717,#8718),
  .UNSPECIFIED.,.F.,.F.,(3,3),(0.,1.),.PIECEWISE_BEZIER_KNOTS.);
#8716 = CARTESIAN_POINT('',(-8.046517757143,-40.81071428571,10.));
#8717 = CARTESIAN_POINT('',(-8.046517757143,-41.88803571428,10.));
#8718 = CARTESIAN_POINT('',(-7.837589185714,-42.37258928571,10.));
#8719 = VECTOR('',#8720,1.);
#8720 = DIRECTION('',(-0.,-0.,-1.));
#8721 = ADVANCED_FACE('',(#8722),#8738,.T.);
#8722 = FACE_BOUND('',#8723,.T.);
#8723 = EDGE_LOOP('',(#8724,#8725,#8731,#8732));
#8724 = ORIENTED_EDGE('',*,*,#8503,.T.);
#8725 = ORIENTED_EDGE('',*,*,#8726,.T.);
#8726 = EDGE_CURVE('',#8496,#8695,#8727,.T.);
#8727 = B_SPLINE_CURVE_WITH_KNOTS('',2,(#8728,#8729,#8730),
  .UNSPECIFIED.,.F.,.F.,(3,3),(0.,1.),.PIECEWISE_BEZIER_KNOTS.);
#8728 = CARTESIAN_POINT('',(-7.837589185714,-39.24455357142,11.));
#8729 = CARTESIAN_POINT('',(-8.046517757143,-39.72910714285,11.));
#8730 = CARTESIAN_POINT('',(-8.046517757143,-40.81071428571,11.));
#8731 = ORIENTED_EDGE('',*,*,#8692,.F.);
#8732 = ORIENTED_EDGE('',*,*,#8733,.F.);
#8733 = EDGE_CURVE('',#8504,#8693,#8734,.T.);
#8734 = B_SPLINE_CURVE_WITH_KNOTS('',2,(#8735,#8736,#8737),
  .UNSPECIFIED.,.F.,.F.,(3,3),(0.,1.),.PIECEWISE_BEZIER_KNOTS.);
#8735 = CARTESIAN_POINT('',(-7.837589185714,-39.24455357142,10.));
#8736 = CARTESIAN_POINT('',(-8.046517757143,-39.72910714285,10.));
#8737 = CARTESIAN_POINT('',(-8.046517757143,-40.81071428571,10.));
#8738 = SURFACE_OF_LINEAR_EXTRUSION('',#8739,#8743);
#8739 = B_SPLINE_CURVE_WITH_KNOTS('',2,(#8740,#8741,#8742),
  .UNSPECIFIED.,.F.,.F.,(3,3),(0.,1.),.PIECEWISE_BEZIER_KNOTS.);
#8740 = CARTESIAN_POINT('',(-7.837589185714,-39.24455357142,10.));
#8741 = CARTESIAN_POINT('',(-8.046517757143,-39.72910714285,10.));
#8742 = CARTESIAN_POINT('',(-8.046517757143,-40.81071428571,10.));
#8743 = VECTOR('',#8744,1.);
#8744 = DIRECTION('',(-0.,-0.,-1.));
#8745 = ADVANCED_FACE('',(#8746,#8756),#8766,.F.);
#8746 = FACE_BOUND('',#8747,.F.);
#8747 = EDGE_LOOP('',(#8748,#8749,#8750,#8751,#8752,#8753,#8754,#8755));
#8748 = ORIENTED_EDGE('',*,*,#8247,.F.);
#8749 = ORIENTED_EDGE('',*,*,#8280,.F.);
#8750 = ORIENTED_EDGE('',*,*,#8313,.F.);
#8751 = ORIENTED_EDGE('',*,*,#8346,.F.);
#8752 = ORIENTED_EDGE('',*,*,#8379,.F.);
#8753 = ORIENTED_EDGE('',*,*,#8412,.F.);
#8754 = ORIENTED_EDGE('',*,*,#8445,.F.);
#8755 = ORIENTED_EDGE('',*,*,#8469,.F.);
#8756 = FACE_BOUND('',#8757,.F.);
#8757 = EDGE_LOOP('',(#8758,#8759,#8760,#8761,#8762,#8763,#8764,#8765));
#8758 = ORIENTED_EDGE('',*,*,#8511,.F.);
#8759 = ORIENTED_EDGE('',*,*,#8544,.F.);
#8760 = ORIENTED_EDGE('',*,*,#8577,.F.);
#8761 = ORIENTED_EDGE('',*,*,#8610,.F.);
#8762 = ORIENTED_EDGE('',*,*,#8643,.F.);
#8763 = ORIENTED_EDGE('',*,*,#8676,.F.);
#8764 = ORIENTED_EDGE('',*,*,#8709,.F.);
#8765 = ORIENTED_EDGE('',*,*,#8733,.F.);
#8766 = PLANE('',#8767);
#8767 = AXIS2_PLACEMENT_3D('',#8768,#8769,#8770);
#8768 = CARTESIAN_POINT('',(-7.172735772769,-40.80861931889,10.));
#8769 = DIRECTION('',(0.,0.,1.));
#8770 = DIRECTION('',(1.,0.,0.));
#8771 = ADVANCED_FACE('',(#8772,#8782),#8792,.T.);
#8772 = FACE_BOUND('',#8773,.T.);
#8773 = EDGE_LOOP('',(#8774,#8775,#8776,#8777,#8778,#8779,#8780,#8781));
#8774 = ORIENTED_EDGE('',*,*,#8231,.F.);
#8775 = ORIENTED_EDGE('',*,*,#8273,.F.);
#8776 = ORIENTED_EDGE('',*,*,#8306,.F.);
#8777 = ORIENTED_EDGE('',*,*,#8339,.F.);
#8778 = ORIENTED_EDGE('',*,*,#8372,.F.);
#8779 = ORIENTED_EDGE('',*,*,#8405,.F.);
#8780 = ORIENTED_EDGE('',*,*,#8438,.F.);
#8781 = ORIENTED_EDGE('',*,*,#8462,.F.);
#8782 = FACE_BOUND('',#8783,.T.);
#8783 = EDGE_LOOP('',(#8784,#8785,#8786,#8787,#8788,#8789,#8790,#8791));
#8784 = ORIENTED_EDGE('',*,*,#8495,.F.);
#8785 = ORIENTED_EDGE('',*,*,#8537,.F.);
#8786 = ORIENTED_EDGE('',*,*,#8570,.F.);
#8787 = ORIENTED_EDGE('',*,*,#8603,.F.);
#8788 = ORIENTED_EDGE('',*,*,#8636,.F.);
#8789 = ORIENTED_EDGE('',*,*,#8669,.F.);
#8790 = ORIENTED_EDGE('',*,*,#8702,.F.);
#8791 = ORIENTED_EDGE('',*,*,#8726,.F.);
#8792 = PLANE('',#8793);
#8793 = AXIS2_PLACEMENT_3D('',#8794,#8795,#8796);
#8794 = CARTESIAN_POINT('',(-7.172735772769,-40.80861931889,11.));
#8795 = DIRECTION('',(0.,0.,1.));
#8796 = DIRECTION('',(1.,0.,0.));
#8797 = MANIFOLD_SOLID_BREP('',#8798);
#8798 = CLOSED_SHELL('',(#8799,#8839,#8870,#8901,#8932,#8963,#8994,#9025
    ,#9056,#9087,#9109,#9127));
#8799 = ADVANCED_FACE('',(#8800),#8834,.T.);
#8800 = FACE_BOUND('',#8801,.T.);
#8801 = EDGE_LOOP('',(#8802,#8812,#8820,#8828));
#8802 = ORIENTED_EDGE('',*,*,#8803,.T.);
#8803 = EDGE_CURVE('',#8804,#8806,#8808,.T.);
#8804 = VERTEX_POINT('',#8805);
#8805 = CARTESIAN_POINT('',(-4.217232042857,-37.8,10.));
#8806 = VERTEX_POINT('',#8807);
#8807 = CARTESIAN_POINT('',(-4.217232042857,-37.8,11.));
#8808 = LINE('',#8809,#8810);
#8809 = CARTESIAN_POINT('',(-4.217232042857,-37.8,10.));
#8810 = VECTOR('',#8811,1.);
#8811 = DIRECTION('',(0.,0.,1.));
#8812 = ORIENTED_EDGE('',*,*,#8813,.T.);
#8813 = EDGE_CURVE('',#8806,#8814,#8816,.T.);
#8814 = VERTEX_POINT('',#8815);
#8815 = CARTESIAN_POINT('',(-2.943571328571,-37.8,11.));
#8816 = LINE('',#8817,#8818);
#8817 = CARTESIAN_POINT('',(-4.217232042857,-37.8,11.));
#8818 = VECTOR('',#8819,1.);
#8819 = DIRECTION('',(1.,0.,0.));
#8820 = ORIENTED_EDGE('',*,*,#8821,.F.);
#8821 = EDGE_CURVE('',#8822,#8814,#8824,.T.);
#8822 = VERTEX_POINT('',#8823);
#8823 = CARTESIAN_POINT('',(-2.943571328571,-37.8,10.));
#8824 = LINE('',#8825,#8826);
#8825 = CARTESIAN_POINT('',(-2.943571328571,-37.8,10.));
#8826 = VECTOR('',#8827,1.);
#8827 = DIRECTION('',(0.,0.,1.));
#8828 = ORIENTED_EDGE('',*,*,#8829,.F.);
#8829 = EDGE_CURVE('',#8804,#8822,#8830,.T.);
#8830 = LINE('',#8831,#8832);
#8831 = CARTESIAN_POINT('',(-4.217232042857,-37.8,10.));
#8832 = VECTOR('',#8833,1.);
#8833 = DIRECTION('',(1.,0.,0.));
#8834 = PLANE('',#8835);
#8835 = AXIS2_PLACEMENT_3D('',#8836,#8837,#8838);
#8836 = CARTESIAN_POINT('',(-4.217232042857,-37.8,10.));
#8837 = DIRECTION('',(0.,1.,0.));
#8838 = DIRECTION('',(1.,0.,0.));
#8839 = ADVANCED_FACE('',(#8840),#8865,.T.);
#8840 = FACE_BOUND('',#8841,.T.);
#8841 = EDGE_LOOP('',(#8842,#8852,#8858,#8859));
#8842 = ORIENTED_EDGE('',*,*,#8843,.T.);
#8843 = EDGE_CURVE('',#8844,#8846,#8848,.T.);
#8844 = VERTEX_POINT('',#8845);
#8845 = CARTESIAN_POINT('',(-4.217232042857,-43.8,10.));
#8846 = VERTEX_POINT('',#8847);
#8847 = CARTESIAN_POINT('',(-4.217232042857,-43.8,11.));
#8848 = LINE('',#8849,#8850);
#8849 = CARTESIAN_POINT('',(-4.217232042857,-43.8,10.));
#8850 = VECTOR('',#8851,1.);
#8851 = DIRECTION('',(0.,0.,1.));
#8852 = ORIENTED_EDGE('',*,*,#8853,.T.);
#8853 = EDGE_CURVE('',#8846,#8806,#8854,.T.);
#8854 = LINE('',#8855,#8856);
#8855 = CARTESIAN_POINT('',(-4.217232042857,-43.8,11.));
#8856 = VECTOR('',#8857,1.);
#8857 = DIRECTION('',(0.,1.,0.));
#8858 = ORIENTED_EDGE('',*,*,#8803,.F.);
#8859 = ORIENTED_EDGE('',*,*,#8860,.F.);
#8860 = EDGE_CURVE('',#8844,#8804,#8861,.T.);
#8861 = LINE('',#8862,#8863);
#8862 = CARTESIAN_POINT('',(-4.217232042857,-43.8,10.));
#8863 = VECTOR('',#8864,1.);
#8864 = DIRECTION('',(0.,1.,0.));
#8865 = PLANE('',#8866);
#8866 = AXIS2_PLACEMENT_3D('',#8867,#8868,#8869);
#8867 = CARTESIAN_POINT('',(-4.217232042857,-43.8,10.));
#8868 = DIRECTION('',(-1.,0.,0.));
#8869 = DIRECTION('',(0.,1.,0.));
#8870 = ADVANCED_FACE('',(#8871),#8896,.T.);
#8871 = FACE_BOUND('',#8872,.T.);
#8872 = EDGE_LOOP('',(#8873,#8883,#8889,#8890));
#8873 = ORIENTED_EDGE('',*,*,#8874,.T.);
#8874 = EDGE_CURVE('',#8875,#8877,#8879,.T.);
#8875 = VERTEX_POINT('',#8876);
#8876 = CARTESIAN_POINT('',(-3.172589185714,-43.8,10.));
#8877 = VERTEX_POINT('',#8878);
#8878 = CARTESIAN_POINT('',(-3.172589185714,-43.8,11.));
#8879 = LINE('',#8880,#8881);
#8880 = CARTESIAN_POINT('',(-3.172589185714,-43.8,10.));
#8881 = VECTOR('',#8882,1.);
#8882 = DIRECTION('',(0.,0.,1.));
#8883 = ORIENTED_EDGE('',*,*,#8884,.T.);
#8884 = EDGE_CURVE('',#8877,#8846,#8885,.T.);
#8885 = LINE('',#8886,#8887);
#8886 = CARTESIAN_POINT('',(-3.172589185714,-43.8,11.));
#8887 = VECTOR('',#8888,1.);
#8888 = DIRECTION('',(-1.,0.,0.));
#8889 = ORIENTED_EDGE('',*,*,#8843,.F.);
#8890 = ORIENTED_EDGE('',*,*,#8891,.F.);
#8891 = EDGE_CURVE('',#8875,#8844,#8892,.T.);
#8892 = LINE('',#8893,#8894);
#8893 = CARTESIAN_POINT('',(-3.172589185714,-43.8,10.));
#8894 = VECTOR('',#8895,1.);
#8895 = DIRECTION('',(-1.,0.,0.));
#8896 = PLANE('',#8897);
#8897 = AXIS2_PLACEMENT_3D('',#8898,#8899,#8900);
#8898 = CARTESIAN_POINT('',(-3.172589185714,-43.8,10.));
#8899 = DIRECTION('',(0.,-1.,0.));
#8900 = DIRECTION('',(-1.,0.,0.));
#8901 = ADVANCED_FACE('',(#8902),#8927,.T.);
#8902 = FACE_BOUND('',#8903,.T.);
#8903 = EDGE_LOOP('',(#8904,#8914,#8920,#8921));
#8904 = ORIENTED_EDGE('',*,*,#8905,.T.);
#8905 = EDGE_CURVE('',#8906,#8908,#8910,.T.);
#8906 = VERTEX_POINT('',#8907);
#8907 = CARTESIAN_POINT('',(-3.172589185714,-39.43955357142,10.));
#8908 = VERTEX_POINT('',#8909);
#8909 = CARTESIAN_POINT('',(-3.172589185714,-39.43955357142,11.));
#8910 = LINE('',#8911,#8912);
#8911 = CARTESIAN_POINT('',(-3.172589185714,-39.43955357142,10.));
#8912 = VECTOR('',#8913,1.);
#8913 = DIRECTION('',(0.,0.,1.));
#8914 = ORIENTED_EDGE('',*,*,#8915,.T.);
#8915 = EDGE_CURVE('',#8908,#8877,#8916,.T.);
#8916 = LINE('',#8917,#8918);
#8917 = CARTESIAN_POINT('',(-3.172589185714,-39.43955357142,11.));
#8918 = VECTOR('',#8919,1.);
#8919 = DIRECTION('',(0.,-1.,0.));
#8920 = ORIENTED_EDGE('',*,*,#8874,.F.);
#8921 = ORIENTED_EDGE('',*,*,#8922,.F.);
#8922 = EDGE_CURVE('',#8906,#8875,#8923,.T.);
#8923 = LINE('',#8924,#8925);
#8924 = CARTESIAN_POINT('',(-3.172589185714,-39.43955357142,10.));
#8925 = VECTOR('',#8926,1.);
#8926 = DIRECTION('',(0.,-1.,0.));
#8927 = PLANE('',#8928);
#8928 = AXIS2_PLACEMENT_3D('',#8929,#8930,#8931);
#8929 = CARTESIAN_POINT('',(-3.172589185714,-39.43955357142,10.));
#8930 = DIRECTION('',(1.,0.,-0.));
#8931 = DIRECTION('',(0.,-1.,0.));
#8932 = ADVANCED_FACE('',(#8933),#8958,.T.);
#8933 = FACE_BOUND('',#8934,.T.);
#8934 = EDGE_LOOP('',(#8935,#8945,#8951,#8952));
#8935 = ORIENTED_EDGE('',*,*,#8936,.T.);
#8936 = EDGE_CURVE('',#8937,#8939,#8941,.T.);
#8937 = VERTEX_POINT('',#8938);
#8938 = CARTESIAN_POINT('',(-1.4931249,-43.8,10.));
#8939 = VERTEX_POINT('',#8940);
#8940 = CARTESIAN_POINT('',(-1.4931249,-43.8,11.));
#8941 = LINE('',#8942,#8943);
#8942 = CARTESIAN_POINT('',(-1.4931249,-43.8,10.));
#8943 = VECTOR('',#8944,1.);
#8944 = DIRECTION('',(0.,0.,1.));
#8945 = ORIENTED_EDGE('',*,*,#8946,.T.);
#8946 = EDGE_CURVE('',#8939,#8908,#8947,.T.);
#8947 = LINE('',#8948,#8949);
#8948 = CARTESIAN_POINT('',(-1.4931249,-43.8,11.));
#8949 = VECTOR('',#8950,1.);
#8950 = DIRECTION('',(-0.359420787632,0.933175598383,0.));
#8951 = ORIENTED_EDGE('',*,*,#8905,.F.);
#8952 = ORIENTED_EDGE('',*,*,#8953,.F.);
#8953 = EDGE_CURVE('',#8937,#8906,#8954,.T.);
#8954 = LINE('',#8955,#8956);
#8955 = CARTESIAN_POINT('',(-1.4931249,-43.8,10.));
#8956 = VECTOR('',#8957,1.);
#8957 = DIRECTION('',(-0.359420787632,0.933175598383,0.));
#8958 = PLANE('',#8959);
#8959 = AXIS2_PLACEMENT_3D('',#8960,#8961,#8962);
#8960 = CARTESIAN_POINT('',(-1.4931249,-43.8,10.));
#8961 = DIRECTION('',(-0.933175598383,-0.359420787632,0.));
#8962 = DIRECTION('',(-0.359420787632,0.933175598383,0.));
#8963 = ADVANCED_FACE('',(#8964),#8989,.T.);
#8964 = FACE_BOUND('',#8965,.T.);
#8965 = EDGE_LOOP('',(#8966,#8976,#8982,#8983));
#8966 = ORIENTED_EDGE('',*,*,#8967,.T.);
#8967 = EDGE_CURVE('',#8968,#8970,#8972,.T.);
#8968 = VERTEX_POINT('',#8969);
#8969 = CARTESIAN_POINT('',(-0.2274999,-43.8,10.));
#8970 = VERTEX_POINT('',#8971);
#8971 = CARTESIAN_POINT('',(-0.2274999,-43.8,11.));
#8972 = LINE('',#8973,#8974);
#8973 = CARTESIAN_POINT('',(-0.2274999,-43.8,10.));
#8974 = VECTOR('',#8975,1.);
#8975 = DIRECTION('',(0.,0.,1.));
#8976 = ORIENTED_EDGE('',*,*,#8977,.T.);
#8977 = EDGE_CURVE('',#8970,#8939,#8978,.T.);
#8978 = LINE('',#8979,#8980);
#8979 = CARTESIAN_POINT('',(-0.2274999,-43.8,11.));
#8980 = VECTOR('',#8981,1.);
#8981 = DIRECTION('',(-1.,0.,0.));
#8982 = ORIENTED_EDGE('',*,*,#8936,.F.);
#8983 = ORIENTED_EDGE('',*,*,#8984,.F.);
#8984 = EDGE_CURVE('',#8968,#8937,#8985,.T.);
#8985 = LINE('',#8986,#8987);
#8986 = CARTESIAN_POINT('',(-0.2274999,-43.8,10.));
#8987 = VECTOR('',#8988,1.);
#8988 = DIRECTION('',(-1.,0.,0.));
#8989 = PLANE('',#8990);
#8990 = AXIS2_PLACEMENT_3D('',#8991,#8992,#8993);
#8991 = CARTESIAN_POINT('',(-0.2274999,-43.8,10.));
#8992 = DIRECTION('',(0.,-1.,0.));
#8993 = DIRECTION('',(-1.,0.,0.));
#8994 = ADVANCED_FACE('',(#8995),#9020,.T.);
#8995 = FACE_BOUND('',#8996,.T.);
#8996 = EDGE_LOOP('',(#8997,#9007,#9013,#9014));
#8997 = ORIENTED_EDGE('',*,*,#8998,.T.);
#8998 = EDGE_CURVE('',#8999,#9001,#9003,.T.);
#8999 = VERTEX_POINT('',#9000);
#9000 = CARTESIAN_POINT('',(-0.2274999,-37.8,10.));
#9001 = VERTEX_POINT('',#9002);
#9002 = CARTESIAN_POINT('',(-0.2274999,-37.8,11.));
#9003 = LINE('',#9004,#9005);
#9004 = CARTESIAN_POINT('',(-0.2274999,-37.8,10.));
#9005 = VECTOR('',#9006,1.);
#9006 = DIRECTION('',(0.,0.,1.));
#9007 = ORIENTED_EDGE('',*,*,#9008,.T.);
#9008 = EDGE_CURVE('',#9001,#8970,#9009,.T.);
#9009 = LINE('',#9010,#9011);
#9010 = CARTESIAN_POINT('',(-0.2274999,-37.8,11.));
#9011 = VECTOR('',#9012,1.);
#9012 = DIRECTION('',(0.,-1.,0.));
#9013 = ORIENTED_EDGE('',*,*,#8967,.F.);
#9014 = ORIENTED_EDGE('',*,*,#9015,.F.);
#9015 = EDGE_CURVE('',#8999,#8968,#9016,.T.);
#9016 = LINE('',#9017,#9018);
#9017 = CARTESIAN_POINT('',(-0.2274999,-37.8,10.));
#9018 = VECTOR('',#9019,1.);
#9019 = DIRECTION('',(0.,-1.,0.));
#9020 = PLANE('',#9021);
#9021 = AXIS2_PLACEMENT_3D('',#9022,#9023,#9024);
#9022 = CARTESIAN_POINT('',(-0.2274999,-37.8,10.));
#9023 = DIRECTION('',(1.,0.,-0.));
#9024 = DIRECTION('',(0.,-1.,0.));
#9025 = ADVANCED_FACE('',(#9026),#9051,.T.);
#9026 = FACE_BOUND('',#9027,.T.);
#9027 = EDGE_LOOP('',(#9028,#9038,#9044,#9045));
#9028 = ORIENTED_EDGE('',*,*,#9029,.T.);
#9029 = EDGE_CURVE('',#9030,#9032,#9034,.T.);
#9030 = VERTEX_POINT('',#9031);
#9031 = CARTESIAN_POINT('',(-1.272142757143,-37.8,10.));
#9032 = VERTEX_POINT('',#9033);
#9033 = CARTESIAN_POINT('',(-1.272142757143,-37.8,11.));
#9034 = LINE('',#9035,#9036);
#9035 = CARTESIAN_POINT('',(-1.272142757143,-37.8,10.));
#9036 = VECTOR('',#9037,1.);
#9037 = DIRECTION('',(0.,0.,1.));
#9038 = ORIENTED_EDGE('',*,*,#9039,.T.);
#9039 = EDGE_CURVE('',#9032,#9001,#9040,.T.);
#9040 = LINE('',#9041,#9042);
#9041 = CARTESIAN_POINT('',(-1.272142757143,-37.8,11.));
#9042 = VECTOR('',#9043,1.);
#9043 = DIRECTION('',(1.,0.,0.));
#9044 = ORIENTED_EDGE('',*,*,#8998,.F.);
#9045 = ORIENTED_EDGE('',*,*,#9046,.F.);
#9046 = EDGE_CURVE('',#9030,#8999,#9047,.T.);
#9047 = LINE('',#9048,#9049);
#9048 = CARTESIAN_POINT('',(-1.272142757143,-37.8,10.));
#9049 = VECTOR('',#9050,1.);
#9050 = DIRECTION('',(1.,0.,0.));
#9051 = PLANE('',#9052);
#9052 = AXIS2_PLACEMENT_3D('',#9053,#9054,#9055);
#9053 = CARTESIAN_POINT('',(-1.272142757143,-37.8,10.));
#9054 = DIRECTION('',(0.,1.,0.));
#9055 = DIRECTION('',(1.,0.,0.));
#9056 = ADVANCED_FACE('',(#9057),#9082,.T.);
#9057 = FACE_BOUND('',#9058,.T.);
#9058 = EDGE_LOOP('',(#9059,#9069,#9075,#9076));
#9059 = ORIENTED_EDGE('',*,*,#9060,.T.);
#9060 = EDGE_CURVE('',#9061,#9063,#9065,.T.);
#9061 = VERTEX_POINT('',#9062);
#9062 = CARTESIAN_POINT('',(-1.272142757143,-42.16044642857,10.));
#9063 = VERTEX_POINT('',#9064);
#9064 = CARTESIAN_POINT('',(-1.272142757143,-42.16044642857,11.));
#9065 = LINE('',#9066,#9067);
#9066 = CARTESIAN_POINT('',(-1.272142757143,-42.16044642857,10.));
#9067 = VECTOR('',#9068,1.);
#9068 = DIRECTION('',(0.,0.,1.));
#9069 = ORIENTED_EDGE('',*,*,#9070,.T.);
#9070 = EDGE_CURVE('',#9063,#9032,#9071,.T.);
#9071 = LINE('',#9072,#9073);
#9072 = CARTESIAN_POINT('',(-1.272142757143,-42.16044642857,11.));
#9073 = VECTOR('',#9074,1.);
#9074 = DIRECTION('',(0.,1.,0.));
#9075 = ORIENTED_EDGE('',*,*,#9029,.F.);
#9076 = ORIENTED_EDGE('',*,*,#9077,.F.);
#9077 = EDGE_CURVE('',#9061,#9030,#9078,.T.);
#9078 = LINE('',#9079,#9080);
#9079 = CARTESIAN_POINT('',(-1.272142757143,-42.16044642857,10.));
#9080 = VECTOR('',#9081,1.);
#9081 = DIRECTION('',(0.,1.,0.));
#9082 = PLANE('',#9083);
#9083 = AXIS2_PLACEMENT_3D('',#9084,#9085,#9086);
#9084 = CARTESIAN_POINT('',(-1.272142757143,-42.16044642857,10.));
#9085 = DIRECTION('',(-1.,0.,0.));
#9086 = DIRECTION('',(0.,1.,0.));
#9087 = ADVANCED_FACE('',(#9088),#9104,.T.);
#9088 = FACE_BOUND('',#9089,.T.);
#9089 = EDGE_LOOP('',(#9090,#9091,#9097,#9098));
#9090 = ORIENTED_EDGE('',*,*,#8821,.T.);
#9091 = ORIENTED_EDGE('',*,*,#9092,.T.);
#9092 = EDGE_CURVE('',#8814,#9063,#9093,.T.);
#9093 = LINE('',#9094,#9095);
#9094 = CARTESIAN_POINT('',(-2.943571328571,-37.8,11.));
#9095 = VECTOR('',#9096,1.);
#9096 = DIRECTION('',(0.357921841948,-0.933751548891,0.));
#9097 = ORIENTED_EDGE('',*,*,#9060,.F.);
#9098 = ORIENTED_EDGE('',*,*,#9099,.F.);
#9099 = EDGE_CURVE('',#8822,#9061,#9100,.T.);
#9100 = LINE('',#9101,#9102);
#9101 = CARTESIAN_POINT('',(-2.943571328571,-37.8,10.));
#9102 = VECTOR('',#9103,1.);
#9103 = DIRECTION('',(0.357921841948,-0.933751548891,0.));
#9104 = PLANE('',#9105);
#9105 = AXIS2_PLACEMENT_3D('',#9106,#9107,#9108);
#9106 = CARTESIAN_POINT('',(-2.943571328571,-37.8,10.));
#9107 = DIRECTION('',(0.933751548891,0.357921841948,-0.));
#9108 = DIRECTION('',(0.357921841948,-0.933751548891,0.));
#9109 = ADVANCED_FACE('',(#9110),#9122,.F.);
#9110 = FACE_BOUND('',#9111,.F.);
#9111 = EDGE_LOOP('',(#9112,#9113,#9114,#9115,#9116,#9117,#9118,#9119,
    #9120,#9121));
#9112 = ORIENTED_EDGE('',*,*,#8829,.F.);
#9113 = ORIENTED_EDGE('',*,*,#8860,.F.);
#9114 = ORIENTED_EDGE('',*,*,#8891,.F.);
#9115 = ORIENTED_EDGE('',*,*,#8922,.F.);
#9116 = ORIENTED_EDGE('',*,*,#8953,.F.);
#9117 = ORIENTED_EDGE('',*,*,#8984,.F.);
#9118 = ORIENTED_EDGE('',*,*,#9015,.F.);
#9119 = ORIENTED_EDGE('',*,*,#9046,.F.);
#9120 = ORIENTED_EDGE('',*,*,#9077,.F.);
#9121 = ORIENTED_EDGE('',*,*,#9099,.F.);
#9122 = PLANE('',#9123);
#9123 = AXIS2_PLACEMENT_3D('',#9124,#9125,#9126);
#9124 = CARTESIAN_POINT('',(-2.222002299279,-40.79937321536,10.));
#9125 = DIRECTION('',(0.,0.,1.));
#9126 = DIRECTION('',(1.,0.,0.));
#9127 = ADVANCED_FACE('',(#9128),#9140,.T.);
#9128 = FACE_BOUND('',#9129,.T.);
#9129 = EDGE_LOOP('',(#9130,#9131,#9132,#9133,#9134,#9135,#9136,#9137,
    #9138,#9139));
#9130 = ORIENTED_EDGE('',*,*,#8813,.F.);
#9131 = ORIENTED_EDGE('',*,*,#8853,.F.);
#9132 = ORIENTED_EDGE('',*,*,#8884,.F.);
#9133 = ORIENTED_EDGE('',*,*,#8915,.F.);
#9134 = ORIENTED_EDGE('',*,*,#8946,.F.);
#9135 = ORIENTED_EDGE('',*,*,#8977,.F.);
#9136 = ORIENTED_EDGE('',*,*,#9008,.F.);
#9137 = ORIENTED_EDGE('',*,*,#9039,.F.);
#9138 = ORIENTED_EDGE('',*,*,#9070,.F.);
#9139 = ORIENTED_EDGE('',*,*,#9092,.F.);
#9140 = PLANE('',#9141);
#9141 = AXIS2_PLACEMENT_3D('',#9142,#9143,#9144);
#9142 = CARTESIAN_POINT('',(-2.222002299279,-40.79937321536,11.));
#9143 = DIRECTION('',(0.,0.,1.));
#9144 = DIRECTION('',(1.,0.,0.));
#9145 = MANIFOLD_SOLID_BREP('',#9146);
#9146 = CLOSED_SHELL('',(#9147,#9187,#9218,#9249,#9280,#9311,#9333,#9347
    ));
#9147 = ADVANCED_FACE('',(#9148),#9182,.T.);
#9148 = FACE_BOUND('',#9149,.T.);
#9149 = EDGE_LOOP('',(#9150,#9160,#9168,#9176));
#9150 = ORIENTED_EDGE('',*,*,#9151,.T.);
#9151 = EDGE_CURVE('',#9152,#9154,#9156,.T.);
#9152 = VERTEX_POINT('',#9153);
#9153 = CARTESIAN_POINT('',(1.162946528571,-43.8,10.));
#9154 = VERTEX_POINT('',#9155);
#9155 = CARTESIAN_POINT('',(1.162946528571,-43.8,11.));
#9156 = LINE('',#9157,#9158);
#9157 = CARTESIAN_POINT('',(1.162946528571,-43.8,10.));
#9158 = VECTOR('',#9159,1.);
#9159 = DIRECTION('',(0.,0.,1.));
#9160 = ORIENTED_EDGE('',*,*,#9161,.T.);
#9161 = EDGE_CURVE('',#9154,#9162,#9164,.T.);
#9162 = VERTEX_POINT('',#9163);
#9163 = CARTESIAN_POINT('',(1.162946528571,-37.8,11.));
#9164 = LINE('',#9165,#9166);
#9165 = CARTESIAN_POINT('',(1.162946528571,-43.8,11.));
#9166 = VECTOR('',#9167,1.);
#9167 = DIRECTION('',(0.,1.,0.));
#9168 = ORIENTED_EDGE('',*,*,#9169,.F.);
#9169 = EDGE_CURVE('',#9170,#9162,#9172,.T.);
#9170 = VERTEX_POINT('',#9171);
#9171 = CARTESIAN_POINT('',(1.162946528571,-37.8,10.));
#9172 = LINE('',#9173,#9174);
#9173 = CARTESIAN_POINT('',(1.162946528571,-37.8,10.));
#9174 = VECTOR('',#9175,1.);
#9175 = DIRECTION('',(0.,0.,1.));
#9176 = ORIENTED_EDGE('',*,*,#9177,.F.);
#9177 = EDGE_CURVE('',#9152,#9170,#9178,.T.);
#9178 = LINE('',#9179,#9180);
#9179 = CARTESIAN_POINT('',(1.162946528571,-43.8,10.));
#9180 = VECTOR('',#9181,1.);
#9181 = DIRECTION('',(0.,1.,0.));
#9182 = PLANE('',#9183);
#9183 = AXIS2_PLACEMENT_3D('',#9184,#9185,#9186);
#9184 = CARTESIAN_POINT('',(1.162946528571,-43.8,10.));
#9185 = DIRECTION('',(-1.,0.,0.));
#9186 = DIRECTION('',(0.,1.,0.));
#9187 = ADVANCED_FACE('',(#9188),#9213,.T.);
#9188 = FACE_BOUND('',#9189,.T.);
#9189 = EDGE_LOOP('',(#9190,#9200,#9206,#9207));
#9190 = ORIENTED_EDGE('',*,*,#9191,.T.);
#9191 = EDGE_CURVE('',#9192,#9194,#9196,.T.);
#9192 = VERTEX_POINT('',#9193);
#9193 = CARTESIAN_POINT('',(4.883482242857,-43.8,10.));
#9194 = VERTEX_POINT('',#9195);
#9195 = CARTESIAN_POINT('',(4.883482242857,-43.8,11.));
#9196 = LINE('',#9197,#9198);
#9197 = CARTESIAN_POINT('',(4.883482242857,-43.8,10.));
#9198 = VECTOR('',#9199,1.);
#9199 = DIRECTION('',(0.,0.,1.));
#9200 = ORIENTED_EDGE('',*,*,#9201,.T.);
#9201 = EDGE_CURVE('',#9194,#9154,#9202,.T.);
#9202 = LINE('',#9203,#9204);
#9203 = CARTESIAN_POINT('',(4.883482242857,-43.8,11.));
#9204 = VECTOR('',#9205,1.);
#9205 = DIRECTION('',(-1.,0.,0.));
#9206 = ORIENTED_EDGE('',*,*,#9151,.F.);
#9207 = ORIENTED_EDGE('',*,*,#9208,.F.);
#9208 = EDGE_CURVE('',#9192,#9152,#9209,.T.);
#9209 = LINE('',#9210,#9211);
#9210 = CARTESIAN_POINT('',(4.883482242857,-43.8,10.));
#9211 = VECTOR('',#9212,1.);
#9212 = DIRECTION('',(-1.,0.,0.));
#9213 = PLANE('',#9214);
#9214 = AXIS2_PLACEMENT_3D('',#9215,#9216,#9217);
#9215 = CARTESIAN_POINT('',(4.883482242857,-43.8,10.));
#9216 = DIRECTION('',(0.,-1.,0.));
#9217 = DIRECTION('',(-1.,0.,0.));
#9218 = ADVANCED_FACE('',(#9219),#9244,.T.);
#9219 = FACE_BOUND('',#9220,.T.);
#9220 = EDGE_LOOP('',(#9221,#9231,#9237,#9238));
#9221 = ORIENTED_EDGE('',*,*,#9222,.T.);
#9222 = EDGE_CURVE('',#9223,#9225,#9227,.T.);
#9223 = VERTEX_POINT('',#9224);
#9224 = CARTESIAN_POINT('',(4.883482242857,-42.75428571428,10.));
#9225 = VERTEX_POINT('',#9226);
#9226 = CARTESIAN_POINT('',(4.883482242857,-42.75428571428,11.));
#9227 = LINE('',#9228,#9229);
#9228 = CARTESIAN_POINT('',(4.883482242857,-42.75428571428,10.));
#9229 = VECTOR('',#9230,1.);
#9230 = DIRECTION('',(0.,0.,1.));
#9231 = ORIENTED_EDGE('',*,*,#9232,.T.);
#9232 = EDGE_CURVE('',#9225,#9194,#9233,.T.);
#9233 = LINE('',#9234,#9235);
#9234 = CARTESIAN_POINT('',(4.883482242857,-42.75428571428,11.));
#9235 = VECTOR('',#9236,1.);
#9236 = DIRECTION('',(0.,-1.,0.));
#9237 = ORIENTED_EDGE('',*,*,#9191,.F.);
#9238 = ORIENTED_EDGE('',*,*,#9239,.F.);
#9239 = EDGE_CURVE('',#9223,#9192,#9240,.T.);
#9240 = LINE('',#9241,#9242);
#9241 = CARTESIAN_POINT('',(4.883482242857,-42.75428571428,10.));
#9242 = VECTOR('',#9243,1.);
#9243 = DIRECTION('',(0.,-1.,0.));
#9244 = PLANE('',#9245);
#9245 = AXIS2_PLACEMENT_3D('',#9246,#9247,#9248);
#9246 = CARTESIAN_POINT('',(4.883482242857,-42.75428571428,10.));
#9247 = DIRECTION('',(1.,0.,-0.));
#9248 = DIRECTION('',(0.,-1.,0.));
#9249 = ADVANCED_FACE('',(#9250),#9275,.T.);
#9250 = FACE_BOUND('',#9251,.T.);
#9251 = EDGE_LOOP('',(#9252,#9262,#9268,#9269));
#9252 = ORIENTED_EDGE('',*,*,#9253,.T.);
#9253 = EDGE_CURVE('',#9254,#9256,#9258,.T.);
#9254 = VERTEX_POINT('',#9255);
#9255 = CARTESIAN_POINT('',(2.348214385714,-42.75428571428,10.));
#9256 = VERTEX_POINT('',#9257);
#9257 = CARTESIAN_POINT('',(2.348214385714,-42.75428571428,11.));
#9258 = LINE('',#9259,#9260);
#9259 = CARTESIAN_POINT('',(2.348214385714,-42.75428571428,10.));
#9260 = VECTOR('',#9261,1.);
#9261 = DIRECTION('',(0.,0.,1.));
#9262 = ORIENTED_EDGE('',*,*,#9263,.T.);
#9263 = EDGE_CURVE('',#9256,#9225,#9264,.T.);
#9264 = LINE('',#9265,#9266);
#9265 = CARTESIAN_POINT('',(2.348214385714,-42.75428571428,11.));
#9266 = VECTOR('',#9267,1.);
#9267 = DIRECTION('',(1.,0.,0.));
#9268 = ORIENTED_EDGE('',*,*,#9222,.F.);
#9269 = ORIENTED_EDGE('',*,*,#9270,.F.);
#9270 = EDGE_CURVE('',#9254,#9223,#9271,.T.);
#9271 = LINE('',#9272,#9273);
#9272 = CARTESIAN_POINT('',(2.348214385714,-42.75428571428,10.));
#9273 = VECTOR('',#9274,1.);
#9274 = DIRECTION('',(1.,0.,0.));
#9275 = PLANE('',#9276);
#9276 = AXIS2_PLACEMENT_3D('',#9277,#9278,#9279);
#9277 = CARTESIAN_POINT('',(2.348214385714,-42.75428571428,10.));
#9278 = DIRECTION('',(0.,1.,0.));
#9279 = DIRECTION('',(1.,0.,0.));
#9280 = ADVANCED_FACE('',(#9281),#9306,.T.);
#9281 = FACE_BOUND('',#9282,.T.);
#9282 = EDGE_LOOP('',(#9283,#9293,#9299,#9300));
#9283 = ORIENTED_EDGE('',*,*,#9284,.T.);
#9284 = EDGE_CURVE('',#9285,#9287,#9289,.T.);
#9285 = VERTEX_POINT('',#9286);
#9286 = CARTESIAN_POINT('',(2.348214385714,-37.8,10.));
#9287 = VERTEX_POINT('',#9288);
#9288 = CARTESIAN_POINT('',(2.348214385714,-37.8,11.));
#9289 = LINE('',#9290,#9291);
#9290 = CARTESIAN_POINT('',(2.348214385714,-37.8,10.));
#9291 = VECTOR('',#9292,1.);
#9292 = DIRECTION('',(0.,0.,1.));
#9293 = ORIENTED_EDGE('',*,*,#9294,.T.);
#9294 = EDGE_CURVE('',#9287,#9256,#9295,.T.);
#9295 = LINE('',#9296,#9297);
#9296 = CARTESIAN_POINT('',(2.348214385714,-37.8,11.));
#9297 = VECTOR('',#9298,1.);
#9298 = DIRECTION('',(0.,-1.,0.));
#9299 = ORIENTED_EDGE('',*,*,#9253,.F.);
#9300 = ORIENTED_EDGE('',*,*,#9301,.F.);
#9301 = EDGE_CURVE('',#9285,#9254,#9302,.T.);
#9302 = LINE('',#9303,#9304);
#9303 = CARTESIAN_POINT('',(2.348214385714,-37.8,10.));
#9304 = VECTOR('',#9305,1.);
#9305 = DIRECTION('',(0.,-1.,0.));
#9306 = PLANE('',#9307);
#9307 = AXIS2_PLACEMENT_3D('',#9308,#9309,#9310);
#9308 = CARTESIAN_POINT('',(2.348214385714,-37.8,10.));
#9309 = DIRECTION('',(1.,0.,-0.));
#9310 = DIRECTION('',(0.,-1.,0.));
#9311 = ADVANCED_FACE('',(#9312),#9328,.T.);
#9312 = FACE_BOUND('',#9313,.T.);
#9313 = EDGE_LOOP('',(#9314,#9315,#9321,#9322));
#9314 = ORIENTED_EDGE('',*,*,#9169,.T.);
#9315 = ORIENTED_EDGE('',*,*,#9316,.T.);
#9316 = EDGE_CURVE('',#9162,#9287,#9317,.T.);
#9317 = LINE('',#9318,#9319);
#9318 = CARTESIAN_POINT('',(1.162946528571,-37.8,11.));
#9319 = VECTOR('',#9320,1.);
#9320 = DIRECTION('',(1.,0.,0.));
#9321 = ORIENTED_EDGE('',*,*,#9284,.F.);
#9322 = ORIENTED_EDGE('',*,*,#9323,.F.);
#9323 = EDGE_CURVE('',#9170,#9285,#9324,.T.);
#9324 = LINE('',#9325,#9326);
#9325 = CARTESIAN_POINT('',(1.162946528571,-37.8,10.));
#9326 = VECTOR('',#9327,1.);
#9327 = DIRECTION('',(1.,0.,0.));
#9328 = PLANE('',#9329);
#9329 = AXIS2_PLACEMENT_3D('',#9330,#9331,#9332);
#9330 = CARTESIAN_POINT('',(1.162946528571,-37.8,10.));
#9331 = DIRECTION('',(0.,1.,0.));
#9332 = DIRECTION('',(1.,0.,0.));
#9333 = ADVANCED_FACE('',(#9334),#9342,.F.);
#9334 = FACE_BOUND('',#9335,.F.);
#9335 = EDGE_LOOP('',(#9336,#9337,#9338,#9339,#9340,#9341));
#9336 = ORIENTED_EDGE('',*,*,#9177,.F.);
#9337 = ORIENTED_EDGE('',*,*,#9208,.F.);
#9338 = ORIENTED_EDGE('',*,*,#9239,.F.);
#9339 = ORIENTED_EDGE('',*,*,#9270,.F.);
#9340 = ORIENTED_EDGE('',*,*,#9301,.F.);
#9341 = ORIENTED_EDGE('',*,*,#9323,.F.);
#9342 = PLANE('',#9343);
#9343 = AXIS2_PLACEMENT_3D('',#9344,#9345,#9346);
#9344 = CARTESIAN_POINT('',(2.377136757088,-41.44607762862,10.));
#9345 = DIRECTION('',(0.,0.,1.));
#9346 = DIRECTION('',(1.,0.,0.));
#9347 = ADVANCED_FACE('',(#9348),#9356,.T.);
#9348 = FACE_BOUND('',#9349,.T.);
#9349 = EDGE_LOOP('',(#9350,#9351,#9352,#9353,#9354,#9355));
#9350 = ORIENTED_EDGE('',*,*,#9161,.F.);
#9351 = ORIENTED_EDGE('',*,*,#9201,.F.);
#9352 = ORIENTED_EDGE('',*,*,#9232,.F.);
#9353 = ORIENTED_EDGE('',*,*,#9263,.F.);
#9354 = ORIENTED_EDGE('',*,*,#9294,.F.);
#9355 = ORIENTED_EDGE('',*,*,#9316,.F.);
#9356 = PLANE('',#9357);
#9357 = AXIS2_PLACEMENT_3D('',#9358,#9359,#9360);
#9358 = CARTESIAN_POINT('',(2.377136757088,-41.44607762862,11.));
#9359 = DIRECTION('',(0.,0.,1.));
#9360 = DIRECTION('',(1.,0.,0.));
#9361 = MANIFOLD_SOLID_BREP('',#9362);
#9362 = CLOSED_SHELL('',(#9363,#9403,#9434,#9465,#9496,#9527,#9558,#9589
    ,#9620,#9642,#9659));
#9363 = ADVANCED_FACE('',(#9364),#9398,.T.);
#9364 = FACE_BOUND('',#9365,.T.);
#9365 = EDGE_LOOP('',(#9366,#9376,#9384,#9392));
#9366 = ORIENTED_EDGE('',*,*,#9367,.T.);
#9367 = EDGE_CURVE('',#9368,#9370,#9372,.T.);
#9368 = VERTEX_POINT('',#9369);
#9369 = CARTESIAN_POINT('',(5.245357242857,-37.8,10.));
#9370 = VERTEX_POINT('',#9371);
#9371 = CARTESIAN_POINT('',(5.245357242857,-37.8,11.));
#9372 = LINE('',#9373,#9374);
#9373 = CARTESIAN_POINT('',(5.245357242857,-37.8,10.));
#9374 = VECTOR('',#9375,1.);
#9375 = DIRECTION('',(0.,0.,1.));
#9376 = ORIENTED_EDGE('',*,*,#9377,.T.);
#9377 = EDGE_CURVE('',#9370,#9378,#9380,.T.);
#9378 = VERTEX_POINT('',#9379);
#9379 = CARTESIAN_POINT('',(6.523035814286,-37.8,11.));
#9380 = LINE('',#9381,#9382);
#9381 = CARTESIAN_POINT('',(5.245357242857,-37.8,11.));
#9382 = VECTOR('',#9383,1.);
#9383 = DIRECTION('',(1.,0.,0.));
#9384 = ORIENTED_EDGE('',*,*,#9385,.F.);
#9385 = EDGE_CURVE('',#9386,#9378,#9388,.T.);
#9386 = VERTEX_POINT('',#9387);
#9387 = CARTESIAN_POINT('',(6.523035814286,-37.8,10.));
#9388 = LINE('',#9389,#9390);
#9389 = CARTESIAN_POINT('',(6.523035814286,-37.8,10.));
#9390 = VECTOR('',#9391,1.);
#9391 = DIRECTION('',(0.,0.,1.));
#9392 = ORIENTED_EDGE('',*,*,#9393,.F.);
#9393 = EDGE_CURVE('',#9368,#9386,#9394,.T.);
#9394 = LINE('',#9395,#9396);
#9395 = CARTESIAN_POINT('',(5.245357242857,-37.8,10.));
#9396 = VECTOR('',#9397,1.);
#9397 = DIRECTION('',(1.,0.,0.));
#9398 = PLANE('',#9399);
#9399 = AXIS2_PLACEMENT_3D('',#9400,#9401,#9402);
#9400 = CARTESIAN_POINT('',(5.245357242857,-37.8,10.));
#9401 = DIRECTION('',(0.,1.,0.));
#9402 = DIRECTION('',(1.,0.,0.));
#9403 = ADVANCED_FACE('',(#9404),#9429,.T.);
#9404 = FACE_BOUND('',#9405,.T.);
#9405 = EDGE_LOOP('',(#9406,#9416,#9422,#9423));
#9406 = ORIENTED_EDGE('',*,*,#9407,.T.);
#9407 = EDGE_CURVE('',#9408,#9410,#9412,.T.);
#9408 = VERTEX_POINT('',#9409);
#9409 = CARTESIAN_POINT('',(7.097589385714,-41.43696428571,10.));
#9410 = VERTEX_POINT('',#9411);
#9411 = CARTESIAN_POINT('',(7.097589385714,-41.43696428571,11.));
#9412 = LINE('',#9413,#9414);
#9413 = CARTESIAN_POINT('',(7.097589385714,-41.43696428571,10.));
#9414 = VECTOR('',#9415,1.);
#9415 = DIRECTION('',(0.,0.,1.));
#9416 = ORIENTED_EDGE('',*,*,#9417,.T.);
#9417 = EDGE_CURVE('',#9410,#9370,#9418,.T.);
#9418 = LINE('',#9419,#9420);
#9419 = CARTESIAN_POINT('',(7.097589385714,-41.43696428571,11.));
#9420 = VECTOR('',#9421,1.);
#9421 = DIRECTION('',(-0.453816651757,0.891095082799,0.));
#9422 = ORIENTED_EDGE('',*,*,#9367,.F.);
#9423 = ORIENTED_EDGE('',*,*,#9424,.F.);
#9424 = EDGE_CURVE('',#9408,#9368,#9425,.T.);
#9425 = LINE('',#9426,#9427);
#9426 = CARTESIAN_POINT('',(7.097589385714,-41.43696428571,10.));
#9427 = VECTOR('',#9428,1.);
#9428 = DIRECTION('',(-0.453816651757,0.891095082799,0.));
#9429 = PLANE('',#9430);
#9430 = AXIS2_PLACEMENT_3D('',#9431,#9432,#9433);
#9431 = CARTESIAN_POINT('',(7.097589385714,-41.43696428571,10.));
#9432 = DIRECTION('',(-0.891095082799,-0.453816651757,0.));
#9433 = DIRECTION('',(-0.453816651757,0.891095082799,0.));
#9434 = ADVANCED_FACE('',(#9435),#9460,.T.);
#9435 = FACE_BOUND('',#9436,.T.);
#9436 = EDGE_LOOP('',(#9437,#9447,#9453,#9454));
#9437 = ORIENTED_EDGE('',*,*,#9438,.T.);
#9438 = EDGE_CURVE('',#9439,#9441,#9443,.T.);
#9439 = VERTEX_POINT('',#9440);
#9440 = CARTESIAN_POINT('',(7.097589385714,-43.8,10.));
#9441 = VERTEX_POINT('',#9442);
#9442 = CARTESIAN_POINT('',(7.097589385714,-43.8,11.));
#9443 = LINE('',#9444,#9445);
#9444 = CARTESIAN_POINT('',(7.097589385714,-43.8,10.));
#9445 = VECTOR('',#9446,1.);
#9446 = DIRECTION('',(0.,0.,1.));
#9447 = ORIENTED_EDGE('',*,*,#9448,.T.);
#9448 = EDGE_CURVE('',#9441,#9410,#9449,.T.);
#9449 = LINE('',#9450,#9451);
#9450 = CARTESIAN_POINT('',(7.097589385714,-43.8,11.));
#9451 = VECTOR('',#9452,1.);
#9452 = DIRECTION('',(0.,1.,0.));
#9453 = ORIENTED_EDGE('',*,*,#9407,.F.);
#9454 = ORIENTED_EDGE('',*,*,#9455,.F.);
#9455 = EDGE_CURVE('',#9439,#9408,#9456,.T.);
#9456 = LINE('',#9457,#9458);
#9457 = CARTESIAN_POINT('',(7.097589385714,-43.8,10.));
#9458 = VECTOR('',#9459,1.);
#9459 = DIRECTION('',(0.,1.,0.));
#9460 = PLANE('',#9461);
#9461 = AXIS2_PLACEMENT_3D('',#9462,#9463,#9464);
#9462 = CARTESIAN_POINT('',(7.097589385714,-43.8,10.));
#9463 = DIRECTION('',(-1.,0.,0.));
#9464 = DIRECTION('',(0.,1.,0.));
#9465 = ADVANCED_FACE('',(#9466),#9491,.T.);
#9466 = FACE_BOUND('',#9467,.T.);
#9467 = EDGE_LOOP('',(#9468,#9478,#9484,#9485));
#9468 = ORIENTED_EDGE('',*,*,#9469,.T.);
#9469 = EDGE_CURVE('',#9470,#9472,#9474,.T.);
#9470 = VERTEX_POINT('',#9471);
#9471 = CARTESIAN_POINT('',(8.282857242857,-43.8,10.));
#9472 = VERTEX_POINT('',#9473);
#9473 = CARTESIAN_POINT('',(8.282857242857,-43.8,11.));
#9474 = LINE('',#9475,#9476);
#9475 = CARTESIAN_POINT('',(8.282857242857,-43.8,10.));
#9476 = VECTOR('',#9477,1.);
#9477 = DIRECTION('',(0.,0.,1.));
#9478 = ORIENTED_EDGE('',*,*,#9479,.T.);
#9479 = EDGE_CURVE('',#9472,#9441,#9480,.T.);
#9480 = LINE('',#9481,#9482);
#9481 = CARTESIAN_POINT('',(8.282857242857,-43.8,11.));
#9482 = VECTOR('',#9483,1.);
#9483 = DIRECTION('',(-1.,0.,0.));
#9484 = ORIENTED_EDGE('',*,*,#9438,.F.);
#9485 = ORIENTED_EDGE('',*,*,#9486,.F.);
#9486 = EDGE_CURVE('',#9470,#9439,#9487,.T.);
#9487 = LINE('',#9488,#9489);
#9488 = CARTESIAN_POINT('',(8.282857242857,-43.8,10.));
#9489 = VECTOR('',#9490,1.);
#9490 = DIRECTION('',(-1.,0.,0.));
#9491 = PLANE('',#9492);
#9492 = AXIS2_PLACEMENT_3D('',#9493,#9494,#9495);
#9493 = CARTESIAN_POINT('',(8.282857242857,-43.8,10.));
#9494 = DIRECTION('',(0.,-1.,0.));
#9495 = DIRECTION('',(-1.,0.,0.));
#9496 = ADVANCED_FACE('',(#9497),#9522,.T.);
#9497 = FACE_BOUND('',#9498,.T.);
#9498 = EDGE_LOOP('',(#9499,#9509,#9515,#9516));
#9499 = ORIENTED_EDGE('',*,*,#9500,.T.);
#9500 = EDGE_CURVE('',#9501,#9503,#9505,.T.);
#9501 = VERTEX_POINT('',#9502);
#9502 = CARTESIAN_POINT('',(8.282857242857,-41.43696428571,10.));
#9503 = VERTEX_POINT('',#9504);
#9504 = CARTESIAN_POINT('',(8.282857242857,-41.43696428571,11.));
#9505 = LINE('',#9506,#9507);
#9506 = CARTESIAN_POINT('',(8.282857242857,-41.43696428571,10.));
#9507 = VECTOR('',#9508,1.);
#9508 = DIRECTION('',(0.,0.,1.));
#9509 = ORIENTED_EDGE('',*,*,#9510,.T.);
#9510 = EDGE_CURVE('',#9503,#9472,#9511,.T.);
#9511 = LINE('',#9512,#9513);
#9512 = CARTESIAN_POINT('',(8.282857242857,-41.43696428571,11.));
#9513 = VECTOR('',#9514,1.);
#9514 = DIRECTION('',(0.,-1.,0.));
#9515 = ORIENTED_EDGE('',*,*,#9469,.F.);
#9516 = ORIENTED_EDGE('',*,*,#9517,.F.);
#9517 = EDGE_CURVE('',#9501,#9470,#9518,.T.);
#9518 = LINE('',#9519,#9520);
#9519 = CARTESIAN_POINT('',(8.282857242857,-41.43696428571,10.));
#9520 = VECTOR('',#9521,1.);
#9521 = DIRECTION('',(0.,-1.,0.));
#9522 = PLANE('',#9523);
#9523 = AXIS2_PLACEMENT_3D('',#9524,#9525,#9526);
#9524 = CARTESIAN_POINT('',(8.282857242857,-41.43696428571,10.));
#9525 = DIRECTION('',(1.,0.,-0.));
#9526 = DIRECTION('',(0.,-1.,0.));
#9527 = ADVANCED_FACE('',(#9528),#9553,.T.);
#9528 = FACE_BOUND('',#9529,.T.);
#9529 = EDGE_LOOP('',(#9530,#9540,#9546,#9547));
#9530 = ORIENTED_EDGE('',*,*,#9531,.T.);
#9531 = EDGE_CURVE('',#9532,#9534,#9536,.T.);
#9532 = VERTEX_POINT('',#9533);
#9533 = CARTESIAN_POINT('',(10.135089385714,-37.8,10.));
#9534 = VERTEX_POINT('',#9535);
#9535 = CARTESIAN_POINT('',(10.135089385714,-37.8,11.));
#9536 = LINE('',#9537,#9538);
#9537 = CARTESIAN_POINT('',(10.135089385714,-37.8,10.));
#9538 = VECTOR('',#9539,1.);
#9539 = DIRECTION('',(0.,0.,1.));
#9540 = ORIENTED_EDGE('',*,*,#9541,.T.);
#9541 = EDGE_CURVE('',#9534,#9503,#9542,.T.);
#9542 = LINE('',#9543,#9544);
#9543 = CARTESIAN_POINT('',(10.135089385714,-37.8,11.));
#9544 = VECTOR('',#9545,1.);
#9545 = DIRECTION('',(-0.453816651757,-0.891095082799,0.));
#9546 = ORIENTED_EDGE('',*,*,#9500,.F.);
#9547 = ORIENTED_EDGE('',*,*,#9548,.F.);
#9548 = EDGE_CURVE('',#9532,#9501,#9549,.T.);
#9549 = LINE('',#9550,#9551);
#9550 = CARTESIAN_POINT('',(10.135089385714,-37.8,10.));
#9551 = VECTOR('',#9552,1.);
#9552 = DIRECTION('',(-0.453816651757,-0.891095082799,0.));
#9553 = PLANE('',#9554);
#9554 = AXIS2_PLACEMENT_3D('',#9555,#9556,#9557);
#9555 = CARTESIAN_POINT('',(10.135089385714,-37.8,10.));
#9556 = DIRECTION('',(0.891095082799,-0.453816651757,0.));
#9557 = DIRECTION('',(-0.453816651757,-0.891095082799,0.));
#9558 = ADVANCED_FACE('',(#9559),#9584,.T.);
#9559 = FACE_BOUND('',#9560,.T.);
#9560 = EDGE_LOOP('',(#9561,#9571,#9577,#9578));
#9561 = ORIENTED_EDGE('',*,*,#9562,.T.);
#9562 = EDGE_CURVE('',#9563,#9565,#9567,.T.);
#9563 = VERTEX_POINT('',#9564);
#9564 = CARTESIAN_POINT('',(8.857410814286,-37.8,10.));
#9565 = VERTEX_POINT('',#9566);
#9566 = CARTESIAN_POINT('',(8.857410814286,-37.8,11.));
#9567 = LINE('',#9568,#9569);
#9568 = CARTESIAN_POINT('',(8.857410814286,-37.8,10.));
#9569 = VECTOR('',#9570,1.);
#9570 = DIRECTION('',(0.,0.,1.));
#9571 = ORIENTED_EDGE('',*,*,#9572,.T.);
#9572 = EDGE_CURVE('',#9565,#9534,#9573,.T.);
#9573 = LINE('',#9574,#9575);
#9574 = CARTESIAN_POINT('',(8.857410814286,-37.8,11.));
#9575 = VECTOR('',#9576,1.);
#9576 = DIRECTION('',(1.,0.,0.));
#9577 = ORIENTED_EDGE('',*,*,#9531,.F.);
#9578 = ORIENTED_EDGE('',*,*,#9579,.F.);
#9579 = EDGE_CURVE('',#9563,#9532,#9580,.T.);
#9580 = LINE('',#9581,#9582);
#9581 = CARTESIAN_POINT('',(8.857410814286,-37.8,10.));
#9582 = VECTOR('',#9583,1.);
#9583 = DIRECTION('',(1.,0.,0.));
#9584 = PLANE('',#9585);
#9585 = AXIS2_PLACEMENT_3D('',#9586,#9587,#9588);
#9586 = CARTESIAN_POINT('',(8.857410814286,-37.8,10.));
#9587 = DIRECTION('',(0.,1.,0.));
#9588 = DIRECTION('',(1.,0.,0.));
#9589 = ADVANCED_FACE('',(#9590),#9615,.T.);
#9590 = FACE_BOUND('',#9591,.T.);
#9591 = EDGE_LOOP('',(#9592,#9602,#9608,#9609));
#9592 = ORIENTED_EDGE('',*,*,#9593,.T.);
#9593 = EDGE_CURVE('',#9594,#9596,#9598,.T.);
#9594 = VERTEX_POINT('',#9595);
#9595 = CARTESIAN_POINT('',(7.688214385714,-40.21125,10.));
#9596 = VERTEX_POINT('',#9597);
#9597 = CARTESIAN_POINT('',(7.688214385714,-40.21125,11.));
#9598 = LINE('',#9599,#9600);
#9599 = CARTESIAN_POINT('',(7.688214385714,-40.21125,10.));
#9600 = VECTOR('',#9601,1.);
#9601 = DIRECTION('',(0.,0.,1.));
#9602 = ORIENTED_EDGE('',*,*,#9603,.T.);
#9603 = EDGE_CURVE('',#9596,#9565,#9604,.T.);
#9604 = LINE('',#9605,#9606);
#9605 = CARTESIAN_POINT('',(7.688214385714,-40.21125,11.));
#9606 = VECTOR('',#9607,1.);
#9607 = DIRECTION('',(0.436305387936,0.899798648842,0.));
#9608 = ORIENTED_EDGE('',*,*,#9562,.F.);
#9609 = ORIENTED_EDGE('',*,*,#9610,.F.);
#9610 = EDGE_CURVE('',#9594,#9563,#9611,.T.);
#9611 = LINE('',#9612,#9613);
#9612 = CARTESIAN_POINT('',(7.688214385714,-40.21125,10.));
#9613 = VECTOR('',#9614,1.);
#9614 = DIRECTION('',(0.436305387936,0.899798648842,0.));
#9615 = PLANE('',#9616);
#9616 = AXIS2_PLACEMENT_3D('',#9617,#9618,#9619);
#9617 = CARTESIAN_POINT('',(7.688214385714,-40.21125,10.));
#9618 = DIRECTION('',(-0.899798648842,0.436305387936,0.));
#9619 = DIRECTION('',(0.436305387936,0.899798648842,0.));
#9620 = ADVANCED_FACE('',(#9621),#9637,.T.);
#9621 = FACE_BOUND('',#9622,.T.);
#9622 = EDGE_LOOP('',(#9623,#9624,#9630,#9631));
#9623 = ORIENTED_EDGE('',*,*,#9385,.T.);
#9624 = ORIENTED_EDGE('',*,*,#9625,.T.);
#9625 = EDGE_CURVE('',#9378,#9596,#9626,.T.);
#9626 = LINE('',#9627,#9628);
#9627 = CARTESIAN_POINT('',(6.523035814286,-37.8,11.));
#9628 = VECTOR('',#9629,1.);
#9629 = DIRECTION('',(0.435090281899,-0.900386831644,0.));
#9630 = ORIENTED_EDGE('',*,*,#9593,.F.);
#9631 = ORIENTED_EDGE('',*,*,#9632,.F.);
#9632 = EDGE_CURVE('',#9386,#9594,#9633,.T.);
#9633 = LINE('',#9634,#9635);
#9634 = CARTESIAN_POINT('',(6.523035814286,-37.8,10.));
#9635 = VECTOR('',#9636,1.);
#9636 = DIRECTION('',(0.435090281899,-0.900386831644,0.));
#9637 = PLANE('',#9638);
#9638 = AXIS2_PLACEMENT_3D('',#9639,#9640,#9641);
#9639 = CARTESIAN_POINT('',(6.523035814286,-37.8,10.));
#9640 = DIRECTION('',(0.900386831644,0.435090281899,-0.));
#9641 = DIRECTION('',(0.435090281899,-0.900386831644,0.));
#9642 = ADVANCED_FACE('',(#9643),#9654,.F.);
#9643 = FACE_BOUND('',#9644,.F.);
#9644 = EDGE_LOOP('',(#9645,#9646,#9647,#9648,#9649,#9650,#9651,#9652,
    #9653));
#9645 = ORIENTED_EDGE('',*,*,#9393,.F.);
#9646 = ORIENTED_EDGE('',*,*,#9424,.F.);
#9647 = ORIENTED_EDGE('',*,*,#9455,.F.);
#9648 = ORIENTED_EDGE('',*,*,#9486,.F.);
#9649 = ORIENTED_EDGE('',*,*,#9517,.F.);
#9650 = ORIENTED_EDGE('',*,*,#9548,.F.);
#9651 = ORIENTED_EDGE('',*,*,#9579,.F.);
#9652 = ORIENTED_EDGE('',*,*,#9610,.F.);
#9653 = ORIENTED_EDGE('',*,*,#9632,.F.);
#9654 = PLANE('',#9655);
#9655 = AXIS2_PLACEMENT_3D('',#9656,#9657,#9658);
#9656 = CARTESIAN_POINT('',(7.690025015271,-40.12804730393,10.));
#9657 = DIRECTION('',(0.,0.,1.));
#9658 = DIRECTION('',(1.,0.,0.));
#9659 = ADVANCED_FACE('',(#9660),#9671,.T.);
#9660 = FACE_BOUND('',#9661,.T.);
#9661 = EDGE_LOOP('',(#9662,#9663,#9664,#9665,#9666,#9667,#9668,#9669,
    #9670));
#9662 = ORIENTED_EDGE('',*,*,#9377,.F.);
#9663 = ORIENTED_EDGE('',*,*,#9417,.F.);
#9664 = ORIENTED_EDGE('',*,*,#9448,.F.);
#9665 = ORIENTED_EDGE('',*,*,#9479,.F.);
#9666 = ORIENTED_EDGE('',*,*,#9510,.F.);
#9667 = ORIENTED_EDGE('',*,*,#9541,.F.);
#9668 = ORIENTED_EDGE('',*,*,#9572,.F.);
#9669 = ORIENTED_EDGE('',*,*,#9603,.F.);
#9670 = ORIENTED_EDGE('',*,*,#9625,.F.);
#9671 = PLANE('',#9672);
#9672 = AXIS2_PLACEMENT_3D('',#9673,#9674,#9675);
#9673 = CARTESIAN_POINT('',(7.690025015271,-40.12804730393,11.));
#9674 = DIRECTION('',(0.,0.,1.));
#9675 = DIRECTION('',(1.,0.,0.));
#9676 = ( GEOMETRIC_REPRESENTATION_CONTEXT(3) 
GLOBAL_UNCERTAINTY_ASSIGNED_CONTEXT((#9680)) 
GLOBAL_UNIT_ASSIGNED_CONTEXT((#9677,#9678,#9679)) REPRESENTATION_CONTEXT
('Context #1','3D Context with UNIT and UNCERTAINTY') );
#9677 = ( LENGTH_UNIT() NAMED_UNIT(*) SI_UNIT(.MILLI.,.METRE.) );
#9678 = ( NAMED_UNIT(*) PLANE_ANGLE_UNIT() SI_UNIT($,.RADIAN.) );
#9679 = ( NAMED_UNIT(*) SI_UNIT($,.STERADIAN.) SOLID_ANGLE_UNIT() );
#9680 = UNCERTAINTY_MEASURE_WITH_UNIT(LENGTH_MEASURE(1.E-07),#9677,
  'distance_accuracy_value','confusion accuracy');
#9681 = CONTEXT_DEPENDENT_SHAPE_REPRESENTATION(#9682,#9684);
#9682 = ( REPRESENTATION_RELATIONSHIP('','',#8214,#10) 
REPRESENTATION_RELATIONSHIP_WITH_TRANSFORMATION(#9683) 
SHAPE_REPRESENTATION_RELATIONSHIP() );
#9683 = ITEM_DEFINED_TRANSFORMATION('','',#11,#31);
#9684 = PRODUCT_DEFINITION_SHAPE('Placement','Placement of an item',
  #9685);
#9685 = NEXT_ASSEMBLY_USAGE_OCCURRENCE('17','Extrude001','',#5,#8209,$);
#9686 = PRODUCT_RELATED_PRODUCT_CATEGORY('part',$,(#8211));
#9687 = SHAPE_DEFINITION_REPRESENTATION(#9688,#9694);
#9688 = PRODUCT_DEFINITION_SHAPE('','',#9689);
#9689 = PRODUCT_DEFINITION('design','',#9690,#9693);
#9690 = PRODUCT_DEFINITION_FORMATION('','',#9691);
#9691 = PRODUCT('Cut','Cut','',(#9692));
#9692 = PRODUCT_CONTEXT('',#2,'mechanical');
#9693 = PRODUCT_DEFINITION_CONTEXT('part definition',#2,'design');
#9694 = SHAPE_REPRESENTATION('',(#11,#9695,#12511,#12628),#12926);
#9695 = MANIFOLD_SOLID_BREP('',#9696);
#9696 = CLOSED_SHELL('',(#9697,#9737,#9768,#9799,#10454,#11109,#11121,
    #11145,#11164,#11183,#11202,#11219,#11236,#11253,#11272,#11291,
    #11310,#11329,#11346,#11363,#11375,#11397,#11416,#11435,#11454,
    #11473,#11492,#11511,#11530,#11549,#11566,#11585,#11604,#11623,
    #11642,#11661,#11680,#11699,#11713,#11735,#11752,#11769,#11786,
    #11803,#11820,#11837,#11849,#11871,#11888,#11905,#11922,#11939,
    #11956,#11973,#11985,#12007,#12024,#12041,#12058,#12075,#12092,
    #12109,#12126,#12143,#12160,#12177,#12189,#12213,#12232,#12251,
    #12270,#12289,#12308,#12327,#12341,#12363,#12380,#12397,#12414,
    #12431,#12448,#12465,#12482,#12499));
#9697 = ADVANCED_FACE('',(#9698),#9732,.F.);
#9698 = FACE_BOUND('',#9699,.F.);
#9699 = EDGE_LOOP('',(#9700,#9710,#9718,#9726));
#9700 = ORIENTED_EDGE('',*,*,#9701,.T.);
#9701 = EDGE_CURVE('',#9702,#9704,#9706,.T.);
#9702 = VERTEX_POINT('',#9703);
#9703 = CARTESIAN_POINT('',(-27.,35.53,10.));
#9704 = VERTEX_POINT('',#9705);
#9705 = CARTESIAN_POINT('',(-27.,35.53,11.));
#9706 = LINE('',#9707,#9708);
#9707 = CARTESIAN_POINT('',(-27.,35.53,10.));
#9708 = VECTOR('',#9709,1.);
#9709 = DIRECTION('',(0.,0.,1.));
#9710 = ORIENTED_EDGE('',*,*,#9711,.T.);
#9711 = EDGE_CURVE('',#9704,#9712,#9714,.T.);
#9712 = VERTEX_POINT('',#9713);
#9713 = CARTESIAN_POINT('',(-27.,22.,11.));
#9714 = LINE('',#9715,#9716);
#9715 = CARTESIAN_POINT('',(-27.,35.53,11.));
#9716 = VECTOR('',#9717,1.);
#9717 = DIRECTION('',(0.,-1.,0.));
#9718 = ORIENTED_EDGE('',*,*,#9719,.F.);
#9719 = EDGE_CURVE('',#9720,#9712,#9722,.T.);
#9720 = VERTEX_POINT('',#9721);
#9721 = CARTESIAN_POINT('',(-27.,22.,10.));
#9722 = LINE('',#9723,#9724);
#9723 = CARTESIAN_POINT('',(-27.,22.,10.));
#9724 = VECTOR('',#9725,1.);
#9725 = DIRECTION('',(0.,0.,1.));
#9726 = ORIENTED_EDGE('',*,*,#9727,.F.);
#9727 = EDGE_CURVE('',#9702,#9720,#9728,.T.);
#9728 = LINE('',#9729,#9730);
#9729 = CARTESIAN_POINT('',(-27.,35.53,10.));
#9730 = VECTOR('',#9731,1.);
#9731 = DIRECTION('',(0.,-1.,0.));
#9732 = PLANE('',#9733);
#9733 = AXIS2_PLACEMENT_3D('',#9734,#9735,#9736);
#9734 = CARTESIAN_POINT('',(-27.,35.53,10.));
#9735 = DIRECTION('',(1.,0.,0.));
#9736 = DIRECTION('',(0.,-1.,0.));
#9737 = ADVANCED_FACE('',(#9738),#9763,.F.);
#9738 = FACE_BOUND('',#9739,.F.);
#9739 = EDGE_LOOP('',(#9740,#9750,#9756,#9757));
#9740 = ORIENTED_EDGE('',*,*,#9741,.T.);
#9741 = EDGE_CURVE('',#9742,#9744,#9746,.T.);
#9742 = VERTEX_POINT('',#9743);
#9743 = CARTESIAN_POINT('',(27.,35.53,10.));
#9744 = VERTEX_POINT('',#9745);
#9745 = CARTESIAN_POINT('',(27.,35.53,11.));
#9746 = LINE('',#9747,#9748);
#9747 = CARTESIAN_POINT('',(27.,35.53,10.));
#9748 = VECTOR('',#9749,1.);
#9749 = DIRECTION('',(0.,0.,1.));
#9750 = ORIENTED_EDGE('',*,*,#9751,.T.);
#9751 = EDGE_CURVE('',#9744,#9704,#9752,.T.);
#9752 = LINE('',#9753,#9754);
#9753 = CARTESIAN_POINT('',(27.,35.53,11.));
#9754 = VECTOR('',#9755,1.);
#9755 = DIRECTION('',(-1.,0.,0.));
#9756 = ORIENTED_EDGE('',*,*,#9701,.F.);
#9757 = ORIENTED_EDGE('',*,*,#9758,.F.);
#9758 = EDGE_CURVE('',#9742,#9702,#9759,.T.);
#9759 = LINE('',#9760,#9761);
#9760 = CARTESIAN_POINT('',(27.,35.53,10.));
#9761 = VECTOR('',#9762,1.);
#9762 = DIRECTION('',(-1.,0.,0.));
#9763 = PLANE('',#9764);
#9764 = AXIS2_PLACEMENT_3D('',#9765,#9766,#9767);
#9765 = CARTESIAN_POINT('',(27.,35.53,10.));
#9766 = DIRECTION('',(0.,-1.,0.));
#9767 = DIRECTION('',(-1.,0.,0.));
#9768 = ADVANCED_FACE('',(#9769),#9794,.F.);
#9769 = FACE_BOUND('',#9770,.F.);
#9770 = EDGE_LOOP('',(#9771,#9772,#9780,#9788));
#9771 = ORIENTED_EDGE('',*,*,#9719,.T.);
#9772 = ORIENTED_EDGE('',*,*,#9773,.T.);
#9773 = EDGE_CURVE('',#9712,#9774,#9776,.T.);
#9774 = VERTEX_POINT('',#9775);
#9775 = CARTESIAN_POINT('',(27.,22.,11.));
#9776 = LINE('',#9777,#9778);
#9777 = CARTESIAN_POINT('',(-27.,22.,11.));
#9778 = VECTOR('',#9779,1.);
#9779 = DIRECTION('',(1.,0.,0.));
#9780 = ORIENTED_EDGE('',*,*,#9781,.F.);
#9781 = EDGE_CURVE('',#9782,#9774,#9784,.T.);
#9782 = VERTEX_POINT('',#9783);
#9783 = CARTESIAN_POINT('',(27.,22.,10.));
#9784 = LINE('',#9785,#9786);
#9785 = CARTESIAN_POINT('',(27.,22.,10.));
#9786 = VECTOR('',#9787,1.);
#9787 = DIRECTION('',(0.,0.,1.));
#9788 = ORIENTED_EDGE('',*,*,#9789,.F.);
#9789 = EDGE_CURVE('',#9720,#9782,#9790,.T.);
#9790 = LINE('',#9791,#9792);
#9791 = CARTESIAN_POINT('',(-27.,22.,10.));
#9792 = VECTOR('',#9793,1.);
#9793 = DIRECTION('',(1.,0.,0.));
#9794 = PLANE('',#9795);
#9795 = AXIS2_PLACEMENT_3D('',#9796,#9797,#9798);
#9796 = CARTESIAN_POINT('',(-27.,22.,10.));
#9797 = DIRECTION('',(0.,1.,0.));
#9798 = DIRECTION('',(1.,0.,0.));
#9799 = ADVANCED_FACE('',(#9800,#9811,#9925,#10071,#10137,#10203,#10301,
    #10367),#10449,.F.);
#9800 = FACE_BOUND('',#9801,.F.);
#9801 = EDGE_LOOP('',(#9802,#9803,#9804,#9810));
#9802 = ORIENTED_EDGE('',*,*,#9727,.T.);
#9803 = ORIENTED_EDGE('',*,*,#9789,.T.);
#9804 = ORIENTED_EDGE('',*,*,#9805,.T.);
#9805 = EDGE_CURVE('',#9782,#9742,#9806,.T.);
#9806 = LINE('',#9807,#9808);
#9807 = CARTESIAN_POINT('',(27.,22.,10.));
#9808 = VECTOR('',#9809,1.);
#9809 = DIRECTION('',(0.,1.,0.));
#9810 = ORIENTED_EDGE('',*,*,#9758,.T.);
#9811 = FACE_BOUND('',#9812,.F.);
#9812 = EDGE_LOOP('',(#9813,#9823,#9831,#9839,#9847,#9855,#9863,#9871,
    #9879,#9887,#9895,#9903,#9911,#9919));
#9813 = ORIENTED_EDGE('',*,*,#9814,.T.);
#9814 = EDGE_CURVE('',#9815,#9817,#9819,.T.);
#9815 = VERTEX_POINT('',#9816);
#9816 = CARTESIAN_POINT('',(-8.834285614286,25.081428571429,10.));
#9817 = VERTEX_POINT('',#9818);
#9818 = CARTESIAN_POINT('',(-9.4849999,27.456071428571,10.));
#9819 = B_SPLINE_CURVE_WITH_KNOTS('',2,(#9820,#9821,#9822),
  .UNSPECIFIED.,.F.,.F.,(3,3),(0.,1.),.PIECEWISE_BEZIER_KNOTS.);
#9820 = CARTESIAN_POINT('',(-8.834285614286,25.081428571429,10.));
#9821 = CARTESIAN_POINT('',(-9.4849999,25.822857142857,10.));
#9822 = CARTESIAN_POINT('',(-9.4849999,27.456071428571,10.));
#9823 = ORIENTED_EDGE('',*,*,#9824,.T.);
#9824 = EDGE_CURVE('',#9817,#9825,#9827,.T.);
#9825 = VERTEX_POINT('',#9826);
#9826 = CARTESIAN_POINT('',(-9.4849999,32.5,10.));
#9827 = LINE('',#9828,#9829);
#9828 = CARTESIAN_POINT('',(-9.4849999,27.456071428571,10.));
#9829 = VECTOR('',#9830,1.);
#9830 = DIRECTION('',(0.,1.,0.));
#9831 = ORIENTED_EDGE('',*,*,#9832,.T.);
#9832 = EDGE_CURVE('',#9825,#9833,#9835,.T.);
#9833 = VERTEX_POINT('',#9834);
#9834 = CARTESIAN_POINT('',(-7.904642757143,32.5,10.));
#9835 = LINE('',#9836,#9837);
#9836 = CARTESIAN_POINT('',(-9.4849999,32.5,10.));
#9837 = VECTOR('',#9838,1.);
#9838 = DIRECTION('',(1.,0.,0.));
#9839 = ORIENTED_EDGE('',*,*,#9840,.T.);
#9840 = EDGE_CURVE('',#9833,#9841,#9843,.T.);
#9841 = VERTEX_POINT('',#9842);
#9842 = CARTESIAN_POINT('',(-7.904642757143,27.059642857143,10.));
#9843 = LINE('',#9844,#9845);
#9844 = CARTESIAN_POINT('',(-7.904642757143,32.5,10.));
#9845 = VECTOR('',#9846,1.);
#9846 = DIRECTION('',(0.,-1.,0.));
#9847 = ORIENTED_EDGE('',*,*,#9848,.T.);
#9848 = EDGE_CURVE('',#9841,#9849,#9851,.T.);
#9849 = VERTEX_POINT('',#9850);
#9850 = CARTESIAN_POINT('',(-7.599285614286,26.12,10.));
#9851 = B_SPLINE_CURVE_WITH_KNOTS('',2,(#9852,#9853,#9854),
  .UNSPECIFIED.,.F.,.F.,(3,3),(0.,1.),.PIECEWISE_BEZIER_KNOTS.);
#9852 = CARTESIAN_POINT('',(-7.904642757143,27.059642857143,10.));
#9853 = CARTESIAN_POINT('',(-7.904642757143,26.46,10.));
#9854 = CARTESIAN_POINT('',(-7.599285614286,26.12,10.));
#9855 = ORIENTED_EDGE('',*,*,#9856,.T.);
#9856 = EDGE_CURVE('',#9849,#9857,#9859,.T.);
#9857 = VERTEX_POINT('',#9858);
#9858 = CARTESIAN_POINT('',(-6.752857042857,25.78,10.));
#9859 = B_SPLINE_CURVE_WITH_KNOTS('',2,(#9860,#9861,#9862),
  .UNSPECIFIED.,.F.,.F.,(3,3),(0.,1.),.PIECEWISE_BEZIER_KNOTS.);
#9860 = CARTESIAN_POINT('',(-7.599285614286,26.12,10.));
#9861 = CARTESIAN_POINT('',(-7.293928471429,25.78,10.));
#9862 = CARTESIAN_POINT('',(-6.752857042857,25.78,10.));
#9863 = ORIENTED_EDGE('',*,*,#9864,.T.);
#9864 = EDGE_CURVE('',#9857,#9865,#9867,.T.);
#9865 = VERTEX_POINT('',#9866);
#9866 = CARTESIAN_POINT('',(-5.906428471429,26.12,10.));
#9867 = B_SPLINE_CURVE_WITH_KNOTS('',2,(#9868,#9869,#9870),
  .UNSPECIFIED.,.F.,.F.,(3,3),(0.,1.),.PIECEWISE_BEZIER_KNOTS.);
#9868 = CARTESIAN_POINT('',(-6.752857042857,25.78,10.));
#9869 = CARTESIAN_POINT('',(-6.211785614286,25.78,10.));
#9870 = CARTESIAN_POINT('',(-5.906428471429,26.12,10.));
#9871 = ORIENTED_EDGE('',*,*,#9872,.T.);
#9872 = EDGE_CURVE('',#9865,#9873,#9875,.T.);
#9873 = VERTEX_POINT('',#9874);
#9874 = CARTESIAN_POINT('',(-5.601071328571,27.059642857143,10.));
#9875 = B_SPLINE_CURVE_WITH_KNOTS('',2,(#9876,#9877,#9878),
  .UNSPECIFIED.,.F.,.F.,(3,3),(0.,1.),.PIECEWISE_BEZIER_KNOTS.);
#9876 = CARTESIAN_POINT('',(-5.906428471429,26.12,10.));
#9877 = CARTESIAN_POINT('',(-5.601071328571,26.46,10.));
#9878 = CARTESIAN_POINT('',(-5.601071328571,27.059642857143,10.));
#9879 = ORIENTED_EDGE('',*,*,#9880,.T.);
#9880 = EDGE_CURVE('',#9873,#9881,#9883,.T.);
#9881 = VERTEX_POINT('',#9882);
#9882 = CARTESIAN_POINT('',(-5.601071328571,32.5,10.));
#9883 = LINE('',#9884,#9885);
#9884 = CARTESIAN_POINT('',(-5.601071328571,27.059642857143,10.));
#9885 = VECTOR('',#9886,1.);
#9886 = DIRECTION('',(0.,1.,0.));
#9887 = ORIENTED_EDGE('',*,*,#9888,.T.);
#9888 = EDGE_CURVE('',#9881,#9889,#9891,.T.);
#9889 = VERTEX_POINT('',#9890);
#9890 = CARTESIAN_POINT('',(-4.020714185714,32.5,10.));
#9891 = LINE('',#9892,#9893);
#9892 = CARTESIAN_POINT('',(-5.601071328571,32.5,10.));
#9893 = VECTOR('',#9894,1.);
#9894 = DIRECTION('',(1.,0.,0.));
#9895 = ORIENTED_EDGE('',*,*,#9896,.T.);
#9896 = EDGE_CURVE('',#9889,#9897,#9899,.T.);
#9897 = VERTEX_POINT('',#9898);
#9898 = CARTESIAN_POINT('',(-4.020714185714,27.456071428571,10.));
#9899 = LINE('',#9900,#9901);
#9900 = CARTESIAN_POINT('',(-4.020714185714,32.5,10.));
#9901 = VECTOR('',#9902,1.);
#9902 = DIRECTION('',(0.,-1.,0.));
#9903 = ORIENTED_EDGE('',*,*,#9904,.T.);
#9904 = EDGE_CURVE('',#9897,#9905,#9907,.T.);
#9905 = VERTEX_POINT('',#9906);
#9906 = CARTESIAN_POINT('',(-4.668928471429,25.081428571429,10.));
#9907 = B_SPLINE_CURVE_WITH_KNOTS('',2,(#9908,#9909,#9910),
  .UNSPECIFIED.,.F.,.F.,(3,3),(0.,1.),.PIECEWISE_BEZIER_KNOTS.);
#9908 = CARTESIAN_POINT('',(-4.020714185714,27.456071428571,10.));
#9909 = CARTESIAN_POINT('',(-4.020714185714,25.822857142857,10.));
#9910 = CARTESIAN_POINT('',(-4.668928471429,25.081428571429,10.));
#9911 = ORIENTED_EDGE('',*,*,#9912,.T.);
#9912 = EDGE_CURVE('',#9905,#9913,#9915,.T.);
#9913 = VERTEX_POINT('',#9914);
#9914 = CARTESIAN_POINT('',(-6.752857042857,24.34,10.));
#9915 = B_SPLINE_CURVE_WITH_KNOTS('',2,(#9916,#9917,#9918),
  .UNSPECIFIED.,.F.,.F.,(3,3),(0.,1.),.PIECEWISE_BEZIER_KNOTS.);
#9916 = CARTESIAN_POINT('',(-4.668928471429,25.081428571429,10.));
#9917 = CARTESIAN_POINT('',(-5.317142757143,24.34,10.));
#9918 = CARTESIAN_POINT('',(-6.752857042857,24.34,10.));
#9919 = ORIENTED_EDGE('',*,*,#9920,.T.);
#9920 = EDGE_CURVE('',#9913,#9815,#9921,.T.);
#9921 = B_SPLINE_CURVE_WITH_KNOTS('',2,(#9922,#9923,#9924),
  .UNSPECIFIED.,.F.,.F.,(3,3),(0.,1.),.PIECEWISE_BEZIER_KNOTS.);
#9922 = CARTESIAN_POINT('',(-6.752857042857,24.34,10.));
#9923 = CARTESIAN_POINT('',(-8.183214185714,24.34,10.));
#9924 = CARTESIAN_POINT('',(-8.834285614286,25.081428571429,10.));
#9925 = FACE_BOUND('',#9926,.F.);
#9926 = EDGE_LOOP('',(#9927,#9937,#9945,#9953,#9961,#9969,#9977,#9985,
    #9993,#10001,#10009,#10017,#10025,#10033,#10041,#10049,#10057,#10065
    ));
#9927 = ORIENTED_EDGE('',*,*,#9928,.T.);
#9928 = EDGE_CURVE('',#9929,#9931,#9933,.T.);
#9929 = VERTEX_POINT('',#9930);
#9930 = CARTESIAN_POINT('',(-17.47321418571,26.488571428571,10.));
#9931 = VERTEX_POINT('',#9932);
#9932 = CARTESIAN_POINT('',(-17.47321418571,24.728571428571,10.));
#9933 = LINE('',#9934,#9935);
#9934 = CARTESIAN_POINT('',(-17.47321418571,26.488571428571,10.));
#9935 = VECTOR('',#9936,1.);
#9936 = DIRECTION('',(0.,-1.,0.));
#9937 = ORIENTED_EDGE('',*,*,#9938,.T.);
#9938 = EDGE_CURVE('',#9931,#9939,#9941,.T.);
#9939 = VERTEX_POINT('',#9940);
#9940 = CARTESIAN_POINT('',(-18.26071418571,24.437142857143,10.));
#9941 = B_SPLINE_CURVE_WITH_KNOTS('',2,(#9942,#9943,#9944),
  .UNSPECIFIED.,.F.,.F.,(3,3),(0.,1.),.PIECEWISE_BEZIER_KNOTS.);
#9942 = CARTESIAN_POINT('',(-17.47321418571,24.728571428571,10.));
#9943 = CARTESIAN_POINT('',(-17.84821418571,24.534285714286,10.));
#9944 = CARTESIAN_POINT('',(-18.26071418571,24.437142857143,10.));
#9945 = ORIENTED_EDGE('',*,*,#9946,.T.);
#9946 = EDGE_CURVE('',#9939,#9947,#9949,.T.);
#9947 = VERTEX_POINT('',#9948);
#9948 = CARTESIAN_POINT('',(-19.12857132857,24.34,10.));
#9949 = B_SPLINE_CURVE_WITH_KNOTS('',2,(#9950,#9951,#9952),
  .UNSPECIFIED.,.F.,.F.,(3,3),(0.,1.),.PIECEWISE_BEZIER_KNOTS.);
#9950 = CARTESIAN_POINT('',(-18.26071418571,24.437142857143,10.));
#9951 = CARTESIAN_POINT('',(-18.67321418571,24.34,10.));
#9952 = CARTESIAN_POINT('',(-19.12857132857,24.34,10.));
#9953 = ORIENTED_EDGE('',*,*,#9954,.T.);
#9954 = EDGE_CURVE('',#9947,#9955,#9957,.T.);
#9955 = VERTEX_POINT('',#9956);
#9956 = CARTESIAN_POINT('',(-21.59821418571,25.405714285714,10.));
#9957 = B_SPLINE_CURVE_WITH_KNOTS('',2,(#9958,#9959,#9960),
  .UNSPECIFIED.,.F.,.F.,(3,3),(0.,1.),.PIECEWISE_BEZIER_KNOTS.);
#9958 = CARTESIAN_POINT('',(-19.12857132857,24.34,10.));
#9959 = CARTESIAN_POINT('',(-20.74642847142,24.34,10.));
#9960 = CARTESIAN_POINT('',(-21.59821418571,25.405714285714,10.));
#9961 = ORIENTED_EDGE('',*,*,#9962,.T.);
#9962 = EDGE_CURVE('',#9955,#9963,#9965,.T.);
#9963 = VERTEX_POINT('',#9964);
#9964 = CARTESIAN_POINT('',(-22.4499999,28.486071428571,10.));
#9965 = B_SPLINE_CURVE_WITH_KNOTS('',2,(#9966,#9967,#9968),
  .UNSPECIFIED.,.F.,.F.,(3,3),(0.,1.),.PIECEWISE_BEZIER_KNOTS.);
#9966 = CARTESIAN_POINT('',(-21.59821418571,25.405714285714,10.));
#9967 = CARTESIAN_POINT('',(-22.4499999,26.471785714286,10.));
#9968 = CARTESIAN_POINT('',(-22.4499999,28.486071428571,10.));
#9969 = ORIENTED_EDGE('',*,*,#9970,.T.);
#9970 = EDGE_CURVE('',#9963,#9971,#9973,.T.);
#9971 = VERTEX_POINT('',#9972);
#9972 = CARTESIAN_POINT('',(-21.59821418571,31.571071428571,10.));
#9973 = B_SPLINE_CURVE_WITH_KNOTS('',2,(#9974,#9975,#9976),
  .UNSPECIFIED.,.F.,.F.,(3,3),(0.,1.),.PIECEWISE_BEZIER_KNOTS.);
#9974 = CARTESIAN_POINT('',(-22.4499999,28.486071428571,10.));
#9975 = CARTESIAN_POINT('',(-22.4499999,30.505357142857,10.));
#9976 = CARTESIAN_POINT('',(-21.59821418571,31.571071428571,10.));
#9977 = ORIENTED_EDGE('',*,*,#9978,.T.);
#9978 = EDGE_CURVE('',#9971,#9979,#9981,.T.);
#9979 = VERTEX_POINT('',#9980);
#9980 = CARTESIAN_POINT('',(-19.12857132857,32.637142857143,10.));
#9981 = B_SPLINE_CURVE_WITH_KNOTS('',2,(#9982,#9983,#9984),
  .UNSPECIFIED.,.F.,.F.,(3,3),(0.,1.),.PIECEWISE_BEZIER_KNOTS.);
#9982 = CARTESIAN_POINT('',(-21.59821418571,31.571071428571,10.));
#9983 = CARTESIAN_POINT('',(-20.74642847142,32.637142857143,10.));
#9984 = CARTESIAN_POINT('',(-19.12857132857,32.637142857143,10.));
#9985 = ORIENTED_EDGE('',*,*,#9986,.T.);
#9986 = EDGE_CURVE('',#9979,#9987,#9989,.T.);
#9987 = VERTEX_POINT('',#9988);
#9988 = CARTESIAN_POINT('',(-18.25535704285,32.54,10.));
#9989 = B_SPLINE_CURVE_WITH_KNOTS('',2,(#9990,#9991,#9992),
  .UNSPECIFIED.,.F.,.F.,(3,3),(0.,1.),.PIECEWISE_BEZIER_KNOTS.);
#9990 = CARTESIAN_POINT('',(-19.12857132857,32.637142857143,10.));
#9991 = CARTESIAN_POINT('',(-18.67321418571,32.637142857143,10.));
#9992 = CARTESIAN_POINT('',(-18.25535704285,32.54,10.));
#9993 = ORIENTED_EDGE('',*,*,#9994,.T.);
#9994 = EDGE_CURVE('',#9987,#9995,#9997,.T.);
#9995 = VERTEX_POINT('',#9996);
#9996 = CARTESIAN_POINT('',(-17.47321418571,32.248571428571,10.));
#9997 = B_SPLINE_CURVE_WITH_KNOTS('',2,(#9998,#9999,#10000),
  .UNSPECIFIED.,.F.,.F.,(3,3),(0.,1.),.PIECEWISE_BEZIER_KNOTS.);
#9998 = CARTESIAN_POINT('',(-18.25535704285,32.54,10.));
#9999 = CARTESIAN_POINT('',(-17.8374999,32.442857142857,10.));
#10000 = CARTESIAN_POINT('',(-17.47321418571,32.248571428571,10.));
#10001 = ORIENTED_EDGE('',*,*,#10002,.T.);
#10002 = EDGE_CURVE('',#9995,#10003,#10005,.T.);
#10003 = VERTEX_POINT('',#10004);
#10004 = CARTESIAN_POINT('',(-17.47321418571,30.488571428571,10.));
#10005 = LINE('',#10006,#10007);
#10006 = CARTESIAN_POINT('',(-17.47321418571,32.248571428571,10.));
#10007 = VECTOR('',#10008,1.);
#10008 = DIRECTION('',(0.,-1.,0.));
#10009 = ORIENTED_EDGE('',*,*,#10010,.T.);
#10010 = EDGE_CURVE('',#10003,#10011,#10013,.T.);
#10011 = VERTEX_POINT('',#10012);
#10012 = CARTESIAN_POINT('',(-18.26357132857,31.043928571429,10.));
#10013 = B_SPLINE_CURVE_WITH_KNOTS('',2,(#10014,#10015,#10016),
  .UNSPECIFIED.,.F.,.F.,(3,3),(0.,1.),.PIECEWISE_BEZIER_KNOTS.);
#10014 = CARTESIAN_POINT('',(-17.47321418571,30.488571428571,10.));
#10015 = CARTESIAN_POINT('',(-17.88035704285,30.867857142857,10.));
#10016 = CARTESIAN_POINT('',(-18.26357132857,31.043928571429,10.));
#10017 = ORIENTED_EDGE('',*,*,#10018,.T.);
#10018 = EDGE_CURVE('',#10011,#10019,#10021,.T.);
#10019 = VERTEX_POINT('',#10020);
#10020 = CARTESIAN_POINT('',(-19.05357132857,31.22,10.));
#10021 = B_SPLINE_CURVE_WITH_KNOTS('',2,(#10022,#10023,#10024),
  .UNSPECIFIED.,.F.,.F.,(3,3),(0.,1.),.PIECEWISE_BEZIER_KNOTS.);
#10022 = CARTESIAN_POINT('',(-18.26357132857,31.043928571429,10.));
#10023 = CARTESIAN_POINT('',(-18.64642847142,31.22,10.));
#10024 = CARTESIAN_POINT('',(-19.05357132857,31.22,10.));
#10025 = ORIENTED_EDGE('',*,*,#10026,.T.);
#10026 = EDGE_CURVE('',#10019,#10027,#10029,.T.);
#10027 = VERTEX_POINT('',#10028);
#10028 = CARTESIAN_POINT('',(-20.36357132857,30.531071428571,10.));
#10029 = B_SPLINE_CURVE_WITH_KNOTS('',2,(#10030,#10031,#10032),
  .UNSPECIFIED.,.F.,.F.,(3,3),(0.,1.),.PIECEWISE_BEZIER_KNOTS.);
#10030 = CARTESIAN_POINT('',(-19.05357132857,31.22,10.));
#10031 = CARTESIAN_POINT('',(-19.92142847142,31.22,10.));
#10032 = CARTESIAN_POINT('',(-20.36357132857,30.531071428571,10.));
#10033 = ORIENTED_EDGE('',*,*,#10034,.T.);
#10034 = EDGE_CURVE('',#10027,#10035,#10037,.T.);
#10035 = VERTEX_POINT('',#10036);
#10036 = CARTESIAN_POINT('',(-20.80535704285,28.485714285714,10.));
#10037 = B_SPLINE_CURVE_WITH_KNOTS('',2,(#10038,#10039,#10040),
  .UNSPECIFIED.,.F.,.F.,(3,3),(0.,1.),.PIECEWISE_BEZIER_KNOTS.);
#10038 = CARTESIAN_POINT('',(-20.36357132857,30.531071428571,10.));
#10039 = CARTESIAN_POINT('',(-20.80535704285,29.842142857143,10.));
#10040 = CARTESIAN_POINT('',(-20.80535704285,28.485714285714,10.));
#10041 = ORIENTED_EDGE('',*,*,#10042,.T.);
#10042 = EDGE_CURVE('',#10035,#10043,#10045,.T.);
#10043 = VERTEX_POINT('',#10044);
#10044 = CARTESIAN_POINT('',(-20.36357132857,26.446071428571,10.));
#10045 = B_SPLINE_CURVE_WITH_KNOTS('',2,(#10046,#10047,#10048),
  .UNSPECIFIED.,.F.,.F.,(3,3),(0.,1.),.PIECEWISE_BEZIER_KNOTS.);
#10046 = CARTESIAN_POINT('',(-20.80535704285,28.485714285714,10.));
#10047 = CARTESIAN_POINT('',(-20.80535704285,27.135,10.));
#10048 = CARTESIAN_POINT('',(-20.36357132857,26.446071428571,10.));
#10049 = ORIENTED_EDGE('',*,*,#10050,.T.);
#10050 = EDGE_CURVE('',#10043,#10051,#10053,.T.);
#10051 = VERTEX_POINT('',#10052);
#10052 = CARTESIAN_POINT('',(-19.05357132857,25.757142857143,10.));
#10053 = B_SPLINE_CURVE_WITH_KNOTS('',2,(#10054,#10055,#10056),
  .UNSPECIFIED.,.F.,.F.,(3,3),(0.,1.),.PIECEWISE_BEZIER_KNOTS.);
#10054 = CARTESIAN_POINT('',(-20.36357132857,26.446071428571,10.));
#10055 = CARTESIAN_POINT('',(-19.92142847142,25.757142857143,10.));
#10056 = CARTESIAN_POINT('',(-19.05357132857,25.757142857143,10.));
#10057 = ORIENTED_EDGE('',*,*,#10058,.T.);
#10058 = EDGE_CURVE('',#10051,#10059,#10061,.T.);
#10059 = VERTEX_POINT('',#10060);
#10060 = CARTESIAN_POINT('',(-18.26357132857,25.933214285714,10.));
#10061 = B_SPLINE_CURVE_WITH_KNOTS('',2,(#10062,#10063,#10064),
  .UNSPECIFIED.,.F.,.F.,(3,3),(0.,1.),.PIECEWISE_BEZIER_KNOTS.);
#10062 = CARTESIAN_POINT('',(-19.05357132857,25.757142857143,10.));
#10063 = CARTESIAN_POINT('',(-18.64642847142,25.757142857143,10.));
#10064 = CARTESIAN_POINT('',(-18.26357132857,25.933214285714,10.));
#10065 = ORIENTED_EDGE('',*,*,#10066,.T.);
#10066 = EDGE_CURVE('',#10059,#9929,#10067,.T.);
#10067 = B_SPLINE_CURVE_WITH_KNOTS('',2,(#10068,#10069,#10070),
  .UNSPECIFIED.,.F.,.F.,(3,3),(0.,1.),.PIECEWISE_BEZIER_KNOTS.);
#10068 = CARTESIAN_POINT('',(-18.26357132857,25.933214285714,10.));
#10069 = CARTESIAN_POINT('',(-17.88035704285,26.109285714286,10.));
#10070 = CARTESIAN_POINT('',(-17.47321418571,26.488571428571,10.));
#10071 = FACE_BOUND('',#10072,.F.);
#10072 = EDGE_LOOP('',(#10073,#10083,#10091,#10099,#10107,#10115,#10123,
    #10131));
#10073 = ORIENTED_EDGE('',*,*,#10074,.T.);
#10074 = EDGE_CURVE('',#10075,#10077,#10079,.T.);
#10075 = VERTEX_POINT('',#10076);
#10076 = CARTESIAN_POINT('',(-16.48178561428,24.5,10.));
#10077 = VERTEX_POINT('',#10078);
#10078 = CARTESIAN_POINT('',(-14.32285704285,32.5,10.));
#10079 = LINE('',#10080,#10081);
#10080 = CARTESIAN_POINT('',(-16.48178561428,24.5,10.));
#10081 = VECTOR('',#10082,1.);
#10082 = DIRECTION('',(0.260545333068,0.965461614678,0.));
#10083 = ORIENTED_EDGE('',*,*,#10084,.T.);
#10084 = EDGE_CURVE('',#10077,#10085,#10087,.T.);
#10085 = VERTEX_POINT('',#10086);
#10086 = CARTESIAN_POINT('',(-12.38892847142,32.5,10.));
#10087 = LINE('',#10088,#10089);
#10088 = CARTESIAN_POINT('',(-14.32285704285,32.5,10.));
#10089 = VECTOR('',#10090,1.);
#10090 = DIRECTION('',(1.,0.,0.));
#10091 = ORIENTED_EDGE('',*,*,#10092,.T.);
#10092 = EDGE_CURVE('',#10085,#10093,#10095,.T.);
#10093 = VERTEX_POINT('',#10094);
#10094 = CARTESIAN_POINT('',(-10.2299999,24.5,10.));
#10095 = LINE('',#10096,#10097);
#10096 = CARTESIAN_POINT('',(-12.38892847142,32.5,10.));
#10097 = VECTOR('',#10098,1.);
#10098 = DIRECTION('',(0.260545333068,-0.965461614678,0.));
#10099 = ORIENTED_EDGE('',*,*,#10100,.T.);
#10100 = EDGE_CURVE('',#10093,#10101,#10103,.T.);
#10101 = VERTEX_POINT('',#10102);
#10102 = CARTESIAN_POINT('',(-11.81035704285,24.5,10.));
#10103 = LINE('',#10104,#10105);
#10104 = CARTESIAN_POINT('',(-10.2299999,24.5,10.));
#10105 = VECTOR('',#10106,1.);
#10106 = DIRECTION('',(-1.,0.,0.));
#10107 = ORIENTED_EDGE('',*,*,#10108,.T.);
#10108 = EDGE_CURVE('',#10101,#10109,#10111,.T.);
#10109 = VERTEX_POINT('',#10110);
#10110 = CARTESIAN_POINT('',(-12.30321418571,26.465714285714,10.));
#10111 = LINE('',#10112,#10113);
#10112 = CARTESIAN_POINT('',(-11.81035704285,24.5,10.));
#10113 = VECTOR('',#10114,1.);
#10114 = DIRECTION('',(-0.243199026877,0.969976408644,0.));
#10115 = ORIENTED_EDGE('',*,*,#10116,.T.);
#10116 = EDGE_CURVE('',#10109,#10117,#10119,.T.);
#10117 = VERTEX_POINT('',#10118);
#10118 = CARTESIAN_POINT('',(-14.41928561428,26.465714285714,10.));
#10119 = LINE('',#10120,#10121);
#10120 = CARTESIAN_POINT('',(-12.30321418571,26.465714285714,10.));
#10121 = VECTOR('',#10122,1.);
#10122 = DIRECTION('',(-1.,0.,0.));
#10123 = ORIENTED_EDGE('',*,*,#10124,.T.);
#10124 = EDGE_CURVE('',#10117,#10125,#10127,.T.);
#10125 = VERTEX_POINT('',#10126);
#10126 = CARTESIAN_POINT('',(-14.90142847142,24.5,10.));
#10127 = LINE('',#10128,#10129);
#10128 = CARTESIAN_POINT('',(-14.41928561428,26.465714285714,10.));
#10129 = VECTOR('',#10130,1.);
#10130 = DIRECTION('',(-0.238215246964,-0.971212384658,0.));
#10131 = ORIENTED_EDGE('',*,*,#10132,.T.);
#10132 = EDGE_CURVE('',#10125,#10075,#10133,.T.);
#10133 = LINE('',#10134,#10135);
#10134 = CARTESIAN_POINT('',(-14.90142847142,24.5,10.));
#10135 = VECTOR('',#10136,1.);
#10136 = DIRECTION('',(-1.,0.,0.));
#10137 = FACE_BOUND('',#10138,.F.);
#10138 = EDGE_LOOP('',(#10139,#10149,#10157,#10165,#10173,#10181,#10189,
    #10197));
#10139 = ORIENTED_EDGE('',*,*,#10140,.T.);
#10140 = EDGE_CURVE('',#10141,#10143,#10145,.T.);
#10141 = VERTEX_POINT('',#10142);
#10142 = CARTESIAN_POINT('',(0.645714385714,31.128571428571,10.));
#10143 = VERTEX_POINT('',#10144);
#10144 = CARTESIAN_POINT('',(0.645714385714,24.5,10.));
#10145 = LINE('',#10146,#10147);
#10146 = CARTESIAN_POINT('',(0.645714385714,31.128571428571,10.));
#10147 = VECTOR('',#10148,1.);
#10148 = DIRECTION('',(0.,-1.,0.));
#10149 = ORIENTED_EDGE('',*,*,#10150,.T.);
#10150 = EDGE_CURVE('',#10143,#10151,#10153,.T.);
#10151 = VERTEX_POINT('',#10152);
#10152 = CARTESIAN_POINT('',(-0.934642757143,24.5,10.));
#10153 = LINE('',#10154,#10155);
#10154 = CARTESIAN_POINT('',(0.645714385714,24.5,10.));
#10155 = VECTOR('',#10156,1.);
#10156 = DIRECTION('',(-1.,0.,0.));
#10157 = ORIENTED_EDGE('',*,*,#10158,.T.);
#10158 = EDGE_CURVE('',#10151,#10159,#10161,.T.);
#10159 = VERTEX_POINT('',#10160);
#10160 = CARTESIAN_POINT('',(-0.934642757143,31.128571428571,10.));
#10161 = LINE('',#10162,#10163);
#10162 = CARTESIAN_POINT('',(-0.934642757143,24.5,10.));
#10163 = VECTOR('',#10164,1.);
#10164 = DIRECTION('',(0.,1.,0.));
#10165 = ORIENTED_EDGE('',*,*,#10166,.T.);
#10166 = EDGE_CURVE('',#10159,#10167,#10169,.T.);
#10167 = VERTEX_POINT('',#10168);
#10168 = CARTESIAN_POINT('',(-2.9649999,31.128571428571,10.));
#10169 = LINE('',#10170,#10171);
#10170 = CARTESIAN_POINT('',(-0.934642757143,31.128571428571,10.));
#10171 = VECTOR('',#10172,1.);
#10172 = DIRECTION('',(-1.,0.,0.));
#10173 = ORIENTED_EDGE('',*,*,#10174,.T.);
#10174 = EDGE_CURVE('',#10167,#10175,#10177,.T.);
#10175 = VERTEX_POINT('',#10176);
#10176 = CARTESIAN_POINT('',(-2.9649999,32.5,10.));
#10177 = LINE('',#10178,#10179);
#10178 = CARTESIAN_POINT('',(-2.9649999,31.128571428571,10.));
#10179 = VECTOR('',#10180,1.);
#10180 = DIRECTION('',(0.,1.,0.));
#10181 = ORIENTED_EDGE('',*,*,#10182,.T.);
#10182 = EDGE_CURVE('',#10175,#10183,#10185,.T.);
#10183 = VERTEX_POINT('',#10184);
#10184 = CARTESIAN_POINT('',(2.676071528571,32.5,10.));
#10185 = LINE('',#10186,#10187);
#10186 = CARTESIAN_POINT('',(-2.9649999,32.5,10.));
#10187 = VECTOR('',#10188,1.);
#10188 = DIRECTION('',(1.,0.,0.));
#10189 = ORIENTED_EDGE('',*,*,#10190,.T.);
#10190 = EDGE_CURVE('',#10183,#10191,#10193,.T.);
#10191 = VERTEX_POINT('',#10192);
#10192 = CARTESIAN_POINT('',(2.676071528571,31.128571428571,10.));
#10193 = LINE('',#10194,#10195);
#10194 = CARTESIAN_POINT('',(2.676071528571,32.5,10.));
#10195 = VECTOR('',#10196,1.);
#10196 = DIRECTION('',(0.,-1.,0.));
#10197 = ORIENTED_EDGE('',*,*,#10198,.T.);
#10198 = EDGE_CURVE('',#10191,#10141,#10199,.T.);
#10199 = LINE('',#10200,#10201);
#10200 = CARTESIAN_POINT('',(2.676071528571,31.128571428571,10.));
#10201 = VECTOR('',#10202,1.);
#10202 = DIRECTION('',(-1.,0.,0.));
#10203 = FACE_BOUND('',#10204,.F.);
#10204 = EDGE_LOOP('',(#10205,#10215,#10223,#10231,#10239,#10247,#10255,
    #10263,#10271,#10279,#10287,#10295));
#10205 = ORIENTED_EDGE('',*,*,#10206,.T.);
#10206 = EDGE_CURVE('',#10207,#10209,#10211,.T.);
#10207 = VERTEX_POINT('',#10208);
#10208 = CARTESIAN_POINT('',(5.671071528571,31.105714285714,10.));
#10209 = VERTEX_POINT('',#10210);
#10210 = CARTESIAN_POINT('',(4.0800001,31.105714285714,10.));
#10211 = LINE('',#10212,#10213);
#10212 = CARTESIAN_POINT('',(5.671071528571,31.105714285714,10.));
#10213 = VECTOR('',#10214,1.);
#10214 = DIRECTION('',(-1.,0.,0.));
#10215 = ORIENTED_EDGE('',*,*,#10216,.T.);
#10216 = EDGE_CURVE('',#10209,#10217,#10219,.T.);
#10217 = VERTEX_POINT('',#10218);
#10218 = CARTESIAN_POINT('',(4.0800001,32.5,10.));
#10219 = LINE('',#10220,#10221);
#10220 = CARTESIAN_POINT('',(4.0800001,31.105714285714,10.));
#10221 = VECTOR('',#10222,1.);
#10222 = DIRECTION('',(0.,1.,0.));
#10223 = ORIENTED_EDGE('',*,*,#10224,.T.);
#10224 = EDGE_CURVE('',#10217,#10225,#10227,.T.);
#10225 = VERTEX_POINT('',#10226);
#10226 = CARTESIAN_POINT('',(8.8425001,32.5,10.));
#10227 = LINE('',#10228,#10229);
#10228 = CARTESIAN_POINT('',(4.0800001,32.5,10.));
#10229 = VECTOR('',#10230,1.);
#10230 = DIRECTION('',(1.,0.,0.));
#10231 = ORIENTED_EDGE('',*,*,#10232,.T.);
#10232 = EDGE_CURVE('',#10225,#10233,#10235,.T.);
#10233 = VERTEX_POINT('',#10234);
#10234 = CARTESIAN_POINT('',(8.8425001,31.105714285714,10.));
#10235 = LINE('',#10236,#10237);
#10236 = CARTESIAN_POINT('',(8.8425001,32.5,10.));
#10237 = VECTOR('',#10238,1.);
#10238 = DIRECTION('',(0.,-1.,0.));
#10239 = ORIENTED_EDGE('',*,*,#10240,.T.);
#10240 = EDGE_CURVE('',#10233,#10241,#10243,.T.);
#10241 = VERTEX_POINT('',#10242);
#10242 = CARTESIAN_POINT('',(7.251428671429,31.105714285714,10.));
#10243 = LINE('',#10244,#10245);
#10244 = CARTESIAN_POINT('',(8.8425001,31.105714285714,10.));
#10245 = VECTOR('',#10246,1.);
#10246 = DIRECTION('',(-1.,0.,0.));
#10247 = ORIENTED_EDGE('',*,*,#10248,.T.);
#10248 = EDGE_CURVE('',#10241,#10249,#10251,.T.);
#10249 = VERTEX_POINT('',#10250);
#10250 = CARTESIAN_POINT('',(7.251428671429,25.894285714286,10.));
#10251 = LINE('',#10252,#10253);
#10252 = CARTESIAN_POINT('',(7.251428671429,31.105714285714,10.));
#10253 = VECTOR('',#10254,1.);
#10254 = DIRECTION('',(0.,-1.,0.));
#10255 = ORIENTED_EDGE('',*,*,#10256,.T.);
#10256 = EDGE_CURVE('',#10249,#10257,#10259,.T.);
#10257 = VERTEX_POINT('',#10258);
#10258 = CARTESIAN_POINT('',(8.8425001,25.894285714286,10.));
#10259 = LINE('',#10260,#10261);
#10260 = CARTESIAN_POINT('',(7.251428671429,25.894285714286,10.));
#10261 = VECTOR('',#10262,1.);
#10262 = DIRECTION('',(1.,0.,0.));
#10263 = ORIENTED_EDGE('',*,*,#10264,.T.);
#10264 = EDGE_CURVE('',#10257,#10265,#10267,.T.);
#10265 = VERTEX_POINT('',#10266);
#10266 = CARTESIAN_POINT('',(8.8425001,24.5,10.));
#10267 = LINE('',#10268,#10269);
#10268 = CARTESIAN_POINT('',(8.8425001,25.894285714286,10.));
#10269 = VECTOR('',#10270,1.);
#10270 = DIRECTION('',(0.,-1.,0.));
#10271 = ORIENTED_EDGE('',*,*,#10272,.T.);
#10272 = EDGE_CURVE('',#10265,#10273,#10275,.T.);
#10273 = VERTEX_POINT('',#10274);
#10274 = CARTESIAN_POINT('',(4.0800001,24.5,10.));
#10275 = LINE('',#10276,#10277);
#10276 = CARTESIAN_POINT('',(8.8425001,24.5,10.));
#10277 = VECTOR('',#10278,1.);
#10278 = DIRECTION('',(-1.,0.,0.));
#10279 = ORIENTED_EDGE('',*,*,#10280,.T.);
#10280 = EDGE_CURVE('',#10273,#10281,#10283,.T.);
#10281 = VERTEX_POINT('',#10282);
#10282 = CARTESIAN_POINT('',(4.0800001,25.894285714286,10.));
#10283 = LINE('',#10284,#10285);
#10284 = CARTESIAN_POINT('',(4.0800001,24.5,10.));
#10285 = VECTOR('',#10286,1.);
#10286 = DIRECTION('',(0.,1.,0.));
#10287 = ORIENTED_EDGE('',*,*,#10288,.T.);
#10288 = EDGE_CURVE('',#10281,#10289,#10291,.T.);
#10289 = VERTEX_POINT('',#10290);
#10290 = CARTESIAN_POINT('',(5.671071528571,25.894285714286,10.));
#10291 = LINE('',#10292,#10293);
#10292 = CARTESIAN_POINT('',(4.0800001,25.894285714286,10.));
#10293 = VECTOR('',#10294,1.);
#10294 = DIRECTION('',(1.,0.,0.));
#10295 = ORIENTED_EDGE('',*,*,#10296,.T.);
#10296 = EDGE_CURVE('',#10289,#10207,#10297,.T.);
#10297 = LINE('',#10298,#10299);
#10298 = CARTESIAN_POINT('',(5.671071528571,25.894285714286,10.));
#10299 = VECTOR('',#10300,1.);
#10300 = DIRECTION('',(0.,1.,0.));
#10301 = FACE_BOUND('',#10302,.F.);
#10302 = EDGE_LOOP('',(#10303,#10313,#10321,#10329,#10337,#10345,#10353,
    #10361));
#10303 = ORIENTED_EDGE('',*,*,#10304,.T.);
#10304 = EDGE_CURVE('',#10305,#10307,#10309,.T.);
#10305 = VERTEX_POINT('',#10306);
#10306 = CARTESIAN_POINT('',(10.966785814286,25.389642857143,10.));
#10307 = VERTEX_POINT('',#10308);
#10308 = CARTESIAN_POINT('',(10.257142957143,28.486071428571,10.));
#10309 = B_SPLINE_CURVE_WITH_KNOTS('',2,(#10310,#10311,#10312),
  .UNSPECIFIED.,.F.,.F.,(3,3),(0.,1.),.PIECEWISE_BEZIER_KNOTS.);
#10310 = CARTESIAN_POINT('',(10.966785814286,25.389642857143,10.));
#10311 = CARTESIAN_POINT('',(10.257142957143,26.439642857143,10.));
#10312 = CARTESIAN_POINT('',(10.257142957143,28.486071428571,10.));
#10313 = ORIENTED_EDGE('',*,*,#10314,.T.);
#10314 = EDGE_CURVE('',#10307,#10315,#10317,.T.);
#10315 = VERTEX_POINT('',#10316);
#10316 = CARTESIAN_POINT('',(10.966785814286,31.587142857143,10.));
#10317 = B_SPLINE_CURVE_WITH_KNOTS('',2,(#10318,#10319,#10320),
  .UNSPECIFIED.,.F.,.F.,(3,3),(0.,1.),.PIECEWISE_BEZIER_KNOTS.);
#10318 = CARTESIAN_POINT('',(10.257142957143,28.486071428571,10.));
#10319 = CARTESIAN_POINT('',(10.257142957143,30.5375,10.));
#10320 = CARTESIAN_POINT('',(10.966785814286,31.587142857143,10.));
#10321 = ORIENTED_EDGE('',*,*,#10322,.T.);
#10322 = EDGE_CURVE('',#10315,#10323,#10325,.T.);
#10323 = VERTEX_POINT('',#10324);
#10324 = CARTESIAN_POINT('',(13.064285814286,32.637142857143,10.));
#10325 = B_SPLINE_CURVE_WITH_KNOTS('',2,(#10326,#10327,#10328),
  .UNSPECIFIED.,.F.,.F.,(3,3),(0.,1.),.PIECEWISE_BEZIER_KNOTS.);
#10326 = CARTESIAN_POINT('',(10.966785814286,31.587142857143,10.));
#10327 = CARTESIAN_POINT('',(11.676785814286,32.637142857143,10.));
#10328 = CARTESIAN_POINT('',(13.064285814286,32.637142857143,10.));
#10329 = ORIENTED_EDGE('',*,*,#10330,.T.);
#10330 = EDGE_CURVE('',#10323,#10331,#10333,.T.);
#10331 = VERTEX_POINT('',#10332);
#10332 = CARTESIAN_POINT('',(15.166785814286,31.587142857143,10.));
#10333 = B_SPLINE_CURVE_WITH_KNOTS('',2,(#10334,#10335,#10336),
  .UNSPECIFIED.,.F.,.F.,(3,3),(0.,1.),.PIECEWISE_BEZIER_KNOTS.);
#10334 = CARTESIAN_POINT('',(13.064285814286,32.637142857143,10.));
#10335 = CARTESIAN_POINT('',(14.457142957143,32.637142857143,10.));
#10336 = CARTESIAN_POINT('',(15.166785814286,31.587142857143,10.));
#10337 = ORIENTED_EDGE('',*,*,#10338,.T.);
#10338 = EDGE_CURVE('',#10331,#10339,#10341,.T.);
#10339 = VERTEX_POINT('',#10340);
#10340 = CARTESIAN_POINT('',(15.876785814286,28.486071428571,10.));
#10341 = B_SPLINE_CURVE_WITH_KNOTS('',2,(#10342,#10343,#10344),
  .UNSPECIFIED.,.F.,.F.,(3,3),(0.,1.),.PIECEWISE_BEZIER_KNOTS.);
#10342 = CARTESIAN_POINT('',(15.166785814286,31.587142857143,10.));
#10343 = CARTESIAN_POINT('',(15.876785814286,30.5375,10.));
#10344 = CARTESIAN_POINT('',(15.876785814286,28.486071428571,10.));
#10345 = ORIENTED_EDGE('',*,*,#10346,.T.);
#10346 = EDGE_CURVE('',#10339,#10347,#10349,.T.);
#10347 = VERTEX_POINT('',#10348);
#10348 = CARTESIAN_POINT('',(15.166785814286,25.389642857143,10.));
#10349 = B_SPLINE_CURVE_WITH_KNOTS('',2,(#10350,#10351,#10352),
  .UNSPECIFIED.,.F.,.F.,(3,3),(0.,1.),.PIECEWISE_BEZIER_KNOTS.);
#10350 = CARTESIAN_POINT('',(15.876785814286,28.486071428571,10.));
#10351 = CARTESIAN_POINT('',(15.876785814286,26.439642857143,10.));
#10352 = CARTESIAN_POINT('',(15.166785814286,25.389642857143,10.));
#10353 = ORIENTED_EDGE('',*,*,#10354,.T.);
#10354 = EDGE_CURVE('',#10347,#10355,#10357,.T.);
#10355 = VERTEX_POINT('',#10356);
#10356 = CARTESIAN_POINT('',(13.064285814286,24.34,10.));
#10357 = B_SPLINE_CURVE_WITH_KNOTS('',2,(#10358,#10359,#10360),
  .UNSPECIFIED.,.F.,.F.,(3,3),(0.,1.),.PIECEWISE_BEZIER_KNOTS.);
#10358 = CARTESIAN_POINT('',(15.166785814286,25.389642857143,10.));
#10359 = CARTESIAN_POINT('',(14.457142957143,24.34,10.));
#10360 = CARTESIAN_POINT('',(13.064285814286,24.34,10.));
#10361 = ORIENTED_EDGE('',*,*,#10362,.T.);
#10362 = EDGE_CURVE('',#10355,#10305,#10363,.T.);
#10363 = B_SPLINE_CURVE_WITH_KNOTS('',2,(#10364,#10365,#10366),
  .UNSPECIFIED.,.F.,.F.,(3,3),(0.,1.),.PIECEWISE_BEZIER_KNOTS.);
#10364 = CARTESIAN_POINT('',(13.064285814286,24.34,10.));
#10365 = CARTESIAN_POINT('',(11.676785814286,24.34,10.));
#10366 = CARTESIAN_POINT('',(10.966785814286,25.389642857143,10.));
#10367 = FACE_BOUND('',#10368,.F.);
#10368 = EDGE_LOOP('',(#10369,#10379,#10387,#10395,#10403,#10411,#10419,
    #10427,#10435,#10443));
#10369 = ORIENTED_EDGE('',*,*,#10370,.T.);
#10370 = EDGE_CURVE('',#10371,#10373,#10375,.T.);
#10371 = VERTEX_POINT('',#10372);
#10372 = CARTESIAN_POINT('',(17.0075001,24.5,10.));
#10373 = VERTEX_POINT('',#10374);
#10374 = CARTESIAN_POINT('',(17.0075001,32.5,10.));
#10375 = LINE('',#10376,#10377);
#10376 = CARTESIAN_POINT('',(17.0075001,24.5,10.));
#10377 = VECTOR('',#10378,1.);
#10378 = DIRECTION('',(0.,1.,0.));
#10379 = ORIENTED_EDGE('',*,*,#10380,.T.);
#10380 = EDGE_CURVE('',#10373,#10381,#10383,.T.);
#10381 = VERTEX_POINT('',#10382);
#10382 = CARTESIAN_POINT('',(18.705714385714,32.5,10.));
#10383 = LINE('',#10384,#10385);
#10384 = CARTESIAN_POINT('',(17.0075001,32.5,10.));
#10385 = VECTOR('',#10386,1.);
#10386 = DIRECTION('',(1.,0.,0.));
#10387 = ORIENTED_EDGE('',*,*,#10388,.T.);
#10388 = EDGE_CURVE('',#10381,#10389,#10391,.T.);
#10389 = VERTEX_POINT('',#10390);
#10390 = CARTESIAN_POINT('',(20.934285814286,26.686071428571,10.));
#10391 = LINE('',#10392,#10393);
#10392 = CARTESIAN_POINT('',(18.705714385714,32.5,10.));
#10393 = VECTOR('',#10394,1.);
#10394 = DIRECTION('',(0.357921841948,-0.933751548891,0.));
#10395 = ORIENTED_EDGE('',*,*,#10396,.T.);
#10396 = EDGE_CURVE('',#10389,#10397,#10399,.T.);
#10397 = VERTEX_POINT('',#10398);
#10398 = CARTESIAN_POINT('',(20.934285814286,32.5,10.));
#10399 = LINE('',#10400,#10401);
#10400 = CARTESIAN_POINT('',(20.934285814286,26.686071428571,10.));
#10401 = VECTOR('',#10402,1.);
#10402 = DIRECTION('',(0.,1.,0.));
#10403 = ORIENTED_EDGE('',*,*,#10404,.T.);
#10404 = EDGE_CURVE('',#10397,#10405,#10407,.T.);
#10405 = VERTEX_POINT('',#10406);
#10406 = CARTESIAN_POINT('',(22.327142957143,32.5,10.));
#10407 = LINE('',#10408,#10409);
#10408 = CARTESIAN_POINT('',(20.934285814286,32.5,10.));
#10409 = VECTOR('',#10410,1.);
#10410 = DIRECTION('',(1.,0.,0.));
#10411 = ORIENTED_EDGE('',*,*,#10412,.T.);
#10412 = EDGE_CURVE('',#10405,#10413,#10415,.T.);
#10413 = VERTEX_POINT('',#10414);
#10414 = CARTESIAN_POINT('',(22.327142957143,24.5,10.));
#10415 = LINE('',#10416,#10417);
#10416 = CARTESIAN_POINT('',(22.327142957143,32.5,10.));
#10417 = VECTOR('',#10418,1.);
#10418 = DIRECTION('',(0.,-1.,0.));
#10419 = ORIENTED_EDGE('',*,*,#10420,.T.);
#10420 = EDGE_CURVE('',#10413,#10421,#10423,.T.);
#10421 = VERTEX_POINT('',#10422);
#10422 = CARTESIAN_POINT('',(20.639642957143,24.5,10.));
#10423 = LINE('',#10424,#10425);
#10424 = CARTESIAN_POINT('',(22.327142957143,24.5,10.));
#10425 = VECTOR('',#10426,1.);
#10426 = DIRECTION('',(-1.,0.,0.));
#10427 = ORIENTED_EDGE('',*,*,#10428,.T.);
#10428 = EDGE_CURVE('',#10421,#10429,#10431,.T.);
#10429 = VERTEX_POINT('',#10430);
#10430 = CARTESIAN_POINT('',(18.400357242857,30.313928571429,10.));
#10431 = LINE('',#10432,#10433);
#10432 = CARTESIAN_POINT('',(20.639642957143,24.5,10.));
#10433 = VECTOR('',#10434,1.);
#10434 = DIRECTION('',(-0.359420787632,0.933175598383,0.));
#10435 = ORIENTED_EDGE('',*,*,#10436,.T.);
#10436 = EDGE_CURVE('',#10429,#10437,#10439,.T.);
#10437 = VERTEX_POINT('',#10438);
#10438 = CARTESIAN_POINT('',(18.400357242857,24.5,10.));
#10439 = LINE('',#10440,#10441);
#10440 = CARTESIAN_POINT('',(18.400357242857,30.313928571429,10.));
#10441 = VECTOR('',#10442,1.);
#10442 = DIRECTION('',(0.,-1.,0.));
#10443 = ORIENTED_EDGE('',*,*,#10444,.T.);
#10444 = EDGE_CURVE('',#10437,#10371,#10445,.T.);
#10445 = LINE('',#10446,#10447);
#10446 = CARTESIAN_POINT('',(18.400357242857,24.5,10.));
#10447 = VECTOR('',#10448,1.);
#10448 = DIRECTION('',(-1.,0.,0.));
#10449 = PLANE('',#10450);
#10450 = AXIS2_PLACEMENT_3D('',#10451,#10452,#10453);
#10451 = CARTESIAN_POINT('',(7.58E-15,28.765,10.));
#10452 = DIRECTION('',(0.,0.,1.));
#10453 = DIRECTION('',(1.,0.,0.));
#10454 = ADVANCED_FACE('',(#10455,#10466,#10580,#10726,#10792,#10858,
    #10956,#11022),#11104,.T.);
#10455 = FACE_BOUND('',#10456,.T.);
#10456 = EDGE_LOOP('',(#10457,#10458,#10459,#10465));
#10457 = ORIENTED_EDGE('',*,*,#9711,.T.);
#10458 = ORIENTED_EDGE('',*,*,#9773,.T.);
#10459 = ORIENTED_EDGE('',*,*,#10460,.T.);
#10460 = EDGE_CURVE('',#9774,#9744,#10461,.T.);
#10461 = LINE('',#10462,#10463);
#10462 = CARTESIAN_POINT('',(27.,22.,11.));
#10463 = VECTOR('',#10464,1.);
#10464 = DIRECTION('',(0.,1.,0.));
#10465 = ORIENTED_EDGE('',*,*,#9751,.T.);
#10466 = FACE_BOUND('',#10467,.T.);
#10467 = EDGE_LOOP('',(#10468,#10478,#10486,#10494,#10502,#10510,#10518,
    #10526,#10534,#10542,#10550,#10558,#10566,#10574));
#10468 = ORIENTED_EDGE('',*,*,#10469,.T.);
#10469 = EDGE_CURVE('',#10470,#10472,#10474,.T.);
#10470 = VERTEX_POINT('',#10471);
#10471 = CARTESIAN_POINT('',(-8.834285614286,25.081428571429,11.));
#10472 = VERTEX_POINT('',#10473);
#10473 = CARTESIAN_POINT('',(-9.4849999,27.456071428571,11.));
#10474 = B_SPLINE_CURVE_WITH_KNOTS('',2,(#10475,#10476,#10477),
  .UNSPECIFIED.,.F.,.F.,(3,3),(0.,1.),.PIECEWISE_BEZIER_KNOTS.);
#10475 = CARTESIAN_POINT('',(-8.834285614286,25.081428571429,11.));
#10476 = CARTESIAN_POINT('',(-9.4849999,25.822857142857,11.));
#10477 = CARTESIAN_POINT('',(-9.4849999,27.456071428571,11.));
#10478 = ORIENTED_EDGE('',*,*,#10479,.T.);
#10479 = EDGE_CURVE('',#10472,#10480,#10482,.T.);
#10480 = VERTEX_POINT('',#10481);
#10481 = CARTESIAN_POINT('',(-9.4849999,32.5,11.));
#10482 = LINE('',#10483,#10484);
#10483 = CARTESIAN_POINT('',(-9.4849999,27.456071428571,11.));
#10484 = VECTOR('',#10485,1.);
#10485 = DIRECTION('',(0.,1.,0.));
#10486 = ORIENTED_EDGE('',*,*,#10487,.T.);
#10487 = EDGE_CURVE('',#10480,#10488,#10490,.T.);
#10488 = VERTEX_POINT('',#10489);
#10489 = CARTESIAN_POINT('',(-7.904642757143,32.5,11.));
#10490 = LINE('',#10491,#10492);
#10491 = CARTESIAN_POINT('',(-9.4849999,32.5,11.));
#10492 = VECTOR('',#10493,1.);
#10493 = DIRECTION('',(1.,0.,0.));
#10494 = ORIENTED_EDGE('',*,*,#10495,.T.);
#10495 = EDGE_CURVE('',#10488,#10496,#10498,.T.);
#10496 = VERTEX_POINT('',#10497);
#10497 = CARTESIAN_POINT('',(-7.904642757143,27.059642857143,11.));
#10498 = LINE('',#10499,#10500);
#10499 = CARTESIAN_POINT('',(-7.904642757143,32.5,11.));
#10500 = VECTOR('',#10501,1.);
#10501 = DIRECTION('',(0.,-1.,0.));
#10502 = ORIENTED_EDGE('',*,*,#10503,.T.);
#10503 = EDGE_CURVE('',#10496,#10504,#10506,.T.);
#10504 = VERTEX_POINT('',#10505);
#10505 = CARTESIAN_POINT('',(-7.599285614286,26.12,11.));
#10506 = B_SPLINE_CURVE_WITH_KNOTS('',2,(#10507,#10508,#10509),
  .UNSPECIFIED.,.F.,.F.,(3,3),(0.,1.),.PIECEWISE_BEZIER_KNOTS.);
#10507 = CARTESIAN_POINT('',(-7.904642757143,27.059642857143,11.));
#10508 = CARTESIAN_POINT('',(-7.904642757143,26.46,11.));
#10509 = CARTESIAN_POINT('',(-7.599285614286,26.12,11.));
#10510 = ORIENTED_EDGE('',*,*,#10511,.T.);
#10511 = EDGE_CURVE('',#10504,#10512,#10514,.T.);
#10512 = VERTEX_POINT('',#10513);
#10513 = CARTESIAN_POINT('',(-6.752857042857,25.78,11.));
#10514 = B_SPLINE_CURVE_WITH_KNOTS('',2,(#10515,#10516,#10517),
  .UNSPECIFIED.,.F.,.F.,(3,3),(0.,1.),.PIECEWISE_BEZIER_KNOTS.);
#10515 = CARTESIAN_POINT('',(-7.599285614286,26.12,11.));
#10516 = CARTESIAN_POINT('',(-7.293928471429,25.78,11.));
#10517 = CARTESIAN_POINT('',(-6.752857042857,25.78,11.));
#10518 = ORIENTED_EDGE('',*,*,#10519,.T.);
#10519 = EDGE_CURVE('',#10512,#10520,#10522,.T.);
#10520 = VERTEX_POINT('',#10521);
#10521 = CARTESIAN_POINT('',(-5.906428471429,26.12,11.));
#10522 = B_SPLINE_CURVE_WITH_KNOTS('',2,(#10523,#10524,#10525),
  .UNSPECIFIED.,.F.,.F.,(3,3),(0.,1.),.PIECEWISE_BEZIER_KNOTS.);
#10523 = CARTESIAN_POINT('',(-6.752857042857,25.78,11.));
#10524 = CARTESIAN_POINT('',(-6.211785614286,25.78,11.));
#10525 = CARTESIAN_POINT('',(-5.906428471429,26.12,11.));
#10526 = ORIENTED_EDGE('',*,*,#10527,.T.);
#10527 = EDGE_CURVE('',#10520,#10528,#10530,.T.);
#10528 = VERTEX_POINT('',#10529);
#10529 = CARTESIAN_POINT('',(-5.601071328571,27.059642857143,11.));
#10530 = B_SPLINE_CURVE_WITH_KNOTS('',2,(#10531,#10532,#10533),
  .UNSPECIFIED.,.F.,.F.,(3,3),(0.,1.),.PIECEWISE_BEZIER_KNOTS.);
#10531 = CARTESIAN_POINT('',(-5.906428471429,26.12,11.));
#10532 = CARTESIAN_POINT('',(-5.601071328571,26.46,11.));
#10533 = CARTESIAN_POINT('',(-5.601071328571,27.059642857143,11.));
#10534 = ORIENTED_EDGE('',*,*,#10535,.T.);
#10535 = EDGE_CURVE('',#10528,#10536,#10538,.T.);
#10536 = VERTEX_POINT('',#10537);
#10537 = CARTESIAN_POINT('',(-5.601071328571,32.5,11.));
#10538 = LINE('',#10539,#10540);
#10539 = CARTESIAN_POINT('',(-5.601071328571,27.059642857143,11.));
#10540 = VECTOR('',#10541,1.);
#10541 = DIRECTION('',(0.,1.,0.));
#10542 = ORIENTED_EDGE('',*,*,#10543,.T.);
#10543 = EDGE_CURVE('',#10536,#10544,#10546,.T.);
#10544 = VERTEX_POINT('',#10545);
#10545 = CARTESIAN_POINT('',(-4.020714185714,32.5,11.));
#10546 = LINE('',#10547,#10548);
#10547 = CARTESIAN_POINT('',(-5.601071328571,32.5,11.));
#10548 = VECTOR('',#10549,1.);
#10549 = DIRECTION('',(1.,0.,0.));
#10550 = ORIENTED_EDGE('',*,*,#10551,.T.);
#10551 = EDGE_CURVE('',#10544,#10552,#10554,.T.);
#10552 = VERTEX_POINT('',#10553);
#10553 = CARTESIAN_POINT('',(-4.020714185714,27.456071428571,11.));
#10554 = LINE('',#10555,#10556);
#10555 = CARTESIAN_POINT('',(-4.020714185714,32.5,11.));
#10556 = VECTOR('',#10557,1.);
#10557 = DIRECTION('',(0.,-1.,0.));
#10558 = ORIENTED_EDGE('',*,*,#10559,.T.);
#10559 = EDGE_CURVE('',#10552,#10560,#10562,.T.);
#10560 = VERTEX_POINT('',#10561);
#10561 = CARTESIAN_POINT('',(-4.668928471429,25.081428571429,11.));
#10562 = B_SPLINE_CURVE_WITH_KNOTS('',2,(#10563,#10564,#10565),
  .UNSPECIFIED.,.F.,.F.,(3,3),(0.,1.),.PIECEWISE_BEZIER_KNOTS.);
#10563 = CARTESIAN_POINT('',(-4.020714185714,27.456071428571,11.));
#10564 = CARTESIAN_POINT('',(-4.020714185714,25.822857142857,11.));
#10565 = CARTESIAN_POINT('',(-4.668928471429,25.081428571429,11.));
#10566 = ORIENTED_EDGE('',*,*,#10567,.T.);
#10567 = EDGE_CURVE('',#10560,#10568,#10570,.T.);
#10568 = VERTEX_POINT('',#10569);
#10569 = CARTESIAN_POINT('',(-6.752857042857,24.34,11.));
#10570 = B_SPLINE_CURVE_WITH_KNOTS('',2,(#10571,#10572,#10573),
  .UNSPECIFIED.,.F.,.F.,(3,3),(0.,1.),.PIECEWISE_BEZIER_KNOTS.);
#10571 = CARTESIAN_POINT('',(-4.668928471429,25.081428571429,11.));
#10572 = CARTESIAN_POINT('',(-5.317142757143,24.34,11.));
#10573 = CARTESIAN_POINT('',(-6.752857042857,24.34,11.));
#10574 = ORIENTED_EDGE('',*,*,#10575,.T.);
#10575 = EDGE_CURVE('',#10568,#10470,#10576,.T.);
#10576 = B_SPLINE_CURVE_WITH_KNOTS('',2,(#10577,#10578,#10579),
  .UNSPECIFIED.,.F.,.F.,(3,3),(0.,1.),.PIECEWISE_BEZIER_KNOTS.);
#10577 = CARTESIAN_POINT('',(-6.752857042857,24.34,11.));
#10578 = CARTESIAN_POINT('',(-8.183214185714,24.34,11.));
#10579 = CARTESIAN_POINT('',(-8.834285614286,25.081428571429,11.));
#10580 = FACE_BOUND('',#10581,.T.);
#10581 = EDGE_LOOP('',(#10582,#10592,#10600,#10608,#10616,#10624,#10632,
    #10640,#10648,#10656,#10664,#10672,#10680,#10688,#10696,#10704,
    #10712,#10720));
#10582 = ORIENTED_EDGE('',*,*,#10583,.T.);
#10583 = EDGE_CURVE('',#10584,#10586,#10588,.T.);
#10584 = VERTEX_POINT('',#10585);
#10585 = CARTESIAN_POINT('',(-17.47321418571,26.488571428571,11.));
#10586 = VERTEX_POINT('',#10587);
#10587 = CARTESIAN_POINT('',(-17.47321418571,24.728571428571,11.));
#10588 = LINE('',#10589,#10590);
#10589 = CARTESIAN_POINT('',(-17.47321418571,26.488571428571,11.));
#10590 = VECTOR('',#10591,1.);
#10591 = DIRECTION('',(0.,-1.,0.));
#10592 = ORIENTED_EDGE('',*,*,#10593,.T.);
#10593 = EDGE_CURVE('',#10586,#10594,#10596,.T.);
#10594 = VERTEX_POINT('',#10595);
#10595 = CARTESIAN_POINT('',(-18.26071418571,24.437142857143,11.));
#10596 = B_SPLINE_CURVE_WITH_KNOTS('',2,(#10597,#10598,#10599),
  .UNSPECIFIED.,.F.,.F.,(3,3),(0.,1.),.PIECEWISE_BEZIER_KNOTS.);
#10597 = CARTESIAN_POINT('',(-17.47321418571,24.728571428571,11.));
#10598 = CARTESIAN_POINT('',(-17.84821418571,24.534285714286,11.));
#10599 = CARTESIAN_POINT('',(-18.26071418571,24.437142857143,11.));
#10600 = ORIENTED_EDGE('',*,*,#10601,.T.);
#10601 = EDGE_CURVE('',#10594,#10602,#10604,.T.);
#10602 = VERTEX_POINT('',#10603);
#10603 = CARTESIAN_POINT('',(-19.12857132857,24.34,11.));
#10604 = B_SPLINE_CURVE_WITH_KNOTS('',2,(#10605,#10606,#10607),
  .UNSPECIFIED.,.F.,.F.,(3,3),(0.,1.),.PIECEWISE_BEZIER_KNOTS.);
#10605 = CARTESIAN_POINT('',(-18.26071418571,24.437142857143,11.));
#10606 = CARTESIAN_POINT('',(-18.67321418571,24.34,11.));
#10607 = CARTESIAN_POINT('',(-19.12857132857,24.34,11.));
#10608 = ORIENTED_EDGE('',*,*,#10609,.T.);
#10609 = EDGE_CURVE('',#10602,#10610,#10612,.T.);
#10610 = VERTEX_POINT('',#10611);
#10611 = CARTESIAN_POINT('',(-21.59821418571,25.405714285714,11.));
#10612 = B_SPLINE_CURVE_WITH_KNOTS('',2,(#10613,#10614,#10615),
  .UNSPECIFIED.,.F.,.F.,(3,3),(0.,1.),.PIECEWISE_BEZIER_KNOTS.);
#10613 = CARTESIAN_POINT('',(-19.12857132857,24.34,11.));
#10614 = CARTESIAN_POINT('',(-20.74642847142,24.34,11.));
#10615 = CARTESIAN_POINT('',(-21.59821418571,25.405714285714,11.));
#10616 = ORIENTED_EDGE('',*,*,#10617,.T.);
#10617 = EDGE_CURVE('',#10610,#10618,#10620,.T.);
#10618 = VERTEX_POINT('',#10619);
#10619 = CARTESIAN_POINT('',(-22.4499999,28.486071428571,11.));
#10620 = B_SPLINE_CURVE_WITH_KNOTS('',2,(#10621,#10622,#10623),
  .UNSPECIFIED.,.F.,.F.,(3,3),(0.,1.),.PIECEWISE_BEZIER_KNOTS.);
#10621 = CARTESIAN_POINT('',(-21.59821418571,25.405714285714,11.));
#10622 = CARTESIAN_POINT('',(-22.4499999,26.471785714286,11.));
#10623 = CARTESIAN_POINT('',(-22.4499999,28.486071428571,11.));
#10624 = ORIENTED_EDGE('',*,*,#10625,.T.);
#10625 = EDGE_CURVE('',#10618,#10626,#10628,.T.);
#10626 = VERTEX_POINT('',#10627);
#10627 = CARTESIAN_POINT('',(-21.59821418571,31.571071428571,11.));
#10628 = B_SPLINE_CURVE_WITH_KNOTS('',2,(#10629,#10630,#10631),
  .UNSPECIFIED.,.F.,.F.,(3,3),(0.,1.),.PIECEWISE_BEZIER_KNOTS.);
#10629 = CARTESIAN_POINT('',(-22.4499999,28.486071428571,11.));
#10630 = CARTESIAN_POINT('',(-22.4499999,30.505357142857,11.));
#10631 = CARTESIAN_POINT('',(-21.59821418571,31.571071428571,11.));
#10632 = ORIENTED_EDGE('',*,*,#10633,.T.);
#10633 = EDGE_CURVE('',#10626,#10634,#10636,.T.);
#10634 = VERTEX_POINT('',#10635);
#10635 = CARTESIAN_POINT('',(-19.12857132857,32.637142857143,11.));
#10636 = B_SPLINE_CURVE_WITH_KNOTS('',2,(#10637,#10638,#10639),
  .UNSPECIFIED.,.F.,.F.,(3,3),(0.,1.),.PIECEWISE_BEZIER_KNOTS.);
#10637 = CARTESIAN_POINT('',(-21.59821418571,31.571071428571,11.));
#10638 = CARTESIAN_POINT('',(-20.74642847142,32.637142857143,11.));
#10639 = CARTESIAN_POINT('',(-19.12857132857,32.637142857143,11.));
#10640 = ORIENTED_EDGE('',*,*,#10641,.T.);
#10641 = EDGE_CURVE('',#10634,#10642,#10644,.T.);
#10642 = VERTEX_POINT('',#10643);
#10643 = CARTESIAN_POINT('',(-18.25535704285,32.54,11.));
#10644 = B_SPLINE_CURVE_WITH_KNOTS('',2,(#10645,#10646,#10647),
  .UNSPECIFIED.,.F.,.F.,(3,3),(0.,1.),.PIECEWISE_BEZIER_KNOTS.);
#10645 = CARTESIAN_POINT('',(-19.12857132857,32.637142857143,11.));
#10646 = CARTESIAN_POINT('',(-18.67321418571,32.637142857143,11.));
#10647 = CARTESIAN_POINT('',(-18.25535704285,32.54,11.));
#10648 = ORIENTED_EDGE('',*,*,#10649,.T.);
#10649 = EDGE_CURVE('',#10642,#10650,#10652,.T.);
#10650 = VERTEX_POINT('',#10651);
#10651 = CARTESIAN_POINT('',(-17.47321418571,32.248571428571,11.));
#10652 = B_SPLINE_CURVE_WITH_KNOTS('',2,(#10653,#10654,#10655),
  .UNSPECIFIED.,.F.,.F.,(3,3),(0.,1.),.PIECEWISE_BEZIER_KNOTS.);
#10653 = CARTESIAN_POINT('',(-18.25535704285,32.54,11.));
#10654 = CARTESIAN_POINT('',(-17.8374999,32.442857142857,11.));
#10655 = CARTESIAN_POINT('',(-17.47321418571,32.248571428571,11.));
#10656 = ORIENTED_EDGE('',*,*,#10657,.T.);
#10657 = EDGE_CURVE('',#10650,#10658,#10660,.T.);
#10658 = VERTEX_POINT('',#10659);
#10659 = CARTESIAN_POINT('',(-17.47321418571,30.488571428571,11.));
#10660 = LINE('',#10661,#10662);
#10661 = CARTESIAN_POINT('',(-17.47321418571,32.248571428571,11.));
#10662 = VECTOR('',#10663,1.);
#10663 = DIRECTION('',(0.,-1.,0.));
#10664 = ORIENTED_EDGE('',*,*,#10665,.T.);
#10665 = EDGE_CURVE('',#10658,#10666,#10668,.T.);
#10666 = VERTEX_POINT('',#10667);
#10667 = CARTESIAN_POINT('',(-18.26357132857,31.043928571429,11.));
#10668 = B_SPLINE_CURVE_WITH_KNOTS('',2,(#10669,#10670,#10671),
  .UNSPECIFIED.,.F.,.F.,(3,3),(0.,1.),.PIECEWISE_BEZIER_KNOTS.);
#10669 = CARTESIAN_POINT('',(-17.47321418571,30.488571428571,11.));
#10670 = CARTESIAN_POINT('',(-17.88035704285,30.867857142857,11.));
#10671 = CARTESIAN_POINT('',(-18.26357132857,31.043928571429,11.));
#10672 = ORIENTED_EDGE('',*,*,#10673,.T.);
#10673 = EDGE_CURVE('',#10666,#10674,#10676,.T.);
#10674 = VERTEX_POINT('',#10675);
#10675 = CARTESIAN_POINT('',(-19.05357132857,31.22,11.));
#10676 = B_SPLINE_CURVE_WITH_KNOTS('',2,(#10677,#10678,#10679),
  .UNSPECIFIED.,.F.,.F.,(3,3),(0.,1.),.PIECEWISE_BEZIER_KNOTS.);
#10677 = CARTESIAN_POINT('',(-18.26357132857,31.043928571429,11.));
#10678 = CARTESIAN_POINT('',(-18.64642847142,31.22,11.));
#10679 = CARTESIAN_POINT('',(-19.05357132857,31.22,11.));
#10680 = ORIENTED_EDGE('',*,*,#10681,.T.);
#10681 = EDGE_CURVE('',#10674,#10682,#10684,.T.);
#10682 = VERTEX_POINT('',#10683);
#10683 = CARTESIAN_POINT('',(-20.36357132857,30.531071428571,11.));
#10684 = B_SPLINE_CURVE_WITH_KNOTS('',2,(#10685,#10686,#10687),
  .UNSPECIFIED.,.F.,.F.,(3,3),(0.,1.),.PIECEWISE_BEZIER_KNOTS.);
#10685 = CARTESIAN_POINT('',(-19.05357132857,31.22,11.));
#10686 = CARTESIAN_POINT('',(-19.92142847142,31.22,11.));
#10687 = CARTESIAN_POINT('',(-20.36357132857,30.531071428571,11.));
#10688 = ORIENTED_EDGE('',*,*,#10689,.T.);
#10689 = EDGE_CURVE('',#10682,#10690,#10692,.T.);
#10690 = VERTEX_POINT('',#10691);
#10691 = CARTESIAN_POINT('',(-20.80535704285,28.485714285714,11.));
#10692 = B_SPLINE_CURVE_WITH_KNOTS('',2,(#10693,#10694,#10695),
  .UNSPECIFIED.,.F.,.F.,(3,3),(0.,1.),.PIECEWISE_BEZIER_KNOTS.);
#10693 = CARTESIAN_POINT('',(-20.36357132857,30.531071428571,11.));
#10694 = CARTESIAN_POINT('',(-20.80535704285,29.842142857143,11.));
#10695 = CARTESIAN_POINT('',(-20.80535704285,28.485714285714,11.));
#10696 = ORIENTED_EDGE('',*,*,#10697,.T.);
#10697 = EDGE_CURVE('',#10690,#10698,#10700,.T.);
#10698 = VERTEX_POINT('',#10699);
#10699 = CARTESIAN_POINT('',(-20.36357132857,26.446071428571,11.));
#10700 = B_SPLINE_CURVE_WITH_KNOTS('',2,(#10701,#10702,#10703),
  .UNSPECIFIED.,.F.,.F.,(3,3),(0.,1.),.PIECEWISE_BEZIER_KNOTS.);
#10701 = CARTESIAN_POINT('',(-20.80535704285,28.485714285714,11.));
#10702 = CARTESIAN_POINT('',(-20.80535704285,27.135,11.));
#10703 = CARTESIAN_POINT('',(-20.36357132857,26.446071428571,11.));
#10704 = ORIENTED_EDGE('',*,*,#10705,.T.);
#10705 = EDGE_CURVE('',#10698,#10706,#10708,.T.);
#10706 = VERTEX_POINT('',#10707);
#10707 = CARTESIAN_POINT('',(-19.05357132857,25.757142857143,11.));
#10708 = B_SPLINE_CURVE_WITH_KNOTS('',2,(#10709,#10710,#10711),
  .UNSPECIFIED.,.F.,.F.,(3,3),(0.,1.),.PIECEWISE_BEZIER_KNOTS.);
#10709 = CARTESIAN_POINT('',(-20.36357132857,26.446071428571,11.));
#10710 = CARTESIAN_POINT('',(-19.92142847142,25.757142857143,11.));
#10711 = CARTESIAN_POINT('',(-19.05357132857,25.757142857143,11.));
#10712 = ORIENTED_EDGE('',*,*,#10713,.T.);
#10713 = EDGE_CURVE('',#10706,#10714,#10716,.T.);
#10714 = VERTEX_POINT('',#10715);
#10715 = CARTESIAN_POINT('',(-18.26357132857,25.933214285714,11.));
#10716 = B_SPLINE_CURVE_WITH_KNOTS('',2,(#10717,#10718,#10719),
  .UNSPECIFIED.,.F.,.F.,(3,3),(0.,1.),.PIECEWISE_BEZIER_KNOTS.);
#10717 = CARTESIAN_POINT('',(-19.05357132857,25.757142857143,11.));
#10718 = CARTESIAN_POINT('',(-18.64642847142,25.757142857143,11.));
#10719 = CARTESIAN_POINT('',(-18.26357132857,25.933214285714,11.));
#10720 = ORIENTED_EDGE('',*,*,#10721,.T.);
#10721 = EDGE_CURVE('',#10714,#10584,#10722,.T.);
#10722 = B_SPLINE_CURVE_WITH_KNOTS('',2,(#10723,#10724,#10725),
  .UNSPECIFIED.,.F.,.F.,(3,3),(0.,1.),.PIECEWISE_BEZIER_KNOTS.);
#10723 = CARTESIAN_POINT('',(-18.26357132857,25.933214285714,11.));
#10724 = CARTESIAN_POINT('',(-17.88035704285,26.109285714286,11.));
#10725 = CARTESIAN_POINT('',(-17.47321418571,26.488571428571,11.));
#10726 = FACE_BOUND('',#10727,.T.);
#10727 = EDGE_LOOP('',(#10728,#10738,#10746,#10754,#10762,#10770,#10778,
    #10786));
#10728 = ORIENTED_EDGE('',*,*,#10729,.T.);
#10729 = EDGE_CURVE('',#10730,#10732,#10734,.T.);
#10730 = VERTEX_POINT('',#10731);
#10731 = CARTESIAN_POINT('',(-16.48178561428,24.5,11.));
#10732 = VERTEX_POINT('',#10733);
#10733 = CARTESIAN_POINT('',(-14.32285704285,32.5,11.));
#10734 = LINE('',#10735,#10736);
#10735 = CARTESIAN_POINT('',(-16.48178561428,24.5,11.));
#10736 = VECTOR('',#10737,1.);
#10737 = DIRECTION('',(0.260545333068,0.965461614678,0.));
#10738 = ORIENTED_EDGE('',*,*,#10739,.T.);
#10739 = EDGE_CURVE('',#10732,#10740,#10742,.T.);
#10740 = VERTEX_POINT('',#10741);
#10741 = CARTESIAN_POINT('',(-12.38892847142,32.5,11.));
#10742 = LINE('',#10743,#10744);
#10743 = CARTESIAN_POINT('',(-14.32285704285,32.5,11.));
#10744 = VECTOR('',#10745,1.);
#10745 = DIRECTION('',(1.,0.,0.));
#10746 = ORIENTED_EDGE('',*,*,#10747,.T.);
#10747 = EDGE_CURVE('',#10740,#10748,#10750,.T.);
#10748 = VERTEX_POINT('',#10749);
#10749 = CARTESIAN_POINT('',(-10.2299999,24.5,11.));
#10750 = LINE('',#10751,#10752);
#10751 = CARTESIAN_POINT('',(-12.38892847142,32.5,11.));
#10752 = VECTOR('',#10753,1.);
#10753 = DIRECTION('',(0.260545333068,-0.965461614678,0.));
#10754 = ORIENTED_EDGE('',*,*,#10755,.T.);
#10755 = EDGE_CURVE('',#10748,#10756,#10758,.T.);
#10756 = VERTEX_POINT('',#10757);
#10757 = CARTESIAN_POINT('',(-11.81035704285,24.5,11.));
#10758 = LINE('',#10759,#10760);
#10759 = CARTESIAN_POINT('',(-10.2299999,24.5,11.));
#10760 = VECTOR('',#10761,1.);
#10761 = DIRECTION('',(-1.,0.,0.));
#10762 = ORIENTED_EDGE('',*,*,#10763,.T.);
#10763 = EDGE_CURVE('',#10756,#10764,#10766,.T.);
#10764 = VERTEX_POINT('',#10765);
#10765 = CARTESIAN_POINT('',(-12.30321418571,26.465714285714,11.));
#10766 = LINE('',#10767,#10768);
#10767 = CARTESIAN_POINT('',(-11.81035704285,24.5,11.));
#10768 = VECTOR('',#10769,1.);
#10769 = DIRECTION('',(-0.243199026877,0.969976408644,0.));
#10770 = ORIENTED_EDGE('',*,*,#10771,.T.);
#10771 = EDGE_CURVE('',#10764,#10772,#10774,.T.);
#10772 = VERTEX_POINT('',#10773);
#10773 = CARTESIAN_POINT('',(-14.41928561428,26.465714285714,11.));
#10774 = LINE('',#10775,#10776);
#10775 = CARTESIAN_POINT('',(-12.30321418571,26.465714285714,11.));
#10776 = VECTOR('',#10777,1.);
#10777 = DIRECTION('',(-1.,0.,0.));
#10778 = ORIENTED_EDGE('',*,*,#10779,.T.);
#10779 = EDGE_CURVE('',#10772,#10780,#10782,.T.);
#10780 = VERTEX_POINT('',#10781);
#10781 = CARTESIAN_POINT('',(-14.90142847142,24.5,11.));
#10782 = LINE('',#10783,#10784);
#10783 = CARTESIAN_POINT('',(-14.41928561428,26.465714285714,11.));
#10784 = VECTOR('',#10785,1.);
#10785 = DIRECTION('',(-0.238215246964,-0.971212384658,0.));
#10786 = ORIENTED_EDGE('',*,*,#10787,.T.);
#10787 = EDGE_CURVE('',#10780,#10730,#10788,.T.);
#10788 = LINE('',#10789,#10790);
#10789 = CARTESIAN_POINT('',(-14.90142847142,24.5,11.));
#10790 = VECTOR('',#10791,1.);
#10791 = DIRECTION('',(-1.,0.,0.));
#10792 = FACE_BOUND('',#10793,.T.);
#10793 = EDGE_LOOP('',(#10794,#10804,#10812,#10820,#10828,#10836,#10844,
    #10852));
#10794 = ORIENTED_EDGE('',*,*,#10795,.T.);
#10795 = EDGE_CURVE('',#10796,#10798,#10800,.T.);
#10796 = VERTEX_POINT('',#10797);
#10797 = CARTESIAN_POINT('',(0.645714385714,31.128571428571,11.));
#10798 = VERTEX_POINT('',#10799);
#10799 = CARTESIAN_POINT('',(0.645714385714,24.5,11.));
#10800 = LINE('',#10801,#10802);
#10801 = CARTESIAN_POINT('',(0.645714385714,31.128571428571,11.));
#10802 = VECTOR('',#10803,1.);
#10803 = DIRECTION('',(0.,-1.,0.));
#10804 = ORIENTED_EDGE('',*,*,#10805,.T.);
#10805 = EDGE_CURVE('',#10798,#10806,#10808,.T.);
#10806 = VERTEX_POINT('',#10807);
#10807 = CARTESIAN_POINT('',(-0.934642757143,24.5,11.));
#10808 = LINE('',#10809,#10810);
#10809 = CARTESIAN_POINT('',(0.645714385714,24.5,11.));
#10810 = VECTOR('',#10811,1.);
#10811 = DIRECTION('',(-1.,0.,0.));
#10812 = ORIENTED_EDGE('',*,*,#10813,.T.);
#10813 = EDGE_CURVE('',#10806,#10814,#10816,.T.);
#10814 = VERTEX_POINT('',#10815);
#10815 = CARTESIAN_POINT('',(-0.934642757143,31.128571428571,11.));
#10816 = LINE('',#10817,#10818);
#10817 = CARTESIAN_POINT('',(-0.934642757143,24.5,11.));
#10818 = VECTOR('',#10819,1.);
#10819 = DIRECTION('',(0.,1.,0.));
#10820 = ORIENTED_EDGE('',*,*,#10821,.T.);
#10821 = EDGE_CURVE('',#10814,#10822,#10824,.T.);
#10822 = VERTEX_POINT('',#10823);
#10823 = CARTESIAN_POINT('',(-2.9649999,31.128571428571,11.));
#10824 = LINE('',#10825,#10826);
#10825 = CARTESIAN_POINT('',(-0.934642757143,31.128571428571,11.));
#10826 = VECTOR('',#10827,1.);
#10827 = DIRECTION('',(-1.,0.,0.));
#10828 = ORIENTED_EDGE('',*,*,#10829,.T.);
#10829 = EDGE_CURVE('',#10822,#10830,#10832,.T.);
#10830 = VERTEX_POINT('',#10831);
#10831 = CARTESIAN_POINT('',(-2.9649999,32.5,11.));
#10832 = LINE('',#10833,#10834);
#10833 = CARTESIAN_POINT('',(-2.9649999,31.128571428571,11.));
#10834 = VECTOR('',#10835,1.);
#10835 = DIRECTION('',(0.,1.,0.));
#10836 = ORIENTED_EDGE('',*,*,#10837,.T.);
#10837 = EDGE_CURVE('',#10830,#10838,#10840,.T.);
#10838 = VERTEX_POINT('',#10839);
#10839 = CARTESIAN_POINT('',(2.676071528571,32.5,11.));
#10840 = LINE('',#10841,#10842);
#10841 = CARTESIAN_POINT('',(-2.9649999,32.5,11.));
#10842 = VECTOR('',#10843,1.);
#10843 = DIRECTION('',(1.,0.,0.));
#10844 = ORIENTED_EDGE('',*,*,#10845,.T.);
#10845 = EDGE_CURVE('',#10838,#10846,#10848,.T.);
#10846 = VERTEX_POINT('',#10847);
#10847 = CARTESIAN_POINT('',(2.676071528571,31.128571428571,11.));
#10848 = LINE('',#10849,#10850);
#10849 = CARTESIAN_POINT('',(2.676071528571,32.5,11.));
#10850 = VECTOR('',#10851,1.);
#10851 = DIRECTION('',(0.,-1.,0.));
#10852 = ORIENTED_EDGE('',*,*,#10853,.T.);
#10853 = EDGE_CURVE('',#10846,#10796,#10854,.T.);
#10854 = LINE('',#10855,#10856);
#10855 = CARTESIAN_POINT('',(2.676071528571,31.128571428571,11.));
#10856 = VECTOR('',#10857,1.);
#10857 = DIRECTION('',(-1.,0.,0.));
#10858 = FACE_BOUND('',#10859,.T.);
#10859 = EDGE_LOOP('',(#10860,#10870,#10878,#10886,#10894,#10902,#10910,
    #10918,#10926,#10934,#10942,#10950));
#10860 = ORIENTED_EDGE('',*,*,#10861,.T.);
#10861 = EDGE_CURVE('',#10862,#10864,#10866,.T.);
#10862 = VERTEX_POINT('',#10863);
#10863 = CARTESIAN_POINT('',(5.671071528571,31.105714285714,11.));
#10864 = VERTEX_POINT('',#10865);
#10865 = CARTESIAN_POINT('',(4.0800001,31.105714285714,11.));
#10866 = LINE('',#10867,#10868);
#10867 = CARTESIAN_POINT('',(5.671071528571,31.105714285714,11.));
#10868 = VECTOR('',#10869,1.);
#10869 = DIRECTION('',(-1.,0.,0.));
#10870 = ORIENTED_EDGE('',*,*,#10871,.T.);
#10871 = EDGE_CURVE('',#10864,#10872,#10874,.T.);
#10872 = VERTEX_POINT('',#10873);
#10873 = CARTESIAN_POINT('',(4.0800001,32.5,11.));
#10874 = LINE('',#10875,#10876);
#10875 = CARTESIAN_POINT('',(4.0800001,31.105714285714,11.));
#10876 = VECTOR('',#10877,1.);
#10877 = DIRECTION('',(0.,1.,0.));
#10878 = ORIENTED_EDGE('',*,*,#10879,.T.);
#10879 = EDGE_CURVE('',#10872,#10880,#10882,.T.);
#10880 = VERTEX_POINT('',#10881);
#10881 = CARTESIAN_POINT('',(8.8425001,32.5,11.));
#10882 = LINE('',#10883,#10884);
#10883 = CARTESIAN_POINT('',(4.0800001,32.5,11.));
#10884 = VECTOR('',#10885,1.);
#10885 = DIRECTION('',(1.,0.,0.));
#10886 = ORIENTED_EDGE('',*,*,#10887,.T.);
#10887 = EDGE_CURVE('',#10880,#10888,#10890,.T.);
#10888 = VERTEX_POINT('',#10889);
#10889 = CARTESIAN_POINT('',(8.8425001,31.105714285714,11.));
#10890 = LINE('',#10891,#10892);
#10891 = CARTESIAN_POINT('',(8.8425001,32.5,11.));
#10892 = VECTOR('',#10893,1.);
#10893 = DIRECTION('',(0.,-1.,0.));
#10894 = ORIENTED_EDGE('',*,*,#10895,.T.);
#10895 = EDGE_CURVE('',#10888,#10896,#10898,.T.);
#10896 = VERTEX_POINT('',#10897);
#10897 = CARTESIAN_POINT('',(7.251428671429,31.105714285714,11.));
#10898 = LINE('',#10899,#10900);
#10899 = CARTESIAN_POINT('',(8.8425001,31.105714285714,11.));
#10900 = VECTOR('',#10901,1.);
#10901 = DIRECTION('',(-1.,0.,0.));
#10902 = ORIENTED_EDGE('',*,*,#10903,.T.);
#10903 = EDGE_CURVE('',#10896,#10904,#10906,.T.);
#10904 = VERTEX_POINT('',#10905);
#10905 = CARTESIAN_POINT('',(7.251428671429,25.894285714286,11.));
#10906 = LINE('',#10907,#10908);
#10907 = CARTESIAN_POINT('',(7.251428671429,31.105714285714,11.));
#10908 = VECTOR('',#10909,1.);
#10909 = DIRECTION('',(0.,-1.,0.));
#10910 = ORIENTED_EDGE('',*,*,#10911,.T.);
#10911 = EDGE_CURVE('',#10904,#10912,#10914,.T.);
#10912 = VERTEX_POINT('',#10913);
#10913 = CARTESIAN_POINT('',(8.8425001,25.894285714286,11.));
#10914 = LINE('',#10915,#10916);
#10915 = CARTESIAN_POINT('',(7.251428671429,25.894285714286,11.));
#10916 = VECTOR('',#10917,1.);
#10917 = DIRECTION('',(1.,0.,0.));
#10918 = ORIENTED_EDGE('',*,*,#10919,.T.);
#10919 = EDGE_CURVE('',#10912,#10920,#10922,.T.);
#10920 = VERTEX_POINT('',#10921);
#10921 = CARTESIAN_POINT('',(8.8425001,24.5,11.));
#10922 = LINE('',#10923,#10924);
#10923 = CARTESIAN_POINT('',(8.8425001,25.894285714286,11.));
#10924 = VECTOR('',#10925,1.);
#10925 = DIRECTION('',(0.,-1.,0.));
#10926 = ORIENTED_EDGE('',*,*,#10927,.T.);
#10927 = EDGE_CURVE('',#10920,#10928,#10930,.T.);
#10928 = VERTEX_POINT('',#10929);
#10929 = CARTESIAN_POINT('',(4.0800001,24.5,11.));
#10930 = LINE('',#10931,#10932);
#10931 = CARTESIAN_POINT('',(8.8425001,24.5,11.));
#10932 = VECTOR('',#10933,1.);
#10933 = DIRECTION('',(-1.,0.,0.));
#10934 = ORIENTED_EDGE('',*,*,#10935,.T.);
#10935 = EDGE_CURVE('',#10928,#10936,#10938,.T.);
#10936 = VERTEX_POINT('',#10937);
#10937 = CARTESIAN_POINT('',(4.0800001,25.894285714286,11.));
#10938 = LINE('',#10939,#10940);
#10939 = CARTESIAN_POINT('',(4.0800001,24.5,11.));
#10940 = VECTOR('',#10941,1.);
#10941 = DIRECTION('',(0.,1.,0.));
#10942 = ORIENTED_EDGE('',*,*,#10943,.T.);
#10943 = EDGE_CURVE('',#10936,#10944,#10946,.T.);
#10944 = VERTEX_POINT('',#10945);
#10945 = CARTESIAN_POINT('',(5.671071528571,25.894285714286,11.));
#10946 = LINE('',#10947,#10948);
#10947 = CARTESIAN_POINT('',(4.0800001,25.894285714286,11.));
#10948 = VECTOR('',#10949,1.);
#10949 = DIRECTION('',(1.,0.,0.));
#10950 = ORIENTED_EDGE('',*,*,#10951,.T.);
#10951 = EDGE_CURVE('',#10944,#10862,#10952,.T.);
#10952 = LINE('',#10953,#10954);
#10953 = CARTESIAN_POINT('',(5.671071528571,25.894285714286,11.));
#10954 = VECTOR('',#10955,1.);
#10955 = DIRECTION('',(0.,1.,0.));
#10956 = FACE_BOUND('',#10957,.T.);
#10957 = EDGE_LOOP('',(#10958,#10968,#10976,#10984,#10992,#11000,#11008,
    #11016));
#10958 = ORIENTED_EDGE('',*,*,#10959,.T.);
#10959 = EDGE_CURVE('',#10960,#10962,#10964,.T.);
#10960 = VERTEX_POINT('',#10961);
#10961 = CARTESIAN_POINT('',(10.966785814286,25.389642857143,11.));
#10962 = VERTEX_POINT('',#10963);
#10963 = CARTESIAN_POINT('',(10.257142957143,28.486071428571,11.));
#10964 = B_SPLINE_CURVE_WITH_KNOTS('',2,(#10965,#10966,#10967),
  .UNSPECIFIED.,.F.,.F.,(3,3),(0.,1.),.PIECEWISE_BEZIER_KNOTS.);
#10965 = CARTESIAN_POINT('',(10.966785814286,25.389642857143,11.));
#10966 = CARTESIAN_POINT('',(10.257142957143,26.439642857143,11.));
#10967 = CARTESIAN_POINT('',(10.257142957143,28.486071428571,11.));
#10968 = ORIENTED_EDGE('',*,*,#10969,.T.);
#10969 = EDGE_CURVE('',#10962,#10970,#10972,.T.);
#10970 = VERTEX_POINT('',#10971);
#10971 = CARTESIAN_POINT('',(10.966785814286,31.587142857143,11.));
#10972 = B_SPLINE_CURVE_WITH_KNOTS('',2,(#10973,#10974,#10975),
  .UNSPECIFIED.,.F.,.F.,(3,3),(0.,1.),.PIECEWISE_BEZIER_KNOTS.);
#10973 = CARTESIAN_POINT('',(10.257142957143,28.486071428571,11.));
#10974 = CARTESIAN_POINT('',(10.257142957143,30.5375,11.));
#10975 = CARTESIAN_POINT('',(10.966785814286,31.587142857143,11.));
#10976 = ORIENTED_EDGE('',*,*,#10977,.T.);
#10977 = EDGE_CURVE('',#10970,#10978,#10980,.T.);
#10978 = VERTEX_POINT('',#10979);
#10979 = CARTESIAN_POINT('',(13.064285814286,32.637142857143,11.));
#10980 = B_SPLINE_CURVE_WITH_KNOTS('',2,(#10981,#10982,#10983),
  .UNSPECIFIED.,.F.,.F.,(3,3),(0.,1.),.PIECEWISE_BEZIER_KNOTS.);
#10981 = CARTESIAN_POINT('',(10.966785814286,31.587142857143,11.));
#10982 = CARTESIAN_POINT('',(11.676785814286,32.637142857143,11.));
#10983 = CARTESIAN_POINT('',(13.064285814286,32.637142857143,11.));
#10984 = ORIENTED_EDGE('',*,*,#10985,.T.);
#10985 = EDGE_CURVE('',#10978,#10986,#10988,.T.);
#10986 = VERTEX_POINT('',#10987);
#10987 = CARTESIAN_POINT('',(15.166785814286,31.587142857143,11.));
#10988 = B_SPLINE_CURVE_WITH_KNOTS('',2,(#10989,#10990,#10991),
  .UNSPECIFIED.,.F.,.F.,(3,3),(0.,1.),.PIECEWISE_BEZIER_KNOTS.);
#10989 = CARTESIAN_POINT('',(13.064285814286,32.637142857143,11.));
#10990 = CARTESIAN_POINT('',(14.457142957143,32.637142857143,11.));
#10991 = CARTESIAN_POINT('',(15.166785814286,31.587142857143,11.));
#10992 = ORIENTED_EDGE('',*,*,#10993,.T.);
#10993 = EDGE_CURVE('',#10986,#10994,#10996,.T.);
#10994 = VERTEX_POINT('',#10995);
#10995 = CARTESIAN_POINT('',(15.876785814286,28.486071428571,11.));
#10996 = B_SPLINE_CURVE_WITH_KNOTS('',2,(#10997,#10998,#10999),
  .UNSPECIFIED.,.F.,.F.,(3,3),(0.,1.),.PIECEWISE_BEZIER_KNOTS.);
#10997 = CARTESIAN_POINT('',(15.166785814286,31.587142857143,11.));
#10998 = CARTESIAN_POINT('',(15.876785814286,30.5375,11.));
#10999 = CARTESIAN_POINT('',(15.876785814286,28.486071428571,11.));
#11000 = ORIENTED_EDGE('',*,*,#11001,.T.);
#11001 = EDGE_CURVE('',#10994,#11002,#11004,.T.);
#11002 = VERTEX_POINT('',#11003);
#11003 = CARTESIAN_POINT('',(15.166785814286,25.389642857143,11.));
#11004 = B_SPLINE_CURVE_WITH_KNOTS('',2,(#11005,#11006,#11007),
  .UNSPECIFIED.,.F.,.F.,(3,3),(0.,1.),.PIECEWISE_BEZIER_KNOTS.);
#11005 = CARTESIAN_POINT('',(15.876785814286,28.486071428571,11.));
#11006 = CARTESIAN_POINT('',(15.876785814286,26.439642857143,11.));
#11007 = CARTESIAN_POINT('',(15.166785814286,25.389642857143,11.));
#11008 = ORIENTED_EDGE('',*,*,#11009,.T.);
#11009 = EDGE_CURVE('',#11002,#11010,#11012,.T.);
#11010 = VERTEX_POINT('',#11011);
#11011 = CARTESIAN_POINT('',(13.064285814286,24.34,11.));
#11012 = B_SPLINE_CURVE_WITH_KNOTS('',2,(#11013,#11014,#11015),
  .UNSPECIFIED.,.F.,.F.,(3,3),(0.,1.),.PIECEWISE_BEZIER_KNOTS.);
#11013 = CARTESIAN_POINT('',(15.166785814286,25.389642857143,11.));
#11014 = CARTESIAN_POINT('',(14.457142957143,24.34,11.));
#11015 = CARTESIAN_POINT('',(13.064285814286,24.34,11.));
#11016 = ORIENTED_EDGE('',*,*,#11017,.T.);
#11017 = EDGE_CURVE('',#11010,#10960,#11018,.T.);
#11018 = B_SPLINE_CURVE_WITH_KNOTS('',2,(#11019,#11020,#11021),
  .UNSPECIFIED.,.F.,.F.,(3,3),(0.,1.),.PIECEWISE_BEZIER_KNOTS.);
#11019 = CARTESIAN_POINT('',(13.064285814286,24.34,11.));
#11020 = CARTESIAN_POINT('',(11.676785814286,24.34,11.));
#11021 = CARTESIAN_POINT('',(10.966785814286,25.389642857143,11.));
#11022 = FACE_BOUND('',#11023,.T.);
#11023 = EDGE_LOOP('',(#11024,#11034,#11042,#11050,#11058,#11066,#11074,
    #11082,#11090,#11098));
#11024 = ORIENTED_EDGE('',*,*,#11025,.T.);
#11025 = EDGE_CURVE('',#11026,#11028,#11030,.T.);
#11026 = VERTEX_POINT('',#11027);
#11027 = CARTESIAN_POINT('',(17.0075001,24.5,11.));
#11028 = VERTEX_POINT('',#11029);
#11029 = CARTESIAN_POINT('',(17.0075001,32.5,11.));
#11030 = LINE('',#11031,#11032);
#11031 = CARTESIAN_POINT('',(17.0075001,24.5,11.));
#11032 = VECTOR('',#11033,1.);
#11033 = DIRECTION('',(0.,1.,0.));
#11034 = ORIENTED_EDGE('',*,*,#11035,.T.);
#11035 = EDGE_CURVE('',#11028,#11036,#11038,.T.);
#11036 = VERTEX_POINT('',#11037);
#11037 = CARTESIAN_POINT('',(18.705714385714,32.5,11.));
#11038 = LINE('',#11039,#11040);
#11039 = CARTESIAN_POINT('',(17.0075001,32.5,11.));
#11040 = VECTOR('',#11041,1.);
#11041 = DIRECTION('',(1.,0.,0.));
#11042 = ORIENTED_EDGE('',*,*,#11043,.T.);
#11043 = EDGE_CURVE('',#11036,#11044,#11046,.T.);
#11044 = VERTEX_POINT('',#11045);
#11045 = CARTESIAN_POINT('',(20.934285814286,26.686071428571,11.));
#11046 = LINE('',#11047,#11048);
#11047 = CARTESIAN_POINT('',(18.705714385714,32.5,11.));
#11048 = VECTOR('',#11049,1.);
#11049 = DIRECTION('',(0.357921841948,-0.933751548891,0.));
#11050 = ORIENTED_EDGE('',*,*,#11051,.T.);
#11051 = EDGE_CURVE('',#11044,#11052,#11054,.T.);
#11052 = VERTEX_POINT('',#11053);
#11053 = CARTESIAN_POINT('',(20.934285814286,32.5,11.));
#11054 = LINE('',#11055,#11056);
#11055 = CARTESIAN_POINT('',(20.934285814286,26.686071428571,11.));
#11056 = VECTOR('',#11057,1.);
#11057 = DIRECTION('',(0.,1.,0.));
#11058 = ORIENTED_EDGE('',*,*,#11059,.T.);
#11059 = EDGE_CURVE('',#11052,#11060,#11062,.T.);
#11060 = VERTEX_POINT('',#11061);
#11061 = CARTESIAN_POINT('',(22.327142957143,32.5,11.));
#11062 = LINE('',#11063,#11064);
#11063 = CARTESIAN_POINT('',(20.934285814286,32.5,11.));
#11064 = VECTOR('',#11065,1.);
#11065 = DIRECTION('',(1.,0.,0.));
#11066 = ORIENTED_EDGE('',*,*,#11067,.T.);
#11067 = EDGE_CURVE('',#11060,#11068,#11070,.T.);
#11068 = VERTEX_POINT('',#11069);
#11069 = CARTESIAN_POINT('',(22.327142957143,24.5,11.));
#11070 = LINE('',#11071,#11072);
#11071 = CARTESIAN_POINT('',(22.327142957143,32.5,11.));
#11072 = VECTOR('',#11073,1.);
#11073 = DIRECTION('',(0.,-1.,0.));
#11074 = ORIENTED_EDGE('',*,*,#11075,.T.);
#11075 = EDGE_CURVE('',#11068,#11076,#11078,.T.);
#11076 = VERTEX_POINT('',#11077);
#11077 = CARTESIAN_POINT('',(20.639642957143,24.5,11.));
#11078 = LINE('',#11079,#11080);
#11079 = CARTESIAN_POINT('',(22.327142957143,24.5,11.));
#11080 = VECTOR('',#11081,1.);
#11081 = DIRECTION('',(-1.,0.,0.));
#11082 = ORIENTED_EDGE('',*,*,#11083,.T.);
#11083 = EDGE_CURVE('',#11076,#11084,#11086,.T.);
#11084 = VERTEX_POINT('',#11085);
#11085 = CARTESIAN_POINT('',(18.400357242857,30.313928571429,11.));
#11086 = LINE('',#11087,#11088);
#11087 = CARTESIAN_POINT('',(20.639642957143,24.5,11.));
#11088 = VECTOR('',#11089,1.);
#11089 = DIRECTION('',(-0.359420787632,0.933175598383,0.));
#11090 = ORIENTED_EDGE('',*,*,#11091,.T.);
#11091 = EDGE_CURVE('',#11084,#11092,#11094,.T.);
#11092 = VERTEX_POINT('',#11093);
#11093 = CARTESIAN_POINT('',(18.400357242857,24.5,11.));
#11094 = LINE('',#11095,#11096);
#11095 = CARTESIAN_POINT('',(18.400357242857,30.313928571429,11.));
#11096 = VECTOR('',#11097,1.);
#11097 = DIRECTION('',(0.,-1.,0.));
#11098 = ORIENTED_EDGE('',*,*,#11099,.T.);
#11099 = EDGE_CURVE('',#11092,#11026,#11100,.T.);
#11100 = LINE('',#11101,#11102);
#11101 = CARTESIAN_POINT('',(18.400357242857,24.5,11.));
#11102 = VECTOR('',#11103,1.);
#11103 = DIRECTION('',(-1.,0.,0.));
#11104 = PLANE('',#11105);
#11105 = AXIS2_PLACEMENT_3D('',#11106,#11107,#11108);
#11106 = CARTESIAN_POINT('',(7.58E-15,28.765,11.));
#11107 = DIRECTION('',(0.,0.,1.));
#11108 = DIRECTION('',(1.,0.,0.));
#11109 = ADVANCED_FACE('',(#11110),#11116,.F.);
#11110 = FACE_BOUND('',#11111,.F.);
#11111 = EDGE_LOOP('',(#11112,#11113,#11114,#11115));
#11112 = ORIENTED_EDGE('',*,*,#9781,.T.);
#11113 = ORIENTED_EDGE('',*,*,#10460,.T.);
#11114 = ORIENTED_EDGE('',*,*,#9741,.F.);
#11115 = ORIENTED_EDGE('',*,*,#9805,.F.);
#11116 = PLANE('',#11117);
#11117 = AXIS2_PLACEMENT_3D('',#11118,#11119,#11120);
#11118 = CARTESIAN_POINT('',(27.,22.,10.));
#11119 = DIRECTION('',(-1.,0.,0.));
#11120 = DIRECTION('',(0.,1.,0.));
#11121 = ADVANCED_FACE('',(#11122),#11138,.F.);
#11122 = FACE_BOUND('',#11123,.F.);
#11123 = EDGE_LOOP('',(#11124,#11130,#11131,#11137));
#11124 = ORIENTED_EDGE('',*,*,#11125,.T.);
#11125 = EDGE_CURVE('',#9815,#10470,#11126,.T.);
#11126 = LINE('',#11127,#11128);
#11127 = CARTESIAN_POINT('',(-8.834285614286,25.081428571429,10.));
#11128 = VECTOR('',#11129,1.);
#11129 = DIRECTION('',(0.,0.,1.));
#11130 = ORIENTED_EDGE('',*,*,#10469,.T.);
#11131 = ORIENTED_EDGE('',*,*,#11132,.F.);
#11132 = EDGE_CURVE('',#9817,#10472,#11133,.T.);
#11133 = LINE('',#11134,#11135);
#11134 = CARTESIAN_POINT('',(-9.4849999,27.456071428571,10.));
#11135 = VECTOR('',#11136,1.);
#11136 = DIRECTION('',(0.,0.,1.));
#11137 = ORIENTED_EDGE('',*,*,#9814,.F.);
#11138 = SURFACE_OF_LINEAR_EXTRUSION('',#11139,#11143);
#11139 = B_SPLINE_CURVE_WITH_KNOTS('',2,(#11140,#11141,#11142),
  .UNSPECIFIED.,.F.,.F.,(3,3),(0.,1.),.PIECEWISE_BEZIER_KNOTS.);
#11140 = CARTESIAN_POINT('',(-8.834285614286,25.081428571429,10.));
#11141 = CARTESIAN_POINT('',(-9.4849999,25.822857142857,10.));
#11142 = CARTESIAN_POINT('',(-9.4849999,27.456071428571,10.));
#11143 = VECTOR('',#11144,1.);
#11144 = DIRECTION('',(-0.,-0.,-1.));
#11145 = ADVANCED_FACE('',(#11146),#11157,.F.);
#11146 = FACE_BOUND('',#11147,.F.);
#11147 = EDGE_LOOP('',(#11148,#11154,#11155,#11156));
#11148 = ORIENTED_EDGE('',*,*,#11149,.T.);
#11149 = EDGE_CURVE('',#9913,#10568,#11150,.T.);
#11150 = LINE('',#11151,#11152);
#11151 = CARTESIAN_POINT('',(-6.752857042857,24.34,10.));
#11152 = VECTOR('',#11153,1.);
#11153 = DIRECTION('',(0.,0.,1.));
#11154 = ORIENTED_EDGE('',*,*,#10575,.T.);
#11155 = ORIENTED_EDGE('',*,*,#11125,.F.);
#11156 = ORIENTED_EDGE('',*,*,#9920,.F.);
#11157 = SURFACE_OF_LINEAR_EXTRUSION('',#11158,#11162);
#11158 = B_SPLINE_CURVE_WITH_KNOTS('',2,(#11159,#11160,#11161),
  .UNSPECIFIED.,.F.,.F.,(3,3),(0.,1.),.PIECEWISE_BEZIER_KNOTS.);
#11159 = CARTESIAN_POINT('',(-6.752857042857,24.34,10.));
#11160 = CARTESIAN_POINT('',(-8.183214185714,24.34,10.));
#11161 = CARTESIAN_POINT('',(-8.834285614286,25.081428571429,10.));
#11162 = VECTOR('',#11163,1.);
#11163 = DIRECTION('',(-0.,-0.,-1.));
#11164 = ADVANCED_FACE('',(#11165),#11176,.F.);
#11165 = FACE_BOUND('',#11166,.F.);
#11166 = EDGE_LOOP('',(#11167,#11173,#11174,#11175));
#11167 = ORIENTED_EDGE('',*,*,#11168,.T.);
#11168 = EDGE_CURVE('',#9905,#10560,#11169,.T.);
#11169 = LINE('',#11170,#11171);
#11170 = CARTESIAN_POINT('',(-4.668928471429,25.081428571429,10.));
#11171 = VECTOR('',#11172,1.);
#11172 = DIRECTION('',(0.,0.,1.));
#11173 = ORIENTED_EDGE('',*,*,#10567,.T.);
#11174 = ORIENTED_EDGE('',*,*,#11149,.F.);
#11175 = ORIENTED_EDGE('',*,*,#9912,.F.);
#11176 = SURFACE_OF_LINEAR_EXTRUSION('',#11177,#11181);
#11177 = B_SPLINE_CURVE_WITH_KNOTS('',2,(#11178,#11179,#11180),
  .UNSPECIFIED.,.F.,.F.,(3,3),(0.,1.),.PIECEWISE_BEZIER_KNOTS.);
#11178 = CARTESIAN_POINT('',(-4.668928471429,25.081428571429,10.));
#11179 = CARTESIAN_POINT('',(-5.317142757143,24.34,10.));
#11180 = CARTESIAN_POINT('',(-6.752857042857,24.34,10.));
#11181 = VECTOR('',#11182,1.);
#11182 = DIRECTION('',(-0.,-0.,-1.));
#11183 = ADVANCED_FACE('',(#11184),#11195,.F.);
#11184 = FACE_BOUND('',#11185,.F.);
#11185 = EDGE_LOOP('',(#11186,#11192,#11193,#11194));
#11186 = ORIENTED_EDGE('',*,*,#11187,.T.);
#11187 = EDGE_CURVE('',#9897,#10552,#11188,.T.);
#11188 = LINE('',#11189,#11190);
#11189 = CARTESIAN_POINT('',(-4.020714185714,27.456071428571,10.));
#11190 = VECTOR('',#11191,1.);
#11191 = DIRECTION('',(0.,0.,1.));
#11192 = ORIENTED_EDGE('',*,*,#10559,.T.);
#11193 = ORIENTED_EDGE('',*,*,#11168,.F.);
#11194 = ORIENTED_EDGE('',*,*,#9904,.F.);
#11195 = SURFACE_OF_LINEAR_EXTRUSION('',#11196,#11200);
#11196 = B_SPLINE_CURVE_WITH_KNOTS('',2,(#11197,#11198,#11199),
  .UNSPECIFIED.,.F.,.F.,(3,3),(0.,1.),.PIECEWISE_BEZIER_KNOTS.);
#11197 = CARTESIAN_POINT('',(-4.020714185714,27.456071428571,10.));
#11198 = CARTESIAN_POINT('',(-4.020714185714,25.822857142857,10.));
#11199 = CARTESIAN_POINT('',(-4.668928471429,25.081428571429,10.));
#11200 = VECTOR('',#11201,1.);
#11201 = DIRECTION('',(-0.,-0.,-1.));
#11202 = ADVANCED_FACE('',(#11203),#11214,.F.);
#11203 = FACE_BOUND('',#11204,.F.);
#11204 = EDGE_LOOP('',(#11205,#11211,#11212,#11213));
#11205 = ORIENTED_EDGE('',*,*,#11206,.T.);
#11206 = EDGE_CURVE('',#9889,#10544,#11207,.T.);
#11207 = LINE('',#11208,#11209);
#11208 = CARTESIAN_POINT('',(-4.020714185714,32.5,10.));
#11209 = VECTOR('',#11210,1.);
#11210 = DIRECTION('',(0.,0.,1.));
#11211 = ORIENTED_EDGE('',*,*,#10551,.T.);
#11212 = ORIENTED_EDGE('',*,*,#11187,.F.);
#11213 = ORIENTED_EDGE('',*,*,#9896,.F.);
#11214 = PLANE('',#11215);
#11215 = AXIS2_PLACEMENT_3D('',#11216,#11217,#11218);
#11216 = CARTESIAN_POINT('',(-4.020714185714,32.5,10.));
#11217 = DIRECTION('',(1.,0.,0.));
#11218 = DIRECTION('',(0.,-1.,0.));
#11219 = ADVANCED_FACE('',(#11220),#11231,.F.);
#11220 = FACE_BOUND('',#11221,.F.);
#11221 = EDGE_LOOP('',(#11222,#11228,#11229,#11230));
#11222 = ORIENTED_EDGE('',*,*,#11223,.T.);
#11223 = EDGE_CURVE('',#9881,#10536,#11224,.T.);
#11224 = LINE('',#11225,#11226);
#11225 = CARTESIAN_POINT('',(-5.601071328571,32.5,10.));
#11226 = VECTOR('',#11227,1.);
#11227 = DIRECTION('',(0.,0.,1.));
#11228 = ORIENTED_EDGE('',*,*,#10543,.T.);
#11229 = ORIENTED_EDGE('',*,*,#11206,.F.);
#11230 = ORIENTED_EDGE('',*,*,#9888,.F.);
#11231 = PLANE('',#11232);
#11232 = AXIS2_PLACEMENT_3D('',#11233,#11234,#11235);
#11233 = CARTESIAN_POINT('',(-5.601071328571,32.5,10.));
#11234 = DIRECTION('',(0.,1.,0.));
#11235 = DIRECTION('',(1.,0.,0.));
#11236 = ADVANCED_FACE('',(#11237),#11248,.F.);
#11237 = FACE_BOUND('',#11238,.F.);
#11238 = EDGE_LOOP('',(#11239,#11245,#11246,#11247));
#11239 = ORIENTED_EDGE('',*,*,#11240,.T.);
#11240 = EDGE_CURVE('',#9873,#10528,#11241,.T.);
#11241 = LINE('',#11242,#11243);
#11242 = CARTESIAN_POINT('',(-5.601071328571,27.059642857143,10.));
#11243 = VECTOR('',#11244,1.);
#11244 = DIRECTION('',(0.,0.,1.));
#11245 = ORIENTED_EDGE('',*,*,#10535,.T.);
#11246 = ORIENTED_EDGE('',*,*,#11223,.F.);
#11247 = ORIENTED_EDGE('',*,*,#9880,.F.);
#11248 = PLANE('',#11249);
#11249 = AXIS2_PLACEMENT_3D('',#11250,#11251,#11252);
#11250 = CARTESIAN_POINT('',(-5.601071328571,27.059642857143,10.));
#11251 = DIRECTION('',(-1.,0.,0.));
#11252 = DIRECTION('',(0.,1.,0.));
#11253 = ADVANCED_FACE('',(#11254),#11265,.F.);
#11254 = FACE_BOUND('',#11255,.F.);
#11255 = EDGE_LOOP('',(#11256,#11262,#11263,#11264));
#11256 = ORIENTED_EDGE('',*,*,#11257,.T.);
#11257 = EDGE_CURVE('',#9865,#10520,#11258,.T.);
#11258 = LINE('',#11259,#11260);
#11259 = CARTESIAN_POINT('',(-5.906428471429,26.12,10.));
#11260 = VECTOR('',#11261,1.);
#11261 = DIRECTION('',(0.,0.,1.));
#11262 = ORIENTED_EDGE('',*,*,#10527,.T.);
#11263 = ORIENTED_EDGE('',*,*,#11240,.F.);
#11264 = ORIENTED_EDGE('',*,*,#9872,.F.);
#11265 = SURFACE_OF_LINEAR_EXTRUSION('',#11266,#11270);
#11266 = B_SPLINE_CURVE_WITH_KNOTS('',2,(#11267,#11268,#11269),
  .UNSPECIFIED.,.F.,.F.,(3,3),(0.,1.),.PIECEWISE_BEZIER_KNOTS.);
#11267 = CARTESIAN_POINT('',(-5.906428471429,26.12,10.));
#11268 = CARTESIAN_POINT('',(-5.601071328571,26.46,10.));
#11269 = CARTESIAN_POINT('',(-5.601071328571,27.059642857143,10.));
#11270 = VECTOR('',#11271,1.);
#11271 = DIRECTION('',(-0.,-0.,-1.));
#11272 = ADVANCED_FACE('',(#11273),#11284,.F.);
#11273 = FACE_BOUND('',#11274,.F.);
#11274 = EDGE_LOOP('',(#11275,#11281,#11282,#11283));
#11275 = ORIENTED_EDGE('',*,*,#11276,.T.);
#11276 = EDGE_CURVE('',#9857,#10512,#11277,.T.);
#11277 = LINE('',#11278,#11279);
#11278 = CARTESIAN_POINT('',(-6.752857042857,25.78,10.));
#11279 = VECTOR('',#11280,1.);
#11280 = DIRECTION('',(0.,0.,1.));
#11281 = ORIENTED_EDGE('',*,*,#10519,.T.);
#11282 = ORIENTED_EDGE('',*,*,#11257,.F.);
#11283 = ORIENTED_EDGE('',*,*,#9864,.F.);
#11284 = SURFACE_OF_LINEAR_EXTRUSION('',#11285,#11289);
#11285 = B_SPLINE_CURVE_WITH_KNOTS('',2,(#11286,#11287,#11288),
  .UNSPECIFIED.,.F.,.F.,(3,3),(0.,1.),.PIECEWISE_BEZIER_KNOTS.);
#11286 = CARTESIAN_POINT('',(-6.752857042857,25.78,10.));
#11287 = CARTESIAN_POINT('',(-6.211785614286,25.78,10.));
#11288 = CARTESIAN_POINT('',(-5.906428471429,26.12,10.));
#11289 = VECTOR('',#11290,1.);
#11290 = DIRECTION('',(-0.,-0.,-1.));
#11291 = ADVANCED_FACE('',(#11292),#11303,.F.);
#11292 = FACE_BOUND('',#11293,.F.);
#11293 = EDGE_LOOP('',(#11294,#11300,#11301,#11302));
#11294 = ORIENTED_EDGE('',*,*,#11295,.T.);
#11295 = EDGE_CURVE('',#9849,#10504,#11296,.T.);
#11296 = LINE('',#11297,#11298);
#11297 = CARTESIAN_POINT('',(-7.599285614286,26.12,10.));
#11298 = VECTOR('',#11299,1.);
#11299 = DIRECTION('',(0.,0.,1.));
#11300 = ORIENTED_EDGE('',*,*,#10511,.T.);
#11301 = ORIENTED_EDGE('',*,*,#11276,.F.);
#11302 = ORIENTED_EDGE('',*,*,#9856,.F.);
#11303 = SURFACE_OF_LINEAR_EXTRUSION('',#11304,#11308);
#11304 = B_SPLINE_CURVE_WITH_KNOTS('',2,(#11305,#11306,#11307),
  .UNSPECIFIED.,.F.,.F.,(3,3),(0.,1.),.PIECEWISE_BEZIER_KNOTS.);
#11305 = CARTESIAN_POINT('',(-7.599285614286,26.12,10.));
#11306 = CARTESIAN_POINT('',(-7.293928471429,25.78,10.));
#11307 = CARTESIAN_POINT('',(-6.752857042857,25.78,10.));
#11308 = VECTOR('',#11309,1.);
#11309 = DIRECTION('',(-0.,-0.,-1.));
#11310 = ADVANCED_FACE('',(#11311),#11322,.F.);
#11311 = FACE_BOUND('',#11312,.F.);
#11312 = EDGE_LOOP('',(#11313,#11319,#11320,#11321));
#11313 = ORIENTED_EDGE('',*,*,#11314,.T.);
#11314 = EDGE_CURVE('',#9841,#10496,#11315,.T.);
#11315 = LINE('',#11316,#11317);
#11316 = CARTESIAN_POINT('',(-7.904642757143,27.059642857143,10.));
#11317 = VECTOR('',#11318,1.);
#11318 = DIRECTION('',(0.,0.,1.));
#11319 = ORIENTED_EDGE('',*,*,#10503,.T.);
#11320 = ORIENTED_EDGE('',*,*,#11295,.F.);
#11321 = ORIENTED_EDGE('',*,*,#9848,.F.);
#11322 = SURFACE_OF_LINEAR_EXTRUSION('',#11323,#11327);
#11323 = B_SPLINE_CURVE_WITH_KNOTS('',2,(#11324,#11325,#11326),
  .UNSPECIFIED.,.F.,.F.,(3,3),(0.,1.),.PIECEWISE_BEZIER_KNOTS.);
#11324 = CARTESIAN_POINT('',(-7.904642757143,27.059642857143,10.));
#11325 = CARTESIAN_POINT('',(-7.904642757143,26.46,10.));
#11326 = CARTESIAN_POINT('',(-7.599285614286,26.12,10.));
#11327 = VECTOR('',#11328,1.);
#11328 = DIRECTION('',(-0.,-0.,-1.));
#11329 = ADVANCED_FACE('',(#11330),#11341,.F.);
#11330 = FACE_BOUND('',#11331,.F.);
#11331 = EDGE_LOOP('',(#11332,#11338,#11339,#11340));
#11332 = ORIENTED_EDGE('',*,*,#11333,.T.);
#11333 = EDGE_CURVE('',#9833,#10488,#11334,.T.);
#11334 = LINE('',#11335,#11336);
#11335 = CARTESIAN_POINT('',(-7.904642757143,32.5,10.));
#11336 = VECTOR('',#11337,1.);
#11337 = DIRECTION('',(0.,0.,1.));
#11338 = ORIENTED_EDGE('',*,*,#10495,.T.);
#11339 = ORIENTED_EDGE('',*,*,#11314,.F.);
#11340 = ORIENTED_EDGE('',*,*,#9840,.F.);
#11341 = PLANE('',#11342);
#11342 = AXIS2_PLACEMENT_3D('',#11343,#11344,#11345);
#11343 = CARTESIAN_POINT('',(-7.904642757143,32.5,10.));
#11344 = DIRECTION('',(1.,0.,0.));
#11345 = DIRECTION('',(0.,-1.,0.));
#11346 = ADVANCED_FACE('',(#11347),#11358,.F.);
#11347 = FACE_BOUND('',#11348,.F.);
#11348 = EDGE_LOOP('',(#11349,#11355,#11356,#11357));
#11349 = ORIENTED_EDGE('',*,*,#11350,.T.);
#11350 = EDGE_CURVE('',#9825,#10480,#11351,.T.);
#11351 = LINE('',#11352,#11353);
#11352 = CARTESIAN_POINT('',(-9.4849999,32.5,10.));
#11353 = VECTOR('',#11354,1.);
#11354 = DIRECTION('',(0.,0.,1.));
#11355 = ORIENTED_EDGE('',*,*,#10487,.T.);
#11356 = ORIENTED_EDGE('',*,*,#11333,.F.);
#11357 = ORIENTED_EDGE('',*,*,#9832,.F.);
#11358 = PLANE('',#11359);
#11359 = AXIS2_PLACEMENT_3D('',#11360,#11361,#11362);
#11360 = CARTESIAN_POINT('',(-9.4849999,32.5,10.));
#11361 = DIRECTION('',(0.,1.,0.));
#11362 = DIRECTION('',(1.,0.,0.));
#11363 = ADVANCED_FACE('',(#11364),#11370,.F.);
#11364 = FACE_BOUND('',#11365,.F.);
#11365 = EDGE_LOOP('',(#11366,#11367,#11368,#11369));
#11366 = ORIENTED_EDGE('',*,*,#11132,.T.);
#11367 = ORIENTED_EDGE('',*,*,#10479,.T.);
#11368 = ORIENTED_EDGE('',*,*,#11350,.F.);
#11369 = ORIENTED_EDGE('',*,*,#9824,.F.);
#11370 = PLANE('',#11371);
#11371 = AXIS2_PLACEMENT_3D('',#11372,#11373,#11374);
#11372 = CARTESIAN_POINT('',(-9.4849999,27.456071428571,10.));
#11373 = DIRECTION('',(-1.,0.,0.));
#11374 = DIRECTION('',(0.,1.,0.));
#11375 = ADVANCED_FACE('',(#11376),#11392,.F.);
#11376 = FACE_BOUND('',#11377,.F.);
#11377 = EDGE_LOOP('',(#11378,#11384,#11385,#11391));
#11378 = ORIENTED_EDGE('',*,*,#11379,.T.);
#11379 = EDGE_CURVE('',#9929,#10584,#11380,.T.);
#11380 = LINE('',#11381,#11382);
#11381 = CARTESIAN_POINT('',(-17.47321418571,26.488571428571,10.));
#11382 = VECTOR('',#11383,1.);
#11383 = DIRECTION('',(0.,0.,1.));
#11384 = ORIENTED_EDGE('',*,*,#10583,.T.);
#11385 = ORIENTED_EDGE('',*,*,#11386,.F.);
#11386 = EDGE_CURVE('',#9931,#10586,#11387,.T.);
#11387 = LINE('',#11388,#11389);
#11388 = CARTESIAN_POINT('',(-17.47321418571,24.728571428571,10.));
#11389 = VECTOR('',#11390,1.);
#11390 = DIRECTION('',(0.,0.,1.));
#11391 = ORIENTED_EDGE('',*,*,#9928,.F.);
#11392 = PLANE('',#11393);
#11393 = AXIS2_PLACEMENT_3D('',#11394,#11395,#11396);
#11394 = CARTESIAN_POINT('',(-17.47321418571,26.488571428571,10.));
#11395 = DIRECTION('',(1.,0.,0.));
#11396 = DIRECTION('',(0.,-1.,0.));
#11397 = ADVANCED_FACE('',(#11398),#11409,.F.);
#11398 = FACE_BOUND('',#11399,.F.);
#11399 = EDGE_LOOP('',(#11400,#11406,#11407,#11408));
#11400 = ORIENTED_EDGE('',*,*,#11401,.T.);
#11401 = EDGE_CURVE('',#10059,#10714,#11402,.T.);
#11402 = LINE('',#11403,#11404);
#11403 = CARTESIAN_POINT('',(-18.26357132857,25.933214285714,10.));
#11404 = VECTOR('',#11405,1.);
#11405 = DIRECTION('',(0.,0.,1.));
#11406 = ORIENTED_EDGE('',*,*,#10721,.T.);
#11407 = ORIENTED_EDGE('',*,*,#11379,.F.);
#11408 = ORIENTED_EDGE('',*,*,#10066,.F.);
#11409 = SURFACE_OF_LINEAR_EXTRUSION('',#11410,#11414);
#11410 = B_SPLINE_CURVE_WITH_KNOTS('',2,(#11411,#11412,#11413),
  .UNSPECIFIED.,.F.,.F.,(3,3),(0.,1.),.PIECEWISE_BEZIER_KNOTS.);
#11411 = CARTESIAN_POINT('',(-18.26357132857,25.933214285714,10.));
#11412 = CARTESIAN_POINT('',(-17.88035704285,26.109285714286,10.));
#11413 = CARTESIAN_POINT('',(-17.47321418571,26.488571428571,10.));
#11414 = VECTOR('',#11415,1.);
#11415 = DIRECTION('',(-0.,-0.,-1.));
#11416 = ADVANCED_FACE('',(#11417),#11428,.F.);
#11417 = FACE_BOUND('',#11418,.F.);
#11418 = EDGE_LOOP('',(#11419,#11425,#11426,#11427));
#11419 = ORIENTED_EDGE('',*,*,#11420,.T.);
#11420 = EDGE_CURVE('',#10051,#10706,#11421,.T.);
#11421 = LINE('',#11422,#11423);
#11422 = CARTESIAN_POINT('',(-19.05357132857,25.757142857143,10.));
#11423 = VECTOR('',#11424,1.);
#11424 = DIRECTION('',(0.,0.,1.));
#11425 = ORIENTED_EDGE('',*,*,#10713,.T.);
#11426 = ORIENTED_EDGE('',*,*,#11401,.F.);
#11427 = ORIENTED_EDGE('',*,*,#10058,.F.);
#11428 = SURFACE_OF_LINEAR_EXTRUSION('',#11429,#11433);
#11429 = B_SPLINE_CURVE_WITH_KNOTS('',2,(#11430,#11431,#11432),
  .UNSPECIFIED.,.F.,.F.,(3,3),(0.,1.),.PIECEWISE_BEZIER_KNOTS.);
#11430 = CARTESIAN_POINT('',(-19.05357132857,25.757142857143,10.));
#11431 = CARTESIAN_POINT('',(-18.64642847142,25.757142857143,10.));
#11432 = CARTESIAN_POINT('',(-18.26357132857,25.933214285714,10.));
#11433 = VECTOR('',#11434,1.);
#11434 = DIRECTION('',(-0.,-0.,-1.));
#11435 = ADVANCED_FACE('',(#11436),#11447,.F.);
#11436 = FACE_BOUND('',#11437,.F.);
#11437 = EDGE_LOOP('',(#11438,#11444,#11445,#11446));
#11438 = ORIENTED_EDGE('',*,*,#11439,.T.);
#11439 = EDGE_CURVE('',#10043,#10698,#11440,.T.);
#11440 = LINE('',#11441,#11442);
#11441 = CARTESIAN_POINT('',(-20.36357132857,26.446071428571,10.));
#11442 = VECTOR('',#11443,1.);
#11443 = DIRECTION('',(0.,0.,1.));
#11444 = ORIENTED_EDGE('',*,*,#10705,.T.);
#11445 = ORIENTED_EDGE('',*,*,#11420,.F.);
#11446 = ORIENTED_EDGE('',*,*,#10050,.F.);
#11447 = SURFACE_OF_LINEAR_EXTRUSION('',#11448,#11452);
#11448 = B_SPLINE_CURVE_WITH_KNOTS('',2,(#11449,#11450,#11451),
  .UNSPECIFIED.,.F.,.F.,(3,3),(0.,1.),.PIECEWISE_BEZIER_KNOTS.);
#11449 = CARTESIAN_POINT('',(-20.36357132857,26.446071428571,10.));
#11450 = CARTESIAN_POINT('',(-19.92142847142,25.757142857143,10.));
#11451 = CARTESIAN_POINT('',(-19.05357132857,25.757142857143,10.));
#11452 = VECTOR('',#11453,1.);
#11453 = DIRECTION('',(-0.,-0.,-1.));
#11454 = ADVANCED_FACE('',(#11455),#11466,.F.);
#11455 = FACE_BOUND('',#11456,.F.);
#11456 = EDGE_LOOP('',(#11457,#11463,#11464,#11465));
#11457 = ORIENTED_EDGE('',*,*,#11458,.T.);
#11458 = EDGE_CURVE('',#10035,#10690,#11459,.T.);
#11459 = LINE('',#11460,#11461);
#11460 = CARTESIAN_POINT('',(-20.80535704285,28.485714285714,10.));
#11461 = VECTOR('',#11462,1.);
#11462 = DIRECTION('',(0.,0.,1.));
#11463 = ORIENTED_EDGE('',*,*,#10697,.T.);
#11464 = ORIENTED_EDGE('',*,*,#11439,.F.);
#11465 = ORIENTED_EDGE('',*,*,#10042,.F.);
#11466 = SURFACE_OF_LINEAR_EXTRUSION('',#11467,#11471);
#11467 = B_SPLINE_CURVE_WITH_KNOTS('',2,(#11468,#11469,#11470),
  .UNSPECIFIED.,.F.,.F.,(3,3),(0.,1.),.PIECEWISE_BEZIER_KNOTS.);
#11468 = CARTESIAN_POINT('',(-20.80535704285,28.485714285714,10.));
#11469 = CARTESIAN_POINT('',(-20.80535704285,27.135,10.));
#11470 = CARTESIAN_POINT('',(-20.36357132857,26.446071428571,10.));
#11471 = VECTOR('',#11472,1.);
#11472 = DIRECTION('',(-0.,-0.,-1.));
#11473 = ADVANCED_FACE('',(#11474),#11485,.F.);
#11474 = FACE_BOUND('',#11475,.F.);
#11475 = EDGE_LOOP('',(#11476,#11482,#11483,#11484));
#11476 = ORIENTED_EDGE('',*,*,#11477,.T.);
#11477 = EDGE_CURVE('',#10027,#10682,#11478,.T.);
#11478 = LINE('',#11479,#11480);
#11479 = CARTESIAN_POINT('',(-20.36357132857,30.531071428571,10.));
#11480 = VECTOR('',#11481,1.);
#11481 = DIRECTION('',(0.,0.,1.));
#11482 = ORIENTED_EDGE('',*,*,#10689,.T.);
#11483 = ORIENTED_EDGE('',*,*,#11458,.F.);
#11484 = ORIENTED_EDGE('',*,*,#10034,.F.);
#11485 = SURFACE_OF_LINEAR_EXTRUSION('',#11486,#11490);
#11486 = B_SPLINE_CURVE_WITH_KNOTS('',2,(#11487,#11488,#11489),
  .UNSPECIFIED.,.F.,.F.,(3,3),(0.,1.),.PIECEWISE_BEZIER_KNOTS.);
#11487 = CARTESIAN_POINT('',(-20.36357132857,30.531071428571,10.));
#11488 = CARTESIAN_POINT('',(-20.80535704285,29.842142857143,10.));
#11489 = CARTESIAN_POINT('',(-20.80535704285,28.485714285714,10.));
#11490 = VECTOR('',#11491,1.);
#11491 = DIRECTION('',(-0.,-0.,-1.));
#11492 = ADVANCED_FACE('',(#11493),#11504,.F.);
#11493 = FACE_BOUND('',#11494,.F.);
#11494 = EDGE_LOOP('',(#11495,#11501,#11502,#11503));
#11495 = ORIENTED_EDGE('',*,*,#11496,.T.);
#11496 = EDGE_CURVE('',#10019,#10674,#11497,.T.);
#11497 = LINE('',#11498,#11499);
#11498 = CARTESIAN_POINT('',(-19.05357132857,31.22,10.));
#11499 = VECTOR('',#11500,1.);
#11500 = DIRECTION('',(0.,0.,1.));
#11501 = ORIENTED_EDGE('',*,*,#10681,.T.);
#11502 = ORIENTED_EDGE('',*,*,#11477,.F.);
#11503 = ORIENTED_EDGE('',*,*,#10026,.F.);
#11504 = SURFACE_OF_LINEAR_EXTRUSION('',#11505,#11509);
#11505 = B_SPLINE_CURVE_WITH_KNOTS('',2,(#11506,#11507,#11508),
  .UNSPECIFIED.,.F.,.F.,(3,3),(0.,1.),.PIECEWISE_BEZIER_KNOTS.);
#11506 = CARTESIAN_POINT('',(-19.05357132857,31.22,10.));
#11507 = CARTESIAN_POINT('',(-19.92142847142,31.22,10.));
#11508 = CARTESIAN_POINT('',(-20.36357132857,30.531071428571,10.));
#11509 = VECTOR('',#11510,1.);
#11510 = DIRECTION('',(-0.,-0.,-1.));
#11511 = ADVANCED_FACE('',(#11512),#11523,.F.);
#11512 = FACE_BOUND('',#11513,.F.);
#11513 = EDGE_LOOP('',(#11514,#11520,#11521,#11522));
#11514 = ORIENTED_EDGE('',*,*,#11515,.T.);
#11515 = EDGE_CURVE('',#10011,#10666,#11516,.T.);
#11516 = LINE('',#11517,#11518);
#11517 = CARTESIAN_POINT('',(-18.26357132857,31.043928571429,10.));
#11518 = VECTOR('',#11519,1.);
#11519 = DIRECTION('',(0.,0.,1.));
#11520 = ORIENTED_EDGE('',*,*,#10673,.T.);
#11521 = ORIENTED_EDGE('',*,*,#11496,.F.);
#11522 = ORIENTED_EDGE('',*,*,#10018,.F.);
#11523 = SURFACE_OF_LINEAR_EXTRUSION('',#11524,#11528);
#11524 = B_SPLINE_CURVE_WITH_KNOTS('',2,(#11525,#11526,#11527),
  .UNSPECIFIED.,.F.,.F.,(3,3),(0.,1.),.PIECEWISE_BEZIER_KNOTS.);
#11525 = CARTESIAN_POINT('',(-18.26357132857,31.043928571429,10.));
#11526 = CARTESIAN_POINT('',(-18.64642847142,31.22,10.));
#11527 = CARTESIAN_POINT('',(-19.05357132857,31.22,10.));
#11528 = VECTOR('',#11529,1.);
#11529 = DIRECTION('',(-0.,-0.,-1.));
#11530 = ADVANCED_FACE('',(#11531),#11542,.F.);
#11531 = FACE_BOUND('',#11532,.F.);
#11532 = EDGE_LOOP('',(#11533,#11539,#11540,#11541));
#11533 = ORIENTED_EDGE('',*,*,#11534,.T.);
#11534 = EDGE_CURVE('',#10003,#10658,#11535,.T.);
#11535 = LINE('',#11536,#11537);
#11536 = CARTESIAN_POINT('',(-17.47321418571,30.488571428571,10.));
#11537 = VECTOR('',#11538,1.);
#11538 = DIRECTION('',(0.,0.,1.));
#11539 = ORIENTED_EDGE('',*,*,#10665,.T.);
#11540 = ORIENTED_EDGE('',*,*,#11515,.F.);
#11541 = ORIENTED_EDGE('',*,*,#10010,.F.);
#11542 = SURFACE_OF_LINEAR_EXTRUSION('',#11543,#11547);
#11543 = B_SPLINE_CURVE_WITH_KNOTS('',2,(#11544,#11545,#11546),
  .UNSPECIFIED.,.F.,.F.,(3,3),(0.,1.),.PIECEWISE_BEZIER_KNOTS.);
#11544 = CARTESIAN_POINT('',(-17.47321418571,30.488571428571,10.));
#11545 = CARTESIAN_POINT('',(-17.88035704285,30.867857142857,10.));
#11546 = CARTESIAN_POINT('',(-18.26357132857,31.043928571429,10.));
#11547 = VECTOR('',#11548,1.);
#11548 = DIRECTION('',(-0.,-0.,-1.));
#11549 = ADVANCED_FACE('',(#11550),#11561,.F.);
#11550 = FACE_BOUND('',#11551,.F.);
#11551 = EDGE_LOOP('',(#11552,#11558,#11559,#11560));
#11552 = ORIENTED_EDGE('',*,*,#11553,.T.);
#11553 = EDGE_CURVE('',#9995,#10650,#11554,.T.);
#11554 = LINE('',#11555,#11556);
#11555 = CARTESIAN_POINT('',(-17.47321418571,32.248571428571,10.));
#11556 = VECTOR('',#11557,1.);
#11557 = DIRECTION('',(0.,0.,1.));
#11558 = ORIENTED_EDGE('',*,*,#10657,.T.);
#11559 = ORIENTED_EDGE('',*,*,#11534,.F.);
#11560 = ORIENTED_EDGE('',*,*,#10002,.F.);
#11561 = PLANE('',#11562);
#11562 = AXIS2_PLACEMENT_3D('',#11563,#11564,#11565);
#11563 = CARTESIAN_POINT('',(-17.47321418571,32.248571428571,10.));
#11564 = DIRECTION('',(1.,0.,0.));
#11565 = DIRECTION('',(0.,-1.,0.));
#11566 = ADVANCED_FACE('',(#11567),#11578,.F.);
#11567 = FACE_BOUND('',#11568,.F.);
#11568 = EDGE_LOOP('',(#11569,#11575,#11576,#11577));
#11569 = ORIENTED_EDGE('',*,*,#11570,.T.);
#11570 = EDGE_CURVE('',#9987,#10642,#11571,.T.);
#11571 = LINE('',#11572,#11573);
#11572 = CARTESIAN_POINT('',(-18.25535704285,32.54,10.));
#11573 = VECTOR('',#11574,1.);
#11574 = DIRECTION('',(0.,0.,1.));
#11575 = ORIENTED_EDGE('',*,*,#10649,.T.);
#11576 = ORIENTED_EDGE('',*,*,#11553,.F.);
#11577 = ORIENTED_EDGE('',*,*,#9994,.F.);
#11578 = SURFACE_OF_LINEAR_EXTRUSION('',#11579,#11583);
#11579 = B_SPLINE_CURVE_WITH_KNOTS('',2,(#11580,#11581,#11582),
  .UNSPECIFIED.,.F.,.F.,(3,3),(0.,1.),.PIECEWISE_BEZIER_KNOTS.);
#11580 = CARTESIAN_POINT('',(-18.25535704285,32.54,10.));
#11581 = CARTESIAN_POINT('',(-17.8374999,32.442857142857,10.));
#11582 = CARTESIAN_POINT('',(-17.47321418571,32.248571428571,10.));
#11583 = VECTOR('',#11584,1.);
#11584 = DIRECTION('',(-0.,-0.,-1.));
#11585 = ADVANCED_FACE('',(#11586),#11597,.F.);
#11586 = FACE_BOUND('',#11587,.F.);
#11587 = EDGE_LOOP('',(#11588,#11594,#11595,#11596));
#11588 = ORIENTED_EDGE('',*,*,#11589,.T.);
#11589 = EDGE_CURVE('',#9979,#10634,#11590,.T.);
#11590 = LINE('',#11591,#11592);
#11591 = CARTESIAN_POINT('',(-19.12857132857,32.637142857143,10.));
#11592 = VECTOR('',#11593,1.);
#11593 = DIRECTION('',(0.,0.,1.));
#11594 = ORIENTED_EDGE('',*,*,#10641,.T.);
#11595 = ORIENTED_EDGE('',*,*,#11570,.F.);
#11596 = ORIENTED_EDGE('',*,*,#9986,.F.);
#11597 = SURFACE_OF_LINEAR_EXTRUSION('',#11598,#11602);
#11598 = B_SPLINE_CURVE_WITH_KNOTS('',2,(#11599,#11600,#11601),
  .UNSPECIFIED.,.F.,.F.,(3,3),(0.,1.),.PIECEWISE_BEZIER_KNOTS.);
#11599 = CARTESIAN_POINT('',(-19.12857132857,32.637142857143,10.));
#11600 = CARTESIAN_POINT('',(-18.67321418571,32.637142857143,10.));
#11601 = CARTESIAN_POINT('',(-18.25535704285,32.54,10.));
#11602 = VECTOR('',#11603,1.);
#11603 = DIRECTION('',(-0.,-0.,-1.));
#11604 = ADVANCED_FACE('',(#11605),#11616,.F.);
#11605 = FACE_BOUND('',#11606,.F.);
#11606 = EDGE_LOOP('',(#11607,#11613,#11614,#11615));
#11607 = ORIENTED_EDGE('',*,*,#11608,.T.);
#11608 = EDGE_CURVE('',#9971,#10626,#11609,.T.);
#11609 = LINE('',#11610,#11611);
#11610 = CARTESIAN_POINT('',(-21.59821418571,31.571071428571,10.));
#11611 = VECTOR('',#11612,1.);
#11612 = DIRECTION('',(0.,0.,1.));
#11613 = ORIENTED_EDGE('',*,*,#10633,.T.);
#11614 = ORIENTED_EDGE('',*,*,#11589,.F.);
#11615 = ORIENTED_EDGE('',*,*,#9978,.F.);
#11616 = SURFACE_OF_LINEAR_EXTRUSION('',#11617,#11621);
#11617 = B_SPLINE_CURVE_WITH_KNOTS('',2,(#11618,#11619,#11620),
  .UNSPECIFIED.,.F.,.F.,(3,3),(0.,1.),.PIECEWISE_BEZIER_KNOTS.);
#11618 = CARTESIAN_POINT('',(-21.59821418571,31.571071428571,10.));
#11619 = CARTESIAN_POINT('',(-20.74642847142,32.637142857143,10.));
#11620 = CARTESIAN_POINT('',(-19.12857132857,32.637142857143,10.));
#11621 = VECTOR('',#11622,1.);
#11622 = DIRECTION('',(-0.,-0.,-1.));
#11623 = ADVANCED_FACE('',(#11624),#11635,.F.);
#11624 = FACE_BOUND('',#11625,.F.);
#11625 = EDGE_LOOP('',(#11626,#11632,#11633,#11634));
#11626 = ORIENTED_EDGE('',*,*,#11627,.T.);
#11627 = EDGE_CURVE('',#9963,#10618,#11628,.T.);
#11628 = LINE('',#11629,#11630);
#11629 = CARTESIAN_POINT('',(-22.4499999,28.486071428571,10.));
#11630 = VECTOR('',#11631,1.);
#11631 = DIRECTION('',(0.,0.,1.));
#11632 = ORIENTED_EDGE('',*,*,#10625,.T.);
#11633 = ORIENTED_EDGE('',*,*,#11608,.F.);
#11634 = ORIENTED_EDGE('',*,*,#9970,.F.);
#11635 = SURFACE_OF_LINEAR_EXTRUSION('',#11636,#11640);
#11636 = B_SPLINE_CURVE_WITH_KNOTS('',2,(#11637,#11638,#11639),
  .UNSPECIFIED.,.F.,.F.,(3,3),(0.,1.),.PIECEWISE_BEZIER_KNOTS.);
#11637 = CARTESIAN_POINT('',(-22.4499999,28.486071428571,10.));
#11638 = CARTESIAN_POINT('',(-22.4499999,30.505357142857,10.));
#11639 = CARTESIAN_POINT('',(-21.59821418571,31.571071428571,10.));
#11640 = VECTOR('',#11641,1.);
#11641 = DIRECTION('',(-0.,-0.,-1.));
#11642 = ADVANCED_FACE('',(#11643),#11654,.F.);
#11643 = FACE_BOUND('',#11644,.F.);
#11644 = EDGE_LOOP('',(#11645,#11651,#11652,#11653));
#11645 = ORIENTED_EDGE('',*,*,#11646,.T.);
#11646 = EDGE_CURVE('',#9955,#10610,#11647,.T.);
#11647 = LINE('',#11648,#11649);
#11648 = CARTESIAN_POINT('',(-21.59821418571,25.405714285714,10.));
#11649 = VECTOR('',#11650,1.);
#11650 = DIRECTION('',(0.,0.,1.));
#11651 = ORIENTED_EDGE('',*,*,#10617,.T.);
#11652 = ORIENTED_EDGE('',*,*,#11627,.F.);
#11653 = ORIENTED_EDGE('',*,*,#9962,.F.);
#11654 = SURFACE_OF_LINEAR_EXTRUSION('',#11655,#11659);
#11655 = B_SPLINE_CURVE_WITH_KNOTS('',2,(#11656,#11657,#11658),
  .UNSPECIFIED.,.F.,.F.,(3,3),(0.,1.),.PIECEWISE_BEZIER_KNOTS.);
#11656 = CARTESIAN_POINT('',(-21.59821418571,25.405714285714,10.));
#11657 = CARTESIAN_POINT('',(-22.4499999,26.471785714286,10.));
#11658 = CARTESIAN_POINT('',(-22.4499999,28.486071428571,10.));
#11659 = VECTOR('',#11660,1.);
#11660 = DIRECTION('',(-0.,-0.,-1.));
#11661 = ADVANCED_FACE('',(#11662),#11673,.F.);
#11662 = FACE_BOUND('',#11663,.F.);
#11663 = EDGE_LOOP('',(#11664,#11670,#11671,#11672));
#11664 = ORIENTED_EDGE('',*,*,#11665,.T.);
#11665 = EDGE_CURVE('',#9947,#10602,#11666,.T.);
#11666 = LINE('',#11667,#11668);
#11667 = CARTESIAN_POINT('',(-19.12857132857,24.34,10.));
#11668 = VECTOR('',#11669,1.);
#11669 = DIRECTION('',(0.,0.,1.));
#11670 = ORIENTED_EDGE('',*,*,#10609,.T.);
#11671 = ORIENTED_EDGE('',*,*,#11646,.F.);
#11672 = ORIENTED_EDGE('',*,*,#9954,.F.);
#11673 = SURFACE_OF_LINEAR_EXTRUSION('',#11674,#11678);
#11674 = B_SPLINE_CURVE_WITH_KNOTS('',2,(#11675,#11676,#11677),
  .UNSPECIFIED.,.F.,.F.,(3,3),(0.,1.),.PIECEWISE_BEZIER_KNOTS.);
#11675 = CARTESIAN_POINT('',(-19.12857132857,24.34,10.));
#11676 = CARTESIAN_POINT('',(-20.74642847142,24.34,10.));
#11677 = CARTESIAN_POINT('',(-21.59821418571,25.405714285714,10.));
#11678 = VECTOR('',#11679,1.);
#11679 = DIRECTION('',(-0.,-0.,-1.));
#11680 = ADVANCED_FACE('',(#11681),#11692,.F.);
#11681 = FACE_BOUND('',#11682,.F.);
#11682 = EDGE_LOOP('',(#11683,#11689,#11690,#11691));
#11683 = ORIENTED_EDGE('',*,*,#11684,.T.);
#11684 = EDGE_CURVE('',#9939,#10594,#11685,.T.);
#11685 = LINE('',#11686,#11687);
#11686 = CARTESIAN_POINT('',(-18.26071418571,24.437142857143,10.));
#11687 = VECTOR('',#11688,1.);
#11688 = DIRECTION('',(0.,0.,1.));
#11689 = ORIENTED_EDGE('',*,*,#10601,.T.);
#11690 = ORIENTED_EDGE('',*,*,#11665,.F.);
#11691 = ORIENTED_EDGE('',*,*,#9946,.F.);
#11692 = SURFACE_OF_LINEAR_EXTRUSION('',#11693,#11697);
#11693 = B_SPLINE_CURVE_WITH_KNOTS('',2,(#11694,#11695,#11696),
  .UNSPECIFIED.,.F.,.F.,(3,3),(0.,1.),.PIECEWISE_BEZIER_KNOTS.);
#11694 = CARTESIAN_POINT('',(-18.26071418571,24.437142857143,10.));
#11695 = CARTESIAN_POINT('',(-18.67321418571,24.34,10.));
#11696 = CARTESIAN_POINT('',(-19.12857132857,24.34,10.));
#11697 = VECTOR('',#11698,1.);
#11698 = DIRECTION('',(-0.,-0.,-1.));
#11699 = ADVANCED_FACE('',(#11700),#11706,.F.);
#11700 = FACE_BOUND('',#11701,.F.);
#11701 = EDGE_LOOP('',(#11702,#11703,#11704,#11705));
#11702 = ORIENTED_EDGE('',*,*,#11386,.T.);
#11703 = ORIENTED_EDGE('',*,*,#10593,.T.);
#11704 = ORIENTED_EDGE('',*,*,#11684,.F.);
#11705 = ORIENTED_EDGE('',*,*,#9938,.F.);
#11706 = SURFACE_OF_LINEAR_EXTRUSION('',#11707,#11711);
#11707 = B_SPLINE_CURVE_WITH_KNOTS('',2,(#11708,#11709,#11710),
  .UNSPECIFIED.,.F.,.F.,(3,3),(0.,1.),.PIECEWISE_BEZIER_KNOTS.);
#11708 = CARTESIAN_POINT('',(-17.47321418571,24.728571428571,10.));
#11709 = CARTESIAN_POINT('',(-17.84821418571,24.534285714286,10.));
#11710 = CARTESIAN_POINT('',(-18.26071418571,24.437142857143,10.));
#11711 = VECTOR('',#11712,1.);
#11712 = DIRECTION('',(-0.,-0.,-1.));
#11713 = ADVANCED_FACE('',(#11714),#11730,.F.);
#11714 = FACE_BOUND('',#11715,.F.);
#11715 = EDGE_LOOP('',(#11716,#11722,#11723,#11729));
#11716 = ORIENTED_EDGE('',*,*,#11717,.T.);
#11717 = EDGE_CURVE('',#10075,#10730,#11718,.T.);
#11718 = LINE('',#11719,#11720);
#11719 = CARTESIAN_POINT('',(-16.48178561428,24.5,10.));
#11720 = VECTOR('',#11721,1.);
#11721 = DIRECTION('',(0.,0.,1.));
#11722 = ORIENTED_EDGE('',*,*,#10729,.T.);
#11723 = ORIENTED_EDGE('',*,*,#11724,.F.);
#11724 = EDGE_CURVE('',#10077,#10732,#11725,.T.);
#11725 = LINE('',#11726,#11727);
#11726 = CARTESIAN_POINT('',(-14.32285704285,32.5,10.));
#11727 = VECTOR('',#11728,1.);
#11728 = DIRECTION('',(0.,0.,1.));
#11729 = ORIENTED_EDGE('',*,*,#10074,.F.);
#11730 = PLANE('',#11731);
#11731 = AXIS2_PLACEMENT_3D('',#11732,#11733,#11734);
#11732 = CARTESIAN_POINT('',(-16.48178561428,24.5,10.));
#11733 = DIRECTION('',(-0.965461614678,0.260545333068,0.));
#11734 = DIRECTION('',(0.260545333068,0.965461614678,0.));
#11735 = ADVANCED_FACE('',(#11736),#11747,.F.);
#11736 = FACE_BOUND('',#11737,.F.);
#11737 = EDGE_LOOP('',(#11738,#11744,#11745,#11746));
#11738 = ORIENTED_EDGE('',*,*,#11739,.T.);
#11739 = EDGE_CURVE('',#10125,#10780,#11740,.T.);
#11740 = LINE('',#11741,#11742);
#11741 = CARTESIAN_POINT('',(-14.90142847142,24.5,10.));
#11742 = VECTOR('',#11743,1.);
#11743 = DIRECTION('',(0.,0.,1.));
#11744 = ORIENTED_EDGE('',*,*,#10787,.T.);
#11745 = ORIENTED_EDGE('',*,*,#11717,.F.);
#11746 = ORIENTED_EDGE('',*,*,#10132,.F.);
#11747 = PLANE('',#11748);
#11748 = AXIS2_PLACEMENT_3D('',#11749,#11750,#11751);
#11749 = CARTESIAN_POINT('',(-14.90142847142,24.5,10.));
#11750 = DIRECTION('',(0.,-1.,0.));
#11751 = DIRECTION('',(-1.,0.,0.));
#11752 = ADVANCED_FACE('',(#11753),#11764,.F.);
#11753 = FACE_BOUND('',#11754,.F.);
#11754 = EDGE_LOOP('',(#11755,#11761,#11762,#11763));
#11755 = ORIENTED_EDGE('',*,*,#11756,.T.);
#11756 = EDGE_CURVE('',#10117,#10772,#11757,.T.);
#11757 = LINE('',#11758,#11759);
#11758 = CARTESIAN_POINT('',(-14.41928561428,26.465714285714,10.));
#11759 = VECTOR('',#11760,1.);
#11760 = DIRECTION('',(0.,0.,1.));
#11761 = ORIENTED_EDGE('',*,*,#10779,.T.);
#11762 = ORIENTED_EDGE('',*,*,#11739,.F.);
#11763 = ORIENTED_EDGE('',*,*,#10124,.F.);
#11764 = PLANE('',#11765);
#11765 = AXIS2_PLACEMENT_3D('',#11766,#11767,#11768);
#11766 = CARTESIAN_POINT('',(-14.41928561428,26.465714285714,10.));
#11767 = DIRECTION('',(0.971212384658,-0.238215246964,0.));
#11768 = DIRECTION('',(-0.238215246964,-0.971212384658,0.));
#11769 = ADVANCED_FACE('',(#11770),#11781,.F.);
#11770 = FACE_BOUND('',#11771,.F.);
#11771 = EDGE_LOOP('',(#11772,#11778,#11779,#11780));
#11772 = ORIENTED_EDGE('',*,*,#11773,.T.);
#11773 = EDGE_CURVE('',#10109,#10764,#11774,.T.);
#11774 = LINE('',#11775,#11776);
#11775 = CARTESIAN_POINT('',(-12.30321418571,26.465714285714,10.));
#11776 = VECTOR('',#11777,1.);
#11777 = DIRECTION('',(0.,0.,1.));
#11778 = ORIENTED_EDGE('',*,*,#10771,.T.);
#11779 = ORIENTED_EDGE('',*,*,#11756,.F.);
#11780 = ORIENTED_EDGE('',*,*,#10116,.F.);
#11781 = PLANE('',#11782);
#11782 = AXIS2_PLACEMENT_3D('',#11783,#11784,#11785);
#11783 = CARTESIAN_POINT('',(-12.30321418571,26.465714285714,10.));
#11784 = DIRECTION('',(0.,-1.,0.));
#11785 = DIRECTION('',(-1.,0.,0.));
#11786 = ADVANCED_FACE('',(#11787),#11798,.F.);
#11787 = FACE_BOUND('',#11788,.F.);
#11788 = EDGE_LOOP('',(#11789,#11795,#11796,#11797));
#11789 = ORIENTED_EDGE('',*,*,#11790,.T.);
#11790 = EDGE_CURVE('',#10101,#10756,#11791,.T.);
#11791 = LINE('',#11792,#11793);
#11792 = CARTESIAN_POINT('',(-11.81035704285,24.5,10.));
#11793 = VECTOR('',#11794,1.);
#11794 = DIRECTION('',(0.,0.,1.));
#11795 = ORIENTED_EDGE('',*,*,#10763,.T.);
#11796 = ORIENTED_EDGE('',*,*,#11773,.F.);
#11797 = ORIENTED_EDGE('',*,*,#10108,.F.);
#11798 = PLANE('',#11799);
#11799 = AXIS2_PLACEMENT_3D('',#11800,#11801,#11802);
#11800 = CARTESIAN_POINT('',(-11.81035704285,24.5,10.));
#11801 = DIRECTION('',(-0.969976408644,-0.243199026877,0.));
#11802 = DIRECTION('',(-0.243199026877,0.969976408644,0.));
#11803 = ADVANCED_FACE('',(#11804),#11815,.F.);
#11804 = FACE_BOUND('',#11805,.F.);
#11805 = EDGE_LOOP('',(#11806,#11812,#11813,#11814));
#11806 = ORIENTED_EDGE('',*,*,#11807,.T.);
#11807 = EDGE_CURVE('',#10093,#10748,#11808,.T.);
#11808 = LINE('',#11809,#11810);
#11809 = CARTESIAN_POINT('',(-10.2299999,24.5,10.));
#11810 = VECTOR('',#11811,1.);
#11811 = DIRECTION('',(0.,0.,1.));
#11812 = ORIENTED_EDGE('',*,*,#10755,.T.);
#11813 = ORIENTED_EDGE('',*,*,#11790,.F.);
#11814 = ORIENTED_EDGE('',*,*,#10100,.F.);
#11815 = PLANE('',#11816);
#11816 = AXIS2_PLACEMENT_3D('',#11817,#11818,#11819);
#11817 = CARTESIAN_POINT('',(-10.2299999,24.5,10.));
#11818 = DIRECTION('',(0.,-1.,0.));
#11819 = DIRECTION('',(-1.,0.,0.));
#11820 = ADVANCED_FACE('',(#11821),#11832,.F.);
#11821 = FACE_BOUND('',#11822,.F.);
#11822 = EDGE_LOOP('',(#11823,#11829,#11830,#11831));
#11823 = ORIENTED_EDGE('',*,*,#11824,.T.);
#11824 = EDGE_CURVE('',#10085,#10740,#11825,.T.);
#11825 = LINE('',#11826,#11827);
#11826 = CARTESIAN_POINT('',(-12.38892847142,32.5,10.));
#11827 = VECTOR('',#11828,1.);
#11828 = DIRECTION('',(0.,0.,1.));
#11829 = ORIENTED_EDGE('',*,*,#10747,.T.);
#11830 = ORIENTED_EDGE('',*,*,#11807,.F.);
#11831 = ORIENTED_EDGE('',*,*,#10092,.F.);
#11832 = PLANE('',#11833);
#11833 = AXIS2_PLACEMENT_3D('',#11834,#11835,#11836);
#11834 = CARTESIAN_POINT('',(-12.38892847142,32.5,10.));
#11835 = DIRECTION('',(0.965461614678,0.260545333068,0.));
#11836 = DIRECTION('',(0.260545333068,-0.965461614678,0.));
#11837 = ADVANCED_FACE('',(#11838),#11844,.F.);
#11838 = FACE_BOUND('',#11839,.F.);
#11839 = EDGE_LOOP('',(#11840,#11841,#11842,#11843));
#11840 = ORIENTED_EDGE('',*,*,#11724,.T.);
#11841 = ORIENTED_EDGE('',*,*,#10739,.T.);
#11842 = ORIENTED_EDGE('',*,*,#11824,.F.);
#11843 = ORIENTED_EDGE('',*,*,#10084,.F.);
#11844 = PLANE('',#11845);
#11845 = AXIS2_PLACEMENT_3D('',#11846,#11847,#11848);
#11846 = CARTESIAN_POINT('',(-14.32285704285,32.5,10.));
#11847 = DIRECTION('',(0.,1.,0.));
#11848 = DIRECTION('',(1.,0.,0.));
#11849 = ADVANCED_FACE('',(#11850),#11866,.F.);
#11850 = FACE_BOUND('',#11851,.F.);
#11851 = EDGE_LOOP('',(#11852,#11858,#11859,#11865));
#11852 = ORIENTED_EDGE('',*,*,#11853,.T.);
#11853 = EDGE_CURVE('',#10141,#10796,#11854,.T.);
#11854 = LINE('',#11855,#11856);
#11855 = CARTESIAN_POINT('',(0.645714385714,31.128571428571,10.));
#11856 = VECTOR('',#11857,1.);
#11857 = DIRECTION('',(0.,0.,1.));
#11858 = ORIENTED_EDGE('',*,*,#10795,.T.);
#11859 = ORIENTED_EDGE('',*,*,#11860,.F.);
#11860 = EDGE_CURVE('',#10143,#10798,#11861,.T.);
#11861 = LINE('',#11862,#11863);
#11862 = CARTESIAN_POINT('',(0.645714385714,24.5,10.));
#11863 = VECTOR('',#11864,1.);
#11864 = DIRECTION('',(0.,0.,1.));
#11865 = ORIENTED_EDGE('',*,*,#10140,.F.);
#11866 = PLANE('',#11867);
#11867 = AXIS2_PLACEMENT_3D('',#11868,#11869,#11870);
#11868 = CARTESIAN_POINT('',(0.645714385714,31.128571428571,10.));
#11869 = DIRECTION('',(1.,0.,0.));
#11870 = DIRECTION('',(0.,-1.,0.));
#11871 = ADVANCED_FACE('',(#11872),#11883,.F.);
#11872 = FACE_BOUND('',#11873,.F.);
#11873 = EDGE_LOOP('',(#11874,#11880,#11881,#11882));
#11874 = ORIENTED_EDGE('',*,*,#11875,.T.);
#11875 = EDGE_CURVE('',#10191,#10846,#11876,.T.);
#11876 = LINE('',#11877,#11878);
#11877 = CARTESIAN_POINT('',(2.676071528571,31.128571428571,10.));
#11878 = VECTOR('',#11879,1.);
#11879 = DIRECTION('',(0.,0.,1.));
#11880 = ORIENTED_EDGE('',*,*,#10853,.T.);
#11881 = ORIENTED_EDGE('',*,*,#11853,.F.);
#11882 = ORIENTED_EDGE('',*,*,#10198,.F.);
#11883 = PLANE('',#11884);
#11884 = AXIS2_PLACEMENT_3D('',#11885,#11886,#11887);
#11885 = CARTESIAN_POINT('',(2.676071528571,31.128571428571,10.));
#11886 = DIRECTION('',(0.,-1.,0.));
#11887 = DIRECTION('',(-1.,0.,0.));
#11888 = ADVANCED_FACE('',(#11889),#11900,.F.);
#11889 = FACE_BOUND('',#11890,.F.);
#11890 = EDGE_LOOP('',(#11891,#11897,#11898,#11899));
#11891 = ORIENTED_EDGE('',*,*,#11892,.T.);
#11892 = EDGE_CURVE('',#10183,#10838,#11893,.T.);
#11893 = LINE('',#11894,#11895);
#11894 = CARTESIAN_POINT('',(2.676071528571,32.5,10.));
#11895 = VECTOR('',#11896,1.);
#11896 = DIRECTION('',(0.,0.,1.));
#11897 = ORIENTED_EDGE('',*,*,#10845,.T.);
#11898 = ORIENTED_EDGE('',*,*,#11875,.F.);
#11899 = ORIENTED_EDGE('',*,*,#10190,.F.);
#11900 = PLANE('',#11901);
#11901 = AXIS2_PLACEMENT_3D('',#11902,#11903,#11904);
#11902 = CARTESIAN_POINT('',(2.676071528571,32.5,10.));
#11903 = DIRECTION('',(1.,0.,0.));
#11904 = DIRECTION('',(0.,-1.,0.));
#11905 = ADVANCED_FACE('',(#11906),#11917,.F.);
#11906 = FACE_BOUND('',#11907,.F.);
#11907 = EDGE_LOOP('',(#11908,#11914,#11915,#11916));
#11908 = ORIENTED_EDGE('',*,*,#11909,.T.);
#11909 = EDGE_CURVE('',#10175,#10830,#11910,.T.);
#11910 = LINE('',#11911,#11912);
#11911 = CARTESIAN_POINT('',(-2.9649999,32.5,10.));
#11912 = VECTOR('',#11913,1.);
#11913 = DIRECTION('',(0.,0.,1.));
#11914 = ORIENTED_EDGE('',*,*,#10837,.T.);
#11915 = ORIENTED_EDGE('',*,*,#11892,.F.);
#11916 = ORIENTED_EDGE('',*,*,#10182,.F.);
#11917 = PLANE('',#11918);
#11918 = AXIS2_PLACEMENT_3D('',#11919,#11920,#11921);
#11919 = CARTESIAN_POINT('',(-2.9649999,32.5,10.));
#11920 = DIRECTION('',(0.,1.,0.));
#11921 = DIRECTION('',(1.,0.,0.));
#11922 = ADVANCED_FACE('',(#11923),#11934,.F.);
#11923 = FACE_BOUND('',#11924,.F.);
#11924 = EDGE_LOOP('',(#11925,#11931,#11932,#11933));
#11925 = ORIENTED_EDGE('',*,*,#11926,.T.);
#11926 = EDGE_CURVE('',#10167,#10822,#11927,.T.);
#11927 = LINE('',#11928,#11929);
#11928 = CARTESIAN_POINT('',(-2.9649999,31.128571428571,10.));
#11929 = VECTOR('',#11930,1.);
#11930 = DIRECTION('',(0.,0.,1.));
#11931 = ORIENTED_EDGE('',*,*,#10829,.T.);
#11932 = ORIENTED_EDGE('',*,*,#11909,.F.);
#11933 = ORIENTED_EDGE('',*,*,#10174,.F.);
#11934 = PLANE('',#11935);
#11935 = AXIS2_PLACEMENT_3D('',#11936,#11937,#11938);
#11936 = CARTESIAN_POINT('',(-2.9649999,31.128571428571,10.));
#11937 = DIRECTION('',(-1.,0.,0.));
#11938 = DIRECTION('',(0.,1.,0.));
#11939 = ADVANCED_FACE('',(#11940),#11951,.F.);
#11940 = FACE_BOUND('',#11941,.F.);
#11941 = EDGE_LOOP('',(#11942,#11948,#11949,#11950));
#11942 = ORIENTED_EDGE('',*,*,#11943,.T.);
#11943 = EDGE_CURVE('',#10159,#10814,#11944,.T.);
#11944 = LINE('',#11945,#11946);
#11945 = CARTESIAN_POINT('',(-0.934642757143,31.128571428571,10.));
#11946 = VECTOR('',#11947,1.);
#11947 = DIRECTION('',(0.,0.,1.));
#11948 = ORIENTED_EDGE('',*,*,#10821,.T.);
#11949 = ORIENTED_EDGE('',*,*,#11926,.F.);
#11950 = ORIENTED_EDGE('',*,*,#10166,.F.);
#11951 = PLANE('',#11952);
#11952 = AXIS2_PLACEMENT_3D('',#11953,#11954,#11955);
#11953 = CARTESIAN_POINT('',(-0.934642757143,31.128571428571,10.));
#11954 = DIRECTION('',(0.,-1.,0.));
#11955 = DIRECTION('',(-1.,0.,0.));
#11956 = ADVANCED_FACE('',(#11957),#11968,.F.);
#11957 = FACE_BOUND('',#11958,.F.);
#11958 = EDGE_LOOP('',(#11959,#11965,#11966,#11967));
#11959 = ORIENTED_EDGE('',*,*,#11960,.T.);
#11960 = EDGE_CURVE('',#10151,#10806,#11961,.T.);
#11961 = LINE('',#11962,#11963);
#11962 = CARTESIAN_POINT('',(-0.934642757143,24.5,10.));
#11963 = VECTOR('',#11964,1.);
#11964 = DIRECTION('',(0.,0.,1.));
#11965 = ORIENTED_EDGE('',*,*,#10813,.T.);
#11966 = ORIENTED_EDGE('',*,*,#11943,.F.);
#11967 = ORIENTED_EDGE('',*,*,#10158,.F.);
#11968 = PLANE('',#11969);
#11969 = AXIS2_PLACEMENT_3D('',#11970,#11971,#11972);
#11970 = CARTESIAN_POINT('',(-0.934642757143,24.5,10.));
#11971 = DIRECTION('',(-1.,0.,0.));
#11972 = DIRECTION('',(0.,1.,0.));
#11973 = ADVANCED_FACE('',(#11974),#11980,.F.);
#11974 = FACE_BOUND('',#11975,.F.);
#11975 = EDGE_LOOP('',(#11976,#11977,#11978,#11979));
#11976 = ORIENTED_EDGE('',*,*,#11860,.T.);
#11977 = ORIENTED_EDGE('',*,*,#10805,.T.);
#11978 = ORIENTED_EDGE('',*,*,#11960,.F.);
#11979 = ORIENTED_EDGE('',*,*,#10150,.F.);
#11980 = PLANE('',#11981);
#11981 = AXIS2_PLACEMENT_3D('',#11982,#11983,#11984);
#11982 = CARTESIAN_POINT('',(0.645714385714,24.5,10.));
#11983 = DIRECTION('',(0.,-1.,0.));
#11984 = DIRECTION('',(-1.,0.,0.));
#11985 = ADVANCED_FACE('',(#11986),#12002,.F.);
#11986 = FACE_BOUND('',#11987,.F.);
#11987 = EDGE_LOOP('',(#11988,#11994,#11995,#12001));
#11988 = ORIENTED_EDGE('',*,*,#11989,.T.);
#11989 = EDGE_CURVE('',#10207,#10862,#11990,.T.);
#11990 = LINE('',#11991,#11992);
#11991 = CARTESIAN_POINT('',(5.671071528571,31.105714285714,10.));
#11992 = VECTOR('',#11993,1.);
#11993 = DIRECTION('',(0.,0.,1.));
#11994 = ORIENTED_EDGE('',*,*,#10861,.T.);
#11995 = ORIENTED_EDGE('',*,*,#11996,.F.);
#11996 = EDGE_CURVE('',#10209,#10864,#11997,.T.);
#11997 = LINE('',#11998,#11999);
#11998 = CARTESIAN_POINT('',(4.0800001,31.105714285714,10.));
#11999 = VECTOR('',#12000,1.);
#12000 = DIRECTION('',(0.,0.,1.));
#12001 = ORIENTED_EDGE('',*,*,#10206,.F.);
#12002 = PLANE('',#12003);
#12003 = AXIS2_PLACEMENT_3D('',#12004,#12005,#12006);
#12004 = CARTESIAN_POINT('',(5.671071528571,31.105714285714,10.));
#12005 = DIRECTION('',(0.,-1.,0.));
#12006 = DIRECTION('',(-1.,0.,0.));
#12007 = ADVANCED_FACE('',(#12008),#12019,.F.);
#12008 = FACE_BOUND('',#12009,.F.);
#12009 = EDGE_LOOP('',(#12010,#12016,#12017,#12018));
#12010 = ORIENTED_EDGE('',*,*,#12011,.T.);
#12011 = EDGE_CURVE('',#10289,#10944,#12012,.T.);
#12012 = LINE('',#12013,#12014);
#12013 = CARTESIAN_POINT('',(5.671071528571,25.894285714286,10.));
#12014 = VECTOR('',#12015,1.);
#12015 = DIRECTION('',(0.,0.,1.));
#12016 = ORIENTED_EDGE('',*,*,#10951,.T.);
#12017 = ORIENTED_EDGE('',*,*,#11989,.F.);
#12018 = ORIENTED_EDGE('',*,*,#10296,.F.);
#12019 = PLANE('',#12020);
#12020 = AXIS2_PLACEMENT_3D('',#12021,#12022,#12023);
#12021 = CARTESIAN_POINT('',(5.671071528571,25.894285714286,10.));
#12022 = DIRECTION('',(-1.,0.,0.));
#12023 = DIRECTION('',(0.,1.,0.));
#12024 = ADVANCED_FACE('',(#12025),#12036,.F.);
#12025 = FACE_BOUND('',#12026,.F.);
#12026 = EDGE_LOOP('',(#12027,#12033,#12034,#12035));
#12027 = ORIENTED_EDGE('',*,*,#12028,.T.);
#12028 = EDGE_CURVE('',#10281,#10936,#12029,.T.);
#12029 = LINE('',#12030,#12031);
#12030 = CARTESIAN_POINT('',(4.0800001,25.894285714286,10.));
#12031 = VECTOR('',#12032,1.);
#12032 = DIRECTION('',(0.,0.,1.));
#12033 = ORIENTED_EDGE('',*,*,#10943,.T.);
#12034 = ORIENTED_EDGE('',*,*,#12011,.F.);
#12035 = ORIENTED_EDGE('',*,*,#10288,.F.);
#12036 = PLANE('',#12037);
#12037 = AXIS2_PLACEMENT_3D('',#12038,#12039,#12040);
#12038 = CARTESIAN_POINT('',(4.0800001,25.894285714286,10.));
#12039 = DIRECTION('',(0.,1.,0.));
#12040 = DIRECTION('',(1.,0.,0.));
#12041 = ADVANCED_FACE('',(#12042),#12053,.F.);
#12042 = FACE_BOUND('',#12043,.F.);
#12043 = EDGE_LOOP('',(#12044,#12050,#12051,#12052));
#12044 = ORIENTED_EDGE('',*,*,#12045,.T.);
#12045 = EDGE_CURVE('',#10273,#10928,#12046,.T.);
#12046 = LINE('',#12047,#12048);
#12047 = CARTESIAN_POINT('',(4.0800001,24.5,10.));
#12048 = VECTOR('',#12049,1.);
#12049 = DIRECTION('',(0.,0.,1.));
#12050 = ORIENTED_EDGE('',*,*,#10935,.T.);
#12051 = ORIENTED_EDGE('',*,*,#12028,.F.);
#12052 = ORIENTED_EDGE('',*,*,#10280,.F.);
#12053 = PLANE('',#12054);
#12054 = AXIS2_PLACEMENT_3D('',#12055,#12056,#12057);
#12055 = CARTESIAN_POINT('',(4.0800001,24.5,10.));
#12056 = DIRECTION('',(-1.,0.,0.));
#12057 = DIRECTION('',(0.,1.,0.));
#12058 = ADVANCED_FACE('',(#12059),#12070,.F.);
#12059 = FACE_BOUND('',#12060,.F.);
#12060 = EDGE_LOOP('',(#12061,#12067,#12068,#12069));
#12061 = ORIENTED_EDGE('',*,*,#12062,.T.);
#12062 = EDGE_CURVE('',#10265,#10920,#12063,.T.);
#12063 = LINE('',#12064,#12065);
#12064 = CARTESIAN_POINT('',(8.8425001,24.5,10.));
#12065 = VECTOR('',#12066,1.);
#12066 = DIRECTION('',(0.,0.,1.));
#12067 = ORIENTED_EDGE('',*,*,#10927,.T.);
#12068 = ORIENTED_EDGE('',*,*,#12045,.F.);
#12069 = ORIENTED_EDGE('',*,*,#10272,.F.);
#12070 = PLANE('',#12071);
#12071 = AXIS2_PLACEMENT_3D('',#12072,#12073,#12074);
#12072 = CARTESIAN_POINT('',(8.8425001,24.5,10.));
#12073 = DIRECTION('',(0.,-1.,0.));
#12074 = DIRECTION('',(-1.,0.,0.));
#12075 = ADVANCED_FACE('',(#12076),#12087,.F.);
#12076 = FACE_BOUND('',#12077,.F.);
#12077 = EDGE_LOOP('',(#12078,#12084,#12085,#12086));
#12078 = ORIENTED_EDGE('',*,*,#12079,.T.);
#12079 = EDGE_CURVE('',#10257,#10912,#12080,.T.);
#12080 = LINE('',#12081,#12082);
#12081 = CARTESIAN_POINT('',(8.8425001,25.894285714286,10.));
#12082 = VECTOR('',#12083,1.);
#12083 = DIRECTION('',(0.,0.,1.));
#12084 = ORIENTED_EDGE('',*,*,#10919,.T.);
#12085 = ORIENTED_EDGE('',*,*,#12062,.F.);
#12086 = ORIENTED_EDGE('',*,*,#10264,.F.);
#12087 = PLANE('',#12088);
#12088 = AXIS2_PLACEMENT_3D('',#12089,#12090,#12091);
#12089 = CARTESIAN_POINT('',(8.8425001,25.894285714286,10.));
#12090 = DIRECTION('',(1.,0.,0.));
#12091 = DIRECTION('',(0.,-1.,0.));
#12092 = ADVANCED_FACE('',(#12093),#12104,.F.);
#12093 = FACE_BOUND('',#12094,.F.);
#12094 = EDGE_LOOP('',(#12095,#12101,#12102,#12103));
#12095 = ORIENTED_EDGE('',*,*,#12096,.T.);
#12096 = EDGE_CURVE('',#10249,#10904,#12097,.T.);
#12097 = LINE('',#12098,#12099);
#12098 = CARTESIAN_POINT('',(7.251428671429,25.894285714286,10.));
#12099 = VECTOR('',#12100,1.);
#12100 = DIRECTION('',(0.,0.,1.));
#12101 = ORIENTED_EDGE('',*,*,#10911,.T.);
#12102 = ORIENTED_EDGE('',*,*,#12079,.F.);
#12103 = ORIENTED_EDGE('',*,*,#10256,.F.);
#12104 = PLANE('',#12105);
#12105 = AXIS2_PLACEMENT_3D('',#12106,#12107,#12108);
#12106 = CARTESIAN_POINT('',(7.251428671429,25.894285714286,10.));
#12107 = DIRECTION('',(0.,1.,0.));
#12108 = DIRECTION('',(1.,0.,0.));
#12109 = ADVANCED_FACE('',(#12110),#12121,.F.);
#12110 = FACE_BOUND('',#12111,.F.);
#12111 = EDGE_LOOP('',(#12112,#12118,#12119,#12120));
#12112 = ORIENTED_EDGE('',*,*,#12113,.T.);
#12113 = EDGE_CURVE('',#10241,#10896,#12114,.T.);
#12114 = LINE('',#12115,#12116);
#12115 = CARTESIAN_POINT('',(7.251428671429,31.105714285714,10.));
#12116 = VECTOR('',#12117,1.);
#12117 = DIRECTION('',(0.,0.,1.));
#12118 = ORIENTED_EDGE('',*,*,#10903,.T.);
#12119 = ORIENTED_EDGE('',*,*,#12096,.F.);
#12120 = ORIENTED_EDGE('',*,*,#10248,.F.);
#12121 = PLANE('',#12122);
#12122 = AXIS2_PLACEMENT_3D('',#12123,#12124,#12125);
#12123 = CARTESIAN_POINT('',(7.251428671429,31.105714285714,10.));
#12124 = DIRECTION('',(1.,0.,0.));
#12125 = DIRECTION('',(0.,-1.,0.));
#12126 = ADVANCED_FACE('',(#12127),#12138,.F.);
#12127 = FACE_BOUND('',#12128,.F.);
#12128 = EDGE_LOOP('',(#12129,#12135,#12136,#12137));
#12129 = ORIENTED_EDGE('',*,*,#12130,.T.);
#12130 = EDGE_CURVE('',#10233,#10888,#12131,.T.);
#12131 = LINE('',#12132,#12133);
#12132 = CARTESIAN_POINT('',(8.8425001,31.105714285714,10.));
#12133 = VECTOR('',#12134,1.);
#12134 = DIRECTION('',(0.,0.,1.));
#12135 = ORIENTED_EDGE('',*,*,#10895,.T.);
#12136 = ORIENTED_EDGE('',*,*,#12113,.F.);
#12137 = ORIENTED_EDGE('',*,*,#10240,.F.);
#12138 = PLANE('',#12139);
#12139 = AXIS2_PLACEMENT_3D('',#12140,#12141,#12142);
#12140 = CARTESIAN_POINT('',(8.8425001,31.105714285714,10.));
#12141 = DIRECTION('',(0.,-1.,0.));
#12142 = DIRECTION('',(-1.,0.,0.));
#12143 = ADVANCED_FACE('',(#12144),#12155,.F.);
#12144 = FACE_BOUND('',#12145,.F.);
#12145 = EDGE_LOOP('',(#12146,#12152,#12153,#12154));
#12146 = ORIENTED_EDGE('',*,*,#12147,.T.);
#12147 = EDGE_CURVE('',#10225,#10880,#12148,.T.);
#12148 = LINE('',#12149,#12150);
#12149 = CARTESIAN_POINT('',(8.8425001,32.5,10.));
#12150 = VECTOR('',#12151,1.);
#12151 = DIRECTION('',(0.,0.,1.));
#12152 = ORIENTED_EDGE('',*,*,#10887,.T.);
#12153 = ORIENTED_EDGE('',*,*,#12130,.F.);
#12154 = ORIENTED_EDGE('',*,*,#10232,.F.);
#12155 = PLANE('',#12156);
#12156 = AXIS2_PLACEMENT_3D('',#12157,#12158,#12159);
#12157 = CARTESIAN_POINT('',(8.8425001,32.5,10.));
#12158 = DIRECTION('',(1.,0.,0.));
#12159 = DIRECTION('',(0.,-1.,0.));
#12160 = ADVANCED_FACE('',(#12161),#12172,.F.);
#12161 = FACE_BOUND('',#12162,.F.);
#12162 = EDGE_LOOP('',(#12163,#12169,#12170,#12171));
#12163 = ORIENTED_EDGE('',*,*,#12164,.T.);
#12164 = EDGE_CURVE('',#10217,#10872,#12165,.T.);
#12165 = LINE('',#12166,#12167);
#12166 = CARTESIAN_POINT('',(4.0800001,32.5,10.));
#12167 = VECTOR('',#12168,1.);
#12168 = DIRECTION('',(0.,0.,1.));
#12169 = ORIENTED_EDGE('',*,*,#10879,.T.);
#12170 = ORIENTED_EDGE('',*,*,#12147,.F.);
#12171 = ORIENTED_EDGE('',*,*,#10224,.F.);
#12172 = PLANE('',#12173);
#12173 = AXIS2_PLACEMENT_3D('',#12174,#12175,#12176);
#12174 = CARTESIAN_POINT('',(4.0800001,32.5,10.));
#12175 = DIRECTION('',(0.,1.,0.));
#12176 = DIRECTION('',(1.,0.,0.));
#12177 = ADVANCED_FACE('',(#12178),#12184,.F.);
#12178 = FACE_BOUND('',#12179,.F.);
#12179 = EDGE_LOOP('',(#12180,#12181,#12182,#12183));
#12180 = ORIENTED_EDGE('',*,*,#11996,.T.);
#12181 = ORIENTED_EDGE('',*,*,#10871,.T.);
#12182 = ORIENTED_EDGE('',*,*,#12164,.F.);
#12183 = ORIENTED_EDGE('',*,*,#10216,.F.);
#12184 = PLANE('',#12185);
#12185 = AXIS2_PLACEMENT_3D('',#12186,#12187,#12188);
#12186 = CARTESIAN_POINT('',(4.0800001,31.105714285714,10.));
#12187 = DIRECTION('',(-1.,0.,0.));
#12188 = DIRECTION('',(0.,1.,0.));
#12189 = ADVANCED_FACE('',(#12190),#12206,.F.);
#12190 = FACE_BOUND('',#12191,.F.);
#12191 = EDGE_LOOP('',(#12192,#12198,#12199,#12205));
#12192 = ORIENTED_EDGE('',*,*,#12193,.T.);
#12193 = EDGE_CURVE('',#10305,#10960,#12194,.T.);
#12194 = LINE('',#12195,#12196);
#12195 = CARTESIAN_POINT('',(10.966785814286,25.389642857143,10.));
#12196 = VECTOR('',#12197,1.);
#12197 = DIRECTION('',(0.,0.,1.));
#12198 = ORIENTED_EDGE('',*,*,#10959,.T.);
#12199 = ORIENTED_EDGE('',*,*,#12200,.F.);
#12200 = EDGE_CURVE('',#10307,#10962,#12201,.T.);
#12201 = LINE('',#12202,#12203);
#12202 = CARTESIAN_POINT('',(10.257142957143,28.486071428571,10.));
#12203 = VECTOR('',#12204,1.);
#12204 = DIRECTION('',(0.,0.,1.));
#12205 = ORIENTED_EDGE('',*,*,#10304,.F.);
#12206 = SURFACE_OF_LINEAR_EXTRUSION('',#12207,#12211);
#12207 = B_SPLINE_CURVE_WITH_KNOTS('',2,(#12208,#12209,#12210),
  .UNSPECIFIED.,.F.,.F.,(3,3),(0.,1.),.PIECEWISE_BEZIER_KNOTS.);
#12208 = CARTESIAN_POINT('',(10.966785814286,25.389642857143,10.));
#12209 = CARTESIAN_POINT('',(10.257142957143,26.439642857143,10.));
#12210 = CARTESIAN_POINT('',(10.257142957143,28.486071428571,10.));
#12211 = VECTOR('',#12212,1.);
#12212 = DIRECTION('',(-0.,-0.,-1.));
#12213 = ADVANCED_FACE('',(#12214),#12225,.F.);
#12214 = FACE_BOUND('',#12215,.F.);
#12215 = EDGE_LOOP('',(#12216,#12222,#12223,#12224));
#12216 = ORIENTED_EDGE('',*,*,#12217,.T.);
#12217 = EDGE_CURVE('',#10355,#11010,#12218,.T.);
#12218 = LINE('',#12219,#12220);
#12219 = CARTESIAN_POINT('',(13.064285814286,24.34,10.));
#12220 = VECTOR('',#12221,1.);
#12221 = DIRECTION('',(0.,0.,1.));
#12222 = ORIENTED_EDGE('',*,*,#11017,.T.);
#12223 = ORIENTED_EDGE('',*,*,#12193,.F.);
#12224 = ORIENTED_EDGE('',*,*,#10362,.F.);
#12225 = SURFACE_OF_LINEAR_EXTRUSION('',#12226,#12230);
#12226 = B_SPLINE_CURVE_WITH_KNOTS('',2,(#12227,#12228,#12229),
  .UNSPECIFIED.,.F.,.F.,(3,3),(0.,1.),.PIECEWISE_BEZIER_KNOTS.);
#12227 = CARTESIAN_POINT('',(13.064285814286,24.34,10.));
#12228 = CARTESIAN_POINT('',(11.676785814286,24.34,10.));
#12229 = CARTESIAN_POINT('',(10.966785814286,25.389642857143,10.));
#12230 = VECTOR('',#12231,1.);
#12231 = DIRECTION('',(-0.,-0.,-1.));
#12232 = ADVANCED_FACE('',(#12233),#12244,.F.);
#12233 = FACE_BOUND('',#12234,.F.);
#12234 = EDGE_LOOP('',(#12235,#12241,#12242,#12243));
#12235 = ORIENTED_EDGE('',*,*,#12236,.T.);
#12236 = EDGE_CURVE('',#10347,#11002,#12237,.T.);
#12237 = LINE('',#12238,#12239);
#12238 = CARTESIAN_POINT('',(15.166785814286,25.389642857143,10.));
#12239 = VECTOR('',#12240,1.);
#12240 = DIRECTION('',(0.,0.,1.));
#12241 = ORIENTED_EDGE('',*,*,#11009,.T.);
#12242 = ORIENTED_EDGE('',*,*,#12217,.F.);
#12243 = ORIENTED_EDGE('',*,*,#10354,.F.);
#12244 = SURFACE_OF_LINEAR_EXTRUSION('',#12245,#12249);
#12245 = B_SPLINE_CURVE_WITH_KNOTS('',2,(#12246,#12247,#12248),
  .UNSPECIFIED.,.F.,.F.,(3,3),(0.,1.),.PIECEWISE_BEZIER_KNOTS.);
#12246 = CARTESIAN_POINT('',(15.166785814286,25.389642857143,10.));
#12247 = CARTESIAN_POINT('',(14.457142957143,24.34,10.));
#12248 = CARTESIAN_POINT('',(13.064285814286,24.34,10.));
#12249 = VECTOR('',#12250,1.);
#12250 = DIRECTION('',(-0.,-0.,-1.));
#12251 = ADVANCED_FACE('',(#12252),#12263,.F.);
#12252 = FACE_BOUND('',#12253,.F.);
#12253 = EDGE_LOOP('',(#12254,#12260,#12261,#12262));
#12254 = ORIENTED_EDGE('',*,*,#12255,.T.);
#12255 = EDGE_CURVE('',#10339,#10994,#12256,.T.);
#12256 = LINE('',#12257,#12258);
#12257 = CARTESIAN_POINT('',(15.876785814286,28.486071428571,10.));
#12258 = VECTOR('',#12259,1.);
#12259 = DIRECTION('',(0.,0.,1.));
#12260 = ORIENTED_EDGE('',*,*,#11001,.T.);
#12261 = ORIENTED_EDGE('',*,*,#12236,.F.);
#12262 = ORIENTED_EDGE('',*,*,#10346,.F.);
#12263 = SURFACE_OF_LINEAR_EXTRUSION('',#12264,#12268);
#12264 = B_SPLINE_CURVE_WITH_KNOTS('',2,(#12265,#12266,#12267),
  .UNSPECIFIED.,.F.,.F.,(3,3),(0.,1.),.PIECEWISE_BEZIER_KNOTS.);
#12265 = CARTESIAN_POINT('',(15.876785814286,28.486071428571,10.));
#12266 = CARTESIAN_POINT('',(15.876785814286,26.439642857143,10.));
#12267 = CARTESIAN_POINT('',(15.166785814286,25.389642857143,10.));
#12268 = VECTOR('',#12269,1.);
#12269 = DIRECTION('',(-0.,-0.,-1.));
#12270 = ADVANCED_FACE('',(#12271),#12282,.F.);
#12271 = FACE_BOUND('',#12272,.F.);
#12272 = EDGE_LOOP('',(#12273,#12279,#12280,#12281));
#12273 = ORIENTED_EDGE('',*,*,#12274,.T.);
#12274 = EDGE_CURVE('',#10331,#10986,#12275,.T.);
#12275 = LINE('',#12276,#12277);
#12276 = CARTESIAN_POINT('',(15.166785814286,31.587142857143,10.));
#12277 = VECTOR('',#12278,1.);
#12278 = DIRECTION('',(0.,0.,1.));
#12279 = ORIENTED_EDGE('',*,*,#10993,.T.);
#12280 = ORIENTED_EDGE('',*,*,#12255,.F.);
#12281 = ORIENTED_EDGE('',*,*,#10338,.F.);
#12282 = SURFACE_OF_LINEAR_EXTRUSION('',#12283,#12287);
#12283 = B_SPLINE_CURVE_WITH_KNOTS('',2,(#12284,#12285,#12286),
  .UNSPECIFIED.,.F.,.F.,(3,3),(0.,1.),.PIECEWISE_BEZIER_KNOTS.);
#12284 = CARTESIAN_POINT('',(15.166785814286,31.587142857143,10.));
#12285 = CARTESIAN_POINT('',(15.876785814286,30.5375,10.));
#12286 = CARTESIAN_POINT('',(15.876785814286,28.486071428571,10.));
#12287 = VECTOR('',#12288,1.);
#12288 = DIRECTION('',(-0.,-0.,-1.));
#12289 = ADVANCED_FACE('',(#12290),#12301,.F.);
#12290 = FACE_BOUND('',#12291,.F.);
#12291 = EDGE_LOOP('',(#12292,#12298,#12299,#12300));
#12292 = ORIENTED_EDGE('',*,*,#12293,.T.);
#12293 = EDGE_CURVE('',#10323,#10978,#12294,.T.);
#12294 = LINE('',#12295,#12296);
#12295 = CARTESIAN_POINT('',(13.064285814286,32.637142857143,10.));
#12296 = VECTOR('',#12297,1.);
#12297 = DIRECTION('',(0.,0.,1.));
#12298 = ORIENTED_EDGE('',*,*,#10985,.T.);
#12299 = ORIENTED_EDGE('',*,*,#12274,.F.);
#12300 = ORIENTED_EDGE('',*,*,#10330,.F.);
#12301 = SURFACE_OF_LINEAR_EXTRUSION('',#12302,#12306);
#12302 = B_SPLINE_CURVE_WITH_KNOTS('',2,(#12303,#12304,#12305),
  .UNSPECIFIED.,.F.,.F.,(3,3),(0.,1.),.PIECEWISE_BEZIER_KNOTS.);
#12303 = CARTESIAN_POINT('',(13.064285814286,32.637142857143,10.));
#12304 = CARTESIAN_POINT('',(14.457142957143,32.637142857143,10.));
#12305 = CARTESIAN_POINT('',(15.166785814286,31.587142857143,10.));
#12306 = VECTOR('',#12307,1.);
#12307 = DIRECTION('',(-0.,-0.,-1.));
#12308 = ADVANCED_FACE('',(#12309),#12320,.F.);
#12309 = FACE_BOUND('',#12310,.F.);
#12310 = EDGE_LOOP('',(#12311,#12317,#12318,#12319));
#12311 = ORIENTED_EDGE('',*,*,#12312,.T.);
#12312 = EDGE_CURVE('',#10315,#10970,#12313,.T.);
#12313 = LINE('',#12314,#12315);
#12314 = CARTESIAN_POINT('',(10.966785814286,31.587142857143,10.));
#12315 = VECTOR('',#12316,1.);
#12316 = DIRECTION('',(0.,0.,1.));
#12317 = ORIENTED_EDGE('',*,*,#10977,.T.);
#12318 = ORIENTED_EDGE('',*,*,#12293,.F.);
#12319 = ORIENTED_EDGE('',*,*,#10322,.F.);
#12320 = SURFACE_OF_LINEAR_EXTRUSION('',#12321,#12325);
#12321 = B_SPLINE_CURVE_WITH_KNOTS('',2,(#12322,#12323,#12324),
  .UNSPECIFIED.,.F.,.F.,(3,3),(0.,1.),.PIECEWISE_BEZIER_KNOTS.);
#12322 = CARTESIAN_POINT('',(10.966785814286,31.587142857143,10.));
#12323 = CARTESIAN_POINT('',(11.676785814286,32.637142857143,10.));
#12324 = CARTESIAN_POINT('',(13.064285814286,32.637142857143,10.));
#12325 = VECTOR('',#12326,1.);
#12326 = DIRECTION('',(-0.,-0.,-1.));
#12327 = ADVANCED_FACE('',(#12328),#12334,.F.);
#12328 = FACE_BOUND('',#12329,.F.);
#12329 = EDGE_LOOP('',(#12330,#12331,#12332,#12333));
#12330 = ORIENTED_EDGE('',*,*,#12200,.T.);
#12331 = ORIENTED_EDGE('',*,*,#10969,.T.);
#12332 = ORIENTED_EDGE('',*,*,#12312,.F.);
#12333 = ORIENTED_EDGE('',*,*,#10314,.F.);
#12334 = SURFACE_OF_LINEAR_EXTRUSION('',#12335,#12339);
#12335 = B_SPLINE_CURVE_WITH_KNOTS('',2,(#12336,#12337,#12338),
  .UNSPECIFIED.,.F.,.F.,(3,3),(0.,1.),.PIECEWISE_BEZIER_KNOTS.);
#12336 = CARTESIAN_POINT('',(10.257142957143,28.486071428571,10.));
#12337 = CARTESIAN_POINT('',(10.257142957143,30.5375,10.));
#12338 = CARTESIAN_POINT('',(10.966785814286,31.587142857143,10.));
#12339 = VECTOR('',#12340,1.);
#12340 = DIRECTION('',(-0.,-0.,-1.));
#12341 = ADVANCED_FACE('',(#12342),#12358,.F.);
#12342 = FACE_BOUND('',#12343,.F.);
#12343 = EDGE_LOOP('',(#12344,#12350,#12351,#12357));
#12344 = ORIENTED_EDGE('',*,*,#12345,.T.);
#12345 = EDGE_CURVE('',#10371,#11026,#12346,.T.);
#12346 = LINE('',#12347,#12348);
#12347 = CARTESIAN_POINT('',(17.0075001,24.5,10.));
#12348 = VECTOR('',#12349,1.);
#12349 = DIRECTION('',(0.,0.,1.));
#12350 = ORIENTED_EDGE('',*,*,#11025,.T.);
#12351 = ORIENTED_EDGE('',*,*,#12352,.F.);
#12352 = EDGE_CURVE('',#10373,#11028,#12353,.T.);
#12353 = LINE('',#12354,#12355);
#12354 = CARTESIAN_POINT('',(17.0075001,32.5,10.));
#12355 = VECTOR('',#12356,1.);
#12356 = DIRECTION('',(0.,0.,1.));
#12357 = ORIENTED_EDGE('',*,*,#10370,.F.);
#12358 = PLANE('',#12359);
#12359 = AXIS2_PLACEMENT_3D('',#12360,#12361,#12362);
#12360 = CARTESIAN_POINT('',(17.0075001,24.5,10.));
#12361 = DIRECTION('',(-1.,0.,0.));
#12362 = DIRECTION('',(0.,1.,0.));
#12363 = ADVANCED_FACE('',(#12364),#12375,.F.);
#12364 = FACE_BOUND('',#12365,.F.);
#12365 = EDGE_LOOP('',(#12366,#12372,#12373,#12374));
#12366 = ORIENTED_EDGE('',*,*,#12367,.T.);
#12367 = EDGE_CURVE('',#10437,#11092,#12368,.T.);
#12368 = LINE('',#12369,#12370);
#12369 = CARTESIAN_POINT('',(18.400357242857,24.5,10.));
#12370 = VECTOR('',#12371,1.);
#12371 = DIRECTION('',(0.,0.,1.));
#12372 = ORIENTED_EDGE('',*,*,#11099,.T.);
#12373 = ORIENTED_EDGE('',*,*,#12345,.F.);
#12374 = ORIENTED_EDGE('',*,*,#10444,.F.);
#12375 = PLANE('',#12376);
#12376 = AXIS2_PLACEMENT_3D('',#12377,#12378,#12379);
#12377 = CARTESIAN_POINT('',(18.400357242857,24.5,10.));
#12378 = DIRECTION('',(0.,-1.,0.));
#12379 = DIRECTION('',(-1.,0.,0.));
#12380 = ADVANCED_FACE('',(#12381),#12392,.F.);
#12381 = FACE_BOUND('',#12382,.F.);
#12382 = EDGE_LOOP('',(#12383,#12389,#12390,#12391));
#12383 = ORIENTED_EDGE('',*,*,#12384,.T.);
#12384 = EDGE_CURVE('',#10429,#11084,#12385,.T.);
#12385 = LINE('',#12386,#12387);
#12386 = CARTESIAN_POINT('',(18.400357242857,30.313928571429,10.));
#12387 = VECTOR('',#12388,1.);
#12388 = DIRECTION('',(0.,0.,1.));
#12389 = ORIENTED_EDGE('',*,*,#11091,.T.);
#12390 = ORIENTED_EDGE('',*,*,#12367,.F.);
#12391 = ORIENTED_EDGE('',*,*,#10436,.F.);
#12392 = PLANE('',#12393);
#12393 = AXIS2_PLACEMENT_3D('',#12394,#12395,#12396);
#12394 = CARTESIAN_POINT('',(18.400357242857,30.313928571429,10.));
#12395 = DIRECTION('',(1.,0.,0.));
#12396 = DIRECTION('',(0.,-1.,0.));
#12397 = ADVANCED_FACE('',(#12398),#12409,.F.);
#12398 = FACE_BOUND('',#12399,.F.);
#12399 = EDGE_LOOP('',(#12400,#12406,#12407,#12408));
#12400 = ORIENTED_EDGE('',*,*,#12401,.T.);
#12401 = EDGE_CURVE('',#10421,#11076,#12402,.T.);
#12402 = LINE('',#12403,#12404);
#12403 = CARTESIAN_POINT('',(20.639642957143,24.5,10.));
#12404 = VECTOR('',#12405,1.);
#12405 = DIRECTION('',(0.,0.,1.));
#12406 = ORIENTED_EDGE('',*,*,#11083,.T.);
#12407 = ORIENTED_EDGE('',*,*,#12384,.F.);
#12408 = ORIENTED_EDGE('',*,*,#10428,.F.);
#12409 = PLANE('',#12410);
#12410 = AXIS2_PLACEMENT_3D('',#12411,#12412,#12413);
#12411 = CARTESIAN_POINT('',(20.639642957143,24.5,10.));
#12412 = DIRECTION('',(-0.933175598383,-0.359420787632,0.));
#12413 = DIRECTION('',(-0.359420787632,0.933175598383,0.));
#12414 = ADVANCED_FACE('',(#12415),#12426,.F.);
#12415 = FACE_BOUND('',#12416,.F.);
#12416 = EDGE_LOOP('',(#12417,#12423,#12424,#12425));
#12417 = ORIENTED_EDGE('',*,*,#12418,.T.);
#12418 = EDGE_CURVE('',#10413,#11068,#12419,.T.);
#12419 = LINE('',#12420,#12421);
#12420 = CARTESIAN_POINT('',(22.327142957143,24.5,10.));
#12421 = VECTOR('',#12422,1.);
#12422 = DIRECTION('',(0.,0.,1.));
#12423 = ORIENTED_EDGE('',*,*,#11075,.T.);
#12424 = ORIENTED_EDGE('',*,*,#12401,.F.);
#12425 = ORIENTED_EDGE('',*,*,#10420,.F.);
#12426 = PLANE('',#12427);
#12427 = AXIS2_PLACEMENT_3D('',#12428,#12429,#12430);
#12428 = CARTESIAN_POINT('',(22.327142957143,24.5,10.));
#12429 = DIRECTION('',(0.,-1.,0.));
#12430 = DIRECTION('',(-1.,0.,0.));
#12431 = ADVANCED_FACE('',(#12432),#12443,.F.);
#12432 = FACE_BOUND('',#12433,.F.);
#12433 = EDGE_LOOP('',(#12434,#12440,#12441,#12442));
#12434 = ORIENTED_EDGE('',*,*,#12435,.T.);
#12435 = EDGE_CURVE('',#10405,#11060,#12436,.T.);
#12436 = LINE('',#12437,#12438);
#12437 = CARTESIAN_POINT('',(22.327142957143,32.5,10.));
#12438 = VECTOR('',#12439,1.);
#12439 = DIRECTION('',(0.,0.,1.));
#12440 = ORIENTED_EDGE('',*,*,#11067,.T.);
#12441 = ORIENTED_EDGE('',*,*,#12418,.F.);
#12442 = ORIENTED_EDGE('',*,*,#10412,.F.);
#12443 = PLANE('',#12444);
#12444 = AXIS2_PLACEMENT_3D('',#12445,#12446,#12447);
#12445 = CARTESIAN_POINT('',(22.327142957143,32.5,10.));
#12446 = DIRECTION('',(1.,0.,0.));
#12447 = DIRECTION('',(0.,-1.,0.));
#12448 = ADVANCED_FACE('',(#12449),#12460,.F.);
#12449 = FACE_BOUND('',#12450,.F.);
#12450 = EDGE_LOOP('',(#12451,#12457,#12458,#12459));
#12451 = ORIENTED_EDGE('',*,*,#12452,.T.);
#12452 = EDGE_CURVE('',#10397,#11052,#12453,.T.);
#12453 = LINE('',#12454,#12455);
#12454 = CARTESIAN_POINT('',(20.934285814286,32.5,10.));
#12455 = VECTOR('',#12456,1.);
#12456 = DIRECTION('',(0.,0.,1.));
#12457 = ORIENTED_EDGE('',*,*,#11059,.T.);
#12458 = ORIENTED_EDGE('',*,*,#12435,.F.);
#12459 = ORIENTED_EDGE('',*,*,#10404,.F.);
#12460 = PLANE('',#12461);
#12461 = AXIS2_PLACEMENT_3D('',#12462,#12463,#12464);
#12462 = CARTESIAN_POINT('',(20.934285814286,32.5,10.));
#12463 = DIRECTION('',(0.,1.,0.));
#12464 = DIRECTION('',(1.,0.,0.));
#12465 = ADVANCED_FACE('',(#12466),#12477,.F.);
#12466 = FACE_BOUND('',#12467,.F.);
#12467 = EDGE_LOOP('',(#12468,#12474,#12475,#12476));
#12468 = ORIENTED_EDGE('',*,*,#12469,.T.);
#12469 = EDGE_CURVE('',#10389,#11044,#12470,.T.);
#12470 = LINE('',#12471,#12472);
#12471 = CARTESIAN_POINT('',(20.934285814286,26.686071428571,10.));
#12472 = VECTOR('',#12473,1.);
#12473 = DIRECTION('',(0.,0.,1.));
#12474 = ORIENTED_EDGE('',*,*,#11051,.T.);
#12475 = ORIENTED_EDGE('',*,*,#12452,.F.);
#12476 = ORIENTED_EDGE('',*,*,#10396,.F.);
#12477 = PLANE('',#12478);
#12478 = AXIS2_PLACEMENT_3D('',#12479,#12480,#12481);
#12479 = CARTESIAN_POINT('',(20.934285814286,26.686071428571,10.));
#12480 = DIRECTION('',(-1.,0.,0.));
#12481 = DIRECTION('',(0.,1.,0.));
#12482 = ADVANCED_FACE('',(#12483),#12494,.F.);
#12483 = FACE_BOUND('',#12484,.F.);
#12484 = EDGE_LOOP('',(#12485,#12491,#12492,#12493));
#12485 = ORIENTED_EDGE('',*,*,#12486,.T.);
#12486 = EDGE_CURVE('',#10381,#11036,#12487,.T.);
#12487 = LINE('',#12488,#12489);
#12488 = CARTESIAN_POINT('',(18.705714385714,32.5,10.));
#12489 = VECTOR('',#12490,1.);
#12490 = DIRECTION('',(0.,0.,1.));
#12491 = ORIENTED_EDGE('',*,*,#11043,.T.);
#12492 = ORIENTED_EDGE('',*,*,#12469,.F.);
#12493 = ORIENTED_EDGE('',*,*,#10388,.F.);
#12494 = PLANE('',#12495);
#12495 = AXIS2_PLACEMENT_3D('',#12496,#12497,#12498);
#12496 = CARTESIAN_POINT('',(18.705714385714,32.5,10.));
#12497 = DIRECTION('',(0.933751548891,0.357921841948,0.));
#12498 = DIRECTION('',(0.357921841948,-0.933751548891,0.));
#12499 = ADVANCED_FACE('',(#12500),#12506,.F.);
#12500 = FACE_BOUND('',#12501,.F.);
#12501 = EDGE_LOOP('',(#12502,#12503,#12504,#12505));
#12502 = ORIENTED_EDGE('',*,*,#12352,.T.);
#12503 = ORIENTED_EDGE('',*,*,#11035,.T.);
#12504 = ORIENTED_EDGE('',*,*,#12486,.F.);
#12505 = ORIENTED_EDGE('',*,*,#10380,.F.);
#12506 = PLANE('',#12507);
#12507 = AXIS2_PLACEMENT_3D('',#12508,#12509,#12510);
#12508 = CARTESIAN_POINT('',(17.0075001,32.5,10.));
#12509 = DIRECTION('',(0.,1.,0.));
#12510 = DIRECTION('',(1.,0.,0.));
#12511 = MANIFOLD_SOLID_BREP('',#12512);
#12512 = CLOSED_SHELL('',(#12513,#12545,#12576,#12600,#12617));
#12513 = ADVANCED_FACE('',(#12514),#12540,.F.);
#12514 = FACE_BOUND('',#12515,.F.);
#12515 = EDGE_LOOP('',(#12516,#12526,#12534));
#12516 = ORIENTED_EDGE('',*,*,#12517,.T.);
#12517 = EDGE_CURVE('',#12518,#12520,#12522,.T.);
#12518 = VERTEX_POINT('',#12519);
#12519 = CARTESIAN_POINT('',(-12.60857132857,27.768571428571,10.));
#12520 = VERTEX_POINT('',#12521);
#12521 = CARTESIAN_POINT('',(-13.35857132857,31.05,10.));
#12522 = LINE('',#12523,#12524);
#12523 = CARTESIAN_POINT('',(-12.60857132857,27.768571428571,10.));
#12524 = VECTOR('',#12525,1.);
#12525 = DIRECTION('',(-0.222813277655,0.974861140522,0.));
#12526 = ORIENTED_EDGE('',*,*,#12527,.T.);
#12527 = EDGE_CURVE('',#12520,#12528,#12530,.T.);
#12528 = VERTEX_POINT('',#12529);
#12529 = CARTESIAN_POINT('',(-14.10321418571,27.768571428571,10.));
#12530 = LINE('',#12531,#12532);
#12531 = CARTESIAN_POINT('',(-13.35857132857,31.05,10.));
#12532 = VECTOR('',#12533,1.);
#12533 = DIRECTION('',(-0.221299963537,-0.975205786559,0.));
#12534 = ORIENTED_EDGE('',*,*,#12535,.T.);
#12535 = EDGE_CURVE('',#12528,#12518,#12536,.T.);
#12536 = LINE('',#12537,#12538);
#12537 = CARTESIAN_POINT('',(-14.10321418571,27.768571428571,10.));
#12538 = VECTOR('',#12539,1.);
#12539 = DIRECTION('',(1.,0.,0.));
#12540 = PLANE('',#12541);
#12541 = AXIS2_PLACEMENT_3D('',#12542,#12543,#12544);
#12542 = CARTESIAN_POINT('',(7.58E-15,28.765,10.));
#12543 = DIRECTION('',(0.,0.,1.));
#12544 = DIRECTION('',(1.,0.,0.));
#12545 = ADVANCED_FACE('',(#12546),#12571,.F.);
#12546 = FACE_BOUND('',#12547,.F.);
#12547 = EDGE_LOOP('',(#12548,#12556,#12564,#12570));
#12548 = ORIENTED_EDGE('',*,*,#12549,.T.);
#12549 = EDGE_CURVE('',#12518,#12550,#12552,.T.);
#12550 = VERTEX_POINT('',#12551);
#12551 = CARTESIAN_POINT('',(-12.60857132857,27.768571428571,11.));
#12552 = LINE('',#12553,#12554);
#12553 = CARTESIAN_POINT('',(-12.60857132857,27.768571428571,10.));
#12554 = VECTOR('',#12555,1.);
#12555 = DIRECTION('',(0.,0.,1.));
#12556 = ORIENTED_EDGE('',*,*,#12557,.T.);
#12557 = EDGE_CURVE('',#12550,#12558,#12560,.T.);
#12558 = VERTEX_POINT('',#12559);
#12559 = CARTESIAN_POINT('',(-13.35857132857,31.05,11.));
#12560 = LINE('',#12561,#12562);
#12561 = CARTESIAN_POINT('',(-12.60857132857,27.768571428571,11.));
#12562 = VECTOR('',#12563,1.);
#12563 = DIRECTION('',(-0.222813277655,0.974861140522,0.));
#12564 = ORIENTED_EDGE('',*,*,#12565,.F.);
#12565 = EDGE_CURVE('',#12520,#12558,#12566,.T.);
#12566 = LINE('',#12567,#12568);
#12567 = CARTESIAN_POINT('',(-13.35857132857,31.05,10.));
#12568 = VECTOR('',#12569,1.);
#12569 = DIRECTION('',(0.,0.,1.));
#12570 = ORIENTED_EDGE('',*,*,#12517,.F.);
#12571 = PLANE('',#12572);
#12572 = AXIS2_PLACEMENT_3D('',#12573,#12574,#12575);
#12573 = CARTESIAN_POINT('',(-12.60857132857,27.768571428571,10.));
#12574 = DIRECTION('',(-0.974861140522,-0.222813277655,0.));
#12575 = DIRECTION('',(-0.222813277655,0.974861140522,0.));
#12576 = ADVANCED_FACE('',(#12577),#12595,.F.);
#12577 = FACE_BOUND('',#12578,.F.);
#12578 = EDGE_LOOP('',(#12579,#12587,#12593,#12594));
#12579 = ORIENTED_EDGE('',*,*,#12580,.T.);
#12580 = EDGE_CURVE('',#12528,#12581,#12583,.T.);
#12581 = VERTEX_POINT('',#12582);
#12582 = CARTESIAN_POINT('',(-14.10321418571,27.768571428571,11.));
#12583 = LINE('',#12584,#12585);
#12584 = CARTESIAN_POINT('',(-14.10321418571,27.768571428571,10.));
#12585 = VECTOR('',#12586,1.);
#12586 = DIRECTION('',(0.,0.,1.));
#12587 = ORIENTED_EDGE('',*,*,#12588,.T.);
#12588 = EDGE_CURVE('',#12581,#12550,#12589,.T.);
#12589 = LINE('',#12590,#12591);
#12590 = CARTESIAN_POINT('',(-14.10321418571,27.768571428571,11.));
#12591 = VECTOR('',#12592,1.);
#12592 = DIRECTION('',(1.,0.,0.));
#12593 = ORIENTED_EDGE('',*,*,#12549,.F.);
#12594 = ORIENTED_EDGE('',*,*,#12535,.F.);
#12595 = PLANE('',#12596);
#12596 = AXIS2_PLACEMENT_3D('',#12597,#12598,#12599);
#12597 = CARTESIAN_POINT('',(-14.10321418571,27.768571428571,10.));
#12598 = DIRECTION('',(0.,1.,0.));
#12599 = DIRECTION('',(1.,0.,0.));
#12600 = ADVANCED_FACE('',(#12601),#12612,.F.);
#12601 = FACE_BOUND('',#12602,.F.);
#12602 = EDGE_LOOP('',(#12603,#12604,#12610,#12611));
#12603 = ORIENTED_EDGE('',*,*,#12565,.T.);
#12604 = ORIENTED_EDGE('',*,*,#12605,.T.);
#12605 = EDGE_CURVE('',#12558,#12581,#12606,.T.);
#12606 = LINE('',#12607,#12608);
#12607 = CARTESIAN_POINT('',(-13.35857132857,31.05,11.));
#12608 = VECTOR('',#12609,1.);
#12609 = DIRECTION('',(-0.221299963537,-0.975205786559,0.));
#12610 = ORIENTED_EDGE('',*,*,#12580,.F.);
#12611 = ORIENTED_EDGE('',*,*,#12527,.F.);
#12612 = PLANE('',#12613);
#12613 = AXIS2_PLACEMENT_3D('',#12614,#12615,#12616);
#12614 = CARTESIAN_POINT('',(-13.35857132857,31.05,10.));
#12615 = DIRECTION('',(0.975205786559,-0.221299963537,0.));
#12616 = DIRECTION('',(-0.221299963537,-0.975205786559,0.));
#12617 = ADVANCED_FACE('',(#12618),#12623,.T.);
#12618 = FACE_BOUND('',#12619,.T.);
#12619 = EDGE_LOOP('',(#12620,#12621,#12622));
#12620 = ORIENTED_EDGE('',*,*,#12557,.T.);
#12621 = ORIENTED_EDGE('',*,*,#12605,.T.);
#12622 = ORIENTED_EDGE('',*,*,#12588,.T.);
#12623 = PLANE('',#12624);
#12624 = AXIS2_PLACEMENT_3D('',#12625,#12626,#12627);
#12625 = CARTESIAN_POINT('',(7.58E-15,28.765,11.));
#12626 = DIRECTION('',(0.,0.,1.));
#12627 = DIRECTION('',(1.,0.,0.));
#12628 = MANIFOLD_SOLID_BREP('',#12629);
#12629 = CLOSED_SHELL('',(#12630,#12702,#12735,#12761,#12787,#12813,
    #12839,#12865,#12891,#12910));
#12630 = ADVANCED_FACE('',(#12631),#12697,.F.);
#12631 = FACE_BOUND('',#12632,.F.);
#12632 = EDGE_LOOP('',(#12633,#12643,#12651,#12659,#12667,#12675,#12683,
    #12691));
#12633 = ORIENTED_EDGE('',*,*,#12634,.T.);
#12634 = EDGE_CURVE('',#12635,#12637,#12639,.T.);
#12635 = VERTEX_POINT('',#12636);
#12636 = CARTESIAN_POINT('',(13.953571528571,30.573928571429,10.));
#12637 = VERTEX_POINT('',#12638);
#12638 = CARTESIAN_POINT('',(13.064285814286,31.22,10.));
#12639 = B_SPLINE_CURVE_WITH_KNOTS('',2,(#12640,#12641,#12642),
  .UNSPECIFIED.,.F.,.F.,(3,3),(0.,1.),.PIECEWISE_BEZIER_KNOTS.);
#12640 = CARTESIAN_POINT('',(13.953571528571,30.573928571429,10.));
#12641 = CARTESIAN_POINT('',(13.6750001,31.22,10.));
#12642 = CARTESIAN_POINT('',(13.064285814286,31.22,10.));
#12643 = ORIENTED_EDGE('',*,*,#12644,.T.);
#12644 = EDGE_CURVE('',#12637,#12645,#12647,.T.);
#12645 = VERTEX_POINT('',#12646);
#12646 = CARTESIAN_POINT('',(12.180357242857,30.573928571429,10.));
#12647 = B_SPLINE_CURVE_WITH_KNOTS('',2,(#12648,#12649,#12650),
  .UNSPECIFIED.,.F.,.F.,(3,3),(0.,1.),.PIECEWISE_BEZIER_KNOTS.);
#12648 = CARTESIAN_POINT('',(13.064285814286,31.22,10.));
#12649 = CARTESIAN_POINT('',(12.458928671429,31.22,10.));
#12650 = CARTESIAN_POINT('',(12.180357242857,30.573928571429,10.));
#12651 = ORIENTED_EDGE('',*,*,#12652,.T.);
#12652 = EDGE_CURVE('',#12645,#12653,#12655,.T.);
#12653 = VERTEX_POINT('',#12654);
#12654 = CARTESIAN_POINT('',(11.901785814286,28.485714285714,10.));
#12655 = B_SPLINE_CURVE_WITH_KNOTS('',2,(#12656,#12657,#12658),
  .UNSPECIFIED.,.F.,.F.,(3,3),(0.,1.),.PIECEWISE_BEZIER_KNOTS.);
#12656 = CARTESIAN_POINT('',(12.180357242857,30.573928571429,10.));
#12657 = CARTESIAN_POINT('',(11.901785814286,29.927857142857,10.));
#12658 = CARTESIAN_POINT('',(11.901785814286,28.485714285714,10.));
#12659 = ORIENTED_EDGE('',*,*,#12660,.T.);
#12660 = EDGE_CURVE('',#12653,#12661,#12663,.T.);
#12661 = VERTEX_POINT('',#12662);
#12662 = CARTESIAN_POINT('',(12.180357242857,26.403214285714,10.));
#12663 = B_SPLINE_CURVE_WITH_KNOTS('',2,(#12664,#12665,#12666),
  .UNSPECIFIED.,.F.,.F.,(3,3),(0.,1.),.PIECEWISE_BEZIER_KNOTS.);
#12664 = CARTESIAN_POINT('',(11.901785814286,28.485714285714,10.));
#12665 = CARTESIAN_POINT('',(11.901785814286,27.049285714286,10.));
#12666 = CARTESIAN_POINT('',(12.180357242857,26.403214285714,10.));
#12667 = ORIENTED_EDGE('',*,*,#12668,.T.);
#12668 = EDGE_CURVE('',#12661,#12669,#12671,.T.);
#12669 = VERTEX_POINT('',#12670);
#12670 = CARTESIAN_POINT('',(13.064285814286,25.757142857143,10.));
#12671 = B_SPLINE_CURVE_WITH_KNOTS('',2,(#12672,#12673,#12674),
  .UNSPECIFIED.,.F.,.F.,(3,3),(0.,1.),.PIECEWISE_BEZIER_KNOTS.);
#12672 = CARTESIAN_POINT('',(12.180357242857,26.403214285714,10.));
#12673 = CARTESIAN_POINT('',(12.458928671429,25.757142857143,10.));
#12674 = CARTESIAN_POINT('',(13.064285814286,25.757142857143,10.));
#12675 = ORIENTED_EDGE('',*,*,#12676,.T.);
#12676 = EDGE_CURVE('',#12669,#12677,#12679,.T.);
#12677 = VERTEX_POINT('',#12678);
#12678 = CARTESIAN_POINT('',(13.953571528571,26.403214285714,10.));
#12679 = B_SPLINE_CURVE_WITH_KNOTS('',2,(#12680,#12681,#12682),
  .UNSPECIFIED.,.F.,.F.,(3,3),(0.,1.),.PIECEWISE_BEZIER_KNOTS.);
#12680 = CARTESIAN_POINT('',(13.064285814286,25.757142857143,10.));
#12681 = CARTESIAN_POINT('',(13.6750001,25.757142857143,10.));
#12682 = CARTESIAN_POINT('',(13.953571528571,26.403214285714,10.));
#12683 = ORIENTED_EDGE('',*,*,#12684,.T.);
#12684 = EDGE_CURVE('',#12677,#12685,#12687,.T.);
#12685 = VERTEX_POINT('',#12686);
#12686 = CARTESIAN_POINT('',(14.232142957143,28.485714285714,10.));
#12687 = B_SPLINE_CURVE_WITH_KNOTS('',2,(#12688,#12689,#12690),
  .UNSPECIFIED.,.F.,.F.,(3,3),(0.,1.),.PIECEWISE_BEZIER_KNOTS.);
#12688 = CARTESIAN_POINT('',(13.953571528571,26.403214285714,10.));
#12689 = CARTESIAN_POINT('',(14.232142957143,27.049285714286,10.));
#12690 = CARTESIAN_POINT('',(14.232142957143,28.485714285714,10.));
#12691 = ORIENTED_EDGE('',*,*,#12692,.T.);
#12692 = EDGE_CURVE('',#12685,#12635,#12693,.T.);
#12693 = B_SPLINE_CURVE_WITH_KNOTS('',2,(#12694,#12695,#12696),
  .UNSPECIFIED.,.F.,.F.,(3,3),(0.,1.),.PIECEWISE_BEZIER_KNOTS.);
#12694 = CARTESIAN_POINT('',(14.232142957143,28.485714285714,10.));
#12695 = CARTESIAN_POINT('',(14.232142957143,29.927857142857,10.));
#12696 = CARTESIAN_POINT('',(13.953571528571,30.573928571429,10.));
#12697 = PLANE('',#12698);
#12698 = AXIS2_PLACEMENT_3D('',#12699,#12700,#12701);
#12699 = CARTESIAN_POINT('',(7.58E-15,28.765,10.));
#12700 = DIRECTION('',(0.,0.,1.));
#12701 = DIRECTION('',(1.,0.,0.));
#12702 = ADVANCED_FACE('',(#12703),#12728,.F.);
#12703 = FACE_BOUND('',#12704,.F.);
#12704 = EDGE_LOOP('',(#12705,#12713,#12721,#12727));
#12705 = ORIENTED_EDGE('',*,*,#12706,.T.);
#12706 = EDGE_CURVE('',#12635,#12707,#12709,.T.);
#12707 = VERTEX_POINT('',#12708);
#12708 = CARTESIAN_POINT('',(13.953571528571,30.573928571429,11.));
#12709 = LINE('',#12710,#12711);
#12710 = CARTESIAN_POINT('',(13.953571528571,30.573928571429,10.));
#12711 = VECTOR('',#12712,1.);
#12712 = DIRECTION('',(0.,0.,1.));
#12713 = ORIENTED_EDGE('',*,*,#12714,.T.);
#12714 = EDGE_CURVE('',#12707,#12715,#12717,.T.);
#12715 = VERTEX_POINT('',#12716);
#12716 = CARTESIAN_POINT('',(13.064285814286,31.22,11.));
#12717 = B_SPLINE_CURVE_WITH_KNOTS('',2,(#12718,#12719,#12720),
  .UNSPECIFIED.,.F.,.F.,(3,3),(0.,1.),.PIECEWISE_BEZIER_KNOTS.);
#12718 = CARTESIAN_POINT('',(13.953571528571,30.573928571429,11.));
#12719 = CARTESIAN_POINT('',(13.6750001,31.22,11.));
#12720 = CARTESIAN_POINT('',(13.064285814286,31.22,11.));
#12721 = ORIENTED_EDGE('',*,*,#12722,.F.);
#12722 = EDGE_CURVE('',#12637,#12715,#12723,.T.);
#12723 = LINE('',#12724,#12725);
#12724 = CARTESIAN_POINT('',(13.064285814286,31.22,10.));
#12725 = VECTOR('',#12726,1.);
#12726 = DIRECTION('',(0.,0.,1.));
#12727 = ORIENTED_EDGE('',*,*,#12634,.F.);
#12728 = SURFACE_OF_LINEAR_EXTRUSION('',#12729,#12733);
#12729 = B_SPLINE_CURVE_WITH_KNOTS('',2,(#12730,#12731,#12732),
  .UNSPECIFIED.,.F.,.F.,(3,3),(0.,1.),.PIECEWISE_BEZIER_KNOTS.);
#12730 = CARTESIAN_POINT('',(13.953571528571,30.573928571429,10.));
#12731 = CARTESIAN_POINT('',(13.6750001,31.22,10.));
#12732 = CARTESIAN_POINT('',(13.064285814286,31.22,10.));
#12733 = VECTOR('',#12734,1.);
#12734 = DIRECTION('',(-0.,-0.,-1.));
#12735 = ADVANCED_FACE('',(#12736),#12754,.F.);
#12736 = FACE_BOUND('',#12737,.F.);
#12737 = EDGE_LOOP('',(#12738,#12746,#12752,#12753));
#12738 = ORIENTED_EDGE('',*,*,#12739,.T.);
#12739 = EDGE_CURVE('',#12685,#12740,#12742,.T.);
#12740 = VERTEX_POINT('',#12741);
#12741 = CARTESIAN_POINT('',(14.232142957143,28.485714285714,11.));
#12742 = LINE('',#12743,#12744);
#12743 = CARTESIAN_POINT('',(14.232142957143,28.485714285714,10.));
#12744 = VECTOR('',#12745,1.);
#12745 = DIRECTION('',(0.,0.,1.));
#12746 = ORIENTED_EDGE('',*,*,#12747,.T.);
#12747 = EDGE_CURVE('',#12740,#12707,#12748,.T.);
#12748 = B_SPLINE_CURVE_WITH_KNOTS('',2,(#12749,#12750,#12751),
  .UNSPECIFIED.,.F.,.F.,(3,3),(0.,1.),.PIECEWISE_BEZIER_KNOTS.);
#12749 = CARTESIAN_POINT('',(14.232142957143,28.485714285714,11.));
#12750 = CARTESIAN_POINT('',(14.232142957143,29.927857142857,11.));
#12751 = CARTESIAN_POINT('',(13.953571528571,30.573928571429,11.));
#12752 = ORIENTED_EDGE('',*,*,#12706,.F.);
#12753 = ORIENTED_EDGE('',*,*,#12692,.F.);
#12754 = SURFACE_OF_LINEAR_EXTRUSION('',#12755,#12759);
#12755 = B_SPLINE_CURVE_WITH_KNOTS('',2,(#12756,#12757,#12758),
  .UNSPECIFIED.,.F.,.F.,(3,3),(0.,1.),.PIECEWISE_BEZIER_KNOTS.);
#12756 = CARTESIAN_POINT('',(14.232142957143,28.485714285714,10.));
#12757 = CARTESIAN_POINT('',(14.232142957143,29.927857142857,10.));
#12758 = CARTESIAN_POINT('',(13.953571528571,30.573928571429,10.));
#12759 = VECTOR('',#12760,1.);
#12760 = DIRECTION('',(-0.,-0.,-1.));
#12761 = ADVANCED_FACE('',(#12762),#12780,.F.);
#12762 = FACE_BOUND('',#12763,.F.);
#12763 = EDGE_LOOP('',(#12764,#12772,#12778,#12779));
#12764 = ORIENTED_EDGE('',*,*,#12765,.T.);
#12765 = EDGE_CURVE('',#12677,#12766,#12768,.T.);
#12766 = VERTEX_POINT('',#12767);
#12767 = CARTESIAN_POINT('',(13.953571528571,26.403214285714,11.));
#12768 = LINE('',#12769,#12770);
#12769 = CARTESIAN_POINT('',(13.953571528571,26.403214285714,10.));
#12770 = VECTOR('',#12771,1.);
#12771 = DIRECTION('',(0.,0.,1.));
#12772 = ORIENTED_EDGE('',*,*,#12773,.T.);
#12773 = EDGE_CURVE('',#12766,#12740,#12774,.T.);
#12774 = B_SPLINE_CURVE_WITH_KNOTS('',2,(#12775,#12776,#12777),
  .UNSPECIFIED.,.F.,.F.,(3,3),(0.,1.),.PIECEWISE_BEZIER_KNOTS.);
#12775 = CARTESIAN_POINT('',(13.953571528571,26.403214285714,11.));
#12776 = CARTESIAN_POINT('',(14.232142957143,27.049285714286,11.));
#12777 = CARTESIAN_POINT('',(14.232142957143,28.485714285714,11.));
#12778 = ORIENTED_EDGE('',*,*,#12739,.F.);
#12779 = ORIENTED_EDGE('',*,*,#12684,.F.);
#12780 = SURFACE_OF_LINEAR_EXTRUSION('',#12781,#12785);
#12781 = B_SPLINE_CURVE_WITH_KNOTS('',2,(#12782,#12783,#12784),
  .UNSPECIFIED.,.F.,.F.,(3,3),(0.,1.),.PIECEWISE_BEZIER_KNOTS.);
#12782 = CARTESIAN_POINT('',(13.953571528571,26.403214285714,10.));
#12783 = CARTESIAN_POINT('',(14.232142957143,27.049285714286,10.));
#12784 = CARTESIAN_POINT('',(14.232142957143,28.485714285714,10.));
#12785 = VECTOR('',#12786,1.);
#12786 = DIRECTION('',(-0.,-0.,-1.));
#12787 = ADVANCED_FACE('',(#12788),#12806,.F.);
#12788 = FACE_BOUND('',#12789,.F.);
#12789 = EDGE_LOOP('',(#12790,#12798,#12804,#12805));
#12790 = ORIENTED_EDGE('',*,*,#12791,.T.);
#12791 = EDGE_CURVE('',#12669,#12792,#12794,.T.);
#12792 = VERTEX_POINT('',#12793);
#12793 = CARTESIAN_POINT('',(13.064285814286,25.757142857143,11.));
#12794 = LINE('',#12795,#12796);
#12795 = CARTESIAN_POINT('',(13.064285814286,25.757142857143,10.));
#12796 = VECTOR('',#12797,1.);
#12797 = DIRECTION('',(0.,0.,1.));
#12798 = ORIENTED_EDGE('',*,*,#12799,.T.);
#12799 = EDGE_CURVE('',#12792,#12766,#12800,.T.);
#12800 = B_SPLINE_CURVE_WITH_KNOTS('',2,(#12801,#12802,#12803),
  .UNSPECIFIED.,.F.,.F.,(3,3),(0.,1.),.PIECEWISE_BEZIER_KNOTS.);
#12801 = CARTESIAN_POINT('',(13.064285814286,25.757142857143,11.));
#12802 = CARTESIAN_POINT('',(13.6750001,25.757142857143,11.));
#12803 = CARTESIAN_POINT('',(13.953571528571,26.403214285714,11.));
#12804 = ORIENTED_EDGE('',*,*,#12765,.F.);
#12805 = ORIENTED_EDGE('',*,*,#12676,.F.);
#12806 = SURFACE_OF_LINEAR_EXTRUSION('',#12807,#12811);
#12807 = B_SPLINE_CURVE_WITH_KNOTS('',2,(#12808,#12809,#12810),
  .UNSPECIFIED.,.F.,.F.,(3,3),(0.,1.),.PIECEWISE_BEZIER_KNOTS.);
#12808 = CARTESIAN_POINT('',(13.064285814286,25.757142857143,10.));
#12809 = CARTESIAN_POINT('',(13.6750001,25.757142857143,10.));
#12810 = CARTESIAN_POINT('',(13.953571528571,26.403214285714,10.));
#12811 = VECTOR('',#12812,1.);
#12812 = DIRECTION('',(-0.,-0.,-1.));
#12813 = ADVANCED_FACE('',(#12814),#12832,.F.);
#12814 = FACE_BOUND('',#12815,.F.);
#12815 = EDGE_LOOP('',(#12816,#12824,#12830,#12831));
#12816 = ORIENTED_EDGE('',*,*,#12817,.T.);
#12817 = EDGE_CURVE('',#12661,#12818,#12820,.T.);
#12818 = VERTEX_POINT('',#12819);
#12819 = CARTESIAN_POINT('',(12.180357242857,26.403214285714,11.));
#12820 = LINE('',#12821,#12822);
#12821 = CARTESIAN_POINT('',(12.180357242857,26.403214285714,10.));
#12822 = VECTOR('',#12823,1.);
#12823 = DIRECTION('',(0.,0.,1.));
#12824 = ORIENTED_EDGE('',*,*,#12825,.T.);
#12825 = EDGE_CURVE('',#12818,#12792,#12826,.T.);
#12826 = B_SPLINE_CURVE_WITH_KNOTS('',2,(#12827,#12828,#12829),
  .UNSPECIFIED.,.F.,.F.,(3,3),(0.,1.),.PIECEWISE_BEZIER_KNOTS.);
#12827 = CARTESIAN_POINT('',(12.180357242857,26.403214285714,11.));
#12828 = CARTESIAN_POINT('',(12.458928671429,25.757142857143,11.));
#12829 = CARTESIAN_POINT('',(13.064285814286,25.757142857143,11.));
#12830 = ORIENTED_EDGE('',*,*,#12791,.F.);
#12831 = ORIENTED_EDGE('',*,*,#12668,.F.);
#12832 = SURFACE_OF_LINEAR_EXTRUSION('',#12833,#12837);
#12833 = B_SPLINE_CURVE_WITH_KNOTS('',2,(#12834,#12835,#12836),
  .UNSPECIFIED.,.F.,.F.,(3,3),(0.,1.),.PIECEWISE_BEZIER_KNOTS.);
#12834 = CARTESIAN_POINT('',(12.180357242857,26.403214285714,10.));
#12835 = CARTESIAN_POINT('',(12.458928671429,25.757142857143,10.));
#12836 = CARTESIAN_POINT('',(13.064285814286,25.757142857143,10.));
#12837 = VECTOR('',#12838,1.);
#12838 = DIRECTION('',(-0.,-0.,-1.));
#12839 = ADVANCED_FACE('',(#12840),#12858,.F.);
#12840 = FACE_BOUND('',#12841,.F.);
#12841 = EDGE_LOOP('',(#12842,#12850,#12856,#12857));
#12842 = ORIENTED_EDGE('',*,*,#12843,.T.);
#12843 = EDGE_CURVE('',#12653,#12844,#12846,.T.);
#12844 = VERTEX_POINT('',#12845);
#12845 = CARTESIAN_POINT('',(11.901785814286,28.485714285714,11.));
#12846 = LINE('',#12847,#12848);
#12847 = CARTESIAN_POINT('',(11.901785814286,28.485714285714,10.));
#12848 = VECTOR('',#12849,1.);
#12849 = DIRECTION('',(0.,0.,1.));
#12850 = ORIENTED_EDGE('',*,*,#12851,.T.);
#12851 = EDGE_CURVE('',#12844,#12818,#12852,.T.);
#12852 = B_SPLINE_CURVE_WITH_KNOTS('',2,(#12853,#12854,#12855),
  .UNSPECIFIED.,.F.,.F.,(3,3),(0.,1.),.PIECEWISE_BEZIER_KNOTS.);
#12853 = CARTESIAN_POINT('',(11.901785814286,28.485714285714,11.));
#12854 = CARTESIAN_POINT('',(11.901785814286,27.049285714286,11.));
#12855 = CARTESIAN_POINT('',(12.180357242857,26.403214285714,11.));
#12856 = ORIENTED_EDGE('',*,*,#12817,.F.);
#12857 = ORIENTED_EDGE('',*,*,#12660,.F.);
#12858 = SURFACE_OF_LINEAR_EXTRUSION('',#12859,#12863);
#12859 = B_SPLINE_CURVE_WITH_KNOTS('',2,(#12860,#12861,#12862),
  .UNSPECIFIED.,.F.,.F.,(3,3),(0.,1.),.PIECEWISE_BEZIER_KNOTS.);
#12860 = CARTESIAN_POINT('',(11.901785814286,28.485714285714,10.));
#12861 = CARTESIAN_POINT('',(11.901785814286,27.049285714286,10.));
#12862 = CARTESIAN_POINT('',(12.180357242857,26.403214285714,10.));
#12863 = VECTOR('',#12864,1.);
#12864 = DIRECTION('',(-0.,-0.,-1.));
#12865 = ADVANCED_FACE('',(#12866),#12884,.F.);
#12866 = FACE_BOUND('',#12867,.F.);
#12867 = EDGE_LOOP('',(#12868,#12876,#12882,#12883));
#12868 = ORIENTED_EDGE('',*,*,#12869,.T.);
#12869 = EDGE_CURVE('',#12645,#12870,#12872,.T.);
#12870 = VERTEX_POINT('',#12871);
#12871 = CARTESIAN_POINT('',(12.180357242857,30.573928571429,11.));
#12872 = LINE('',#12873,#12874);
#12873 = CARTESIAN_POINT('',(12.180357242857,30.573928571429,10.));
#12874 = VECTOR('',#12875,1.);
#12875 = DIRECTION('',(0.,0.,1.));
#12876 = ORIENTED_EDGE('',*,*,#12877,.T.);
#12877 = EDGE_CURVE('',#12870,#12844,#12878,.T.);
#12878 = B_SPLINE_CURVE_WITH_KNOTS('',2,(#12879,#12880,#12881),
  .UNSPECIFIED.,.F.,.F.,(3,3),(0.,1.),.PIECEWISE_BEZIER_KNOTS.);
#12879 = CARTESIAN_POINT('',(12.180357242857,30.573928571429,11.));
#12880 = CARTESIAN_POINT('',(11.901785814286,29.927857142857,11.));
#12881 = CARTESIAN_POINT('',(11.901785814286,28.485714285714,11.));
#12882 = ORIENTED_EDGE('',*,*,#12843,.F.);
#12883 = ORIENTED_EDGE('',*,*,#12652,.F.);
#12884 = SURFACE_OF_LINEAR_EXTRUSION('',#12885,#12889);
#12885 = B_SPLINE_CURVE_WITH_KNOTS('',2,(#12886,#12887,#12888),
  .UNSPECIFIED.,.F.,.F.,(3,3),(0.,1.),.PIECEWISE_BEZIER_KNOTS.);
#12886 = CARTESIAN_POINT('',(12.180357242857,30.573928571429,10.));
#12887 = CARTESIAN_POINT('',(11.901785814286,29.927857142857,10.));
#12888 = CARTESIAN_POINT('',(11.901785814286,28.485714285714,10.));
#12889 = VECTOR('',#12890,1.);
#12890 = DIRECTION('',(-0.,-0.,-1.));
#12891 = ADVANCED_FACE('',(#12892),#12903,.F.);
#12892 = FACE_BOUND('',#12893,.F.);
#12893 = EDGE_LOOP('',(#12894,#12895,#12901,#12902));
#12894 = ORIENTED_EDGE('',*,*,#12722,.T.);
#12895 = ORIENTED_EDGE('',*,*,#12896,.T.);
#12896 = EDGE_CURVE('',#12715,#12870,#12897,.T.);
#12897 = B_SPLINE_CURVE_WITH_KNOTS('',2,(#12898,#12899,#12900),
  .UNSPECIFIED.,.F.,.F.,(3,3),(0.,1.),.PIECEWISE_BEZIER_KNOTS.);
#12898 = CARTESIAN_POINT('',(13.064285814286,31.22,11.));
#12899 = CARTESIAN_POINT('',(12.458928671429,31.22,11.));
#12900 = CARTESIAN_POINT('',(12.180357242857,30.573928571429,11.));
#12901 = ORIENTED_EDGE('',*,*,#12869,.F.);
#12902 = ORIENTED_EDGE('',*,*,#12644,.F.);
#12903 = SURFACE_OF_LINEAR_EXTRUSION('',#12904,#12908);
#12904 = B_SPLINE_CURVE_WITH_KNOTS('',2,(#12905,#12906,#12907),
  .UNSPECIFIED.,.F.,.F.,(3,3),(0.,1.),.PIECEWISE_BEZIER_KNOTS.);
#12905 = CARTESIAN_POINT('',(13.064285814286,31.22,10.));
#12906 = CARTESIAN_POINT('',(12.458928671429,31.22,10.));
#12907 = CARTESIAN_POINT('',(12.180357242857,30.573928571429,10.));
#12908 = VECTOR('',#12909,1.);
#12909 = DIRECTION('',(-0.,-0.,-1.));
#12910 = ADVANCED_FACE('',(#12911),#12921,.T.);
#12911 = FACE_BOUND('',#12912,.T.);
#12912 = EDGE_LOOP('',(#12913,#12914,#12915,#12916,#12917,#12918,#12919,
    #12920));
#12913 = ORIENTED_EDGE('',*,*,#12714,.T.);
#12914 = ORIENTED_EDGE('',*,*,#12896,.T.);
#12915 = ORIENTED_EDGE('',*,*,#12877,.T.);
#12916 = ORIENTED_EDGE('',*,*,#12851,.T.);
#12917 = ORIENTED_EDGE('',*,*,#12825,.T.);
#12918 = ORIENTED_EDGE('',*,*,#12799,.T.);
#12919 = ORIENTED_EDGE('',*,*,#12773,.T.);
#12920 = ORIENTED_EDGE('',*,*,#12747,.T.);
#12921 = PLANE('',#12922);
#12922 = AXIS2_PLACEMENT_3D('',#12923,#12924,#12925);
#12923 = CARTESIAN_POINT('',(7.58E-15,28.765,11.));
#12924 = DIRECTION('',(0.,0.,1.));
#12925 = DIRECTION('',(1.,0.,0.));
#12926 = ( GEOMETRIC_REPRESENTATION_CONTEXT(3) 
GLOBAL_UNCERTAINTY_ASSIGNED_CONTEXT((#12930)) 
GLOBAL_UNIT_ASSIGNED_CONTEXT((#12927,#12928,#12929)) 
REPRESENTATION_CONTEXT('Context #1',
  '3D Context with UNIT and UNCERTAINTY') );
#12927 = ( LENGTH_UNIT() NAMED_UNIT(*) SI_UNIT(.MILLI.,.METRE.) );
#12928 = ( NAMED_UNIT(*) PLANE_ANGLE_UNIT() SI_UNIT($,.RADIAN.) );
#12929 = ( NAMED_UNIT(*) SI_UNIT($,.STERADIAN.) SOLID_ANGLE_UNIT() );
#12930 = UNCERTAINTY_MEASURE_WITH_UNIT(LENGTH_MEASURE(1.E-07),#12927,
  'distance_accuracy_value','confusion accuracy');
#12931 = CONTEXT_DEPENDENT_SHAPE_REPRESENTATION(#12932,#12934);
#12932 = ( REPRESENTATION_RELATIONSHIP('','',#9694,#10) 
REPRESENTATION_RELATIONSHIP_WITH_TRANSFORMATION(#12933) 
SHAPE_REPRESENTATION_RELATIONSHIP() );
#12933 = ITEM_DEFINED_TRANSFORMATION('','',#11,#35);
#12934 = PRODUCT_DEFINITION_SHAPE('Placement','Placement of an item',
  #12935);
#12935 = NEXT_ASSEMBLY_USAGE_OCCURRENCE('18','Cut','',#5,#9689,$);
#12936 = PRODUCT_RELATED_PRODUCT_CATEGORY('part',$,(#9691));
#12937 = SHAPE_DEFINITION_REPRESENTATION(#12938,#12944);
#12938 = PRODUCT_DEFINITION_SHAPE('','',#12939);
#12939 = PRODUCT_DEFINITION('design','',#12940,#12943);
#12940 = PRODUCT_DEFINITION_FORMATION('','',#12941);
#12941 = PRODUCT('Pad','Pad','',(#12942));
#12942 = PRODUCT_CONTEXT('',#2,'mechanical');
#12943 = PRODUCT_DEFINITION_CONTEXT('part definition',#2,'design');
#12944 = ADVANCED_BREP_SHAPE_REPRESENTATION('',(#11,#12945),#13095);
#12945 = MANIFOLD_SOLID_BREP('',#12946);
#12946 = CLOSED_SHELL('',(#12947,#12987,#13018,#13049,#13071,#13083));
#12947 = ADVANCED_FACE('',(#12948),#12982,.F.);
#12948 = FACE_BOUND('',#12949,.F.);
#12949 = EDGE_LOOP('',(#12950,#12960,#12968,#12976));
#12950 = ORIENTED_EDGE('',*,*,#12951,.T.);
#12951 = EDGE_CURVE('',#12952,#12954,#12956,.T.);
#12952 = VERTEX_POINT('',#12953);
#12953 = CARTESIAN_POINT('',(-45.,42.,0.));
#12954 = VERTEX_POINT('',#12955);
#12955 = CARTESIAN_POINT('',(-45.,42.,7.));
#12956 = LINE('',#12957,#12958);
#12957 = CARTESIAN_POINT('',(-45.,42.,0.));
#12958 = VECTOR('',#12959,1.);
#12959 = DIRECTION('',(0.,0.,1.));
#12960 = ORIENTED_EDGE('',*,*,#12961,.T.);
#12961 = EDGE_CURVE('',#12954,#12962,#12964,.T.);
#12962 = VERTEX_POINT('',#12963);
#12963 = CARTESIAN_POINT('',(-45.,-42.,7.));
#12964 = LINE('',#12965,#12966);
#12965 = CARTESIAN_POINT('',(-45.,42.,7.));
#12966 = VECTOR('',#12967,1.);
#12967 = DIRECTION('',(0.,-1.,0.));
#12968 = ORIENTED_EDGE('',*,*,#12969,.F.);
#12969 = EDGE_CURVE('',#12970,#12962,#12972,.T.);
#12970 = VERTEX_POINT('',#12971);
#12971 = CARTESIAN_POINT('',(-45.,-42.,0.));
#12972 = LINE('',#12973,#12974);
#12973 = CARTESIAN_POINT('',(-45.,-42.,0.));
#12974 = VECTOR('',#12975,1.);
#12975 = DIRECTION('',(0.,0.,1.));
#12976 = ORIENTED_EDGE('',*,*,#12977,.F.);
#12977 = EDGE_CURVE('',#12952,#12970,#12978,.T.);
#12978 = LINE('',#12979,#12980);
#12979 = CARTESIAN_POINT('',(-45.,42.,0.));
#12980 = VECTOR('',#12981,1.);
#12981 = DIRECTION('',(0.,-1.,0.));
#12982 = PLANE('',#12983);
#12983 = AXIS2_PLACEMENT_3D('',#12984,#12985,#12986);
#12984 = CARTESIAN_POINT('',(-45.,42.,0.));
#12985 = DIRECTION('',(1.,0.,-0.));
#12986 = DIRECTION('',(0.,-1.,0.));
#12987 = ADVANCED_FACE('',(#12988),#13013,.F.);
#12988 = FACE_BOUND('',#12989,.F.);
#12989 = EDGE_LOOP('',(#12990,#12991,#12999,#13007));
#12990 = ORIENTED_EDGE('',*,*,#12969,.T.);
#12991 = ORIENTED_EDGE('',*,*,#12992,.T.);
#12992 = EDGE_CURVE('',#12962,#12993,#12995,.T.);
#12993 = VERTEX_POINT('',#12994);
#12994 = CARTESIAN_POINT('',(45.,-42.,7.));
#12995 = LINE('',#12996,#12997);
#12996 = CARTESIAN_POINT('',(-45.,-42.,7.));
#12997 = VECTOR('',#12998,1.);
#12998 = DIRECTION('',(1.,0.,0.));
#12999 = ORIENTED_EDGE('',*,*,#13000,.F.);
#13000 = EDGE_CURVE('',#13001,#12993,#13003,.T.);
#13001 = VERTEX_POINT('',#13002);
#13002 = CARTESIAN_POINT('',(45.,-42.,0.));
#13003 = LINE('',#13004,#13005);
#13004 = CARTESIAN_POINT('',(45.,-42.,0.));
#13005 = VECTOR('',#13006,1.);
#13006 = DIRECTION('',(0.,0.,1.));
#13007 = ORIENTED_EDGE('',*,*,#13008,.F.);
#13008 = EDGE_CURVE('',#12970,#13001,#13009,.T.);
#13009 = LINE('',#13010,#13011);
#13010 = CARTESIAN_POINT('',(-45.,-42.,0.));
#13011 = VECTOR('',#13012,1.);
#13012 = DIRECTION('',(1.,0.,0.));
#13013 = PLANE('',#13014);
#13014 = AXIS2_PLACEMENT_3D('',#13015,#13016,#13017);
#13015 = CARTESIAN_POINT('',(-45.,-42.,0.));
#13016 = DIRECTION('',(0.,1.,0.));
#13017 = DIRECTION('',(1.,0.,0.));
#13018 = ADVANCED_FACE('',(#13019),#13044,.F.);
#13019 = FACE_BOUND('',#13020,.F.);
#13020 = EDGE_LOOP('',(#13021,#13022,#13030,#13038));
#13021 = ORIENTED_EDGE('',*,*,#13000,.T.);
#13022 = ORIENTED_EDGE('',*,*,#13023,.T.);
#13023 = EDGE_CURVE('',#12993,#13024,#13026,.T.);
#13024 = VERTEX_POINT('',#13025);
#13025 = CARTESIAN_POINT('',(45.,42.,7.));
#13026 = LINE('',#13027,#13028);
#13027 = CARTESIAN_POINT('',(45.,-42.,7.));
#13028 = VECTOR('',#13029,1.);
#13029 = DIRECTION('',(0.,1.,0.));
#13030 = ORIENTED_EDGE('',*,*,#13031,.F.);
#13031 = EDGE_CURVE('',#13032,#13024,#13034,.T.);
#13032 = VERTEX_POINT('',#13033);
#13033 = CARTESIAN_POINT('',(45.,42.,0.));
#13034 = LINE('',#13035,#13036);
#13035 = CARTESIAN_POINT('',(45.,42.,0.));
#13036 = VECTOR('',#13037,1.);
#13037 = DIRECTION('',(0.,0.,1.));
#13038 = ORIENTED_EDGE('',*,*,#13039,.F.);
#13039 = EDGE_CURVE('',#13001,#13032,#13040,.T.);
#13040 = LINE('',#13041,#13042);
#13041 = CARTESIAN_POINT('',(45.,-42.,0.));
#13042 = VECTOR('',#13043,1.);
#13043 = DIRECTION('',(0.,1.,0.));
#13044 = PLANE('',#13045);
#13045 = AXIS2_PLACEMENT_3D('',#13046,#13047,#13048);
#13046 = CARTESIAN_POINT('',(45.,-42.,0.));
#13047 = DIRECTION('',(-1.,0.,0.));
#13048 = DIRECTION('',(0.,1.,0.));
#13049 = ADVANCED_FACE('',(#13050),#13066,.F.);
#13050 = FACE_BOUND('',#13051,.F.);
#13051 = EDGE_LOOP('',(#13052,#13053,#13059,#13060));
#13052 = ORIENTED_EDGE('',*,*,#13031,.T.);
#13053 = ORIENTED_EDGE('',*,*,#13054,.T.);
#13054 = EDGE_CURVE('',#13024,#12954,#13055,.T.);
#13055 = LINE('',#13056,#13057);
#13056 = CARTESIAN_POINT('',(45.,42.,7.));
#13057 = VECTOR('',#13058,1.);
#13058 = DIRECTION('',(-1.,0.,0.));
#13059 = ORIENTED_EDGE('',*,*,#12951,.F.);
#13060 = ORIENTED_EDGE('',*,*,#13061,.F.);
#13061 = EDGE_CURVE('',#13032,#12952,#13062,.T.);
#13062 = LINE('',#13063,#13064);
#13063 = CARTESIAN_POINT('',(45.,42.,0.));
#13064 = VECTOR('',#13065,1.);
#13065 = DIRECTION('',(-1.,0.,0.));
#13066 = PLANE('',#13067);
#13067 = AXIS2_PLACEMENT_3D('',#13068,#13069,#13070);
#13068 = CARTESIAN_POINT('',(45.,42.,0.));
#13069 = DIRECTION('',(0.,-1.,0.));
#13070 = DIRECTION('',(-1.,0.,0.));
#13071 = ADVANCED_FACE('',(#13072),#13078,.F.);
#13072 = FACE_BOUND('',#13073,.F.);
#13073 = EDGE_LOOP('',(#13074,#13075,#13076,#13077));
#13074 = ORIENTED_EDGE('',*,*,#12977,.T.);
#13075 = ORIENTED_EDGE('',*,*,#13008,.T.);
#13076 = ORIENTED_EDGE('',*,*,#13039,.T.);
#13077 = ORIENTED_EDGE('',*,*,#13061,.T.);
#13078 = PLANE('',#13079);
#13079 = AXIS2_PLACEMENT_3D('',#13080,#13081,#13082);
#13080 = CARTESIAN_POINT('',(0.,0.,0.));
#13081 = DIRECTION('',(0.,0.,1.));
#13082 = DIRECTION('',(1.,0.,0.));
#13083 = ADVANCED_FACE('',(#13084),#13090,.T.);
#13084 = FACE_BOUND('',#13085,.T.);
#13085 = EDGE_LOOP('',(#13086,#13087,#13088,#13089));
#13086 = ORIENTED_EDGE('',*,*,#12961,.T.);
#13087 = ORIENTED_EDGE('',*,*,#12992,.T.);
#13088 = ORIENTED_EDGE('',*,*,#13023,.T.);
#13089 = ORIENTED_EDGE('',*,*,#13054,.T.);
#13090 = PLANE('',#13091);
#13091 = AXIS2_PLACEMENT_3D('',#13092,#13093,#13094);
#13092 = CARTESIAN_POINT('',(0.,0.,7.));
#13093 = DIRECTION('',(0.,0.,1.));
#13094 = DIRECTION('',(1.,0.,0.));
#13095 = ( GEOMETRIC_REPRESENTATION_CONTEXT(3) 
GLOBAL_UNCERTAINTY_ASSIGNED_CONTEXT((#13099)) 
GLOBAL_UNIT_ASSIGNED_CONTEXT((#13096,#13097,#13098)) 
REPRESENTATION_CONTEXT('Context #1',
  '3D Context with UNIT and UNCERTAINTY') );
#13096 = ( LENGTH_UNIT() NAMED_UNIT(*) SI_UNIT(.MILLI.,.METRE.) );
#13097 = ( NAMED_UNIT(*) PLANE_ANGLE_UNIT() SI_UNIT($,.RADIAN.) );
#13098 = ( NAMED_UNIT(*) SI_UNIT($,.STERADIAN.) SOLID_ANGLE_UNIT() );
#13099 = UNCERTAINTY_MEASURE_WITH_UNIT(LENGTH_MEASURE(1.E-07),#13096,
  'distance_accuracy_value','confusion accuracy');
#13100 = CONTEXT_DEPENDENT_SHAPE_REPRESENTATION(#13101,#13103);
#13101 = ( REPRESENTATION_RELATIONSHIP('','',#12944,#10) 
REPRESENTATION_RELATIONSHIP_WITH_TRANSFORMATION(#13102) 
SHAPE_REPRESENTATION_RELATIONSHIP() );
#13102 = ITEM_DEFINED_TRANSFORMATION('','',#11,#39);
#13103 = PRODUCT_DEFINITION_SHAPE('Placement','Placement of an item',
  #13104);
#13104 = NEXT_ASSEMBLY_USAGE_OCCURRENCE('19','Pad','',#5,#12939,$);
#13105 = PRODUCT_RELATED_PRODUCT_CATEGORY('part',$,(#12941));
#13106 = SHAPE_DEFINITION_REPRESENTATION(#13107,#13113);
#13107 = PRODUCT_DEFINITION_SHAPE('','',#13108);
#13108 = PRODUCT_DEFINITION('design','',#13109,#13112);
#13109 = PRODUCT_DEFINITION_FORMATION('','',#13110);
#13110 = PRODUCT('Thickness','Thickness','',(#13111));
#13111 = PRODUCT_CONTEXT('',#2,'mechanical');
#13112 = PRODUCT_DEFINITION_CONTEXT('part definition',#2,'design');
#13113 = ADVANCED_BREP_SHAPE_REPRESENTATION('',(#11,#13114),#13710);
#13114 = MANIFOLD_SOLID_BREP('',#13115);
#13115 = CLOSED_SHELL('',(#13116,#13156,#13187,#13218,#13240,#13252,
    #13334,#13365,#13390,#13415,#13439,#13464,#13488,#13513,#13530,
    #13555,#13588,#13617,#13640,#13652,#13669,#13681,#13698));
#13116 = ADVANCED_FACE('',(#13117),#13151,.T.);
#13117 = FACE_BOUND('',#13118,.T.);
#13118 = EDGE_LOOP('',(#13119,#13129,#13137,#13145));
#13119 = ORIENTED_EDGE('',*,*,#13120,.T.);
#13120 = EDGE_CURVE('',#13121,#13123,#13125,.T.);
#13121 = VERTEX_POINT('',#13122);
#13122 = CARTESIAN_POINT('',(-45.,42.,0.));
#13123 = VERTEX_POINT('',#13124);
#13124 = CARTESIAN_POINT('',(-45.,42.,7.));
#13125 = LINE('',#13126,#13127);
#13126 = CARTESIAN_POINT('',(-45.,42.,0.));
#13127 = VECTOR('',#13128,1.);
#13128 = DIRECTION('',(0.,0.,1.));
#13129 = ORIENTED_EDGE('',*,*,#13130,.T.);
#13130 = EDGE_CURVE('',#13123,#13131,#13133,.T.);
#13131 = VERTEX_POINT('',#13132);
#13132 = CARTESIAN_POINT('',(-45.,-42.,7.));
#13133 = LINE('',#13134,#13135);
#13134 = CARTESIAN_POINT('',(-45.,42.,7.));
#13135 = VECTOR('',#13136,1.);
#13136 = DIRECTION('',(0.,-1.,0.));
#13137 = ORIENTED_EDGE('',*,*,#13138,.F.);
#13138 = EDGE_CURVE('',#13139,#13131,#13141,.T.);
#13139 = VERTEX_POINT('',#13140);
#13140 = CARTESIAN_POINT('',(-45.,-42.,0.));
#13141 = LINE('',#13142,#13143);
#13142 = CARTESIAN_POINT('',(-45.,-42.,0.));
#13143 = VECTOR('',#13144,1.);
#13144 = DIRECTION('',(0.,0.,1.));
#13145 = ORIENTED_EDGE('',*,*,#13146,.F.);
#13146 = EDGE_CURVE('',#13121,#13139,#13147,.T.);
#13147 = LINE('',#13148,#13149);
#13148 = CARTESIAN_POINT('',(-45.,42.,0.));
#13149 = VECTOR('',#13150,1.);
#13150 = DIRECTION('',(0.,-1.,0.));
#13151 = PLANE('',#13152);
#13152 = AXIS2_PLACEMENT_3D('',#13153,#13154,#13155);
#13153 = CARTESIAN_POINT('',(-45.,42.,0.));
#13154 = DIRECTION('',(1.,0.,0.));
#13155 = DIRECTION('',(0.,-1.,0.));
#13156 = ADVANCED_FACE('',(#13157),#13182,.T.);
#13157 = FACE_BOUND('',#13158,.T.);
#13158 = EDGE_LOOP('',(#13159,#13160,#13168,#13176));
#13159 = ORIENTED_EDGE('',*,*,#13138,.T.);
#13160 = ORIENTED_EDGE('',*,*,#13161,.T.);
#13161 = EDGE_CURVE('',#13131,#13162,#13164,.T.);
#13162 = VERTEX_POINT('',#13163);
#13163 = CARTESIAN_POINT('',(45.,-42.,7.));
#13164 = LINE('',#13165,#13166);
#13165 = CARTESIAN_POINT('',(-45.,-42.,7.));
#13166 = VECTOR('',#13167,1.);
#13167 = DIRECTION('',(1.,0.,0.));
#13168 = ORIENTED_EDGE('',*,*,#13169,.F.);
#13169 = EDGE_CURVE('',#13170,#13162,#13172,.T.);
#13170 = VERTEX_POINT('',#13171);
#13171 = CARTESIAN_POINT('',(45.,-42.,0.));
#13172 = LINE('',#13173,#13174);
#13173 = CARTESIAN_POINT('',(45.,-42.,0.));
#13174 = VECTOR('',#13175,1.);
#13175 = DIRECTION('',(0.,0.,1.));
#13176 = ORIENTED_EDGE('',*,*,#13177,.F.);
#13177 = EDGE_CURVE('',#13139,#13170,#13178,.T.);
#13178 = LINE('',#13179,#13180);
#13179 = CARTESIAN_POINT('',(-45.,-42.,0.));
#13180 = VECTOR('',#13181,1.);
#13181 = DIRECTION('',(1.,0.,0.));
#13182 = PLANE('',#13183);
#13183 = AXIS2_PLACEMENT_3D('',#13184,#13185,#13186);
#13184 = CARTESIAN_POINT('',(-45.,-42.,0.));
#13185 = DIRECTION('',(0.,1.,0.));
#13186 = DIRECTION('',(1.,0.,0.));
#13187 = ADVANCED_FACE('',(#13188),#13213,.T.);
#13188 = FACE_BOUND('',#13189,.T.);
#13189 = EDGE_LOOP('',(#13190,#13191,#13199,#13207));
#13190 = ORIENTED_EDGE('',*,*,#13169,.T.);
#13191 = ORIENTED_EDGE('',*,*,#13192,.T.);
#13192 = EDGE_CURVE('',#13162,#13193,#13195,.T.);
#13193 = VERTEX_POINT('',#13194);
#13194 = CARTESIAN_POINT('',(45.,42.,7.));
#13195 = LINE('',#13196,#13197);
#13196 = CARTESIAN_POINT('',(45.,-42.,7.));
#13197 = VECTOR('',#13198,1.);
#13198 = DIRECTION('',(0.,1.,0.));
#13199 = ORIENTED_EDGE('',*,*,#13200,.F.);
#13200 = EDGE_CURVE('',#13201,#13193,#13203,.T.);
#13201 = VERTEX_POINT('',#13202);
#13202 = CARTESIAN_POINT('',(45.,42.,0.));
#13203 = LINE('',#13204,#13205);
#13204 = CARTESIAN_POINT('',(45.,42.,0.));
#13205 = VECTOR('',#13206,1.);
#13206 = DIRECTION('',(0.,0.,1.));
#13207 = ORIENTED_EDGE('',*,*,#13208,.F.);
#13208 = EDGE_CURVE('',#13170,#13201,#13209,.T.);
#13209 = LINE('',#13210,#13211);
#13210 = CARTESIAN_POINT('',(45.,-42.,0.));
#13211 = VECTOR('',#13212,1.);
#13212 = DIRECTION('',(0.,1.,0.));
#13213 = PLANE('',#13214);
#13214 = AXIS2_PLACEMENT_3D('',#13215,#13216,#13217);
#13215 = CARTESIAN_POINT('',(45.,-42.,0.));
#13216 = DIRECTION('',(-1.,0.,0.));
#13217 = DIRECTION('',(0.,1.,0.));
#13218 = ADVANCED_FACE('',(#13219),#13235,.T.);
#13219 = FACE_BOUND('',#13220,.T.);
#13220 = EDGE_LOOP('',(#13221,#13222,#13228,#13229));
#13221 = ORIENTED_EDGE('',*,*,#13200,.T.);
#13222 = ORIENTED_EDGE('',*,*,#13223,.T.);
#13223 = EDGE_CURVE('',#13193,#13123,#13224,.T.);
#13224 = LINE('',#13225,#13226);
#13225 = CARTESIAN_POINT('',(45.,42.,7.));
#13226 = VECTOR('',#13227,1.);
#13227 = DIRECTION('',(-1.,0.,0.));
#13228 = ORIENTED_EDGE('',*,*,#13120,.F.);
#13229 = ORIENTED_EDGE('',*,*,#13230,.F.);
#13230 = EDGE_CURVE('',#13201,#13121,#13231,.T.);
#13231 = LINE('',#13232,#13233);
#13232 = CARTESIAN_POINT('',(45.,42.,0.));
#13233 = VECTOR('',#13234,1.);
#13234 = DIRECTION('',(-1.,0.,0.));
#13235 = PLANE('',#13236);
#13236 = AXIS2_PLACEMENT_3D('',#13237,#13238,#13239);
#13237 = CARTESIAN_POINT('',(45.,42.,0.));
#13238 = DIRECTION('',(0.,-1.,0.));
#13239 = DIRECTION('',(-1.,0.,0.));
#13240 = ADVANCED_FACE('',(#13241),#13247,.F.);
#13241 = FACE_BOUND('',#13242,.F.);
#13242 = EDGE_LOOP('',(#13243,#13244,#13245,#13246));
#13243 = ORIENTED_EDGE('',*,*,#13130,.T.);
#13244 = ORIENTED_EDGE('',*,*,#13161,.T.);
#13245 = ORIENTED_EDGE('',*,*,#13192,.T.);
#13246 = ORIENTED_EDGE('',*,*,#13223,.T.);
#13247 = PLANE('',#13248);
#13248 = AXIS2_PLACEMENT_3D('',#13249,#13250,#13251);
#13249 = CARTESIAN_POINT('',(0.,0.,7.));
#13250 = DIRECTION('',(0.,0.,1.));
#13251 = DIRECTION('',(1.,0.,0.));
#13252 = ADVANCED_FACE('',(#13253,#13259),#13329,.F.);
#13253 = FACE_BOUND('',#13254,.F.);
#13254 = EDGE_LOOP('',(#13255,#13256,#13257,#13258));
#13255 = ORIENTED_EDGE('',*,*,#13146,.F.);
#13256 = ORIENTED_EDGE('',*,*,#13230,.F.);
#13257 = ORIENTED_EDGE('',*,*,#13208,.F.);
#13258 = ORIENTED_EDGE('',*,*,#13177,.F.);
#13259 = FACE_BOUND('',#13260,.F.);
#13260 = EDGE_LOOP('',(#13261,#13272,#13280,#13289,#13297,#13306,#13314,
    #13323));
#13261 = ORIENTED_EDGE('',*,*,#13262,.T.);
#13262 = EDGE_CURVE('',#13263,#13265,#13267,.T.);
#13263 = VERTEX_POINT('',#13264);
#13264 = CARTESIAN_POINT('',(48.,42.,0.));
#13265 = VERTEX_POINT('',#13266);
#13266 = CARTESIAN_POINT('',(45.,45.,0.));
#13267 = CIRCLE('',#13268,3.);
#13268 = AXIS2_PLACEMENT_3D('',#13269,#13270,#13271);
#13269 = CARTESIAN_POINT('',(45.,42.,0.));
#13270 = DIRECTION('',(-0.,0.,1.));
#13271 = DIRECTION('',(1.1E-16,-1.,0.));
#13272 = ORIENTED_EDGE('',*,*,#13273,.T.);
#13273 = EDGE_CURVE('',#13265,#13274,#13276,.T.);
#13274 = VERTEX_POINT('',#13275);
#13275 = CARTESIAN_POINT('',(-45.,45.,0.));
#13276 = LINE('',#13277,#13278);
#13277 = CARTESIAN_POINT('',(45.,45.,0.));
#13278 = VECTOR('',#13279,1.);
#13279 = DIRECTION('',(-1.,0.,0.));
#13280 = ORIENTED_EDGE('',*,*,#13281,.F.);
#13281 = EDGE_CURVE('',#13282,#13274,#13284,.T.);
#13282 = VERTEX_POINT('',#13283);
#13283 = CARTESIAN_POINT('',(-48.,42.,0.));
#13284 = CIRCLE('',#13285,3.);
#13285 = AXIS2_PLACEMENT_3D('',#13286,#13287,#13288);
#13286 = CARTESIAN_POINT('',(-45.,42.,0.));
#13287 = DIRECTION('',(-0.,0.,-1.));
#13288 = DIRECTION('',(-1.1E-16,-1.,0.));
#13289 = ORIENTED_EDGE('',*,*,#13290,.T.);
#13290 = EDGE_CURVE('',#13282,#13291,#13293,.T.);
#13291 = VERTEX_POINT('',#13292);
#13292 = CARTESIAN_POINT('',(-48.,-42.,0.));
#13293 = LINE('',#13294,#13295);
#13294 = CARTESIAN_POINT('',(-48.,42.,0.));
#13295 = VECTOR('',#13296,1.);
#13296 = DIRECTION('',(0.,-1.,0.));
#13297 = ORIENTED_EDGE('',*,*,#13298,.T.);
#13298 = EDGE_CURVE('',#13291,#13299,#13301,.T.);
#13299 = VERTEX_POINT('',#13300);
#13300 = CARTESIAN_POINT('',(-45.,-45.,0.));
#13301 = CIRCLE('',#13302,3.);
#13302 = AXIS2_PLACEMENT_3D('',#13303,#13304,#13305);
#13303 = CARTESIAN_POINT('',(-45.,-42.,0.));
#13304 = DIRECTION('',(0.,0.,1.));
#13305 = DIRECTION('',(-1.1E-16,1.,0.));
#13306 = ORIENTED_EDGE('',*,*,#13307,.T.);
#13307 = EDGE_CURVE('',#13299,#13308,#13310,.T.);
#13308 = VERTEX_POINT('',#13309);
#13309 = CARTESIAN_POINT('',(45.,-45.,0.));
#13310 = LINE('',#13311,#13312);
#13311 = CARTESIAN_POINT('',(-45.,-45.,0.));
#13312 = VECTOR('',#13313,1.);
#13313 = DIRECTION('',(1.,0.,0.));
#13314 = ORIENTED_EDGE('',*,*,#13315,.T.);
#13315 = EDGE_CURVE('',#13308,#13316,#13318,.T.);
#13316 = VERTEX_POINT('',#13317);
#13317 = CARTESIAN_POINT('',(48.,-42.,0.));
#13318 = CIRCLE('',#13319,3.);
#13319 = AXIS2_PLACEMENT_3D('',#13320,#13321,#13322);
#13320 = CARTESIAN_POINT('',(45.,-42.,0.));
#13321 = DIRECTION('',(0.,0.,1.));
#13322 = DIRECTION('',(-1.,-1.1E-16,0.));
#13323 = ORIENTED_EDGE('',*,*,#13324,.T.);
#13324 = EDGE_CURVE('',#13316,#13263,#13325,.T.);
#13325 = LINE('',#13326,#13327);
#13326 = CARTESIAN_POINT('',(48.,-42.,0.));
#13327 = VECTOR('',#13328,1.);
#13328 = DIRECTION('',(0.,1.,0.));
#13329 = PLANE('',#13330);
#13330 = AXIS2_PLACEMENT_3D('',#13331,#13332,#13333);
#13331 = CARTESIAN_POINT('',(0.,0.,0.));
#13332 = DIRECTION('',(0.,0.,1.));
#13333 = DIRECTION('',(1.,0.,0.));
#13334 = ADVANCED_FACE('',(#13335),#13360,.F.);
#13335 = FACE_BOUND('',#13336,.F.);
#13336 = EDGE_LOOP('',(#13337,#13345,#13353,#13359));
#13337 = ORIENTED_EDGE('',*,*,#13338,.T.);
#13338 = EDGE_CURVE('',#13282,#13339,#13341,.T.);
#13339 = VERTEX_POINT('',#13340);
#13340 = CARTESIAN_POINT('',(-48.,42.,7.));
#13341 = LINE('',#13342,#13343);
#13342 = CARTESIAN_POINT('',(-48.,42.,0.));
#13343 = VECTOR('',#13344,1.);
#13344 = DIRECTION('',(0.,0.,1.));
#13345 = ORIENTED_EDGE('',*,*,#13346,.T.);
#13346 = EDGE_CURVE('',#13339,#13347,#13349,.T.);
#13347 = VERTEX_POINT('',#13348);
#13348 = CARTESIAN_POINT('',(-48.,-42.,7.));
#13349 = LINE('',#13350,#13351);
#13350 = CARTESIAN_POINT('',(-48.,42.,7.));
#13351 = VECTOR('',#13352,1.);
#13352 = DIRECTION('',(0.,-1.,0.));
#13353 = ORIENTED_EDGE('',*,*,#13354,.F.);
#13354 = EDGE_CURVE('',#13291,#13347,#13355,.T.);
#13355 = LINE('',#13356,#13357);
#13356 = CARTESIAN_POINT('',(-48.,-42.,0.));
#13357 = VECTOR('',#13358,1.);
#13358 = DIRECTION('',(0.,0.,1.));
#13359 = ORIENTED_EDGE('',*,*,#13290,.F.);
#13360 = PLANE('',#13361);
#13361 = AXIS2_PLACEMENT_3D('',#13362,#13363,#13364);
#13362 = CARTESIAN_POINT('',(-48.,42.,0.));
#13363 = DIRECTION('',(1.,0.,0.));
#13364 = DIRECTION('',(0.,-1.,0.));
#13365 = ADVANCED_FACE('',(#13366),#13385,.T.);
#13366 = FACE_BOUND('',#13367,.F.);
#13367 = EDGE_LOOP('',(#13368,#13376,#13383,#13384));
#13368 = ORIENTED_EDGE('',*,*,#13369,.T.);
#13369 = EDGE_CURVE('',#13274,#13370,#13372,.T.);
#13370 = VERTEX_POINT('',#13371);
#13371 = CARTESIAN_POINT('',(-45.,45.,7.));
#13372 = LINE('',#13373,#13374);
#13373 = CARTESIAN_POINT('',(-45.,45.,0.));
#13374 = VECTOR('',#13375,1.);
#13375 = DIRECTION('',(0.,0.,1.));
#13376 = ORIENTED_EDGE('',*,*,#13377,.F.);
#13377 = EDGE_CURVE('',#13339,#13370,#13378,.T.);
#13378 = CIRCLE('',#13379,3.);
#13379 = AXIS2_PLACEMENT_3D('',#13380,#13381,#13382);
#13380 = CARTESIAN_POINT('',(-45.,42.,7.));
#13381 = DIRECTION('',(-0.,0.,-1.));
#13382 = DIRECTION('',(-1.1E-16,-1.,0.));
#13383 = ORIENTED_EDGE('',*,*,#13338,.F.);
#13384 = ORIENTED_EDGE('',*,*,#13281,.T.);
#13385 = CYLINDRICAL_SURFACE('',#13386,3.);
#13386 = AXIS2_PLACEMENT_3D('',#13387,#13388,#13389);
#13387 = CARTESIAN_POINT('',(-45.,42.,0.));
#13388 = DIRECTION('',(0.,0.,1.));
#13389 = DIRECTION('',(-1.1E-16,-1.,0.));
#13390 = ADVANCED_FACE('',(#13391),#13410,.T.);
#13391 = FACE_BOUND('',#13392,.T.);
#13392 = EDGE_LOOP('',(#13393,#13401,#13408,#13409));
#13393 = ORIENTED_EDGE('',*,*,#13394,.T.);
#13394 = EDGE_CURVE('',#13299,#13395,#13397,.T.);
#13395 = VERTEX_POINT('',#13396);
#13396 = CARTESIAN_POINT('',(-45.,-45.,7.));
#13397 = LINE('',#13398,#13399);
#13398 = CARTESIAN_POINT('',(-45.,-45.,0.));
#13399 = VECTOR('',#13400,1.);
#13400 = DIRECTION('',(0.,0.,1.));
#13401 = ORIENTED_EDGE('',*,*,#13402,.F.);
#13402 = EDGE_CURVE('',#13347,#13395,#13403,.T.);
#13403 = CIRCLE('',#13404,3.);
#13404 = AXIS2_PLACEMENT_3D('',#13405,#13406,#13407);
#13405 = CARTESIAN_POINT('',(-45.,-42.,7.));
#13406 = DIRECTION('',(0.,0.,1.));
#13407 = DIRECTION('',(-1.1E-16,1.,0.));
#13408 = ORIENTED_EDGE('',*,*,#13354,.F.);
#13409 = ORIENTED_EDGE('',*,*,#13298,.T.);
#13410 = CYLINDRICAL_SURFACE('',#13411,3.);
#13411 = AXIS2_PLACEMENT_3D('',#13412,#13413,#13414);
#13412 = CARTESIAN_POINT('',(-45.,-42.,0.));
#13413 = DIRECTION('',(0.,0.,1.));
#13414 = DIRECTION('',(-1.1E-16,1.,0.));
#13415 = ADVANCED_FACE('',(#13416),#13434,.F.);
#13416 = FACE_BOUND('',#13417,.F.);
#13417 = EDGE_LOOP('',(#13418,#13426,#13427,#13428));
#13418 = ORIENTED_EDGE('',*,*,#13419,.F.);
#13419 = EDGE_CURVE('',#13308,#13420,#13422,.T.);
#13420 = VERTEX_POINT('',#13421);
#13421 = CARTESIAN_POINT('',(45.,-45.,7.));
#13422 = LINE('',#13423,#13424);
#13423 = CARTESIAN_POINT('',(45.,-45.,0.));
#13424 = VECTOR('',#13425,1.);
#13425 = DIRECTION('',(0.,0.,1.));
#13426 = ORIENTED_EDGE('',*,*,#13307,.F.);
#13427 = ORIENTED_EDGE('',*,*,#13394,.T.);
#13428 = ORIENTED_EDGE('',*,*,#13429,.T.);
#13429 = EDGE_CURVE('',#13395,#13420,#13430,.T.);
#13430 = LINE('',#13431,#13432);
#13431 = CARTESIAN_POINT('',(-45.,-45.,7.));
#13432 = VECTOR('',#13433,1.);
#13433 = DIRECTION('',(1.,0.,0.));
#13434 = PLANE('',#13435);
#13435 = AXIS2_PLACEMENT_3D('',#13436,#13437,#13438);
#13436 = CARTESIAN_POINT('',(-45.,-45.,0.));
#13437 = DIRECTION('',(0.,1.,0.));
#13438 = DIRECTION('',(1.,0.,0.));
#13439 = ADVANCED_FACE('',(#13440),#13459,.T.);
#13440 = FACE_BOUND('',#13441,.T.);
#13441 = EDGE_LOOP('',(#13442,#13450,#13457,#13458));
#13442 = ORIENTED_EDGE('',*,*,#13443,.T.);
#13443 = EDGE_CURVE('',#13316,#13444,#13446,.T.);
#13444 = VERTEX_POINT('',#13445);
#13445 = CARTESIAN_POINT('',(48.,-42.,7.));
#13446 = LINE('',#13447,#13448);
#13447 = CARTESIAN_POINT('',(48.,-42.,0.));
#13448 = VECTOR('',#13449,1.);
#13449 = DIRECTION('',(0.,0.,1.));
#13450 = ORIENTED_EDGE('',*,*,#13451,.F.);
#13451 = EDGE_CURVE('',#13420,#13444,#13452,.T.);
#13452 = CIRCLE('',#13453,3.);
#13453 = AXIS2_PLACEMENT_3D('',#13454,#13455,#13456);
#13454 = CARTESIAN_POINT('',(45.,-42.,7.));
#13455 = DIRECTION('',(0.,0.,1.));
#13456 = DIRECTION('',(-1.,-1.1E-16,0.));
#13457 = ORIENTED_EDGE('',*,*,#13419,.F.);
#13458 = ORIENTED_EDGE('',*,*,#13315,.T.);
#13459 = CYLINDRICAL_SURFACE('',#13460,3.);
#13460 = AXIS2_PLACEMENT_3D('',#13461,#13462,#13463);
#13461 = CARTESIAN_POINT('',(45.,-42.,0.));
#13462 = DIRECTION('',(0.,0.,1.));
#13463 = DIRECTION('',(-1.,-1.1E-16,0.));
#13464 = ADVANCED_FACE('',(#13465),#13483,.F.);
#13465 = FACE_BOUND('',#13466,.F.);
#13466 = EDGE_LOOP('',(#13467,#13475,#13476,#13477));
#13467 = ORIENTED_EDGE('',*,*,#13468,.F.);
#13468 = EDGE_CURVE('',#13263,#13469,#13471,.T.);
#13469 = VERTEX_POINT('',#13470);
#13470 = CARTESIAN_POINT('',(48.,42.,7.));
#13471 = LINE('',#13472,#13473);
#13472 = CARTESIAN_POINT('',(48.,42.,0.));
#13473 = VECTOR('',#13474,1.);
#13474 = DIRECTION('',(0.,0.,1.));
#13475 = ORIENTED_EDGE('',*,*,#13324,.F.);
#13476 = ORIENTED_EDGE('',*,*,#13443,.T.);
#13477 = ORIENTED_EDGE('',*,*,#13478,.T.);
#13478 = EDGE_CURVE('',#13444,#13469,#13479,.T.);
#13479 = LINE('',#13480,#13481);
#13480 = CARTESIAN_POINT('',(48.,-42.,7.));
#13481 = VECTOR('',#13482,1.);
#13482 = DIRECTION('',(0.,1.,0.));
#13483 = PLANE('',#13484);
#13484 = AXIS2_PLACEMENT_3D('',#13485,#13486,#13487);
#13485 = CARTESIAN_POINT('',(48.,-42.,0.));
#13486 = DIRECTION('',(-1.,0.,0.));
#13487 = DIRECTION('',(0.,1.,0.));
#13488 = ADVANCED_FACE('',(#13489),#13508,.T.);
#13489 = FACE_BOUND('',#13490,.T.);
#13490 = EDGE_LOOP('',(#13491,#13499,#13506,#13507));
#13491 = ORIENTED_EDGE('',*,*,#13492,.T.);
#13492 = EDGE_CURVE('',#13265,#13493,#13495,.T.);
#13493 = VERTEX_POINT('',#13494);
#13494 = CARTESIAN_POINT('',(45.,45.,7.));
#13495 = LINE('',#13496,#13497);
#13496 = CARTESIAN_POINT('',(45.,45.,0.));
#13497 = VECTOR('',#13498,1.);
#13498 = DIRECTION('',(0.,0.,1.));
#13499 = ORIENTED_EDGE('',*,*,#13500,.F.);
#13500 = EDGE_CURVE('',#13469,#13493,#13501,.T.);
#13501 = CIRCLE('',#13502,3.);
#13502 = AXIS2_PLACEMENT_3D('',#13503,#13504,#13505);
#13503 = CARTESIAN_POINT('',(45.,42.,7.));
#13504 = DIRECTION('',(-0.,0.,1.));
#13505 = DIRECTION('',(1.1E-16,-1.,0.));
#13506 = ORIENTED_EDGE('',*,*,#13468,.F.);
#13507 = ORIENTED_EDGE('',*,*,#13262,.T.);
#13508 = CYLINDRICAL_SURFACE('',#13509,3.);
#13509 = AXIS2_PLACEMENT_3D('',#13510,#13511,#13512);
#13510 = CARTESIAN_POINT('',(45.,42.,0.));
#13511 = DIRECTION('',(0.,0.,1.));
#13512 = DIRECTION('',(1.1E-16,-1.,0.));
#13513 = ADVANCED_FACE('',(#13514),#13525,.F.);
#13514 = FACE_BOUND('',#13515,.F.);
#13515 = EDGE_LOOP('',(#13516,#13517,#13518,#13524));
#13516 = ORIENTED_EDGE('',*,*,#13273,.F.);
#13517 = ORIENTED_EDGE('',*,*,#13492,.T.);
#13518 = ORIENTED_EDGE('',*,*,#13519,.T.);
#13519 = EDGE_CURVE('',#13493,#13370,#13520,.T.);
#13520 = LINE('',#13521,#13522);
#13521 = CARTESIAN_POINT('',(45.,45.,7.));
#13522 = VECTOR('',#13523,1.);
#13523 = DIRECTION('',(-1.,0.,0.));
#13524 = ORIENTED_EDGE('',*,*,#13369,.F.);
#13525 = PLANE('',#13526);
#13526 = AXIS2_PLACEMENT_3D('',#13527,#13528,#13529);
#13527 = CARTESIAN_POINT('',(45.,45.,0.));
#13528 = DIRECTION('',(0.,-1.,0.));
#13529 = DIRECTION('',(-1.,0.,0.));
#13530 = ADVANCED_FACE('',(#13531),#13550,.T.);
#13531 = FACE_BOUND('',#13532,.T.);
#13532 = EDGE_LOOP('',(#13533,#13534,#13543));
#13533 = ORIENTED_EDGE('',*,*,#13377,.F.);
#13534 = ORIENTED_EDGE('',*,*,#13535,.T.);
#13535 = EDGE_CURVE('',#13339,#13536,#13538,.T.);
#13536 = VERTEX_POINT('',#13537);
#13537 = CARTESIAN_POINT('',(-45.,42.,10.));
#13538 = CIRCLE('',#13539,3.);
#13539 = AXIS2_PLACEMENT_3D('',#13540,#13541,#13542);
#13540 = CARTESIAN_POINT('',(-45.,42.,7.));
#13541 = DIRECTION('',(0.,1.,0.));
#13542 = DIRECTION('',(-1.1E-16,0.,-1.));
#13543 = ORIENTED_EDGE('',*,*,#13544,.F.);
#13544 = EDGE_CURVE('',#13370,#13536,#13545,.T.);
#13545 = CIRCLE('',#13546,3.);
#13546 = AXIS2_PLACEMENT_3D('',#13547,#13548,#13549);
#13547 = CARTESIAN_POINT('',(-45.,42.,7.));
#13548 = DIRECTION('',(1.,-0.,0.));
#13549 = DIRECTION('',(0.,1.1E-16,-1.));
#13550 = SPHERICAL_SURFACE('',#13551,3.);
#13551 = AXIS2_PLACEMENT_3D('',#13552,#13553,#13554);
#13552 = CARTESIAN_POINT('',(-45.,42.,7.));
#13553 = DIRECTION('',(0.,-0.707106781187,0.707106781187));
#13554 = DIRECTION('',(0.57735026919,-0.57735026919,-0.57735026919));
#13555 = ADVANCED_FACE('',(#13556),#13583,.T.);
#13556 = FACE_BOUND('',#13557,.F.);
#13557 = EDGE_LOOP('',(#13558,#13559,#13568,#13576));
#13558 = ORIENTED_EDGE('',*,*,#13429,.F.);
#13559 = ORIENTED_EDGE('',*,*,#13560,.T.);
#13560 = EDGE_CURVE('',#13395,#13561,#13563,.T.);
#13561 = VERTEX_POINT('',#13562);
#13562 = CARTESIAN_POINT('',(-45.,-42.,10.));
#13563 = CIRCLE('',#13564,3.);
#13564 = AXIS2_PLACEMENT_3D('',#13565,#13566,#13567);
#13565 = CARTESIAN_POINT('',(-45.,-42.,7.));
#13566 = DIRECTION('',(-1.,-0.,0.));
#13567 = DIRECTION('',(0.,-1.1E-16,-1.));
#13568 = ORIENTED_EDGE('',*,*,#13569,.T.);
#13569 = EDGE_CURVE('',#13561,#13570,#13572,.T.);
#13570 = VERTEX_POINT('',#13571);
#13571 = CARTESIAN_POINT('',(45.,-42.,10.));
#13572 = LINE('',#13573,#13574);
#13573 = CARTESIAN_POINT('',(-45.,-42.,10.));
#13574 = VECTOR('',#13575,1.);
#13575 = DIRECTION('',(1.,0.,0.));
#13576 = ORIENTED_EDGE('',*,*,#13577,.F.);
#13577 = EDGE_CURVE('',#13420,#13570,#13578,.T.);
#13578 = CIRCLE('',#13579,3.);
#13579 = AXIS2_PLACEMENT_3D('',#13580,#13581,#13582);
#13580 = CARTESIAN_POINT('',(45.,-42.,7.));
#13581 = DIRECTION('',(-1.,-0.,0.));
#13582 = DIRECTION('',(0.,-1.1E-16,-1.));
#13583 = CYLINDRICAL_SURFACE('',#13584,3.);
#13584 = AXIS2_PLACEMENT_3D('',#13585,#13586,#13587);
#13585 = CARTESIAN_POINT('',(-45.,-42.,7.));
#13586 = DIRECTION('',(1.,0.,0.));
#13587 = DIRECTION('',(0.,-1.1E-16,-1.));
#13588 = ADVANCED_FACE('',(#13589),#13612,.T.);
#13589 = FACE_BOUND('',#13590,.T.);
#13590 = EDGE_LOOP('',(#13591,#13597,#13598,#13606));
#13591 = ORIENTED_EDGE('',*,*,#13592,.T.);
#13592 = EDGE_CURVE('',#13536,#13561,#13593,.T.);
#13593 = LINE('',#13594,#13595);
#13594 = CARTESIAN_POINT('',(-45.,42.,10.));
#13595 = VECTOR('',#13596,1.);
#13596 = DIRECTION('',(0.,-1.,0.));
#13597 = ORIENTED_EDGE('',*,*,#13569,.T.);
#13598 = ORIENTED_EDGE('',*,*,#13599,.T.);
#13599 = EDGE_CURVE('',#13570,#13600,#13602,.T.);
#13600 = VERTEX_POINT('',#13601);
#13601 = CARTESIAN_POINT('',(45.,42.,10.));
#13602 = LINE('',#13603,#13604);
#13603 = CARTESIAN_POINT('',(45.,-42.,10.));
#13604 = VECTOR('',#13605,1.);
#13605 = DIRECTION('',(0.,1.,0.));
#13606 = ORIENTED_EDGE('',*,*,#13607,.T.);
#13607 = EDGE_CURVE('',#13600,#13536,#13608,.T.);
#13608 = LINE('',#13609,#13610);
#13609 = CARTESIAN_POINT('',(45.,42.,10.));
#13610 = VECTOR('',#13611,1.);
#13611 = DIRECTION('',(-1.,0.,0.));
#13612 = PLANE('',#13613);
#13613 = AXIS2_PLACEMENT_3D('',#13614,#13615,#13616);
#13614 = CARTESIAN_POINT('',(0.,0.,10.));
#13615 = DIRECTION('',(0.,0.,1.));
#13616 = DIRECTION('',(1.,0.,0.));
#13617 = ADVANCED_FACE('',(#13618),#13635,.T.);
#13618 = FACE_BOUND('',#13619,.T.);
#13619 = EDGE_LOOP('',(#13620,#13621,#13628));
#13620 = ORIENTED_EDGE('',*,*,#13500,.T.);
#13621 = ORIENTED_EDGE('',*,*,#13622,.T.);
#13622 = EDGE_CURVE('',#13493,#13600,#13623,.T.);
#13623 = CIRCLE('',#13624,3.);
#13624 = AXIS2_PLACEMENT_3D('',#13625,#13626,#13627);
#13625 = CARTESIAN_POINT('',(45.,42.,7.));
#13626 = DIRECTION('',(1.,-0.,0.));
#13627 = DIRECTION('',(0.,1.1E-16,-1.));
#13628 = ORIENTED_EDGE('',*,*,#13629,.F.);
#13629 = EDGE_CURVE('',#13469,#13600,#13630,.T.);
#13630 = CIRCLE('',#13631,3.);
#13631 = AXIS2_PLACEMENT_3D('',#13632,#13633,#13634);
#13632 = CARTESIAN_POINT('',(45.,42.,7.));
#13633 = DIRECTION('',(0.,-1.,0.));
#13634 = DIRECTION('',(1.1E-16,0.,-1.));
#13635 = SPHERICAL_SURFACE('',#13636,3.);
#13636 = AXIS2_PLACEMENT_3D('',#13637,#13638,#13639);
#13637 = CARTESIAN_POINT('',(45.,42.,7.));
#13638 = DIRECTION('',(0.,0.707106781187,-0.707106781187));
#13639 = DIRECTION('',(-0.57735026919,-0.57735026919,-0.57735026919));
#13640 = ADVANCED_FACE('',(#13641),#13647,.T.);
#13641 = FACE_BOUND('',#13642,.F.);
#13642 = EDGE_LOOP('',(#13643,#13644,#13645,#13646));
#13643 = ORIENTED_EDGE('',*,*,#13519,.F.);
#13644 = ORIENTED_EDGE('',*,*,#13622,.T.);
#13645 = ORIENTED_EDGE('',*,*,#13607,.T.);
#13646 = ORIENTED_EDGE('',*,*,#13544,.F.);
#13647 = CYLINDRICAL_SURFACE('',#13648,3.);
#13648 = AXIS2_PLACEMENT_3D('',#13649,#13650,#13651);
#13649 = CARTESIAN_POINT('',(45.,42.,7.));
#13650 = DIRECTION('',(-1.,0.,0.));
#13651 = DIRECTION('',(0.,1.1E-16,-1.));
#13652 = ADVANCED_FACE('',(#13653),#13664,.T.);
#13653 = FACE_BOUND('',#13654,.T.);
#13654 = EDGE_LOOP('',(#13655,#13656,#13663));
#13655 = ORIENTED_EDGE('',*,*,#13451,.T.);
#13656 = ORIENTED_EDGE('',*,*,#13657,.T.);
#13657 = EDGE_CURVE('',#13444,#13570,#13658,.T.);
#13658 = CIRCLE('',#13659,3.);
#13659 = AXIS2_PLACEMENT_3D('',#13660,#13661,#13662);
#13660 = CARTESIAN_POINT('',(45.,-42.,7.));
#13661 = DIRECTION('',(0.,-1.,0.));
#13662 = DIRECTION('',(1.1E-16,0.,-1.));
#13663 = ORIENTED_EDGE('',*,*,#13577,.F.);
#13664 = SPHERICAL_SURFACE('',#13665,3.);
#13665 = AXIS2_PLACEMENT_3D('',#13666,#13667,#13668);
#13666 = CARTESIAN_POINT('',(45.,-42.,7.));
#13667 = DIRECTION('',(0.707106781187,0.,-0.707106781187));
#13668 = DIRECTION('',(-0.57735026919,0.57735026919,-0.57735026919));
#13669 = ADVANCED_FACE('',(#13670),#13676,.T.);
#13670 = FACE_BOUND('',#13671,.F.);
#13671 = EDGE_LOOP('',(#13672,#13673,#13674,#13675));
#13672 = ORIENTED_EDGE('',*,*,#13478,.F.);
#13673 = ORIENTED_EDGE('',*,*,#13657,.T.);
#13674 = ORIENTED_EDGE('',*,*,#13599,.T.);
#13675 = ORIENTED_EDGE('',*,*,#13629,.F.);
#13676 = CYLINDRICAL_SURFACE('',#13677,3.);
#13677 = AXIS2_PLACEMENT_3D('',#13678,#13679,#13680);
#13678 = CARTESIAN_POINT('',(45.,-42.,7.));
#13679 = DIRECTION('',(0.,1.,0.));
#13680 = DIRECTION('',(1.1E-16,0.,-1.));
#13681 = ADVANCED_FACE('',(#13682),#13693,.T.);
#13682 = FACE_BOUND('',#13683,.T.);
#13683 = EDGE_LOOP('',(#13684,#13685,#13686));
#13684 = ORIENTED_EDGE('',*,*,#13402,.T.);
#13685 = ORIENTED_EDGE('',*,*,#13560,.T.);
#13686 = ORIENTED_EDGE('',*,*,#13687,.F.);
#13687 = EDGE_CURVE('',#13347,#13561,#13688,.T.);
#13688 = CIRCLE('',#13689,3.);
#13689 = AXIS2_PLACEMENT_3D('',#13690,#13691,#13692);
#13690 = CARTESIAN_POINT('',(-45.,-42.,7.));
#13691 = DIRECTION('',(0.,1.,0.));
#13692 = DIRECTION('',(-1.1E-16,0.,-1.));
#13693 = SPHERICAL_SURFACE('',#13694,3.);
#13694 = AXIS2_PLACEMENT_3D('',#13695,#13696,#13697);
#13695 = CARTESIAN_POINT('',(-45.,-42.,7.));
#13696 = DIRECTION('',(-0.,-0.707106781187,-0.707106781187));
#13697 = DIRECTION('',(0.57735026919,0.57735026919,-0.57735026919));
#13698 = ADVANCED_FACE('',(#13699),#13705,.T.);
#13699 = FACE_BOUND('',#13700,.F.);
#13700 = EDGE_LOOP('',(#13701,#13702,#13703,#13704));
#13701 = ORIENTED_EDGE('',*,*,#13346,.F.);
#13702 = ORIENTED_EDGE('',*,*,#13535,.T.);
#13703 = ORIENTED_EDGE('',*,*,#13592,.T.);
#13704 = ORIENTED_EDGE('',*,*,#13687,.F.);
#13705 = CYLINDRICAL_SURFACE('',#13706,3.);
#13706 = AXIS2_PLACEMENT_3D('',#13707,#13708,#13709);
#13707 = CARTESIAN_POINT('',(-45.,42.,7.));
#13708 = DIRECTION('',(0.,-1.,0.));
#13709 = DIRECTION('',(-1.1E-16,-0.,-1.));
#13710 = ( GEOMETRIC_REPRESENTATION_CONTEXT(3) 
GLOBAL_UNCERTAINTY_ASSIGNED_CONTEXT((#13714)) 
GLOBAL_UNIT_ASSIGNED_CONTEXT((#13711,#13712,#13713)) 
REPRESENTATION_CONTEXT('Context #1',
  '3D Context with UNIT and UNCERTAINTY') );
#13711 = ( LENGTH_UNIT() NAMED_UNIT(*) SI_UNIT(.MILLI.,.METRE.) );
#13712 = ( NAMED_UNIT(*) PLANE_ANGLE_UNIT() SI_UNIT($,.RADIAN.) );
#13713 = ( NAMED_UNIT(*) SI_UNIT($,.STERADIAN.) SOLID_ANGLE_UNIT() );
#13714 = UNCERTAINTY_MEASURE_WITH_UNIT(LENGTH_MEASURE(5.E-07),#13711,
  'distance_accuracy_value','confusion accuracy');
#13715 = CONTEXT_DEPENDENT_SHAPE_REPRESENTATION(#13716,#13718);
#13716 = ( REPRESENTATION_RELATIONSHIP('','',#13113,#10) 
REPRESENTATION_RELATIONSHIP_WITH_TRANSFORMATION(#13717) 
SHAPE_REPRESENTATION_RELATIONSHIP() );
#13717 = ITEM_DEFINED_TRANSFORMATION('','',#11,#43);
#13718 = PRODUCT_DEFINITION_SHAPE('Placement','Placement of an item',
  #13719);
#13719 = NEXT_ASSEMBLY_USAGE_OCCURRENCE('20','Thickness','',#5,#13108,$
  );
#13720 = PRODUCT_RELATED_PRODUCT_CATEGORY('part',$,(#13110));
#13721 = SHAPE_DEFINITION_REPRESENTATION(#13722,#13728);
#13722 = PRODUCT_DEFINITION_SHAPE('','',#13723);
#13723 = PRODUCT_DEFINITION('design','',#13724,#13727);
#13724 = PRODUCT_DEFINITION_FORMATION('','',#13725);
#13725 = PRODUCT('Pocket','Pocket','',(#13726));
#13726 = PRODUCT_CONTEXT('',#2,'mechanical');
#13727 = PRODUCT_DEFINITION_CONTEXT('part definition',#2,'design');
#13728 = ADVANCED_BREP_SHAPE_REPRESENTATION('',(#11,#13729),#14461);
#13729 = MANIFOLD_SOLID_BREP('',#13730);
#13730 = CLOSED_SHELL('',(#13731,#13771,#13802,#13833,#13920,#13971,
    #13983,#14015,#14039,#14064,#14088,#14113,#14137,#14162,#14179,
    #14210,#14234,#14258,#14275,#14300,#14325,#14342,#14367,#14384,
    #14409,#14426,#14443));
#13731 = ADVANCED_FACE('',(#13732),#13766,.T.);
#13732 = FACE_BOUND('',#13733,.T.);
#13733 = EDGE_LOOP('',(#13734,#13744,#13752,#13760));
#13734 = ORIENTED_EDGE('',*,*,#13735,.T.);
#13735 = EDGE_CURVE('',#13736,#13738,#13740,.T.);
#13736 = VERTEX_POINT('',#13737);
#13737 = CARTESIAN_POINT('',(-45.,42.,0.));
#13738 = VERTEX_POINT('',#13739);
#13739 = CARTESIAN_POINT('',(-45.,42.,7.));
#13740 = LINE('',#13741,#13742);
#13741 = CARTESIAN_POINT('',(-45.,42.,0.));
#13742 = VECTOR('',#13743,1.);
#13743 = DIRECTION('',(0.,0.,1.));
#13744 = ORIENTED_EDGE('',*,*,#13745,.T.);
#13745 = EDGE_CURVE('',#13738,#13746,#13748,.T.);
#13746 = VERTEX_POINT('',#13747);
#13747 = CARTESIAN_POINT('',(-45.,-42.,7.));
#13748 = LINE('',#13749,#13750);
#13749 = CARTESIAN_POINT('',(-45.,42.,7.));
#13750 = VECTOR('',#13751,1.);
#13751 = DIRECTION('',(0.,-1.,0.));
#13752 = ORIENTED_EDGE('',*,*,#13753,.F.);
#13753 = EDGE_CURVE('',#13754,#13746,#13756,.T.);
#13754 = VERTEX_POINT('',#13755);
#13755 = CARTESIAN_POINT('',(-45.,-42.,0.));
#13756 = LINE('',#13757,#13758);
#13757 = CARTESIAN_POINT('',(-45.,-42.,0.));
#13758 = VECTOR('',#13759,1.);
#13759 = DIRECTION('',(0.,0.,1.));
#13760 = ORIENTED_EDGE('',*,*,#13761,.F.);
#13761 = EDGE_CURVE('',#13736,#13754,#13762,.T.);
#13762 = LINE('',#13763,#13764);
#13763 = CARTESIAN_POINT('',(-45.,42.,0.));
#13764 = VECTOR('',#13765,1.);
#13765 = DIRECTION('',(0.,-1.,0.));
#13766 = PLANE('',#13767);
#13767 = AXIS2_PLACEMENT_3D('',#13768,#13769,#13770);
#13768 = CARTESIAN_POINT('',(-45.,42.,0.));
#13769 = DIRECTION('',(1.,0.,0.));
#13770 = DIRECTION('',(0.,-1.,0.));
#13771 = ADVANCED_FACE('',(#13772),#13797,.T.);
#13772 = FACE_BOUND('',#13773,.T.);
#13773 = EDGE_LOOP('',(#13774,#13784,#13790,#13791));
#13774 = ORIENTED_EDGE('',*,*,#13775,.T.);
#13775 = EDGE_CURVE('',#13776,#13778,#13780,.T.);
#13776 = VERTEX_POINT('',#13777);
#13777 = CARTESIAN_POINT('',(45.,42.,0.));
#13778 = VERTEX_POINT('',#13779);
#13779 = CARTESIAN_POINT('',(45.,42.,7.));
#13780 = LINE('',#13781,#13782);
#13781 = CARTESIAN_POINT('',(45.,42.,0.));
#13782 = VECTOR('',#13783,1.);
#13783 = DIRECTION('',(0.,0.,1.));
#13784 = ORIENTED_EDGE('',*,*,#13785,.T.);
#13785 = EDGE_CURVE('',#13778,#13738,#13786,.T.);
#13786 = LINE('',#13787,#13788);
#13787 = CARTESIAN_POINT('',(45.,42.,7.));
#13788 = VECTOR('',#13789,1.);
#13789 = DIRECTION('',(-1.,0.,0.));
#13790 = ORIENTED_EDGE('',*,*,#13735,.F.);
#13791 = ORIENTED_EDGE('',*,*,#13792,.F.);
#13792 = EDGE_CURVE('',#13776,#13736,#13793,.T.);
#13793 = LINE('',#13794,#13795);
#13794 = CARTESIAN_POINT('',(45.,42.,0.));
#13795 = VECTOR('',#13796,1.);
#13796 = DIRECTION('',(-1.,0.,0.));
#13797 = PLANE('',#13798);
#13798 = AXIS2_PLACEMENT_3D('',#13799,#13800,#13801);
#13799 = CARTESIAN_POINT('',(45.,42.,0.));
#13800 = DIRECTION('',(0.,-1.,0.));
#13801 = DIRECTION('',(-1.,0.,0.));
#13802 = ADVANCED_FACE('',(#13803),#13828,.T.);
#13803 = FACE_BOUND('',#13804,.T.);
#13804 = EDGE_LOOP('',(#13805,#13806,#13814,#13822));
#13805 = ORIENTED_EDGE('',*,*,#13753,.T.);
#13806 = ORIENTED_EDGE('',*,*,#13807,.T.);
#13807 = EDGE_CURVE('',#13746,#13808,#13810,.T.);
#13808 = VERTEX_POINT('',#13809);
#13809 = CARTESIAN_POINT('',(45.,-42.,7.));
#13810 = LINE('',#13811,#13812);
#13811 = CARTESIAN_POINT('',(-45.,-42.,7.));
#13812 = VECTOR('',#13813,1.);
#13813 = DIRECTION('',(1.,0.,0.));
#13814 = ORIENTED_EDGE('',*,*,#13815,.F.);
#13815 = EDGE_CURVE('',#13816,#13808,#13818,.T.);
#13816 = VERTEX_POINT('',#13817);
#13817 = CARTESIAN_POINT('',(45.,-42.,0.));
#13818 = LINE('',#13819,#13820);
#13819 = CARTESIAN_POINT('',(45.,-42.,0.));
#13820 = VECTOR('',#13821,1.);
#13821 = DIRECTION('',(0.,0.,1.));
#13822 = ORIENTED_EDGE('',*,*,#13823,.F.);
#13823 = EDGE_CURVE('',#13754,#13816,#13824,.T.);
#13824 = LINE('',#13825,#13826);
#13825 = CARTESIAN_POINT('',(-45.,-42.,0.));
#13826 = VECTOR('',#13827,1.);
#13827 = DIRECTION('',(1.,0.,0.));
#13828 = PLANE('',#13829);
#13829 = AXIS2_PLACEMENT_3D('',#13830,#13831,#13832);
#13830 = CARTESIAN_POINT('',(-45.,-42.,0.));
#13831 = DIRECTION('',(0.,1.,0.));
#13832 = DIRECTION('',(1.,0.,0.));
#13833 = ADVANCED_FACE('',(#13834,#13845),#13915,.F.);
#13834 = FACE_BOUND('',#13835,.F.);
#13835 = EDGE_LOOP('',(#13836,#13837,#13838,#13844));
#13836 = ORIENTED_EDGE('',*,*,#13761,.F.);
#13837 = ORIENTED_EDGE('',*,*,#13792,.F.);
#13838 = ORIENTED_EDGE('',*,*,#13839,.F.);
#13839 = EDGE_CURVE('',#13816,#13776,#13840,.T.);
#13840 = LINE('',#13841,#13842);
#13841 = CARTESIAN_POINT('',(45.,-42.,0.));
#13842 = VECTOR('',#13843,1.);
#13843 = DIRECTION('',(0.,1.,0.));
#13844 = ORIENTED_EDGE('',*,*,#13823,.F.);
#13845 = FACE_BOUND('',#13846,.F.);
#13846 = EDGE_LOOP('',(#13847,#13858,#13866,#13875,#13883,#13892,#13900,
    #13909));
#13847 = ORIENTED_EDGE('',*,*,#13848,.T.);
#13848 = EDGE_CURVE('',#13849,#13851,#13853,.T.);
#13849 = VERTEX_POINT('',#13850);
#13850 = CARTESIAN_POINT('',(48.,42.,0.));
#13851 = VERTEX_POINT('',#13852);
#13852 = CARTESIAN_POINT('',(45.,45.,0.));
#13853 = CIRCLE('',#13854,3.);
#13854 = AXIS2_PLACEMENT_3D('',#13855,#13856,#13857);
#13855 = CARTESIAN_POINT('',(45.,42.,0.));
#13856 = DIRECTION('',(-0.,0.,1.));
#13857 = DIRECTION('',(1.1E-16,-1.,0.));
#13858 = ORIENTED_EDGE('',*,*,#13859,.T.);
#13859 = EDGE_CURVE('',#13851,#13860,#13862,.T.);
#13860 = VERTEX_POINT('',#13861);
#13861 = CARTESIAN_POINT('',(-45.,45.,0.));
#13862 = LINE('',#13863,#13864);
#13863 = CARTESIAN_POINT('',(45.,45.,0.));
#13864 = VECTOR('',#13865,1.);
#13865 = DIRECTION('',(-1.,0.,0.));
#13866 = ORIENTED_EDGE('',*,*,#13867,.F.);
#13867 = EDGE_CURVE('',#13868,#13860,#13870,.T.);
#13868 = VERTEX_POINT('',#13869);
#13869 = CARTESIAN_POINT('',(-48.,42.,0.));
#13870 = CIRCLE('',#13871,3.);
#13871 = AXIS2_PLACEMENT_3D('',#13872,#13873,#13874);
#13872 = CARTESIAN_POINT('',(-45.,42.,0.));
#13873 = DIRECTION('',(-0.,0.,-1.));
#13874 = DIRECTION('',(-1.1E-16,-1.,0.));
#13875 = ORIENTED_EDGE('',*,*,#13876,.T.);
#13876 = EDGE_CURVE('',#13868,#13877,#13879,.T.);
#13877 = VERTEX_POINT('',#13878);
#13878 = CARTESIAN_POINT('',(-48.,-42.,0.));
#13879 = LINE('',#13880,#13881);
#13880 = CARTESIAN_POINT('',(-48.,42.,0.));
#13881 = VECTOR('',#13882,1.);
#13882 = DIRECTION('',(0.,-1.,0.));
#13883 = ORIENTED_EDGE('',*,*,#13884,.T.);
#13884 = EDGE_CURVE('',#13877,#13885,#13887,.T.);
#13885 = VERTEX_POINT('',#13886);
#13886 = CARTESIAN_POINT('',(-45.,-45.,0.));
#13887 = CIRCLE('',#13888,3.);
#13888 = AXIS2_PLACEMENT_3D('',#13889,#13890,#13891);
#13889 = CARTESIAN_POINT('',(-45.,-42.,0.));
#13890 = DIRECTION('',(0.,0.,1.));
#13891 = DIRECTION('',(-1.1E-16,1.,0.));
#13892 = ORIENTED_EDGE('',*,*,#13893,.T.);
#13893 = EDGE_CURVE('',#13885,#13894,#13896,.T.);
#13894 = VERTEX_POINT('',#13895);
#13895 = CARTESIAN_POINT('',(45.,-45.,0.));
#13896 = LINE('',#13897,#13898);
#13897 = CARTESIAN_POINT('',(-45.,-45.,0.));
#13898 = VECTOR('',#13899,1.);
#13899 = DIRECTION('',(1.,0.,0.));
#13900 = ORIENTED_EDGE('',*,*,#13901,.T.);
#13901 = EDGE_CURVE('',#13894,#13902,#13904,.T.);
#13902 = VERTEX_POINT('',#13903);
#13903 = CARTESIAN_POINT('',(48.,-42.,0.));
#13904 = CIRCLE('',#13905,3.);
#13905 = AXIS2_PLACEMENT_3D('',#13906,#13907,#13908);
#13906 = CARTESIAN_POINT('',(45.,-42.,0.));
#13907 = DIRECTION('',(0.,0.,1.));
#13908 = DIRECTION('',(-1.,-1.1E-16,0.));
#13909 = ORIENTED_EDGE('',*,*,#13910,.T.);
#13910 = EDGE_CURVE('',#13902,#13849,#13911,.T.);
#13911 = LINE('',#13912,#13913);
#13912 = CARTESIAN_POINT('',(48.,-42.,0.));
#13913 = VECTOR('',#13914,1.);
#13914 = DIRECTION('',(0.,1.,0.));
#13915 = PLANE('',#13916);
#13916 = AXIS2_PLACEMENT_3D('',#13917,#13918,#13919);
#13917 = CARTESIAN_POINT('',(0.,0.,0.));
#13918 = DIRECTION('',(0.,0.,1.));
#13919 = DIRECTION('',(1.,0.,0.));
#13920 = ADVANCED_FACE('',(#13921,#13932),#13966,.F.);
#13921 = FACE_BOUND('',#13922,.F.);
#13922 = EDGE_LOOP('',(#13923,#13924,#13925,#13931));
#13923 = ORIENTED_EDGE('',*,*,#13745,.T.);
#13924 = ORIENTED_EDGE('',*,*,#13807,.T.);
#13925 = ORIENTED_EDGE('',*,*,#13926,.T.);
#13926 = EDGE_CURVE('',#13808,#13778,#13927,.T.);
#13927 = LINE('',#13928,#13929);
#13928 = CARTESIAN_POINT('',(45.,-42.,7.));
#13929 = VECTOR('',#13930,1.);
#13930 = DIRECTION('',(0.,1.,0.));
#13931 = ORIENTED_EDGE('',*,*,#13785,.T.);
#13932 = FACE_BOUND('',#13933,.F.);
#13933 = EDGE_LOOP('',(#13934,#13944,#13952,#13960));
#13934 = ORIENTED_EDGE('',*,*,#13935,.F.);
#13935 = EDGE_CURVE('',#13936,#13938,#13940,.T.);
#13936 = VERTEX_POINT('',#13937);
#13937 = CARTESIAN_POINT('',(-23.,23.,7.));
#13938 = VERTEX_POINT('',#13939);
#13939 = CARTESIAN_POINT('',(-23.,-23.,7.));
#13940 = LINE('',#13941,#13942);
#13941 = CARTESIAN_POINT('',(-23.,11.5,7.));
#13942 = VECTOR('',#13943,1.);
#13943 = DIRECTION('',(0.,-1.,0.));
#13944 = ORIENTED_EDGE('',*,*,#13945,.F.);
#13945 = EDGE_CURVE('',#13946,#13936,#13948,.T.);
#13946 = VERTEX_POINT('',#13947);
#13947 = CARTESIAN_POINT('',(23.,23.,7.));
#13948 = LINE('',#13949,#13950);
#13949 = CARTESIAN_POINT('',(11.5,23.,7.));
#13950 = VECTOR('',#13951,1.);
#13951 = DIRECTION('',(-1.,0.,0.));
#13952 = ORIENTED_EDGE('',*,*,#13953,.F.);
#13953 = EDGE_CURVE('',#13954,#13946,#13956,.T.);
#13954 = VERTEX_POINT('',#13955);
#13955 = CARTESIAN_POINT('',(23.,-23.,7.));
#13956 = LINE('',#13957,#13958);
#13957 = CARTESIAN_POINT('',(23.,-11.5,7.));
#13958 = VECTOR('',#13959,1.);
#13959 = DIRECTION('',(0.,1.,0.));
#13960 = ORIENTED_EDGE('',*,*,#13961,.F.);
#13961 = EDGE_CURVE('',#13938,#13954,#13962,.T.);
#13962 = LINE('',#13963,#13964);
#13963 = CARTESIAN_POINT('',(-11.5,-23.,7.));
#13964 = VECTOR('',#13965,1.);
#13965 = DIRECTION('',(1.,0.,-0.));
#13966 = PLANE('',#13967);
#13967 = AXIS2_PLACEMENT_3D('',#13968,#13969,#13970);
#13968 = CARTESIAN_POINT('',(0.,0.,7.));
#13969 = DIRECTION('',(0.,0.,1.));
#13970 = DIRECTION('',(1.,0.,0.));
#13971 = ADVANCED_FACE('',(#13972),#13978,.T.);
#13972 = FACE_BOUND('',#13973,.T.);
#13973 = EDGE_LOOP('',(#13974,#13975,#13976,#13977));
#13974 = ORIENTED_EDGE('',*,*,#13815,.T.);
#13975 = ORIENTED_EDGE('',*,*,#13926,.T.);
#13976 = ORIENTED_EDGE('',*,*,#13775,.F.);
#13977 = ORIENTED_EDGE('',*,*,#13839,.F.);
#13978 = PLANE('',#13979);
#13979 = AXIS2_PLACEMENT_3D('',#13980,#13981,#13982);
#13980 = CARTESIAN_POINT('',(45.,-42.,0.));
#13981 = DIRECTION('',(-1.,0.,0.));
#13982 = DIRECTION('',(0.,1.,0.));
#13983 = ADVANCED_FACE('',(#13984),#14010,.T.);
#13984 = FACE_BOUND('',#13985,.T.);
#13985 = EDGE_LOOP('',(#13986,#13994,#14003,#14009));
#13986 = ORIENTED_EDGE('',*,*,#13987,.T.);
#13987 = EDGE_CURVE('',#13851,#13988,#13990,.T.);
#13988 = VERTEX_POINT('',#13989);
#13989 = CARTESIAN_POINT('',(45.,45.,7.));
#13990 = LINE('',#13991,#13992);
#13991 = CARTESIAN_POINT('',(45.,45.,0.));
#13992 = VECTOR('',#13993,1.);
#13993 = DIRECTION('',(0.,0.,1.));
#13994 = ORIENTED_EDGE('',*,*,#13995,.F.);
#13995 = EDGE_CURVE('',#13996,#13988,#13998,.T.);
#13996 = VERTEX_POINT('',#13997);
#13997 = CARTESIAN_POINT('',(48.,42.,7.));
#13998 = CIRCLE('',#13999,3.);
#13999 = AXIS2_PLACEMENT_3D('',#14000,#14001,#14002);
#14000 = CARTESIAN_POINT('',(45.,42.,7.));
#14001 = DIRECTION('',(-0.,0.,1.));
#14002 = DIRECTION('',(1.1E-16,-1.,0.));
#14003 = ORIENTED_EDGE('',*,*,#14004,.F.);
#14004 = EDGE_CURVE('',#13849,#13996,#14005,.T.);
#14005 = LINE('',#14006,#14007);
#14006 = CARTESIAN_POINT('',(48.,42.,0.));
#14007 = VECTOR('',#14008,1.);
#14008 = DIRECTION('',(0.,0.,1.));
#14009 = ORIENTED_EDGE('',*,*,#13848,.T.);
#14010 = CYLINDRICAL_SURFACE('',#14011,3.);
#14011 = AXIS2_PLACEMENT_3D('',#14012,#14013,#14014);
#14012 = CARTESIAN_POINT('',(45.,42.,0.));
#14013 = DIRECTION('',(0.,0.,1.));
#14014 = DIRECTION('',(1.1E-16,-1.,0.));
#14015 = ADVANCED_FACE('',(#14016),#14034,.F.);
#14016 = FACE_BOUND('',#14017,.F.);
#14017 = EDGE_LOOP('',(#14018,#14019,#14020,#14028));
#14018 = ORIENTED_EDGE('',*,*,#13859,.F.);
#14019 = ORIENTED_EDGE('',*,*,#13987,.T.);
#14020 = ORIENTED_EDGE('',*,*,#14021,.T.);
#14021 = EDGE_CURVE('',#13988,#14022,#14024,.T.);
#14022 = VERTEX_POINT('',#14023);
#14023 = CARTESIAN_POINT('',(-45.,45.,7.));
#14024 = LINE('',#14025,#14026);
#14025 = CARTESIAN_POINT('',(45.,45.,7.));
#14026 = VECTOR('',#14027,1.);
#14027 = DIRECTION('',(-1.,0.,0.));
#14028 = ORIENTED_EDGE('',*,*,#14029,.F.);
#14029 = EDGE_CURVE('',#13860,#14022,#14030,.T.);
#14030 = LINE('',#14031,#14032);
#14031 = CARTESIAN_POINT('',(-45.,45.,0.));
#14032 = VECTOR('',#14033,1.);
#14033 = DIRECTION('',(0.,0.,1.));
#14034 = PLANE('',#14035);
#14035 = AXIS2_PLACEMENT_3D('',#14036,#14037,#14038);
#14036 = CARTESIAN_POINT('',(45.,45.,0.));
#14037 = DIRECTION('',(0.,-1.,0.));
#14038 = DIRECTION('',(-1.,0.,0.));
#14039 = ADVANCED_FACE('',(#14040),#14059,.T.);
#14040 = FACE_BOUND('',#14041,.F.);
#14041 = EDGE_LOOP('',(#14042,#14043,#14052,#14058));
#14042 = ORIENTED_EDGE('',*,*,#14029,.T.);
#14043 = ORIENTED_EDGE('',*,*,#14044,.F.);
#14044 = EDGE_CURVE('',#14045,#14022,#14047,.T.);
#14045 = VERTEX_POINT('',#14046);
#14046 = CARTESIAN_POINT('',(-48.,42.,7.));
#14047 = CIRCLE('',#14048,3.);
#14048 = AXIS2_PLACEMENT_3D('',#14049,#14050,#14051);
#14049 = CARTESIAN_POINT('',(-45.,42.,7.));
#14050 = DIRECTION('',(-0.,0.,-1.));
#14051 = DIRECTION('',(-1.1E-16,-1.,0.));
#14052 = ORIENTED_EDGE('',*,*,#14053,.F.);
#14053 = EDGE_CURVE('',#13868,#14045,#14054,.T.);
#14054 = LINE('',#14055,#14056);
#14055 = CARTESIAN_POINT('',(-48.,42.,0.));
#14056 = VECTOR('',#14057,1.);
#14057 = DIRECTION('',(0.,0.,1.));
#14058 = ORIENTED_EDGE('',*,*,#13867,.T.);
#14059 = CYLINDRICAL_SURFACE('',#14060,3.);
#14060 = AXIS2_PLACEMENT_3D('',#14061,#14062,#14063);
#14061 = CARTESIAN_POINT('',(-45.,42.,0.));
#14062 = DIRECTION('',(0.,0.,1.));
#14063 = DIRECTION('',(-1.1E-16,-1.,0.));
#14064 = ADVANCED_FACE('',(#14065),#14083,.F.);
#14065 = FACE_BOUND('',#14066,.F.);
#14066 = EDGE_LOOP('',(#14067,#14068,#14076,#14082));
#14067 = ORIENTED_EDGE('',*,*,#14053,.T.);
#14068 = ORIENTED_EDGE('',*,*,#14069,.T.);
#14069 = EDGE_CURVE('',#14045,#14070,#14072,.T.);
#14070 = VERTEX_POINT('',#14071);
#14071 = CARTESIAN_POINT('',(-48.,-42.,7.));
#14072 = LINE('',#14073,#14074);
#14073 = CARTESIAN_POINT('',(-48.,42.,7.));
#14074 = VECTOR('',#14075,1.);
#14075 = DIRECTION('',(0.,-1.,0.));
#14076 = ORIENTED_EDGE('',*,*,#14077,.F.);
#14077 = EDGE_CURVE('',#13877,#14070,#14078,.T.);
#14078 = LINE('',#14079,#14080);
#14079 = CARTESIAN_POINT('',(-48.,-42.,0.));
#14080 = VECTOR('',#14081,1.);
#14081 = DIRECTION('',(0.,0.,1.));
#14082 = ORIENTED_EDGE('',*,*,#13876,.F.);
#14083 = PLANE('',#14084);
#14084 = AXIS2_PLACEMENT_3D('',#14085,#14086,#14087);
#14085 = CARTESIAN_POINT('',(-48.,42.,0.));
#14086 = DIRECTION('',(1.,0.,0.));
#14087 = DIRECTION('',(0.,-1.,0.));
#14088 = ADVANCED_FACE('',(#14089),#14108,.T.);
#14089 = FACE_BOUND('',#14090,.T.);
#14090 = EDGE_LOOP('',(#14091,#14099,#14106,#14107));
#14091 = ORIENTED_EDGE('',*,*,#14092,.T.);
#14092 = EDGE_CURVE('',#13885,#14093,#14095,.T.);
#14093 = VERTEX_POINT('',#14094);
#14094 = CARTESIAN_POINT('',(-45.,-45.,7.));
#14095 = LINE('',#14096,#14097);
#14096 = CARTESIAN_POINT('',(-45.,-45.,0.));
#14097 = VECTOR('',#14098,1.);
#14098 = DIRECTION('',(0.,0.,1.));
#14099 = ORIENTED_EDGE('',*,*,#14100,.F.);
#14100 = EDGE_CURVE('',#14070,#14093,#14101,.T.);
#14101 = CIRCLE('',#14102,3.);
#14102 = AXIS2_PLACEMENT_3D('',#14103,#14104,#14105);
#14103 = CARTESIAN_POINT('',(-45.,-42.,7.));
#14104 = DIRECTION('',(0.,0.,1.));
#14105 = DIRECTION('',(-1.1E-16,1.,0.));
#14106 = ORIENTED_EDGE('',*,*,#14077,.F.);
#14107 = ORIENTED_EDGE('',*,*,#13884,.T.);
#14108 = CYLINDRICAL_SURFACE('',#14109,3.);
#14109 = AXIS2_PLACEMENT_3D('',#14110,#14111,#14112);
#14110 = CARTESIAN_POINT('',(-45.,-42.,0.));
#14111 = DIRECTION('',(0.,0.,1.));
#14112 = DIRECTION('',(-1.1E-16,1.,0.));
#14113 = ADVANCED_FACE('',(#14114),#14132,.F.);
#14114 = FACE_BOUND('',#14115,.F.);
#14115 = EDGE_LOOP('',(#14116,#14124,#14125,#14126));
#14116 = ORIENTED_EDGE('',*,*,#14117,.F.);
#14117 = EDGE_CURVE('',#13894,#14118,#14120,.T.);
#14118 = VERTEX_POINT('',#14119);
#14119 = CARTESIAN_POINT('',(45.,-45.,7.));
#14120 = LINE('',#14121,#14122);
#14121 = CARTESIAN_POINT('',(45.,-45.,0.));
#14122 = VECTOR('',#14123,1.);
#14123 = DIRECTION('',(0.,0.,1.));
#14124 = ORIENTED_EDGE('',*,*,#13893,.F.);
#14125 = ORIENTED_EDGE('',*,*,#14092,.T.);
#14126 = ORIENTED_EDGE('',*,*,#14127,.T.);
#14127 = EDGE_CURVE('',#14093,#14118,#14128,.T.);
#14128 = LINE('',#14129,#14130);
#14129 = CARTESIAN_POINT('',(-45.,-45.,7.));
#14130 = VECTOR('',#14131,1.);
#14131 = DIRECTION('',(1.,0.,0.));
#14132 = PLANE('',#14133);
#14133 = AXIS2_PLACEMENT_3D('',#14134,#14135,#14136);
#14134 = CARTESIAN_POINT('',(-45.,-45.,0.));
#14135 = DIRECTION('',(0.,1.,0.));
#14136 = DIRECTION('',(1.,0.,0.));
#14137 = ADVANCED_FACE('',(#14138),#14157,.T.);
#14138 = FACE_BOUND('',#14139,.T.);
#14139 = EDGE_LOOP('',(#14140,#14148,#14155,#14156));
#14140 = ORIENTED_EDGE('',*,*,#14141,.T.);
#14141 = EDGE_CURVE('',#13902,#14142,#14144,.T.);
#14142 = VERTEX_POINT('',#14143);
#14143 = CARTESIAN_POINT('',(48.,-42.,7.));
#14144 = LINE('',#14145,#14146);
#14145 = CARTESIAN_POINT('',(48.,-42.,0.));
#14146 = VECTOR('',#14147,1.);
#14147 = DIRECTION('',(0.,0.,1.));
#14148 = ORIENTED_EDGE('',*,*,#14149,.F.);
#14149 = EDGE_CURVE('',#14118,#14142,#14150,.T.);
#14150 = CIRCLE('',#14151,3.);
#14151 = AXIS2_PLACEMENT_3D('',#14152,#14153,#14154);
#14152 = CARTESIAN_POINT('',(45.,-42.,7.));
#14153 = DIRECTION('',(0.,0.,1.));
#14154 = DIRECTION('',(-1.,-1.1E-16,0.));
#14155 = ORIENTED_EDGE('',*,*,#14117,.F.);
#14156 = ORIENTED_EDGE('',*,*,#13901,.T.);
#14157 = CYLINDRICAL_SURFACE('',#14158,3.);
#14158 = AXIS2_PLACEMENT_3D('',#14159,#14160,#14161);
#14159 = CARTESIAN_POINT('',(45.,-42.,0.));
#14160 = DIRECTION('',(0.,0.,1.));
#14161 = DIRECTION('',(-1.,-1.1E-16,0.));
#14162 = ADVANCED_FACE('',(#14163),#14174,.F.);
#14163 = FACE_BOUND('',#14164,.F.);
#14164 = EDGE_LOOP('',(#14165,#14166,#14167,#14168));
#14165 = ORIENTED_EDGE('',*,*,#14004,.F.);
#14166 = ORIENTED_EDGE('',*,*,#13910,.F.);
#14167 = ORIENTED_EDGE('',*,*,#14141,.T.);
#14168 = ORIENTED_EDGE('',*,*,#14169,.T.);
#14169 = EDGE_CURVE('',#14142,#13996,#14170,.T.);
#14170 = LINE('',#14171,#14172);
#14171 = CARTESIAN_POINT('',(48.,-42.,7.));
#14172 = VECTOR('',#14173,1.);
#14173 = DIRECTION('',(0.,1.,0.));
#14174 = PLANE('',#14175);
#14175 = AXIS2_PLACEMENT_3D('',#14176,#14177,#14178);
#14176 = CARTESIAN_POINT('',(48.,-42.,0.));
#14177 = DIRECTION('',(-1.,0.,0.));
#14178 = DIRECTION('',(0.,1.,0.));
#14179 = ADVANCED_FACE('',(#14180),#14205,.F.);
#14180 = FACE_BOUND('',#14181,.F.);
#14181 = EDGE_LOOP('',(#14182,#14192,#14198,#14199));
#14182 = ORIENTED_EDGE('',*,*,#14183,.F.);
#14183 = EDGE_CURVE('',#14184,#14186,#14188,.T.);
#14184 = VERTEX_POINT('',#14185);
#14185 = CARTESIAN_POINT('',(-23.,23.,10.));
#14186 = VERTEX_POINT('',#14187);
#14187 = CARTESIAN_POINT('',(-23.,-23.,10.));
#14188 = LINE('',#14189,#14190);
#14189 = CARTESIAN_POINT('',(-23.,23.,10.));
#14190 = VECTOR('',#14191,1.);
#14191 = DIRECTION('',(0.,-1.,0.));
#14192 = ORIENTED_EDGE('',*,*,#14193,.T.);
#14193 = EDGE_CURVE('',#14184,#13936,#14194,.T.);
#14194 = LINE('',#14195,#14196);
#14195 = CARTESIAN_POINT('',(-23.,23.,10.));
#14196 = VECTOR('',#14197,1.);
#14197 = DIRECTION('',(-0.,-0.,-1.));
#14198 = ORIENTED_EDGE('',*,*,#13935,.T.);
#14199 = ORIENTED_EDGE('',*,*,#14200,.F.);
#14200 = EDGE_CURVE('',#14186,#13938,#14201,.T.);
#14201 = LINE('',#14202,#14203);
#14202 = CARTESIAN_POINT('',(-23.,-23.,10.));
#14203 = VECTOR('',#14204,1.);
#14204 = DIRECTION('',(-0.,-0.,-1.));
#14205 = PLANE('',#14206);
#14206 = AXIS2_PLACEMENT_3D('',#14207,#14208,#14209);
#14207 = CARTESIAN_POINT('',(-23.,23.,10.));
#14208 = DIRECTION('',(-1.,0.,0.));
#14209 = DIRECTION('',(0.,-1.,0.));
#14210 = ADVANCED_FACE('',(#14211),#14229,.F.);
#14211 = FACE_BOUND('',#14212,.F.);
#14212 = EDGE_LOOP('',(#14213,#14221,#14222,#14223));
#14213 = ORIENTED_EDGE('',*,*,#14214,.F.);
#14214 = EDGE_CURVE('',#14186,#14215,#14217,.T.);
#14215 = VERTEX_POINT('',#14216);
#14216 = CARTESIAN_POINT('',(23.,-23.,10.));
#14217 = LINE('',#14218,#14219);
#14218 = CARTESIAN_POINT('',(-23.,-23.,10.));
#14219 = VECTOR('',#14220,1.);
#14220 = DIRECTION('',(1.,0.,0.));
#14221 = ORIENTED_EDGE('',*,*,#14200,.T.);
#14222 = ORIENTED_EDGE('',*,*,#13961,.T.);
#14223 = ORIENTED_EDGE('',*,*,#14224,.F.);
#14224 = EDGE_CURVE('',#14215,#13954,#14225,.T.);
#14225 = LINE('',#14226,#14227);
#14226 = CARTESIAN_POINT('',(23.,-23.,10.));
#14227 = VECTOR('',#14228,1.);
#14228 = DIRECTION('',(-0.,-0.,-1.));
#14229 = PLANE('',#14230);
#14230 = AXIS2_PLACEMENT_3D('',#14231,#14232,#14233);
#14231 = CARTESIAN_POINT('',(-23.,-23.,10.));
#14232 = DIRECTION('',(0.,-1.,0.));
#14233 = DIRECTION('',(1.,0.,0.));
#14234 = ADVANCED_FACE('',(#14235),#14253,.F.);
#14235 = FACE_BOUND('',#14236,.F.);
#14236 = EDGE_LOOP('',(#14237,#14245,#14246,#14247));
#14237 = ORIENTED_EDGE('',*,*,#14238,.F.);
#14238 = EDGE_CURVE('',#14215,#14239,#14241,.T.);
#14239 = VERTEX_POINT('',#14240);
#14240 = CARTESIAN_POINT('',(23.,23.,10.));
#14241 = LINE('',#14242,#14243);
#14242 = CARTESIAN_POINT('',(23.,-23.,10.));
#14243 = VECTOR('',#14244,1.);
#14244 = DIRECTION('',(0.,1.,0.));
#14245 = ORIENTED_EDGE('',*,*,#14224,.T.);
#14246 = ORIENTED_EDGE('',*,*,#13953,.T.);
#14247 = ORIENTED_EDGE('',*,*,#14248,.F.);
#14248 = EDGE_CURVE('',#14239,#13946,#14249,.T.);
#14249 = LINE('',#14250,#14251);
#14250 = CARTESIAN_POINT('',(23.,23.,10.));
#14251 = VECTOR('',#14252,1.);
#14252 = DIRECTION('',(-0.,-0.,-1.));
#14253 = PLANE('',#14254);
#14254 = AXIS2_PLACEMENT_3D('',#14255,#14256,#14257);
#14255 = CARTESIAN_POINT('',(23.,-23.,10.));
#14256 = DIRECTION('',(1.,0.,0.));
#14257 = DIRECTION('',(-0.,1.,0.));
#14258 = ADVANCED_FACE('',(#14259),#14270,.F.);
#14259 = FACE_BOUND('',#14260,.F.);
#14260 = EDGE_LOOP('',(#14261,#14267,#14268,#14269));
#14261 = ORIENTED_EDGE('',*,*,#14262,.F.);
#14262 = EDGE_CURVE('',#14239,#14184,#14263,.T.);
#14263 = LINE('',#14264,#14265);
#14264 = CARTESIAN_POINT('',(23.,23.,10.));
#14265 = VECTOR('',#14266,1.);
#14266 = DIRECTION('',(-1.,0.,0.));
#14267 = ORIENTED_EDGE('',*,*,#14248,.T.);
#14268 = ORIENTED_EDGE('',*,*,#13945,.T.);
#14269 = ORIENTED_EDGE('',*,*,#14193,.F.);
#14270 = PLANE('',#14271);
#14271 = AXIS2_PLACEMENT_3D('',#14272,#14273,#14274);
#14272 = CARTESIAN_POINT('',(23.,23.,10.));
#14273 = DIRECTION('',(0.,1.,-0.));
#14274 = DIRECTION('',(-1.,0.,0.));
#14275 = ADVANCED_FACE('',(#14276),#14295,.T.);
#14276 = FACE_BOUND('',#14277,.T.);
#14277 = EDGE_LOOP('',(#14278,#14279,#14288));
#14278 = ORIENTED_EDGE('',*,*,#13995,.T.);
#14279 = ORIENTED_EDGE('',*,*,#14280,.T.);
#14280 = EDGE_CURVE('',#13988,#14281,#14283,.T.);
#14281 = VERTEX_POINT('',#14282);
#14282 = CARTESIAN_POINT('',(45.,42.,10.));
#14283 = CIRCLE('',#14284,3.);
#14284 = AXIS2_PLACEMENT_3D('',#14285,#14286,#14287);
#14285 = CARTESIAN_POINT('',(45.,42.,7.));
#14286 = DIRECTION('',(1.,-0.,0.));
#14287 = DIRECTION('',(0.,1.1E-16,-1.));
#14288 = ORIENTED_EDGE('',*,*,#14289,.F.);
#14289 = EDGE_CURVE('',#13996,#14281,#14290,.T.);
#14290 = CIRCLE('',#14291,3.);
#14291 = AXIS2_PLACEMENT_3D('',#14292,#14293,#14294);
#14292 = CARTESIAN_POINT('',(45.,42.,7.));
#14293 = DIRECTION('',(0.,-1.,0.));
#14294 = DIRECTION('',(1.1E-16,0.,-1.));
#14295 = SPHERICAL_SURFACE('',#14296,3.);
#14296 = AXIS2_PLACEMENT_3D('',#14297,#14298,#14299);
#14297 = CARTESIAN_POINT('',(45.,42.,7.));
#14298 = DIRECTION('',(0.,0.707106781187,-0.707106781187));
#14299 = DIRECTION('',(-0.57735026919,-0.57735026919,-0.57735026919));
#14300 = ADVANCED_FACE('',(#14301),#14320,.T.);
#14301 = FACE_BOUND('',#14302,.F.);
#14302 = EDGE_LOOP('',(#14303,#14304,#14305,#14313));
#14303 = ORIENTED_EDGE('',*,*,#14021,.F.);
#14304 = ORIENTED_EDGE('',*,*,#14280,.T.);
#14305 = ORIENTED_EDGE('',*,*,#14306,.T.);
#14306 = EDGE_CURVE('',#14281,#14307,#14309,.T.);
#14307 = VERTEX_POINT('',#14308);
#14308 = CARTESIAN_POINT('',(-45.,42.,10.));
#14309 = LINE('',#14310,#14311);
#14310 = CARTESIAN_POINT('',(45.,42.,10.));
#14311 = VECTOR('',#14312,1.);
#14312 = DIRECTION('',(-1.,0.,0.));
#14313 = ORIENTED_EDGE('',*,*,#14314,.F.);
#14314 = EDGE_CURVE('',#14022,#14307,#14315,.T.);
#14315 = CIRCLE('',#14316,3.);
#14316 = AXIS2_PLACEMENT_3D('',#14317,#14318,#14319);
#14317 = CARTESIAN_POINT('',(-45.,42.,7.));
#14318 = DIRECTION('',(1.,-0.,0.));
#14319 = DIRECTION('',(0.,1.1E-16,-1.));
#14320 = CYLINDRICAL_SURFACE('',#14321,3.);
#14321 = AXIS2_PLACEMENT_3D('',#14322,#14323,#14324);
#14322 = CARTESIAN_POINT('',(45.,42.,7.));
#14323 = DIRECTION('',(-1.,0.,0.));
#14324 = DIRECTION('',(0.,1.1E-16,-1.));
#14325 = ADVANCED_FACE('',(#14326),#14337,.T.);
#14326 = FACE_BOUND('',#14327,.T.);
#14327 = EDGE_LOOP('',(#14328,#14329,#14336));
#14328 = ORIENTED_EDGE('',*,*,#14044,.F.);
#14329 = ORIENTED_EDGE('',*,*,#14330,.T.);
#14330 = EDGE_CURVE('',#14045,#14307,#14331,.T.);
#14331 = CIRCLE('',#14332,3.);
#14332 = AXIS2_PLACEMENT_3D('',#14333,#14334,#14335);
#14333 = CARTESIAN_POINT('',(-45.,42.,7.));
#14334 = DIRECTION('',(0.,1.,0.));
#14335 = DIRECTION('',(-1.1E-16,0.,-1.));
#14336 = ORIENTED_EDGE('',*,*,#14314,.F.);
#14337 = SPHERICAL_SURFACE('',#14338,3.);
#14338 = AXIS2_PLACEMENT_3D('',#14339,#14340,#14341);
#14339 = CARTESIAN_POINT('',(-45.,42.,7.));
#14340 = DIRECTION('',(0.,-0.707106781187,0.707106781187));
#14341 = DIRECTION('',(0.57735026919,-0.57735026919,-0.57735026919));
#14342 = ADVANCED_FACE('',(#14343),#14362,.T.);
#14343 = FACE_BOUND('',#14344,.F.);
#14344 = EDGE_LOOP('',(#14345,#14346,#14347,#14355));
#14345 = ORIENTED_EDGE('',*,*,#14069,.F.);
#14346 = ORIENTED_EDGE('',*,*,#14330,.T.);
#14347 = ORIENTED_EDGE('',*,*,#14348,.T.);
#14348 = EDGE_CURVE('',#14307,#14349,#14351,.T.);
#14349 = VERTEX_POINT('',#14350);
#14350 = CARTESIAN_POINT('',(-45.,-42.,10.));
#14351 = LINE('',#14352,#14353);
#14352 = CARTESIAN_POINT('',(-45.,42.,10.));
#14353 = VECTOR('',#14354,1.);
#14354 = DIRECTION('',(0.,-1.,0.));
#14355 = ORIENTED_EDGE('',*,*,#14356,.F.);
#14356 = EDGE_CURVE('',#14070,#14349,#14357,.T.);
#14357 = CIRCLE('',#14358,3.);
#14358 = AXIS2_PLACEMENT_3D('',#14359,#14360,#14361);
#14359 = CARTESIAN_POINT('',(-45.,-42.,7.));
#14360 = DIRECTION('',(0.,1.,0.));
#14361 = DIRECTION('',(-1.1E-16,0.,-1.));
#14362 = CYLINDRICAL_SURFACE('',#14363,3.);
#14363 = AXIS2_PLACEMENT_3D('',#14364,#14365,#14366);
#14364 = CARTESIAN_POINT('',(-45.,42.,7.));
#14365 = DIRECTION('',(0.,-1.,0.));
#14366 = DIRECTION('',(-1.1E-16,-0.,-1.));
#14367 = ADVANCED_FACE('',(#14368),#14379,.T.);
#14368 = FACE_BOUND('',#14369,.T.);
#14369 = EDGE_LOOP('',(#14370,#14371,#14378));
#14370 = ORIENTED_EDGE('',*,*,#14100,.T.);
#14371 = ORIENTED_EDGE('',*,*,#14372,.T.);
#14372 = EDGE_CURVE('',#14093,#14349,#14373,.T.);
#14373 = CIRCLE('',#14374,3.);
#14374 = AXIS2_PLACEMENT_3D('',#14375,#14376,#14377);
#14375 = CARTESIAN_POINT('',(-45.,-42.,7.));
#14376 = DIRECTION('',(-1.,-0.,0.));
#14377 = DIRECTION('',(0.,-1.1E-16,-1.));
#14378 = ORIENTED_EDGE('',*,*,#14356,.F.);
#14379 = SPHERICAL_SURFACE('',#14380,3.);
#14380 = AXIS2_PLACEMENT_3D('',#14381,#14382,#14383);
#14381 = CARTESIAN_POINT('',(-45.,-42.,7.));
#14382 = DIRECTION('',(-0.,-0.707106781187,-0.707106781187));
#14383 = DIRECTION('',(0.57735026919,0.57735026919,-0.57735026919));
#14384 = ADVANCED_FACE('',(#14385),#14404,.T.);
#14385 = FACE_BOUND('',#14386,.F.);
#14386 = EDGE_LOOP('',(#14387,#14388,#14389,#14397));
#14387 = ORIENTED_EDGE('',*,*,#14127,.F.);
#14388 = ORIENTED_EDGE('',*,*,#14372,.T.);
#14389 = ORIENTED_EDGE('',*,*,#14390,.T.);
#14390 = EDGE_CURVE('',#14349,#14391,#14393,.T.);
#14391 = VERTEX_POINT('',#14392);
#14392 = CARTESIAN_POINT('',(45.,-42.,10.));
#14393 = LINE('',#14394,#14395);
#14394 = CARTESIAN_POINT('',(-45.,-42.,10.));
#14395 = VECTOR('',#14396,1.);
#14396 = DIRECTION('',(1.,0.,0.));
#14397 = ORIENTED_EDGE('',*,*,#14398,.F.);
#14398 = EDGE_CURVE('',#14118,#14391,#14399,.T.);
#14399 = CIRCLE('',#14400,3.);
#14400 = AXIS2_PLACEMENT_3D('',#14401,#14402,#14403);
#14401 = CARTESIAN_POINT('',(45.,-42.,7.));
#14402 = DIRECTION('',(-1.,-0.,0.));
#14403 = DIRECTION('',(0.,-1.1E-16,-1.));
#14404 = CYLINDRICAL_SURFACE('',#14405,3.);
#14405 = AXIS2_PLACEMENT_3D('',#14406,#14407,#14408);
#14406 = CARTESIAN_POINT('',(-45.,-42.,7.));
#14407 = DIRECTION('',(1.,0.,0.));
#14408 = DIRECTION('',(0.,-1.1E-16,-1.));
#14409 = ADVANCED_FACE('',(#14410),#14421,.T.);
#14410 = FACE_BOUND('',#14411,.T.);
#14411 = EDGE_LOOP('',(#14412,#14413,#14420));
#14412 = ORIENTED_EDGE('',*,*,#14149,.T.);
#14413 = ORIENTED_EDGE('',*,*,#14414,.T.);
#14414 = EDGE_CURVE('',#14142,#14391,#14415,.T.);
#14415 = CIRCLE('',#14416,3.);
#14416 = AXIS2_PLACEMENT_3D('',#14417,#14418,#14419);
#14417 = CARTESIAN_POINT('',(45.,-42.,7.));
#14418 = DIRECTION('',(0.,-1.,0.));
#14419 = DIRECTION('',(1.1E-16,0.,-1.));
#14420 = ORIENTED_EDGE('',*,*,#14398,.F.);
#14421 = SPHERICAL_SURFACE('',#14422,3.);
#14422 = AXIS2_PLACEMENT_3D('',#14423,#14424,#14425);
#14423 = CARTESIAN_POINT('',(45.,-42.,7.));
#14424 = DIRECTION('',(0.707106781187,0.,-0.707106781187));
#14425 = DIRECTION('',(-0.57735026919,0.57735026919,-0.57735026919));
#14426 = ADVANCED_FACE('',(#14427),#14438,.T.);
#14427 = FACE_BOUND('',#14428,.F.);
#14428 = EDGE_LOOP('',(#14429,#14430,#14431,#14437));
#14429 = ORIENTED_EDGE('',*,*,#14169,.F.);
#14430 = ORIENTED_EDGE('',*,*,#14414,.T.);
#14431 = ORIENTED_EDGE('',*,*,#14432,.T.);
#14432 = EDGE_CURVE('',#14391,#14281,#14433,.T.);
#14433 = LINE('',#14434,#14435);
#14434 = CARTESIAN_POINT('',(45.,-42.,10.));
#14435 = VECTOR('',#14436,1.);
#14436 = DIRECTION('',(0.,1.,0.));
#14437 = ORIENTED_EDGE('',*,*,#14289,.F.);
#14438 = CYLINDRICAL_SURFACE('',#14439,3.);
#14439 = AXIS2_PLACEMENT_3D('',#14440,#14441,#14442);
#14440 = CARTESIAN_POINT('',(45.,-42.,7.));
#14441 = DIRECTION('',(0.,1.,0.));
#14442 = DIRECTION('',(1.1E-16,0.,-1.));
#14443 = ADVANCED_FACE('',(#14444,#14450),#14456,.T.);
#14444 = FACE_BOUND('',#14445,.T.);
#14445 = EDGE_LOOP('',(#14446,#14447,#14448,#14449));
#14446 = ORIENTED_EDGE('',*,*,#14348,.T.);
#14447 = ORIENTED_EDGE('',*,*,#14390,.T.);
#14448 = ORIENTED_EDGE('',*,*,#14432,.T.);
#14449 = ORIENTED_EDGE('',*,*,#14306,.T.);
#14450 = FACE_BOUND('',#14451,.T.);
#14451 = EDGE_LOOP('',(#14452,#14453,#14454,#14455));
#14452 = ORIENTED_EDGE('',*,*,#14183,.F.);
#14453 = ORIENTED_EDGE('',*,*,#14262,.F.);
#14454 = ORIENTED_EDGE('',*,*,#14238,.F.);
#14455 = ORIENTED_EDGE('',*,*,#14214,.F.);
#14456 = PLANE('',#14457);
#14457 = AXIS2_PLACEMENT_3D('',#14458,#14459,#14460);
#14458 = CARTESIAN_POINT('',(0.,0.,10.));
#14459 = DIRECTION('',(0.,0.,1.));
#14460 = DIRECTION('',(1.,0.,0.));
#14461 = ( GEOMETRIC_REPRESENTATION_CONTEXT(3) 
GLOBAL_UNCERTAINTY_ASSIGNED_CONTEXT((#14465)) 
GLOBAL_UNIT_ASSIGNED_CONTEXT((#14462,#14463,#14464)) 
REPRESENTATION_CONTEXT('Context #1',
  '3D Context with UNIT and UNCERTAINTY') );
#14462 = ( LENGTH_UNIT() NAMED_UNIT(*) SI_UNIT(.MILLI.,.METRE.) );
#14463 = ( NAMED_UNIT(*) PLANE_ANGLE_UNIT() SI_UNIT($,.RADIAN.) );
#14464 = ( NAMED_UNIT(*) SI_UNIT($,.STERADIAN.) SOLID_ANGLE_UNIT() );
#14465 = UNCERTAINTY_MEASURE_WITH_UNIT(LENGTH_MEASURE(5.E-06),#14462,
  'distance_accuracy_value','confusion accuracy');
#14466 = CONTEXT_DEPENDENT_SHAPE_REPRESENTATION(#14467,#14469);
#14467 = ( REPRESENTATION_RELATIONSHIP('','',#13728,#10) 
REPRESENTATION_RELATIONSHIP_WITH_TRANSFORMATION(#14468) 
SHAPE_REPRESENTATION_RELATIONSHIP() );
#14468 = ITEM_DEFINED_TRANSFORMATION('','',#11,#47);
#14469 = PRODUCT_DEFINITION_SHAPE('Placement','Placement of an item',
  #14470);
#14470 = NEXT_ASSEMBLY_USAGE_OCCURRENCE('21','Pocket','',#5,#13723,$);
#14471 = PRODUCT_RELATED_PRODUCT_CATEGORY('part',$,(#13725));
#14472 = SHAPE_DEFINITION_REPRESENTATION(#14473,#14479);
#14473 = PRODUCT_DEFINITION_SHAPE('','',#14474);
#14474 = PRODUCT_DEFINITION('design','',#14475,#14478);
#14475 = PRODUCT_DEFINITION_FORMATION('','',#14476);
#14476 = PRODUCT('ShapeString006','ShapeString006','',(#14477));
#14477 = PRODUCT_CONTEXT('',#2,'mechanical');
#14478 = PRODUCT_DEFINITION_CONTEXT('part definition',#2,'design');
#14479 = SHAPE_REPRESENTATION('',(#11,#14480,#14634,#14734,#14856,#14930
    ,#15036,#15176),#15266);
#14480 = SHELL_BASED_SURFACE_MODEL('',(#14481));
#14481 = OPEN_SHELL('',(#14482));
#14482 = ADVANCED_FACE('',(#14483),#14629,.T.);
#14483 = FACE_BOUND('',#14484,.T.);
#14484 = EDGE_LOOP('',(#14485,#14495,#14503,#14511,#14519,#14527,#14535,
    #14543,#14551,#14559,#14567,#14575,#14583,#14591,#14599,#14607,
    #14615,#14623));
#14485 = ORIENTED_EDGE('',*,*,#14486,.F.);
#14486 = EDGE_CURVE('',#14487,#14489,#14491,.T.);
#14487 = VERTEX_POINT('',#14488);
#14488 = CARTESIAN_POINT('',(4.976785814286,0.228571428571,0.));
#14489 = VERTEX_POINT('',#14490);
#14490 = CARTESIAN_POINT('',(4.189285814286,-6.285714285714E-02,0.));
#14491 = B_SPLINE_CURVE_WITH_KNOTS('',2,(#14492,#14493,#14494),
  .UNSPECIFIED.,.F.,.F.,(3,3),(0.,1.),.PIECEWISE_BEZIER_KNOTS.);
#14492 = CARTESIAN_POINT('',(4.976785814286,0.228571428571,0.));
#14493 = CARTESIAN_POINT('',(4.601785814286,3.428571428571E-02,0.));
#14494 = CARTESIAN_POINT('',(4.189285814286,-6.285714285714E-02,0.));
#14495 = ORIENTED_EDGE('',*,*,#14496,.F.);
#14496 = EDGE_CURVE('',#14497,#14487,#14499,.T.);
#14497 = VERTEX_POINT('',#14498);
#14498 = CARTESIAN_POINT('',(4.976785814286,1.988571428571,0.));
#14499 = LINE('',#14500,#14501);
#14500 = CARTESIAN_POINT('',(4.976785814286,1.988571428571,0.));
#14501 = VECTOR('',#14502,1.);
#14502 = DIRECTION('',(0.,-1.,0.));
#14503 = ORIENTED_EDGE('',*,*,#14504,.F.);
#14504 = EDGE_CURVE('',#14505,#14497,#14507,.T.);
#14505 = VERTEX_POINT('',#14506);
#14506 = CARTESIAN_POINT('',(4.186428671429,1.433214285714,0.));
#14507 = B_SPLINE_CURVE_WITH_KNOTS('',2,(#14508,#14509,#14510),
  .UNSPECIFIED.,.F.,.F.,(3,3),(0.,1.),.PIECEWISE_BEZIER_KNOTS.);
#14508 = CARTESIAN_POINT('',(4.186428671429,1.433214285714,0.));
#14509 = CARTESIAN_POINT('',(4.569642957143,1.609285714286,0.));
#14510 = CARTESIAN_POINT('',(4.976785814286,1.988571428571,0.));
#14511 = ORIENTED_EDGE('',*,*,#14512,.F.);
#14512 = EDGE_CURVE('',#14513,#14505,#14515,.T.);
#14513 = VERTEX_POINT('',#14514);
#14514 = CARTESIAN_POINT('',(3.396428671429,1.257142857143,0.));
#14515 = B_SPLINE_CURVE_WITH_KNOTS('',2,(#14516,#14517,#14518),
  .UNSPECIFIED.,.F.,.F.,(3,3),(0.,1.),.PIECEWISE_BEZIER_KNOTS.);
#14516 = CARTESIAN_POINT('',(3.396428671429,1.257142857143,0.));
#14517 = CARTESIAN_POINT('',(3.803571528571,1.257142857143,0.));
#14518 = CARTESIAN_POINT('',(4.186428671429,1.433214285714,0.));
#14519 = ORIENTED_EDGE('',*,*,#14520,.F.);
#14520 = EDGE_CURVE('',#14521,#14513,#14523,.T.);
#14521 = VERTEX_POINT('',#14522);
#14522 = CARTESIAN_POINT('',(2.086428671429,1.946071428571,0.));
#14523 = B_SPLINE_CURVE_WITH_KNOTS('',2,(#14524,#14525,#14526),
  .UNSPECIFIED.,.F.,.F.,(3,3),(0.,1.),.PIECEWISE_BEZIER_KNOTS.);
#14524 = CARTESIAN_POINT('',(2.086428671429,1.946071428571,0.));
#14525 = CARTESIAN_POINT('',(2.528571528571,1.257142857143,0.));
#14526 = CARTESIAN_POINT('',(3.396428671429,1.257142857143,0.));
#14527 = ORIENTED_EDGE('',*,*,#14528,.F.);
#14528 = EDGE_CURVE('',#14529,#14521,#14531,.T.);
#14529 = VERTEX_POINT('',#14530);
#14530 = CARTESIAN_POINT('',(1.644642957143,3.985714285714,0.));
#14531 = B_SPLINE_CURVE_WITH_KNOTS('',2,(#14532,#14533,#14534),
  .UNSPECIFIED.,.F.,.F.,(3,3),(0.,1.),.PIECEWISE_BEZIER_KNOTS.);
#14532 = CARTESIAN_POINT('',(1.644642957143,3.985714285714,0.));
#14533 = CARTESIAN_POINT('',(1.644642957143,2.635,0.));
#14534 = CARTESIAN_POINT('',(2.086428671429,1.946071428571,0.));
#14535 = ORIENTED_EDGE('',*,*,#14536,.F.);
#14536 = EDGE_CURVE('',#14537,#14529,#14539,.T.);
#14537 = VERTEX_POINT('',#14538);
#14538 = CARTESIAN_POINT('',(2.086428671429,6.031071428571,0.));
#14539 = B_SPLINE_CURVE_WITH_KNOTS('',2,(#14540,#14541,#14542),
  .UNSPECIFIED.,.F.,.F.,(3,3),(0.,1.),.PIECEWISE_BEZIER_KNOTS.);
#14540 = CARTESIAN_POINT('',(2.086428671429,6.031071428571,0.));
#14541 = CARTESIAN_POINT('',(1.644642957143,5.342142857143,0.));
#14542 = CARTESIAN_POINT('',(1.644642957143,3.985714285714,0.));
#14543 = ORIENTED_EDGE('',*,*,#14544,.F.);
#14544 = EDGE_CURVE('',#14545,#14537,#14547,.T.);
#14545 = VERTEX_POINT('',#14546);
#14546 = CARTESIAN_POINT('',(3.396428671429,6.72,0.));
#14547 = B_SPLINE_CURVE_WITH_KNOTS('',2,(#14548,#14549,#14550),
  .UNSPECIFIED.,.F.,.F.,(3,3),(0.,1.),.PIECEWISE_BEZIER_KNOTS.);
#14548 = CARTESIAN_POINT('',(3.396428671429,6.72,0.));
#14549 = CARTESIAN_POINT('',(2.528571528571,6.72,0.));
#14550 = CARTESIAN_POINT('',(2.086428671429,6.031071428571,0.));
#14551 = ORIENTED_EDGE('',*,*,#14552,.F.);
#14552 = EDGE_CURVE('',#14553,#14545,#14555,.T.);
#14553 = VERTEX_POINT('',#14554);
#14554 = CARTESIAN_POINT('',(4.186428671429,6.543928571429,0.));
#14555 = B_SPLINE_CURVE_WITH_KNOTS('',2,(#14556,#14557,#14558),
  .UNSPECIFIED.,.F.,.F.,(3,3),(0.,1.),.PIECEWISE_BEZIER_KNOTS.);
#14556 = CARTESIAN_POINT('',(4.186428671429,6.543928571429,0.));
#14557 = CARTESIAN_POINT('',(3.803571528571,6.72,0.));
#14558 = CARTESIAN_POINT('',(3.396428671429,6.72,0.));
#14559 = ORIENTED_EDGE('',*,*,#14560,.F.);
#14560 = EDGE_CURVE('',#14561,#14553,#14563,.T.);
#14561 = VERTEX_POINT('',#14562);
#14562 = CARTESIAN_POINT('',(4.976785814286,5.988571428571,0.));
#14563 = B_SPLINE_CURVE_WITH_KNOTS('',2,(#14564,#14565,#14566),
  .UNSPECIFIED.,.F.,.F.,(3,3),(0.,1.),.PIECEWISE_BEZIER_KNOTS.);
#14564 = CARTESIAN_POINT('',(4.976785814286,5.988571428571,0.));
#14565 = CARTESIAN_POINT('',(4.569642957143,6.367857142857,0.));
#14566 = CARTESIAN_POINT('',(4.186428671429,6.543928571429,0.));
#14567 = ORIENTED_EDGE('',*,*,#14568,.F.);
#14568 = EDGE_CURVE('',#14569,#14561,#14571,.T.);
#14569 = VERTEX_POINT('',#14570);
#14570 = CARTESIAN_POINT('',(4.976785814286,7.748571428571,0.));
#14571 = LINE('',#14572,#14573);
#14572 = CARTESIAN_POINT('',(4.976785814286,7.748571428571,0.));
#14573 = VECTOR('',#14574,1.);
#14574 = DIRECTION('',(0.,-1.,0.));
#14575 = ORIENTED_EDGE('',*,*,#14576,.F.);
#14576 = EDGE_CURVE('',#14577,#14569,#14579,.T.);
#14577 = VERTEX_POINT('',#14578);
#14578 = CARTESIAN_POINT('',(4.194642957143,8.04,0.));
#14579 = B_SPLINE_CURVE_WITH_KNOTS('',2,(#14580,#14581,#14582),
  .UNSPECIFIED.,.F.,.F.,(3,3),(0.,1.),.PIECEWISE_BEZIER_KNOTS.);
#14580 = CARTESIAN_POINT('',(4.194642957143,8.04,0.));
#14581 = CARTESIAN_POINT('',(4.6125001,7.942857142857,0.));
#14582 = CARTESIAN_POINT('',(4.976785814286,7.748571428571,0.));
#14583 = ORIENTED_EDGE('',*,*,#14584,.F.);
#14584 = EDGE_CURVE('',#14585,#14577,#14587,.T.);
#14585 = VERTEX_POINT('',#14586);
#14586 = CARTESIAN_POINT('',(3.321428671429,8.137142857143,0.));
#14587 = B_SPLINE_CURVE_WITH_KNOTS('',2,(#14588,#14589,#14590),
  .UNSPECIFIED.,.F.,.F.,(3,3),(0.,1.),.PIECEWISE_BEZIER_KNOTS.);
#14588 = CARTESIAN_POINT('',(3.321428671429,8.137142857143,0.));
#14589 = CARTESIAN_POINT('',(3.776785814286,8.137142857143,0.));
#14590 = CARTESIAN_POINT('',(4.194642957143,8.04,0.));
#14591 = ORIENTED_EDGE('',*,*,#14592,.F.);
#14592 = EDGE_CURVE('',#14593,#14585,#14595,.T.);
#14593 = VERTEX_POINT('',#14594);
#14594 = CARTESIAN_POINT('',(0.851785814286,7.071071428571,0.));
#14595 = B_SPLINE_CURVE_WITH_KNOTS('',2,(#14596,#14597,#14598),
  .UNSPECIFIED.,.F.,.F.,(3,3),(0.,1.),.PIECEWISE_BEZIER_KNOTS.);
#14596 = CARTESIAN_POINT('',(0.851785814286,7.071071428571,0.));
#14597 = CARTESIAN_POINT('',(1.703571528571,8.137142857143,0.));
#14598 = CARTESIAN_POINT('',(3.321428671429,8.137142857143,0.));
#14599 = ORIENTED_EDGE('',*,*,#14600,.F.);
#14600 = EDGE_CURVE('',#14601,#14593,#14603,.T.);
#14601 = VERTEX_POINT('',#14602);
#14602 = CARTESIAN_POINT('',(9.999999994736E-08,3.986071428571,0.));
#14603 = B_SPLINE_CURVE_WITH_KNOTS('',2,(#14604,#14605,#14606),
  .UNSPECIFIED.,.F.,.F.,(3,3),(0.,1.),.PIECEWISE_BEZIER_KNOTS.);
#14604 = CARTESIAN_POINT('',(1.000000002804E-07,3.986071428571,0.));
#14605 = CARTESIAN_POINT('',(1.000000002804E-07,6.005357142857,0.));
#14606 = CARTESIAN_POINT('',(0.851785814286,7.071071428571,0.));
#14607 = ORIENTED_EDGE('',*,*,#14608,.F.);
#14608 = EDGE_CURVE('',#14609,#14601,#14611,.T.);
#14609 = VERTEX_POINT('',#14610);
#14610 = CARTESIAN_POINT('',(0.851785814286,0.905714285714,0.));
#14611 = B_SPLINE_CURVE_WITH_KNOTS('',2,(#14612,#14613,#14614),
  .UNSPECIFIED.,.F.,.F.,(3,3),(0.,1.),.PIECEWISE_BEZIER_KNOTS.);
#14612 = CARTESIAN_POINT('',(0.851785814286,0.905714285714,0.));
#14613 = CARTESIAN_POINT('',(1.000000002804E-07,1.971785714286,0.));
#14614 = CARTESIAN_POINT('',(1.000000002804E-07,3.986071428571,0.));
#14615 = ORIENTED_EDGE('',*,*,#14616,.F.);
#14616 = EDGE_CURVE('',#14617,#14609,#14619,.T.);
#14617 = VERTEX_POINT('',#14618);
#14618 = CARTESIAN_POINT('',(3.321428671429,-0.16,0.));
#14619 = B_SPLINE_CURVE_WITH_KNOTS('',2,(#14620,#14621,#14622),
  .UNSPECIFIED.,.F.,.F.,(3,3),(0.,1.),.PIECEWISE_BEZIER_KNOTS.);
#14620 = CARTESIAN_POINT('',(3.321428671429,-0.16,0.));
#14621 = CARTESIAN_POINT('',(1.703571528571,-0.16,0.));
#14622 = CARTESIAN_POINT('',(0.851785814286,0.905714285714,0.));
#14623 = ORIENTED_EDGE('',*,*,#14624,.F.);
#14624 = EDGE_CURVE('',#14489,#14617,#14625,.T.);
#14625 = B_SPLINE_CURVE_WITH_KNOTS('',2,(#14626,#14627,#14628),
  .UNSPECIFIED.,.F.,.F.,(3,3),(0.,1.),.PIECEWISE_BEZIER_KNOTS.);
#14626 = CARTESIAN_POINT('',(4.189285814286,-6.285714285714E-02,0.));
#14627 = CARTESIAN_POINT('',(3.776785814286,-0.16,0.));
#14628 = CARTESIAN_POINT('',(3.321428671429,-0.16,0.));
#14629 = PLANE('',#14630);
#14630 = AXIS2_PLACEMENT_3D('',#14631,#14632,#14633);
#14631 = CARTESIAN_POINT('',(2.543050475853,3.988633026927,0.));
#14632 = DIRECTION('',(0.,0.,1.));
#14633 = DIRECTION('',(1.,0.,0.));
#14634 = SHELL_BASED_SURFACE_MODEL('',(#14635));
#14635 = OPEN_SHELL('',(#14636));
#14636 = ADVANCED_FACE('',(#14637,#14703),#14729,.T.);
#14637 = FACE_BOUND('',#14638,.T.);
#14638 = EDGE_LOOP('',(#14639,#14649,#14657,#14665,#14673,#14681,#14689,
    #14697));
#14639 = ORIENTED_EDGE('',*,*,#14640,.F.);
#14640 = EDGE_CURVE('',#14641,#14643,#14645,.T.);
#14641 = VERTEX_POINT('',#14642);
#14642 = CARTESIAN_POINT('',(8.127142957143,8.,0.));
#14643 = VERTEX_POINT('',#14644);
#14644 = CARTESIAN_POINT('',(10.061071528571,8.,0.));
#14645 = LINE('',#14646,#14647);
#14646 = CARTESIAN_POINT('',(8.127142957143,8.,0.));
#14647 = VECTOR('',#14648,1.);
#14648 = DIRECTION('',(1.,0.,0.));
#14649 = ORIENTED_EDGE('',*,*,#14650,.F.);
#14650 = EDGE_CURVE('',#14651,#14641,#14653,.T.);
#14651 = VERTEX_POINT('',#14652);
#14652 = CARTESIAN_POINT('',(5.968214385714,0.,0.));
#14653 = LINE('',#14654,#14655);
#14654 = CARTESIAN_POINT('',(5.968214385714,0.,0.));
#14655 = VECTOR('',#14656,1.);
#14656 = DIRECTION('',(0.260545333068,0.965461614678,0.));
#14657 = ORIENTED_EDGE('',*,*,#14658,.F.);
#14658 = EDGE_CURVE('',#14659,#14651,#14661,.T.);
#14659 = VERTEX_POINT('',#14660);
#14660 = CARTESIAN_POINT('',(7.548571528571,0.,0.));
#14661 = LINE('',#14662,#14663);
#14662 = CARTESIAN_POINT('',(7.548571528571,0.,0.));
#14663 = VECTOR('',#14664,1.);
#14664 = DIRECTION('',(-1.,0.,0.));
#14665 = ORIENTED_EDGE('',*,*,#14666,.F.);
#14666 = EDGE_CURVE('',#14667,#14659,#14669,.T.);
#14667 = VERTEX_POINT('',#14668);
#14668 = CARTESIAN_POINT('',(8.030714385714,1.965714285714,0.));
#14669 = LINE('',#14670,#14671);
#14670 = CARTESIAN_POINT('',(8.030714385714,1.965714285714,0.));
#14671 = VECTOR('',#14672,1.);
#14672 = DIRECTION('',(-0.238215246964,-0.971212384658,0.));
#14673 = ORIENTED_EDGE('',*,*,#14674,.F.);
#14674 = EDGE_CURVE('',#14675,#14667,#14677,.T.);
#14675 = VERTEX_POINT('',#14676);
#14676 = CARTESIAN_POINT('',(10.146785814286,1.965714285714,0.));
#14677 = LINE('',#14678,#14679);
#14678 = CARTESIAN_POINT('',(10.146785814286,1.965714285714,0.));
#14679 = VECTOR('',#14680,1.);
#14680 = DIRECTION('',(-1.,0.,0.));
#14681 = ORIENTED_EDGE('',*,*,#14682,.F.);
#14682 = EDGE_CURVE('',#14683,#14675,#14685,.T.);
#14683 = VERTEX_POINT('',#14684);
#14684 = CARTESIAN_POINT('',(10.639642957143,0.,0.));
#14685 = LINE('',#14686,#14687);
#14686 = CARTESIAN_POINT('',(10.639642957143,0.,0.));
#14687 = VECTOR('',#14688,1.);
#14688 = DIRECTION('',(-0.243199026877,0.969976408644,0.));
#14689 = ORIENTED_EDGE('',*,*,#14690,.F.);
#14690 = EDGE_CURVE('',#14691,#14683,#14693,.T.);
#14691 = VERTEX_POINT('',#14692);
#14692 = CARTESIAN_POINT('',(12.2200001,0.,0.));
#14693 = LINE('',#14694,#14695);
#14694 = CARTESIAN_POINT('',(12.2200001,0.,0.));
#14695 = VECTOR('',#14696,1.);
#14696 = DIRECTION('',(-1.,0.,0.));
#14697 = ORIENTED_EDGE('',*,*,#14698,.F.);
#14698 = EDGE_CURVE('',#14643,#14691,#14699,.T.);
#14699 = LINE('',#14700,#14701);
#14700 = CARTESIAN_POINT('',(10.061071528571,8.,0.));
#14701 = VECTOR('',#14702,1.);
#14702 = DIRECTION('',(0.260545333068,-0.965461614678,0.));
#14703 = FACE_BOUND('',#14704,.T.);
#14704 = EDGE_LOOP('',(#14705,#14715,#14723));
#14705 = ORIENTED_EDGE('',*,*,#14706,.F.);
#14706 = EDGE_CURVE('',#14707,#14709,#14711,.T.);
#14707 = VERTEX_POINT('',#14708);
#14708 = CARTESIAN_POINT('',(9.091428671429,6.55,0.));
#14709 = VERTEX_POINT('',#14710);
#14710 = CARTESIAN_POINT('',(8.346785814286,3.268571428571,0.));
#14711 = LINE('',#14712,#14713);
#14712 = CARTESIAN_POINT('',(9.091428671429,6.55,0.));
#14713 = VECTOR('',#14714,1.);
#14714 = DIRECTION('',(-0.221299963537,-0.975205786559,0.));
#14715 = ORIENTED_EDGE('',*,*,#14716,.F.);
#14716 = EDGE_CURVE('',#14717,#14707,#14719,.T.);
#14717 = VERTEX_POINT('',#14718);
#14718 = CARTESIAN_POINT('',(9.841428671429,3.268571428571,0.));
#14719 = LINE('',#14720,#14721);
#14720 = CARTESIAN_POINT('',(9.841428671429,3.268571428571,0.));
#14721 = VECTOR('',#14722,1.);
#14722 = DIRECTION('',(-0.222813277655,0.974861140522,0.));
#14723 = ORIENTED_EDGE('',*,*,#14724,.F.);
#14724 = EDGE_CURVE('',#14709,#14717,#14725,.T.);
#14725 = LINE('',#14726,#14727);
#14726 = CARTESIAN_POINT('',(8.346785814286,3.268571428571,0.));
#14727 = VECTOR('',#14728,1.);
#14728 = DIRECTION('',(1.,0.,0.));
#14729 = PLANE('',#14730);
#14730 = AXIS2_PLACEMENT_3D('',#14731,#14732,#14733);
#14731 = CARTESIAN_POINT('',(9.093347421954,3.545031311598,0.));
#14732 = DIRECTION('',(0.,0.,1.));
#14733 = DIRECTION('',(1.,0.,0.));
#14734 = SHELL_BASED_SURFACE_MODEL('',(#14735));
#14735 = OPEN_SHELL('',(#14736));
#14736 = ADVANCED_FACE('',(#14737),#14851,.T.);
#14737 = FACE_BOUND('',#14738,.T.);
#14738 = EDGE_LOOP('',(#14739,#14749,#14757,#14765,#14773,#14781,#14789,
    #14797,#14805,#14813,#14821,#14829,#14837,#14845));
#14739 = ORIENTED_EDGE('',*,*,#14740,.F.);
#14740 = EDGE_CURVE('',#14741,#14743,#14745,.T.);
#14741 = VERTEX_POINT('',#14742);
#14742 = CARTESIAN_POINT('',(12.9650001,2.956071428571,0.));
#14743 = VERTEX_POINT('',#14744);
#14744 = CARTESIAN_POINT('',(12.9650001,8.,0.));
#14745 = LINE('',#14746,#14747);
#14746 = CARTESIAN_POINT('',(12.9650001,2.956071428571,0.));
#14747 = VECTOR('',#14748,1.);
#14748 = DIRECTION('',(0.,1.,0.));
#14749 = ORIENTED_EDGE('',*,*,#14750,.F.);
#14750 = EDGE_CURVE('',#14751,#14741,#14753,.T.);
#14751 = VERTEX_POINT('',#14752);
#14752 = CARTESIAN_POINT('',(13.615714385714,0.581428571429,0.));
#14753 = B_SPLINE_CURVE_WITH_KNOTS('',2,(#14754,#14755,#14756),
  .UNSPECIFIED.,.F.,.F.,(3,3),(0.,1.),.PIECEWISE_BEZIER_KNOTS.);
#14754 = CARTESIAN_POINT('',(13.615714385714,0.581428571429,0.));
#14755 = CARTESIAN_POINT('',(12.9650001,1.322857142857,0.));
#14756 = CARTESIAN_POINT('',(12.9650001,2.956071428571,0.));
#14757 = ORIENTED_EDGE('',*,*,#14758,.F.);
#14758 = EDGE_CURVE('',#14759,#14751,#14761,.T.);
#14759 = VERTEX_POINT('',#14760);
#14760 = CARTESIAN_POINT('',(15.697142957143,-0.16,0.));
#14761 = B_SPLINE_CURVE_WITH_KNOTS('',2,(#14762,#14763,#14764),
  .UNSPECIFIED.,.F.,.F.,(3,3),(0.,1.),.PIECEWISE_BEZIER_KNOTS.);
#14762 = CARTESIAN_POINT('',(15.697142957143,-0.16,0.));
#14763 = CARTESIAN_POINT('',(14.266785814286,-0.16,0.));
#14764 = CARTESIAN_POINT('',(13.615714385714,0.581428571429,0.));
#14765 = ORIENTED_EDGE('',*,*,#14766,.F.);
#14766 = EDGE_CURVE('',#14767,#14759,#14769,.T.);
#14767 = VERTEX_POINT('',#14768);
#14768 = CARTESIAN_POINT('',(17.781071528571,0.581428571429,0.));
#14769 = B_SPLINE_CURVE_WITH_KNOTS('',2,(#14770,#14771,#14772),
  .UNSPECIFIED.,.F.,.F.,(3,3),(0.,1.),.PIECEWISE_BEZIER_KNOTS.);
#14770 = CARTESIAN_POINT('',(17.781071528571,0.581428571429,0.));
#14771 = CARTESIAN_POINT('',(17.132857242857,-0.16,0.));
#14772 = CARTESIAN_POINT('',(15.697142957143,-0.16,0.));
#14773 = ORIENTED_EDGE('',*,*,#14774,.F.);
#14774 = EDGE_CURVE('',#14775,#14767,#14777,.T.);
#14775 = VERTEX_POINT('',#14776);
#14776 = CARTESIAN_POINT('',(18.429285814286,2.956071428571,0.));
#14777 = B_SPLINE_CURVE_WITH_KNOTS('',2,(#14778,#14779,#14780),
  .UNSPECIFIED.,.F.,.F.,(3,3),(0.,1.),.PIECEWISE_BEZIER_KNOTS.);
#14778 = CARTESIAN_POINT('',(18.429285814286,2.956071428571,0.));
#14779 = CARTESIAN_POINT('',(18.429285814286,1.322857142857,0.));
#14780 = CARTESIAN_POINT('',(17.781071528571,0.581428571429,0.));
#14781 = ORIENTED_EDGE('',*,*,#14782,.F.);
#14782 = EDGE_CURVE('',#14783,#14775,#14785,.T.);
#14783 = VERTEX_POINT('',#14784);
#14784 = CARTESIAN_POINT('',(18.429285814286,8.,0.));
#14785 = LINE('',#14786,#14787);
#14786 = CARTESIAN_POINT('',(18.429285814286,8.,0.));
#14787 = VECTOR('',#14788,1.);
#14788 = DIRECTION('',(0.,-1.,0.));
#14789 = ORIENTED_EDGE('',*,*,#14790,.F.);
#14790 = EDGE_CURVE('',#14791,#14783,#14793,.T.);
#14791 = VERTEX_POINT('',#14792);
#14792 = CARTESIAN_POINT('',(16.848928671429,8.,0.));
#14793 = LINE('',#14794,#14795);
#14794 = CARTESIAN_POINT('',(16.848928671429,8.,0.));
#14795 = VECTOR('',#14796,1.);
#14796 = DIRECTION('',(1.,0.,0.));
#14797 = ORIENTED_EDGE('',*,*,#14798,.F.);
#14798 = EDGE_CURVE('',#14799,#14791,#14801,.T.);
#14799 = VERTEX_POINT('',#14800);
#14800 = CARTESIAN_POINT('',(16.848928671429,2.559642857143,0.));
#14801 = LINE('',#14802,#14803);
#14802 = CARTESIAN_POINT('',(16.848928671429,2.559642857143,0.));
#14803 = VECTOR('',#14804,1.);
#14804 = DIRECTION('',(0.,1.,0.));
#14805 = ORIENTED_EDGE('',*,*,#14806,.F.);
#14806 = EDGE_CURVE('',#14807,#14799,#14809,.T.);
#14807 = VERTEX_POINT('',#14808);
#14808 = CARTESIAN_POINT('',(16.543571528571,1.62,0.));
#14809 = B_SPLINE_CURVE_WITH_KNOTS('',2,(#14810,#14811,#14812),
  .UNSPECIFIED.,.F.,.F.,(3,3),(0.,1.),.PIECEWISE_BEZIER_KNOTS.);
#14810 = CARTESIAN_POINT('',(16.543571528571,1.62,0.));
#14811 = CARTESIAN_POINT('',(16.848928671429,1.96,0.));
#14812 = CARTESIAN_POINT('',(16.848928671429,2.559642857143,0.));
#14813 = ORIENTED_EDGE('',*,*,#14814,.F.);
#14814 = EDGE_CURVE('',#14815,#14807,#14817,.T.);
#14815 = VERTEX_POINT('',#14816);
#14816 = CARTESIAN_POINT('',(15.697142957143,1.28,0.));
#14817 = B_SPLINE_CURVE_WITH_KNOTS('',2,(#14818,#14819,#14820),
  .UNSPECIFIED.,.F.,.F.,(3,3),(0.,1.),.PIECEWISE_BEZIER_KNOTS.);
#14818 = CARTESIAN_POINT('',(15.697142957143,1.28,0.));
#14819 = CARTESIAN_POINT('',(16.238214385714,1.28,0.));
#14820 = CARTESIAN_POINT('',(16.543571528571,1.62,0.));
#14821 = ORIENTED_EDGE('',*,*,#14822,.F.);
#14822 = EDGE_CURVE('',#14823,#14815,#14825,.T.);
#14823 = VERTEX_POINT('',#14824);
#14824 = CARTESIAN_POINT('',(14.850714385714,1.62,0.));
#14825 = B_SPLINE_CURVE_WITH_KNOTS('',2,(#14826,#14827,#14828),
  .UNSPECIFIED.,.F.,.F.,(3,3),(0.,1.),.PIECEWISE_BEZIER_KNOTS.);
#14826 = CARTESIAN_POINT('',(14.850714385714,1.62,0.));
#14827 = CARTESIAN_POINT('',(15.156071528571,1.28,0.));
#14828 = CARTESIAN_POINT('',(15.697142957143,1.28,0.));
#14829 = ORIENTED_EDGE('',*,*,#14830,.F.);
#14830 = EDGE_CURVE('',#14831,#14823,#14833,.T.);
#14831 = VERTEX_POINT('',#14832);
#14832 = CARTESIAN_POINT('',(14.545357242857,2.559642857143,0.));
#14833 = B_SPLINE_CURVE_WITH_KNOTS('',2,(#14834,#14835,#14836),
  .UNSPECIFIED.,.F.,.F.,(3,3),(0.,1.),.PIECEWISE_BEZIER_KNOTS.);
#14834 = CARTESIAN_POINT('',(14.545357242857,2.559642857143,0.));
#14835 = CARTESIAN_POINT('',(14.545357242857,1.96,0.));
#14836 = CARTESIAN_POINT('',(14.850714385714,1.62,0.));
#14837 = ORIENTED_EDGE('',*,*,#14838,.F.);
#14838 = EDGE_CURVE('',#14839,#14831,#14841,.T.);
#14839 = VERTEX_POINT('',#14840);
#14840 = CARTESIAN_POINT('',(14.545357242857,8.,0.));
#14841 = LINE('',#14842,#14843);
#14842 = CARTESIAN_POINT('',(14.545357242857,8.,0.));
#14843 = VECTOR('',#14844,1.);
#14844 = DIRECTION('',(0.,-1.,0.));
#14845 = ORIENTED_EDGE('',*,*,#14846,.F.);
#14846 = EDGE_CURVE('',#14743,#14839,#14847,.T.);
#14847 = LINE('',#14848,#14849);
#14848 = CARTESIAN_POINT('',(12.9650001,8.,0.));
#14849 = VECTOR('',#14850,1.);
#14850 = DIRECTION('',(1.,0.,0.));
#14851 = PLANE('',#14852);
#14852 = AXIS2_PLACEMENT_3D('',#14853,#14854,#14855);
#14853 = CARTESIAN_POINT('',(15.697299753606,4.100893908301,0.));
#14854 = DIRECTION('',(0.,0.,1.));
#14855 = DIRECTION('',(1.,0.,0.));
#14856 = SHELL_BASED_SURFACE_MODEL('',(#14857));
#14857 = OPEN_SHELL('',(#14858));
#14858 = ADVANCED_FACE('',(#14859),#14925,.T.);
#14859 = FACE_BOUND('',#14860,.T.);
#14860 = EDGE_LOOP('',(#14861,#14871,#14879,#14887,#14895,#14903,#14911,
    #14919));
#14861 = ORIENTED_EDGE('',*,*,#14862,.F.);
#14862 = EDGE_CURVE('',#14863,#14865,#14867,.T.);
#14863 = VERTEX_POINT('',#14864);
#14864 = CARTESIAN_POINT('',(23.095714385714,0.,0.));
#14865 = VERTEX_POINT('',#14866);
#14866 = CARTESIAN_POINT('',(21.515357242857,0.,0.));
#14867 = LINE('',#14868,#14869);
#14868 = CARTESIAN_POINT('',(23.095714385714,0.,0.));
#14869 = VECTOR('',#14870,1.);
#14870 = DIRECTION('',(-1.,0.,0.));
#14871 = ORIENTED_EDGE('',*,*,#14872,.F.);
#14872 = EDGE_CURVE('',#14873,#14863,#14875,.T.);
#14873 = VERTEX_POINT('',#14874);
#14874 = CARTESIAN_POINT('',(23.095714385714,6.628571428571,0.));
#14875 = LINE('',#14876,#14877);
#14876 = CARTESIAN_POINT('',(23.095714385714,6.628571428571,0.));
#14877 = VECTOR('',#14878,1.);
#14878 = DIRECTION('',(0.,-1.,0.));
#14879 = ORIENTED_EDGE('',*,*,#14880,.F.);
#14880 = EDGE_CURVE('',#14881,#14873,#14883,.T.);
#14881 = VERTEX_POINT('',#14882);
#14882 = CARTESIAN_POINT('',(25.126071528571,6.628571428571,0.));
#14883 = LINE('',#14884,#14885);
#14884 = CARTESIAN_POINT('',(25.126071528571,6.628571428571,0.));
#14885 = VECTOR('',#14886,1.);
#14886 = DIRECTION('',(-1.,0.,0.));
#14887 = ORIENTED_EDGE('',*,*,#14888,.F.);
#14888 = EDGE_CURVE('',#14889,#14881,#14891,.T.);
#14889 = VERTEX_POINT('',#14890);
#14890 = CARTESIAN_POINT('',(25.126071528571,8.,0.));
#14891 = LINE('',#14892,#14893);
#14892 = CARTESIAN_POINT('',(25.126071528571,8.,0.));
#14893 = VECTOR('',#14894,1.);
#14894 = DIRECTION('',(0.,-1.,0.));
#14895 = ORIENTED_EDGE('',*,*,#14896,.F.);
#14896 = EDGE_CURVE('',#14897,#14889,#14899,.T.);
#14897 = VERTEX_POINT('',#14898);
#14898 = CARTESIAN_POINT('',(19.4850001,8.,0.));
#14899 = LINE('',#14900,#14901);
#14900 = CARTESIAN_POINT('',(19.4850001,8.,0.));
#14901 = VECTOR('',#14902,1.);
#14902 = DIRECTION('',(1.,0.,0.));
#14903 = ORIENTED_EDGE('',*,*,#14904,.F.);
#14904 = EDGE_CURVE('',#14905,#14897,#14907,.T.);
#14905 = VERTEX_POINT('',#14906);
#14906 = CARTESIAN_POINT('',(19.4850001,6.628571428571,0.));
#14907 = LINE('',#14908,#14909);
#14908 = CARTESIAN_POINT('',(19.4850001,6.628571428571,0.));
#14909 = VECTOR('',#14910,1.);
#14910 = DIRECTION('',(0.,1.,0.));
#14911 = ORIENTED_EDGE('',*,*,#14912,.F.);
#14912 = EDGE_CURVE('',#14913,#14905,#14915,.T.);
#14913 = VERTEX_POINT('',#14914);
#14914 = CARTESIAN_POINT('',(21.515357242857,6.628571428571,0.));
#14915 = LINE('',#14916,#14917);
#14916 = CARTESIAN_POINT('',(21.515357242857,6.628571428571,0.));
#14917 = VECTOR('',#14918,1.);
#14918 = DIRECTION('',(-1.,0.,0.));
#14919 = ORIENTED_EDGE('',*,*,#14920,.F.);
#14920 = EDGE_CURVE('',#14865,#14913,#14921,.T.);
#14921 = LINE('',#14922,#14923);
#14922 = CARTESIAN_POINT('',(21.515357242857,0.,0.));
#14923 = VECTOR('',#14924,1.);
#14924 = DIRECTION('',(0.,1.,0.));
#14925 = PLANE('',#14926);
#14926 = AXIS2_PLACEMENT_3D('',#14927,#14928,#14929);
#14927 = CARTESIAN_POINT('',(22.305535814286,4.986606324687,0.));
#14928 = DIRECTION('',(0.,0.,1.));
#14929 = DIRECTION('',(1.,0.,0.));
#14930 = SHELL_BASED_SURFACE_MODEL('',(#14931));
#14931 = OPEN_SHELL('',(#14932));
#14932 = ADVANCED_FACE('',(#14933),#15031,.T.);
#14933 = FACE_BOUND('',#14934,.T.);
#14934 = EDGE_LOOP('',(#14935,#14945,#14953,#14961,#14969,#14977,#14985,
    #14993,#15001,#15009,#15017,#15025));
#14935 = ORIENTED_EDGE('',*,*,#14936,.F.);
#14936 = EDGE_CURVE('',#14937,#14939,#14941,.T.);
#14937 = VERTEX_POINT('',#14938);
#14938 = CARTESIAN_POINT('',(26.5300001,6.605714285714,0.));
#14939 = VERTEX_POINT('',#14940);
#14940 = CARTESIAN_POINT('',(26.5300001,8.,0.));
#14941 = LINE('',#14942,#14943);
#14942 = CARTESIAN_POINT('',(26.5300001,6.605714285714,0.));
#14943 = VECTOR('',#14944,1.);
#14944 = DIRECTION('',(0.,1.,0.));
#14945 = ORIENTED_EDGE('',*,*,#14946,.F.);
#14946 = EDGE_CURVE('',#14947,#14937,#14949,.T.);
#14947 = VERTEX_POINT('',#14948);
#14948 = CARTESIAN_POINT('',(28.121071528571,6.605714285714,0.));
#14949 = LINE('',#14950,#14951);
#14950 = CARTESIAN_POINT('',(28.121071528571,6.605714285714,0.));
#14951 = VECTOR('',#14952,1.);
#14952 = DIRECTION('',(-1.,0.,0.));
#14953 = ORIENTED_EDGE('',*,*,#14954,.F.);
#14954 = EDGE_CURVE('',#14955,#14947,#14957,.T.);
#14955 = VERTEX_POINT('',#14956);
#14956 = CARTESIAN_POINT('',(28.121071528571,1.394285714286,0.));
#14957 = LINE('',#14958,#14959);
#14958 = CARTESIAN_POINT('',(28.121071528571,1.394285714286,0.));
#14959 = VECTOR('',#14960,1.);
#14960 = DIRECTION('',(0.,1.,0.));
#14961 = ORIENTED_EDGE('',*,*,#14962,.F.);
#14962 = EDGE_CURVE('',#14963,#14955,#14965,.T.);
#14963 = VERTEX_POINT('',#14964);
#14964 = CARTESIAN_POINT('',(26.5300001,1.394285714286,0.));
#14965 = LINE('',#14966,#14967);
#14966 = CARTESIAN_POINT('',(26.5300001,1.394285714286,0.));
#14967 = VECTOR('',#14968,1.);
#14968 = DIRECTION('',(1.,0.,0.));
#14969 = ORIENTED_EDGE('',*,*,#14970,.F.);
#14970 = EDGE_CURVE('',#14971,#14963,#14973,.T.);
#14971 = VERTEX_POINT('',#14972);
#14972 = CARTESIAN_POINT('',(26.5300001,0.,0.));
#14973 = LINE('',#14974,#14975);
#14974 = CARTESIAN_POINT('',(26.5300001,0.,0.));
#14975 = VECTOR('',#14976,1.);
#14976 = DIRECTION('',(0.,1.,0.));
#14977 = ORIENTED_EDGE('',*,*,#14978,.F.);
#14978 = EDGE_CURVE('',#14979,#14971,#14981,.T.);
#14979 = VERTEX_POINT('',#14980);
#14980 = CARTESIAN_POINT('',(31.2925001,0.,0.));
#14981 = LINE('',#14982,#14983);
#14982 = CARTESIAN_POINT('',(31.2925001,0.,0.));
#14983 = VECTOR('',#14984,1.);
#14984 = DIRECTION('',(-1.,0.,0.));
#14985 = ORIENTED_EDGE('',*,*,#14986,.F.);
#14986 = EDGE_CURVE('',#14987,#14979,#14989,.T.);
#14987 = VERTEX_POINT('',#14988);
#14988 = CARTESIAN_POINT('',(31.2925001,1.394285714286,0.));
#14989 = LINE('',#14990,#14991);
#14990 = CARTESIAN_POINT('',(31.2925001,1.394285714286,0.));
#14991 = VECTOR('',#14992,1.);
#14992 = DIRECTION('',(0.,-1.,0.));
#14993 = ORIENTED_EDGE('',*,*,#14994,.F.);
#14994 = EDGE_CURVE('',#14995,#14987,#14997,.T.);
#14995 = VERTEX_POINT('',#14996);
#14996 = CARTESIAN_POINT('',(29.701428671429,1.394285714286,0.));
#14997 = LINE('',#14998,#14999);
#14998 = CARTESIAN_POINT('',(29.701428671429,1.394285714286,0.));
#14999 = VECTOR('',#15000,1.);
#15000 = DIRECTION('',(1.,0.,0.));
#15001 = ORIENTED_EDGE('',*,*,#15002,.F.);
#15002 = EDGE_CURVE('',#15003,#14995,#15005,.T.);
#15003 = VERTEX_POINT('',#15004);
#15004 = CARTESIAN_POINT('',(29.701428671429,6.605714285714,0.));
#15005 = LINE('',#15006,#15007);
#15006 = CARTESIAN_POINT('',(29.701428671429,6.605714285714,0.));
#15007 = VECTOR('',#15008,1.);
#15008 = DIRECTION('',(0.,-1.,0.));
#15009 = ORIENTED_EDGE('',*,*,#15010,.F.);
#15010 = EDGE_CURVE('',#15011,#15003,#15013,.T.);
#15011 = VERTEX_POINT('',#15012);
#15012 = CARTESIAN_POINT('',(31.2925001,6.605714285714,0.));
#15013 = LINE('',#15014,#15015);
#15014 = CARTESIAN_POINT('',(31.2925001,6.605714285714,0.));
#15015 = VECTOR('',#15016,1.);
#15016 = DIRECTION('',(-1.,0.,0.));
#15017 = ORIENTED_EDGE('',*,*,#15018,.F.);
#15018 = EDGE_CURVE('',#15019,#15011,#15021,.T.);
#15019 = VERTEX_POINT('',#15020);
#15020 = CARTESIAN_POINT('',(31.2925001,8.,0.));
#15021 = LINE('',#15022,#15023);
#15022 = CARTESIAN_POINT('',(31.2925001,8.,0.));
#15023 = VECTOR('',#15024,1.);
#15024 = DIRECTION('',(0.,-1.,0.));
#15025 = ORIENTED_EDGE('',*,*,#15026,.F.);
#15026 = EDGE_CURVE('',#14939,#15019,#15027,.T.);
#15027 = LINE('',#15028,#15029);
#15028 = CARTESIAN_POINT('',(26.5300001,8.,0.));
#15029 = VECTOR('',#15030,1.);
#15030 = DIRECTION('',(1.,0.,0.));
#15031 = PLANE('',#15032);
#15032 = AXIS2_PLACEMENT_3D('',#15033,#15034,#15035);
#15033 = CARTESIAN_POINT('',(28.9112501,4.,0.));
#15034 = DIRECTION('',(0.,0.,1.));
#15035 = DIRECTION('',(1.,0.,0.));
#15036 = SHELL_BASED_SURFACE_MODEL('',(#15037));
#15037 = OPEN_SHELL('',(#15038));
#15038 = ADVANCED_FACE('',(#15039,#15105),#15171,.T.);
#15039 = FACE_BOUND('',#15040,.T.);
#15040 = EDGE_LOOP('',(#15041,#15051,#15059,#15067,#15075,#15083,#15091,
    #15099));
#15041 = ORIENTED_EDGE('',*,*,#15042,.F.);
#15042 = EDGE_CURVE('',#15043,#15045,#15047,.T.);
#15043 = VERTEX_POINT('',#15044);
#15044 = CARTESIAN_POINT('',(32.707142957143,3.986071428571,0.));
#15045 = VERTEX_POINT('',#15046);
#15046 = CARTESIAN_POINT('',(33.416785814286,7.087142857143,0.));
#15047 = B_SPLINE_CURVE_WITH_KNOTS('',2,(#15048,#15049,#15050),
  .UNSPECIFIED.,.F.,.F.,(3,3),(0.,1.),.PIECEWISE_BEZIER_KNOTS.);
#15048 = CARTESIAN_POINT('',(32.707142957143,3.986071428571,0.));
#15049 = CARTESIAN_POINT('',(32.707142957143,6.0375,0.));
#15050 = CARTESIAN_POINT('',(33.416785814286,7.087142857143,0.));
#15051 = ORIENTED_EDGE('',*,*,#15052,.F.);
#15052 = EDGE_CURVE('',#15053,#15043,#15055,.T.);
#15053 = VERTEX_POINT('',#15054);
#15054 = CARTESIAN_POINT('',(33.416785814286,0.889642857143,0.));
#15055 = B_SPLINE_CURVE_WITH_KNOTS('',2,(#15056,#15057,#15058),
  .UNSPECIFIED.,.F.,.F.,(3,3),(0.,1.),.PIECEWISE_BEZIER_KNOTS.);
#15056 = CARTESIAN_POINT('',(33.416785814286,0.889642857143,0.));
#15057 = CARTESIAN_POINT('',(32.707142957143,1.939642857143,0.));
#15058 = CARTESIAN_POINT('',(32.707142957143,3.986071428571,0.));
#15059 = ORIENTED_EDGE('',*,*,#15060,.F.);
#15060 = EDGE_CURVE('',#15061,#15053,#15063,.T.);
#15061 = VERTEX_POINT('',#15062);
#15062 = CARTESIAN_POINT('',(35.514285814286,-0.16,0.));
#15063 = B_SPLINE_CURVE_WITH_KNOTS('',2,(#15064,#15065,#15066),
  .UNSPECIFIED.,.F.,.F.,(3,3),(0.,1.),.PIECEWISE_BEZIER_KNOTS.);
#15064 = CARTESIAN_POINT('',(35.514285814286,-0.16,0.));
#15065 = CARTESIAN_POINT('',(34.126785814286,-0.16,0.));
#15066 = CARTESIAN_POINT('',(33.416785814286,0.889642857143,0.));
#15067 = ORIENTED_EDGE('',*,*,#15068,.F.);
#15068 = EDGE_CURVE('',#15069,#15061,#15071,.T.);
#15069 = VERTEX_POINT('',#15070);
#15070 = CARTESIAN_POINT('',(37.616785814286,0.889642857143,0.));
#15071 = B_SPLINE_CURVE_WITH_KNOTS('',2,(#15072,#15073,#15074),
  .UNSPECIFIED.,.F.,.F.,(3,3),(0.,1.),.PIECEWISE_BEZIER_KNOTS.);
#15072 = CARTESIAN_POINT('',(37.616785814286,0.889642857143,0.));
#15073 = CARTESIAN_POINT('',(36.907142957143,-0.16,0.));
#15074 = CARTESIAN_POINT('',(35.514285814286,-0.16,0.));
#15075 = ORIENTED_EDGE('',*,*,#15076,.F.);
#15076 = EDGE_CURVE('',#15077,#15069,#15079,.T.);
#15077 = VERTEX_POINT('',#15078);
#15078 = CARTESIAN_POINT('',(38.326785814286,3.986071428571,0.));
#15079 = B_SPLINE_CURVE_WITH_KNOTS('',2,(#15080,#15081,#15082),
  .UNSPECIFIED.,.F.,.F.,(3,3),(0.,1.),.PIECEWISE_BEZIER_KNOTS.);
#15080 = CARTESIAN_POINT('',(38.326785814286,3.986071428571,0.));
#15081 = CARTESIAN_POINT('',(38.326785814286,1.939642857143,0.));
#15082 = CARTESIAN_POINT('',(37.616785814286,0.889642857143,0.));
#15083 = ORIENTED_EDGE('',*,*,#15084,.F.);
#15084 = EDGE_CURVE('',#15085,#15077,#15087,.T.);
#15085 = VERTEX_POINT('',#15086);
#15086 = CARTESIAN_POINT('',(37.616785814286,7.087142857143,0.));
#15087 = B_SPLINE_CURVE_WITH_KNOTS('',2,(#15088,#15089,#15090),
  .UNSPECIFIED.,.F.,.F.,(3,3),(0.,1.),.PIECEWISE_BEZIER_KNOTS.);
#15088 = CARTESIAN_POINT('',(37.616785814286,7.087142857143,0.));
#15089 = CARTESIAN_POINT('',(38.326785814286,6.0375,0.));
#15090 = CARTESIAN_POINT('',(38.326785814286,3.986071428571,0.));
#15091 = ORIENTED_EDGE('',*,*,#15092,.F.);
#15092 = EDGE_CURVE('',#15093,#15085,#15095,.T.);
#15093 = VERTEX_POINT('',#15094);
#15094 = CARTESIAN_POINT('',(35.514285814286,8.137142857143,0.));
#15095 = B_SPLINE_CURVE_WITH_KNOTS('',2,(#15096,#15097,#15098),
  .UNSPECIFIED.,.F.,.F.,(3,3),(0.,1.),.PIECEWISE_BEZIER_KNOTS.);
#15096 = CARTESIAN_POINT('',(35.514285814286,8.137142857143,0.));
#15097 = CARTESIAN_POINT('',(36.907142957143,8.137142857143,0.));
#15098 = CARTESIAN_POINT('',(37.616785814286,7.087142857143,0.));
#15099 = ORIENTED_EDGE('',*,*,#15100,.F.);
#15100 = EDGE_CURVE('',#15045,#15093,#15101,.T.);
#15101 = B_SPLINE_CURVE_WITH_KNOTS('',2,(#15102,#15103,#15104),
  .UNSPECIFIED.,.F.,.F.,(3,3),(0.,1.),.PIECEWISE_BEZIER_KNOTS.);
#15102 = CARTESIAN_POINT('',(33.416785814286,7.087142857143,0.));
#15103 = CARTESIAN_POINT('',(34.126785814286,8.137142857143,0.));
#15104 = CARTESIAN_POINT('',(35.514285814286,8.137142857143,0.));
#15105 = FACE_BOUND('',#15106,.T.);
#15106 = EDGE_LOOP('',(#15107,#15117,#15125,#15133,#15141,#15149,#15157,
    #15165));
#15107 = ORIENTED_EDGE('',*,*,#15108,.F.);
#15108 = EDGE_CURVE('',#15109,#15111,#15113,.T.);
#15109 = VERTEX_POINT('',#15110);
#15110 = CARTESIAN_POINT('',(35.514285814286,6.72,0.));
#15111 = VERTEX_POINT('',#15112);
#15112 = CARTESIAN_POINT('',(34.630357242857,6.073928571429,0.));
#15113 = B_SPLINE_CURVE_WITH_KNOTS('',2,(#15114,#15115,#15116),
  .UNSPECIFIED.,.F.,.F.,(3,3),(0.,1.),.PIECEWISE_BEZIER_KNOTS.);
#15114 = CARTESIAN_POINT('',(35.514285814286,6.72,0.));
#15115 = CARTESIAN_POINT('',(34.908928671429,6.72,0.));
#15116 = CARTESIAN_POINT('',(34.630357242857,6.073928571429,0.));
#15117 = ORIENTED_EDGE('',*,*,#15118,.F.);
#15118 = EDGE_CURVE('',#15119,#15109,#15121,.T.);
#15119 = VERTEX_POINT('',#15120);
#15120 = CARTESIAN_POINT('',(36.403571528571,6.073928571429,0.));
#15121 = B_SPLINE_CURVE_WITH_KNOTS('',2,(#15122,#15123,#15124),
  .UNSPECIFIED.,.F.,.F.,(3,3),(0.,1.),.PIECEWISE_BEZIER_KNOTS.);
#15122 = CARTESIAN_POINT('',(36.403571528571,6.073928571429,0.));
#15123 = CARTESIAN_POINT('',(36.1250001,6.72,0.));
#15124 = CARTESIAN_POINT('',(35.514285814286,6.72,0.));
#15125 = ORIENTED_EDGE('',*,*,#15126,.F.);
#15126 = EDGE_CURVE('',#15127,#15119,#15129,.T.);
#15127 = VERTEX_POINT('',#15128);
#15128 = CARTESIAN_POINT('',(36.682142957143,3.985714285714,0.));
#15129 = B_SPLINE_CURVE_WITH_KNOTS('',2,(#15130,#15131,#15132),
  .UNSPECIFIED.,.F.,.F.,(3,3),(0.,1.),.PIECEWISE_BEZIER_KNOTS.);
#15130 = CARTESIAN_POINT('',(36.682142957143,3.985714285714,0.));
#15131 = CARTESIAN_POINT('',(36.682142957143,5.427857142857,0.));
#15132 = CARTESIAN_POINT('',(36.403571528571,6.073928571429,0.));
#15133 = ORIENTED_EDGE('',*,*,#15134,.F.);
#15134 = EDGE_CURVE('',#15135,#15127,#15137,.T.);
#15135 = VERTEX_POINT('',#15136);
#15136 = CARTESIAN_POINT('',(36.403571528571,1.903214285714,0.));
#15137 = B_SPLINE_CURVE_WITH_KNOTS('',2,(#15138,#15139,#15140),
  .UNSPECIFIED.,.F.,.F.,(3,3),(0.,1.),.PIECEWISE_BEZIER_KNOTS.);
#15138 = CARTESIAN_POINT('',(36.403571528571,1.903214285714,0.));
#15139 = CARTESIAN_POINT('',(36.682142957143,2.549285714286,0.));
#15140 = CARTESIAN_POINT('',(36.682142957143,3.985714285714,0.));
#15141 = ORIENTED_EDGE('',*,*,#15142,.F.);
#15142 = EDGE_CURVE('',#15143,#15135,#15145,.T.);
#15143 = VERTEX_POINT('',#15144);
#15144 = CARTESIAN_POINT('',(35.514285814286,1.257142857143,0.));
#15145 = B_SPLINE_CURVE_WITH_KNOTS('',2,(#15146,#15147,#15148),
  .UNSPECIFIED.,.F.,.F.,(3,3),(0.,1.),.PIECEWISE_BEZIER_KNOTS.);
#15146 = CARTESIAN_POINT('',(35.514285814286,1.257142857143,0.));
#15147 = CARTESIAN_POINT('',(36.1250001,1.257142857143,0.));
#15148 = CARTESIAN_POINT('',(36.403571528571,1.903214285714,0.));
#15149 = ORIENTED_EDGE('',*,*,#15150,.F.);
#15150 = EDGE_CURVE('',#15151,#15143,#15153,.T.);
#15151 = VERTEX_POINT('',#15152);
#15152 = CARTESIAN_POINT('',(34.630357242857,1.903214285714,0.));
#15153 = B_SPLINE_CURVE_WITH_KNOTS('',2,(#15154,#15155,#15156),
  .UNSPECIFIED.,.F.,.F.,(3,3),(0.,1.),.PIECEWISE_BEZIER_KNOTS.);
#15154 = CARTESIAN_POINT('',(34.630357242857,1.903214285714,0.));
#15155 = CARTESIAN_POINT('',(34.908928671429,1.257142857143,0.));
#15156 = CARTESIAN_POINT('',(35.514285814286,1.257142857143,0.));
#15157 = ORIENTED_EDGE('',*,*,#15158,.F.);
#15158 = EDGE_CURVE('',#15159,#15151,#15161,.T.);
#15159 = VERTEX_POINT('',#15160);
#15160 = CARTESIAN_POINT('',(34.351785814286,3.985714285714,0.));
#15161 = B_SPLINE_CURVE_WITH_KNOTS('',2,(#15162,#15163,#15164),
  .UNSPECIFIED.,.F.,.F.,(3,3),(0.,1.),.PIECEWISE_BEZIER_KNOTS.);
#15162 = CARTESIAN_POINT('',(34.351785814286,3.985714285714,0.));
#15163 = CARTESIAN_POINT('',(34.351785814286,2.549285714286,0.));
#15164 = CARTESIAN_POINT('',(34.630357242857,1.903214285714,0.));
#15165 = ORIENTED_EDGE('',*,*,#15166,.F.);
#15166 = EDGE_CURVE('',#15111,#15159,#15167,.T.);
#15167 = B_SPLINE_CURVE_WITH_KNOTS('',2,(#15168,#15169,#15170),
  .UNSPECIFIED.,.F.,.F.,(3,3),(0.,1.),.PIECEWISE_BEZIER_KNOTS.);
#15168 = CARTESIAN_POINT('',(34.630357242857,6.073928571429,0.));
#15169 = CARTESIAN_POINT('',(34.351785814286,5.427857142857,0.));
#15170 = CARTESIAN_POINT('',(34.351785814286,3.985714285714,0.));
#15171 = PLANE('',#15172);
#15172 = AXIS2_PLACEMENT_3D('',#15173,#15174,#15175);
#15173 = CARTESIAN_POINT('',(35.516828460117,3.988507574808,0.));
#15174 = DIRECTION('',(0.,0.,1.));
#15175 = DIRECTION('',(1.,0.,0.));
#15176 = SHELL_BASED_SURFACE_MODEL('',(#15177));
#15177 = OPEN_SHELL('',(#15178));
#15178 = ADVANCED_FACE('',(#15179),#15261,.T.);
#15179 = FACE_BOUND('',#15180,.T.);
#15180 = EDGE_LOOP('',(#15181,#15191,#15199,#15207,#15215,#15223,#15231,
    #15239,#15247,#15255));
#15181 = ORIENTED_EDGE('',*,*,#15182,.F.);
#15182 = EDGE_CURVE('',#15183,#15185,#15187,.T.);
#15183 = VERTEX_POINT('',#15184);
#15184 = CARTESIAN_POINT('',(39.4575001,8.,0.));
#15185 = VERTEX_POINT('',#15186);
#15186 = CARTESIAN_POINT('',(41.155714385714,8.,0.));
#15187 = LINE('',#15188,#15189);
#15188 = CARTESIAN_POINT('',(39.4575001,8.,0.));
#15189 = VECTOR('',#15190,1.);
#15190 = DIRECTION('',(1.,0.,0.));
#15191 = ORIENTED_EDGE('',*,*,#15192,.F.);
#15192 = EDGE_CURVE('',#15193,#15183,#15195,.T.);
#15193 = VERTEX_POINT('',#15194);
#15194 = CARTESIAN_POINT('',(39.4575001,0.,0.));
#15195 = LINE('',#15196,#15197);
#15196 = CARTESIAN_POINT('',(39.4575001,0.,0.));
#15197 = VECTOR('',#15198,1.);
#15198 = DIRECTION('',(0.,1.,0.));
#15199 = ORIENTED_EDGE('',*,*,#15200,.F.);
#15200 = EDGE_CURVE('',#15201,#15193,#15203,.T.);
#15201 = VERTEX_POINT('',#15202);
#15202 = CARTESIAN_POINT('',(40.850357242857,0.,0.));
#15203 = LINE('',#15204,#15205);
#15204 = CARTESIAN_POINT('',(40.850357242857,0.,0.));
#15205 = VECTOR('',#15206,1.);
#15206 = DIRECTION('',(-1.,0.,0.));
#15207 = ORIENTED_EDGE('',*,*,#15208,.F.);
#15208 = EDGE_CURVE('',#15209,#15201,#15211,.T.);
#15209 = VERTEX_POINT('',#15210);
#15210 = CARTESIAN_POINT('',(40.850357242857,5.813928571429,0.));
#15211 = LINE('',#15212,#15213);
#15212 = CARTESIAN_POINT('',(40.850357242857,5.813928571429,0.));
#15213 = VECTOR('',#15214,1.);
#15214 = DIRECTION('',(0.,-1.,0.));
#15215 = ORIENTED_EDGE('',*,*,#15216,.F.);
#15216 = EDGE_CURVE('',#15217,#15209,#15219,.T.);
#15217 = VERTEX_POINT('',#15218);
#15218 = CARTESIAN_POINT('',(43.089642957143,0.,0.));
#15219 = LINE('',#15220,#15221);
#15220 = CARTESIAN_POINT('',(43.089642957143,0.,0.));
#15221 = VECTOR('',#15222,1.);
#15222 = DIRECTION('',(-0.359420787632,0.933175598383,0.));
#15223 = ORIENTED_EDGE('',*,*,#15224,.F.);
#15224 = EDGE_CURVE('',#15225,#15217,#15227,.T.);
#15225 = VERTEX_POINT('',#15226);
#15226 = CARTESIAN_POINT('',(44.777142957143,0.,0.));
#15227 = LINE('',#15228,#15229);
#15228 = CARTESIAN_POINT('',(44.777142957143,0.,0.));
#15229 = VECTOR('',#15230,1.);
#15230 = DIRECTION('',(-1.,0.,0.));
#15231 = ORIENTED_EDGE('',*,*,#15232,.F.);
#15232 = EDGE_CURVE('',#15233,#15225,#15235,.T.);
#15233 = VERTEX_POINT('',#15234);
#15234 = CARTESIAN_POINT('',(44.777142957143,8.,0.));
#15235 = LINE('',#15236,#15237);
#15236 = CARTESIAN_POINT('',(44.777142957143,8.,0.));
#15237 = VECTOR('',#15238,1.);
#15238 = DIRECTION('',(0.,-1.,0.));
#15239 = ORIENTED_EDGE('',*,*,#15240,.F.);
#15240 = EDGE_CURVE('',#15241,#15233,#15243,.T.);
#15241 = VERTEX_POINT('',#15242);
#15242 = CARTESIAN_POINT('',(43.384285814286,8.,0.));
#15243 = LINE('',#15244,#15245);
#15244 = CARTESIAN_POINT('',(43.384285814286,8.,0.));
#15245 = VECTOR('',#15246,1.);
#15246 = DIRECTION('',(1.,0.,0.));
#15247 = ORIENTED_EDGE('',*,*,#15248,.F.);
#15248 = EDGE_CURVE('',#15249,#15241,#15251,.T.);
#15249 = VERTEX_POINT('',#15250);
#15250 = CARTESIAN_POINT('',(43.384285814286,2.186071428571,0.));
#15251 = LINE('',#15252,#15253);
#15252 = CARTESIAN_POINT('',(43.384285814286,2.186071428571,0.));
#15253 = VECTOR('',#15254,1.);
#15254 = DIRECTION('',(0.,1.,0.));
#15255 = ORIENTED_EDGE('',*,*,#15256,.F.);
#15256 = EDGE_CURVE('',#15185,#15249,#15257,.T.);
#15257 = LINE('',#15258,#15259);
#15258 = CARTESIAN_POINT('',(41.155714385714,8.,0.));
#15259 = VECTOR('',#15260,1.);
#15260 = DIRECTION('',(0.357921841948,-0.933751548891,0.));
#15261 = PLANE('',#15262);
#15262 = AXIS2_PLACEMENT_3D('',#15263,#15264,#15265);
#15263 = CARTESIAN_POINT('',(42.117806424771,4.000835712841,0.));
#15264 = DIRECTION('',(0.,0.,1.));
#15265 = DIRECTION('',(1.,0.,0.));
#15266 = ( GEOMETRIC_REPRESENTATION_CONTEXT(3) 
GLOBAL_UNCERTAINTY_ASSIGNED_CONTEXT((#15270)) 
GLOBAL_UNIT_ASSIGNED_CONTEXT((#15267,#15268,#15269)) 
REPRESENTATION_CONTEXT('Context #1',
  '3D Context with UNIT and UNCERTAINTY') );
#15267 = ( LENGTH_UNIT() NAMED_UNIT(*) SI_UNIT(.MILLI.,.METRE.) );
#15268 = ( NAMED_UNIT(*) PLANE_ANGLE_UNIT() SI_UNIT($,.RADIAN.) );
#15269 = ( NAMED_UNIT(*) SI_UNIT($,.STERADIAN.) SOLID_ANGLE_UNIT() );
#15270 = UNCERTAINTY_MEASURE_WITH_UNIT(LENGTH_MEASURE(1.E-07),#15267,
  'distance_accuracy_value','confusion accuracy');
#15271 = CONTEXT_DEPENDENT_SHAPE_REPRESENTATION(#15272,#15274);
#15272 = ( REPRESENTATION_RELATIONSHIP('','',#14479,#10) 
REPRESENTATION_RELATIONSHIP_WITH_TRANSFORMATION(#15273) 
SHAPE_REPRESENTATION_RELATIONSHIP() );
#15273 = ITEM_DEFINED_TRANSFORMATION('','',#11,#51);
#15274 = PRODUCT_DEFINITION_SHAPE('Placement','Placement of an item',
  #15275);
#15275 = NEXT_ASSEMBLY_USAGE_OCCURRENCE('22','ShapeString006','',#5,
  #14474,$);
#15276 = PRODUCT_RELATED_PRODUCT_CATEGORY('part',$,(#14476));
#15277 = SHAPE_DEFINITION_REPRESENTATION(#15278,#15284);
#15278 = PRODUCT_DEFINITION_SHAPE('','',#15279);
#15279 = PRODUCT_DEFINITION('design','',#15280,#15283);
#15280 = PRODUCT_DEFINITION_FORMATION('','',#15281);
#15281 = PRODUCT('Pad003','Pad003','',(#15282));
#15282 = PRODUCT_CONTEXT('',#2,'mechanical');
#15283 = PRODUCT_DEFINITION_CONTEXT('part definition',#2,'design');
#15284 = ADVANCED_BREP_SHAPE_REPRESENTATION('',(#11,#15285),#15674);
#15285 = MANIFOLD_SOLID_BREP('',#15286);
#15286 = CLOSED_SHELL('',(#15287,#15327,#15358,#15380,#15420,#15451,
    #15482,#15504,#15544,#15575,#15606,#15628,#15651));
#15287 = ADVANCED_FACE('',(#15288),#15322,.F.);
#15288 = FACE_BOUND('',#15289,.F.);
#15289 = EDGE_LOOP('',(#15290,#15300,#15308,#15316));
#15290 = ORIENTED_EDGE('',*,*,#15291,.T.);
#15291 = EDGE_CURVE('',#15292,#15294,#15296,.T.);
#15292 = VERTEX_POINT('',#15293);
#15293 = CARTESIAN_POINT('',(-36.06217782649,33.5,10.));
#15294 = VERTEX_POINT('',#15295);
#15295 = CARTESIAN_POINT('',(-36.06217782649,33.5,11.));
#15296 = LINE('',#15297,#15298);
#15297 = CARTESIAN_POINT('',(-36.06217782649,33.5,10.));
#15298 = VECTOR('',#15299,1.);
#15299 = DIRECTION('',(0.,0.,1.));
#15300 = ORIENTED_EDGE('',*,*,#15301,.T.);
#15301 = EDGE_CURVE('',#15294,#15302,#15304,.T.);
#15302 = VERTEX_POINT('',#15303);
#15303 = CARTESIAN_POINT('',(-42.12435565298,23.,11.));
#15304 = LINE('',#15305,#15306);
#15305 = CARTESIAN_POINT('',(-36.06217782649,33.5,11.));
#15306 = VECTOR('',#15307,1.);
#15307 = DIRECTION('',(-0.5,-0.866025403784,0.));
#15308 = ORIENTED_EDGE('',*,*,#15309,.F.);
#15309 = EDGE_CURVE('',#15310,#15302,#15312,.T.);
#15310 = VERTEX_POINT('',#15311);
#15311 = CARTESIAN_POINT('',(-42.12435565298,23.,10.));
#15312 = LINE('',#15313,#15314);
#15313 = CARTESIAN_POINT('',(-42.12435565298,23.,10.));
#15314 = VECTOR('',#15315,1.);
#15315 = DIRECTION('',(0.,0.,1.));
#15316 = ORIENTED_EDGE('',*,*,#15317,.F.);
#15317 = EDGE_CURVE('',#15292,#15310,#15318,.T.);
#15318 = LINE('',#15319,#15320);
#15319 = CARTESIAN_POINT('',(-36.06217782649,33.5,10.));
#15320 = VECTOR('',#15321,1.);
#15321 = DIRECTION('',(-0.5,-0.866025403784,0.));
#15322 = PLANE('',#15323);
#15323 = AXIS2_PLACEMENT_3D('',#15324,#15325,#15326);
#15324 = CARTESIAN_POINT('',(-36.06217782649,33.5,10.));
#15325 = DIRECTION('',(0.866025403784,-0.5,0.));
#15326 = DIRECTION('',(-0.5,-0.866025403784,0.));
#15327 = ADVANCED_FACE('',(#15328),#15353,.F.);
#15328 = FACE_BOUND('',#15329,.F.);
#15329 = EDGE_LOOP('',(#15330,#15331,#15339,#15347));
#15330 = ORIENTED_EDGE('',*,*,#15309,.T.);
#15331 = ORIENTED_EDGE('',*,*,#15332,.T.);
#15332 = EDGE_CURVE('',#15302,#15333,#15335,.T.);
#15333 = VERTEX_POINT('',#15334);
#15334 = CARTESIAN_POINT('',(-30.,23.,11.));
#15335 = LINE('',#15336,#15337);
#15336 = CARTESIAN_POINT('',(-42.12435565298,23.,11.));
#15337 = VECTOR('',#15338,1.);
#15338 = DIRECTION('',(1.,-1.993E-14,0.));
#15339 = ORIENTED_EDGE('',*,*,#15340,.F.);
#15340 = EDGE_CURVE('',#15341,#15333,#15343,.T.);
#15341 = VERTEX_POINT('',#15342);
#15342 = CARTESIAN_POINT('',(-30.,23.,10.));
#15343 = LINE('',#15344,#15345);
#15344 = CARTESIAN_POINT('',(-30.,23.,10.));
#15345 = VECTOR('',#15346,1.);
#15346 = DIRECTION('',(0.,0.,1.));
#15347 = ORIENTED_EDGE('',*,*,#15348,.F.);
#15348 = EDGE_CURVE('',#15310,#15341,#15349,.T.);
#15349 = LINE('',#15350,#15351);
#15350 = CARTESIAN_POINT('',(-42.12435565298,23.,10.));
#15351 = VECTOR('',#15352,1.);
#15352 = DIRECTION('',(1.,-1.993E-14,0.));
#15353 = PLANE('',#15354);
#15354 = AXIS2_PLACEMENT_3D('',#15355,#15356,#15357);
#15355 = CARTESIAN_POINT('',(-42.12435565298,23.,10.));
#15356 = DIRECTION('',(1.993E-14,1.,-0.));
#15357 = DIRECTION('',(1.,-1.993E-14,0.));
#15358 = ADVANCED_FACE('',(#15359),#15375,.F.);
#15359 = FACE_BOUND('',#15360,.F.);
#15360 = EDGE_LOOP('',(#15361,#15362,#15368,#15369));
#15361 = ORIENTED_EDGE('',*,*,#15340,.T.);
#15362 = ORIENTED_EDGE('',*,*,#15363,.T.);
#15363 = EDGE_CURVE('',#15333,#15294,#15364,.T.);
#15364 = LINE('',#15365,#15366);
#15365 = CARTESIAN_POINT('',(-30.,23.,11.));
#15366 = VECTOR('',#15367,1.);
#15367 = DIRECTION('',(-0.5,0.866025403784,0.));
#15368 = ORIENTED_EDGE('',*,*,#15291,.F.);
#15369 = ORIENTED_EDGE('',*,*,#15370,.F.);
#15370 = EDGE_CURVE('',#15341,#15292,#15371,.T.);
#15371 = LINE('',#15372,#15373);
#15372 = CARTESIAN_POINT('',(-30.,23.,10.));
#15373 = VECTOR('',#15374,1.);
#15374 = DIRECTION('',(-0.5,0.866025403784,0.));
#15375 = PLANE('',#15376);
#15376 = AXIS2_PLACEMENT_3D('',#15377,#15378,#15379);
#15377 = CARTESIAN_POINT('',(-30.,23.,10.));
#15378 = DIRECTION('',(-0.866025403784,-0.5,0.));
#15379 = DIRECTION('',(-0.5,0.866025403784,0.));
#15380 = ADVANCED_FACE('',(#15381),#15415,.T.);
#15381 = FACE_BOUND('',#15382,.T.);
#15382 = EDGE_LOOP('',(#15383,#15393,#15401,#15409));
#15383 = ORIENTED_EDGE('',*,*,#15384,.T.);
#15384 = EDGE_CURVE('',#15385,#15387,#15389,.T.);
#15385 = VERTEX_POINT('',#15386);
#15386 = CARTESIAN_POINT('',(-36.56217782649,30.,10.));
#15387 = VERTEX_POINT('',#15388);
#15388 = CARTESIAN_POINT('',(-36.56217782649,30.,11.));
#15389 = LINE('',#15390,#15391);
#15390 = CARTESIAN_POINT('',(-36.56217782649,30.,10.));
#15391 = VECTOR('',#15392,1.);
#15392 = DIRECTION('',(0.,0.,1.));
#15393 = ORIENTED_EDGE('',*,*,#15394,.T.);
#15394 = EDGE_CURVE('',#15387,#15395,#15397,.T.);
#15395 = VERTEX_POINT('',#15396);
#15396 = CARTESIAN_POINT('',(-36.56217782649,27.,11.));
#15397 = LINE('',#15398,#15399);
#15398 = CARTESIAN_POINT('',(-36.56217782649,30.,11.));
#15399 = VECTOR('',#15400,1.);
#15400 = DIRECTION('',(0.,-1.,0.));
#15401 = ORIENTED_EDGE('',*,*,#15402,.F.);
#15402 = EDGE_CURVE('',#15403,#15395,#15405,.T.);
#15403 = VERTEX_POINT('',#15404);
#15404 = CARTESIAN_POINT('',(-36.56217782649,27.,10.));
#15405 = LINE('',#15406,#15407);
#15406 = CARTESIAN_POINT('',(-36.56217782649,27.,10.));
#15407 = VECTOR('',#15408,1.);
#15408 = DIRECTION('',(0.,0.,1.));
#15409 = ORIENTED_EDGE('',*,*,#15410,.F.);
#15410 = EDGE_CURVE('',#15385,#15403,#15411,.T.);
#15411 = LINE('',#15412,#15413);
#15412 = CARTESIAN_POINT('',(-36.56217782649,30.,10.));
#15413 = VECTOR('',#15414,1.);
#15414 = DIRECTION('',(0.,-1.,0.));
#15415 = PLANE('',#15416);
#15416 = AXIS2_PLACEMENT_3D('',#15417,#15418,#15419);
#15417 = CARTESIAN_POINT('',(-36.56217782649,30.,10.));
#15418 = DIRECTION('',(1.,0.,-0.));
#15419 = DIRECTION('',(0.,-1.,0.));
#15420 = ADVANCED_FACE('',(#15421),#15446,.T.);
#15421 = FACE_BOUND('',#15422,.T.);
#15422 = EDGE_LOOP('',(#15423,#15424,#15432,#15440));
#15423 = ORIENTED_EDGE('',*,*,#15402,.T.);
#15424 = ORIENTED_EDGE('',*,*,#15425,.T.);
#15425 = EDGE_CURVE('',#15395,#15426,#15428,.T.);
#15426 = VERTEX_POINT('',#15427);
#15427 = CARTESIAN_POINT('',(-35.56217782649,27.,11.));
#15428 = LINE('',#15429,#15430);
#15429 = CARTESIAN_POINT('',(-36.56217782649,27.,11.));
#15430 = VECTOR('',#15431,1.);
#15431 = DIRECTION('',(1.,0.,0.));
#15432 = ORIENTED_EDGE('',*,*,#15433,.F.);
#15433 = EDGE_CURVE('',#15434,#15426,#15436,.T.);
#15434 = VERTEX_POINT('',#15435);
#15435 = CARTESIAN_POINT('',(-35.56217782649,27.,10.));
#15436 = LINE('',#15437,#15438);
#15437 = CARTESIAN_POINT('',(-35.56217782649,27.,10.));
#15438 = VECTOR('',#15439,1.);
#15439 = DIRECTION('',(0.,0.,1.));
#15440 = ORIENTED_EDGE('',*,*,#15441,.F.);
#15441 = EDGE_CURVE('',#15403,#15434,#15442,.T.);
#15442 = LINE('',#15443,#15444);
#15443 = CARTESIAN_POINT('',(-36.56217782649,27.,10.));
#15444 = VECTOR('',#15445,1.);
#15445 = DIRECTION('',(1.,0.,0.));
#15446 = PLANE('',#15447);
#15447 = AXIS2_PLACEMENT_3D('',#15448,#15449,#15450);
#15448 = CARTESIAN_POINT('',(-36.56217782649,27.,10.));
#15449 = DIRECTION('',(0.,1.,0.));
#15450 = DIRECTION('',(1.,0.,0.));
#15451 = ADVANCED_FACE('',(#15452),#15477,.T.);
#15452 = FACE_BOUND('',#15453,.T.);
#15453 = EDGE_LOOP('',(#15454,#15455,#15463,#15471));
#15454 = ORIENTED_EDGE('',*,*,#15433,.T.);
#15455 = ORIENTED_EDGE('',*,*,#15456,.T.);
#15456 = EDGE_CURVE('',#15426,#15457,#15459,.T.);
#15457 = VERTEX_POINT('',#15458);
#15458 = CARTESIAN_POINT('',(-35.56217782649,30.,11.));
#15459 = LINE('',#15460,#15461);
#15460 = CARTESIAN_POINT('',(-35.56217782649,27.,11.));
#15461 = VECTOR('',#15462,1.);
#15462 = DIRECTION('',(0.,1.,0.));
#15463 = ORIENTED_EDGE('',*,*,#15464,.F.);
#15464 = EDGE_CURVE('',#15465,#15457,#15467,.T.);
#15465 = VERTEX_POINT('',#15466);
#15466 = CARTESIAN_POINT('',(-35.56217782649,30.,10.));
#15467 = LINE('',#15468,#15469);
#15468 = CARTESIAN_POINT('',(-35.56217782649,30.,10.));
#15469 = VECTOR('',#15470,1.);
#15470 = DIRECTION('',(0.,0.,1.));
#15471 = ORIENTED_EDGE('',*,*,#15472,.F.);
#15472 = EDGE_CURVE('',#15434,#15465,#15473,.T.);
#15473 = LINE('',#15474,#15475);
#15474 = CARTESIAN_POINT('',(-35.56217782649,27.,10.));
#15475 = VECTOR('',#15476,1.);
#15476 = DIRECTION('',(0.,1.,0.));
#15477 = PLANE('',#15478);
#15478 = AXIS2_PLACEMENT_3D('',#15479,#15480,#15481);
#15479 = CARTESIAN_POINT('',(-35.56217782649,27.,10.));
#15480 = DIRECTION('',(-1.,0.,0.));
#15481 = DIRECTION('',(0.,1.,0.));
#15482 = ADVANCED_FACE('',(#15483),#15499,.T.);
#15483 = FACE_BOUND('',#15484,.T.);
#15484 = EDGE_LOOP('',(#15485,#15486,#15492,#15493));
#15485 = ORIENTED_EDGE('',*,*,#15464,.T.);
#15486 = ORIENTED_EDGE('',*,*,#15487,.T.);
#15487 = EDGE_CURVE('',#15457,#15387,#15488,.T.);
#15488 = LINE('',#15489,#15490);
#15489 = CARTESIAN_POINT('',(-35.56217782649,30.,11.));
#15490 = VECTOR('',#15491,1.);
#15491 = DIRECTION('',(-1.,0.,0.));
#15492 = ORIENTED_EDGE('',*,*,#15384,.F.);
#15493 = ORIENTED_EDGE('',*,*,#15494,.F.);
#15494 = EDGE_CURVE('',#15465,#15385,#15495,.T.);
#15495 = LINE('',#15496,#15497);
#15496 = CARTESIAN_POINT('',(-35.56217782649,30.,10.));
#15497 = VECTOR('',#15498,1.);
#15498 = DIRECTION('',(-1.,0.,0.));
#15499 = PLANE('',#15500);
#15500 = AXIS2_PLACEMENT_3D('',#15501,#15502,#15503);
#15501 = CARTESIAN_POINT('',(-35.56217782649,30.,10.));
#15502 = DIRECTION('',(0.,-1.,0.));
#15503 = DIRECTION('',(-1.,0.,0.));
#15504 = ADVANCED_FACE('',(#15505),#15539,.T.);
#15505 = FACE_BOUND('',#15506,.T.);
#15506 = EDGE_LOOP('',(#15507,#15517,#15525,#15533));
#15507 = ORIENTED_EDGE('',*,*,#15508,.T.);
#15508 = EDGE_CURVE('',#15509,#15511,#15513,.T.);
#15509 = VERTEX_POINT('',#15510);
#15510 = CARTESIAN_POINT('',(-36.56217782649,26.,10.));
#15511 = VERTEX_POINT('',#15512);
#15512 = CARTESIAN_POINT('',(-36.56217782649,26.,11.));
#15513 = LINE('',#15514,#15515);
#15514 = CARTESIAN_POINT('',(-36.56217782649,26.,10.));
#15515 = VECTOR('',#15516,1.);
#15516 = DIRECTION('',(0.,0.,1.));
#15517 = ORIENTED_EDGE('',*,*,#15518,.T.);
#15518 = EDGE_CURVE('',#15511,#15519,#15521,.T.);
#15519 = VERTEX_POINT('',#15520);
#15520 = CARTESIAN_POINT('',(-36.56217782649,25.,11.));
#15521 = LINE('',#15522,#15523);
#15522 = CARTESIAN_POINT('',(-36.56217782649,26.,11.));
#15523 = VECTOR('',#15524,1.);
#15524 = DIRECTION('',(0.,-1.,0.));
#15525 = ORIENTED_EDGE('',*,*,#15526,.F.);
#15526 = EDGE_CURVE('',#15527,#15519,#15529,.T.);
#15527 = VERTEX_POINT('',#15528);
#15528 = CARTESIAN_POINT('',(-36.56217782649,25.,10.));
#15529 = LINE('',#15530,#15531);
#15530 = CARTESIAN_POINT('',(-36.56217782649,25.,10.));
#15531 = VECTOR('',#15532,1.);
#15532 = DIRECTION('',(0.,0.,1.));
#15533 = ORIENTED_EDGE('',*,*,#15534,.F.);
#15534 = EDGE_CURVE('',#15509,#15527,#15535,.T.);
#15535 = LINE('',#15536,#15537);
#15536 = CARTESIAN_POINT('',(-36.56217782649,26.,10.));
#15537 = VECTOR('',#15538,1.);
#15538 = DIRECTION('',(0.,-1.,0.));
#15539 = PLANE('',#15540);
#15540 = AXIS2_PLACEMENT_3D('',#15541,#15542,#15543);
#15541 = CARTESIAN_POINT('',(-36.56217782649,26.,10.));
#15542 = DIRECTION('',(1.,0.,-0.));
#15543 = DIRECTION('',(0.,-1.,0.));
#15544 = ADVANCED_FACE('',(#15545),#15570,.T.);
#15545 = FACE_BOUND('',#15546,.T.);
#15546 = EDGE_LOOP('',(#15547,#15548,#15556,#15564));
#15547 = ORIENTED_EDGE('',*,*,#15526,.T.);
#15548 = ORIENTED_EDGE('',*,*,#15549,.T.);
#15549 = EDGE_CURVE('',#15519,#15550,#15552,.T.);
#15550 = VERTEX_POINT('',#15551);
#15551 = CARTESIAN_POINT('',(-35.56217782649,25.,11.));
#15552 = LINE('',#15553,#15554);
#15553 = CARTESIAN_POINT('',(-36.56217782649,25.,11.));
#15554 = VECTOR('',#15555,1.);
#15555 = DIRECTION('',(1.,0.,0.));
#15556 = ORIENTED_EDGE('',*,*,#15557,.F.);
#15557 = EDGE_CURVE('',#15558,#15550,#15560,.T.);
#15558 = VERTEX_POINT('',#15559);
#15559 = CARTESIAN_POINT('',(-35.56217782649,25.,10.));
#15560 = LINE('',#15561,#15562);
#15561 = CARTESIAN_POINT('',(-35.56217782649,25.,10.));
#15562 = VECTOR('',#15563,1.);
#15563 = DIRECTION('',(0.,0.,1.));
#15564 = ORIENTED_EDGE('',*,*,#15565,.F.);
#15565 = EDGE_CURVE('',#15527,#15558,#15566,.T.);
#15566 = LINE('',#15567,#15568);
#15567 = CARTESIAN_POINT('',(-36.56217782649,25.,10.));
#15568 = VECTOR('',#15569,1.);
#15569 = DIRECTION('',(1.,0.,0.));
#15570 = PLANE('',#15571);
#15571 = AXIS2_PLACEMENT_3D('',#15572,#15573,#15574);
#15572 = CARTESIAN_POINT('',(-36.56217782649,25.,10.));
#15573 = DIRECTION('',(0.,1.,0.));
#15574 = DIRECTION('',(1.,0.,0.));
#15575 = ADVANCED_FACE('',(#15576),#15601,.T.);
#15576 = FACE_BOUND('',#15577,.T.);
#15577 = EDGE_LOOP('',(#15578,#15579,#15587,#15595));
#15578 = ORIENTED_EDGE('',*,*,#15557,.T.);
#15579 = ORIENTED_EDGE('',*,*,#15580,.T.);
#15580 = EDGE_CURVE('',#15550,#15581,#15583,.T.);
#15581 = VERTEX_POINT('',#15582);
#15582 = CARTESIAN_POINT('',(-35.56217782649,26.,11.));
#15583 = LINE('',#15584,#15585);
#15584 = CARTESIAN_POINT('',(-35.56217782649,25.,11.));
#15585 = VECTOR('',#15586,1.);
#15586 = DIRECTION('',(0.,1.,0.));
#15587 = ORIENTED_EDGE('',*,*,#15588,.F.);
#15588 = EDGE_CURVE('',#15589,#15581,#15591,.T.);
#15589 = VERTEX_POINT('',#15590);
#15590 = CARTESIAN_POINT('',(-35.56217782649,26.,10.));
#15591 = LINE('',#15592,#15593);
#15592 = CARTESIAN_POINT('',(-35.56217782649,26.,10.));
#15593 = VECTOR('',#15594,1.);
#15594 = DIRECTION('',(0.,0.,1.));
#15595 = ORIENTED_EDGE('',*,*,#15596,.F.);
#15596 = EDGE_CURVE('',#15558,#15589,#15597,.T.);
#15597 = LINE('',#15598,#15599);
#15598 = CARTESIAN_POINT('',(-35.56217782649,25.,10.));
#15599 = VECTOR('',#15600,1.);
#15600 = DIRECTION('',(0.,1.,0.));
#15601 = PLANE('',#15602);
#15602 = AXIS2_PLACEMENT_3D('',#15603,#15604,#15605);
#15603 = CARTESIAN_POINT('',(-35.56217782649,25.,10.));
#15604 = DIRECTION('',(-1.,0.,0.));
#15605 = DIRECTION('',(0.,1.,0.));
#15606 = ADVANCED_FACE('',(#15607),#15623,.T.);
#15607 = FACE_BOUND('',#15608,.T.);
#15608 = EDGE_LOOP('',(#15609,#15610,#15616,#15617));
#15609 = ORIENTED_EDGE('',*,*,#15588,.T.);
#15610 = ORIENTED_EDGE('',*,*,#15611,.T.);
#15611 = EDGE_CURVE('',#15581,#15511,#15612,.T.);
#15612 = LINE('',#15613,#15614);
#15613 = CARTESIAN_POINT('',(-35.56217782649,26.,11.));
#15614 = VECTOR('',#15615,1.);
#15615 = DIRECTION('',(-1.,0.,0.));
#15616 = ORIENTED_EDGE('',*,*,#15508,.F.);
#15617 = ORIENTED_EDGE('',*,*,#15618,.F.);
#15618 = EDGE_CURVE('',#15589,#15509,#15619,.T.);
#15619 = LINE('',#15620,#15621);
#15620 = CARTESIAN_POINT('',(-35.56217782649,26.,10.));
#15621 = VECTOR('',#15622,1.);
#15622 = DIRECTION('',(-1.,0.,0.));
#15623 = PLANE('',#15624);
#15624 = AXIS2_PLACEMENT_3D('',#15625,#15626,#15627);
#15625 = CARTESIAN_POINT('',(-35.56217782649,26.,10.));
#15626 = DIRECTION('',(0.,-1.,0.));
#15627 = DIRECTION('',(-1.,0.,0.));
#15628 = ADVANCED_FACE('',(#15629,#15634,#15640),#15646,.F.);
#15629 = FACE_BOUND('',#15630,.F.);
#15630 = EDGE_LOOP('',(#15631,#15632,#15633));
#15631 = ORIENTED_EDGE('',*,*,#15317,.T.);
#15632 = ORIENTED_EDGE('',*,*,#15348,.T.);
#15633 = ORIENTED_EDGE('',*,*,#15370,.T.);
#15634 = FACE_BOUND('',#15635,.T.);
#15635 = EDGE_LOOP('',(#15636,#15637,#15638,#15639));
#15636 = ORIENTED_EDGE('',*,*,#15410,.T.);
#15637 = ORIENTED_EDGE('',*,*,#15441,.T.);
#15638 = ORIENTED_EDGE('',*,*,#15472,.T.);
#15639 = ORIENTED_EDGE('',*,*,#15494,.T.);
#15640 = FACE_BOUND('',#15641,.T.);
#15641 = EDGE_LOOP('',(#15642,#15643,#15644,#15645));
#15642 = ORIENTED_EDGE('',*,*,#15534,.T.);
#15643 = ORIENTED_EDGE('',*,*,#15565,.T.);
#15644 = ORIENTED_EDGE('',*,*,#15596,.T.);
#15645 = ORIENTED_EDGE('',*,*,#15618,.T.);
#15646 = PLANE('',#15647);
#15647 = AXIS2_PLACEMENT_3D('',#15648,#15649,#15650);
#15648 = CARTESIAN_POINT('',(-36.06217782649,26.748071928335,10.));
#15649 = DIRECTION('',(0.,0.,1.));
#15650 = DIRECTION('',(1.,0.,0.));
#15651 = ADVANCED_FACE('',(#15652,#15657,#15663),#15669,.T.);
#15652 = FACE_BOUND('',#15653,.T.);
#15653 = EDGE_LOOP('',(#15654,#15655,#15656));
#15654 = ORIENTED_EDGE('',*,*,#15301,.T.);
#15655 = ORIENTED_EDGE('',*,*,#15332,.T.);
#15656 = ORIENTED_EDGE('',*,*,#15363,.T.);
#15657 = FACE_BOUND('',#15658,.F.);
#15658 = EDGE_LOOP('',(#15659,#15660,#15661,#15662));
#15659 = ORIENTED_EDGE('',*,*,#15394,.T.);
#15660 = ORIENTED_EDGE('',*,*,#15425,.T.);
#15661 = ORIENTED_EDGE('',*,*,#15456,.T.);
#15662 = ORIENTED_EDGE('',*,*,#15487,.T.);
#15663 = FACE_BOUND('',#15664,.F.);
#15664 = EDGE_LOOP('',(#15665,#15666,#15667,#15668));
#15665 = ORIENTED_EDGE('',*,*,#15518,.T.);
#15666 = ORIENTED_EDGE('',*,*,#15549,.T.);
#15667 = ORIENTED_EDGE('',*,*,#15580,.T.);
#15668 = ORIENTED_EDGE('',*,*,#15611,.T.);
#15669 = PLANE('',#15670);
#15670 = AXIS2_PLACEMENT_3D('',#15671,#15672,#15673);
#15671 = CARTESIAN_POINT('',(-36.06217782649,26.748071928335,11.));
#15672 = DIRECTION('',(0.,0.,1.));
#15673 = DIRECTION('',(1.,0.,0.));
#15674 = ( GEOMETRIC_REPRESENTATION_CONTEXT(3) 
GLOBAL_UNCERTAINTY_ASSIGNED_CONTEXT((#15678)) 
GLOBAL_UNIT_ASSIGNED_CONTEXT((#15675,#15676,#15677)) 
REPRESENTATION_CONTEXT('Context #1',
  '3D Context with UNIT and UNCERTAINTY') );
#15675 = ( LENGTH_UNIT() NAMED_UNIT(*) SI_UNIT(.MILLI.,.METRE.) );
#15676 = ( NAMED_UNIT(*) PLANE_ANGLE_UNIT() SI_UNIT($,.RADIAN.) );
#15677 = ( NAMED_UNIT(*) SI_UNIT($,.STERADIAN.) SOLID_ANGLE_UNIT() );
#15678 = UNCERTAINTY_MEASURE_WITH_UNIT(LENGTH_MEASURE(1.E-07),#15675,
  'distance_accuracy_value','confusion accuracy');
#15679 = CONTEXT_DEPENDENT_SHAPE_REPRESENTATION(#15680,#15682);
#15680 = ( REPRESENTATION_RELATIONSHIP('','',#15284,#10) 
REPRESENTATION_RELATIONSHIP_WITH_TRANSFORMATION(#15681) 
SHAPE_REPRESENTATION_RELATIONSHIP() );
#15681 = ITEM_DEFINED_TRANSFORMATION('','',#11,#55);
#15682 = PRODUCT_DEFINITION_SHAPE('Placement','Placement of an item',
  #15683);
#15683 = NEXT_ASSEMBLY_USAGE_OCCURRENCE('23','Pad003','',#5,#15279,$);
#15684 = PRODUCT_RELATED_PRODUCT_CATEGORY('part',$,(#15281));
#15685 = SHAPE_DEFINITION_REPRESENTATION(#15686,#15692);
#15686 = PRODUCT_DEFINITION_SHAPE('','',#15687);
#15687 = PRODUCT_DEFINITION('design','',#15688,#15691);
#15688 = PRODUCT_DEFINITION_FORMATION('','',#15689);
#15689 = PRODUCT('Sketch002','Sketch002','',(#15690));
#15690 = PRODUCT_CONTEXT('',#2,'mechanical');
#15691 = PRODUCT_DEFINITION_CONTEXT('part definition',#2,'design');
#15692 = SHAPE_REPRESENTATION('',(#11,#15693,#15715,#15744),#15773);
#15693 = GEOMETRIC_CURVE_SET('',(#15694,#15701,#15708));
#15694 = TRIMMED_CURVE('',#15695,(#15699,PARAMETER_VALUE(0.)),(#15700,
    PARAMETER_VALUE(12.124355652982)),.T.,.PARAMETER.);
#15695 = LINE('',#15696,#15697);
#15696 = CARTESIAN_POINT('',(-36.06217782649,33.5,0.));
#15697 = VECTOR('',#15698,1.);
#15698 = DIRECTION('',(-0.5,-0.866025403784,0.));
#15699 = CARTESIAN_POINT('',(-36.06217782649,33.5,0.));
#15700 = CARTESIAN_POINT('',(-42.12435565298,23.,0.));
#15701 = TRIMMED_CURVE('',#15702,(#15706,PARAMETER_VALUE(0.)),(#15707,
    PARAMETER_VALUE(12.124355652982)),.T.,.PARAMETER.);
#15702 = LINE('',#15703,#15704);
#15703 = CARTESIAN_POINT('',(-42.12435565298,23.,0.));
#15704 = VECTOR('',#15705,1.);
#15705 = DIRECTION('',(1.,-1.993E-14,0.));
#15706 = CARTESIAN_POINT('',(-42.12435565298,23.,0.));
#15707 = CARTESIAN_POINT('',(-30.,23.,0.));
#15708 = TRIMMED_CURVE('',#15709,(#15713,PARAMETER_VALUE(0.)),(#15714,
    PARAMETER_VALUE(12.124355652982)),.T.,.PARAMETER.);
#15709 = LINE('',#15710,#15711);
#15710 = CARTESIAN_POINT('',(-30.,23.,0.));
#15711 = VECTOR('',#15712,1.);
#15712 = DIRECTION('',(-0.5,0.866025403784,0.));
#15713 = CARTESIAN_POINT('',(-30.,23.,0.));
#15714 = CARTESIAN_POINT('',(-36.06217782649,33.5,0.));
#15715 = GEOMETRIC_CURVE_SET('',(#15716,#15723,#15730,#15737));
#15716 = TRIMMED_CURVE('',#15717,(#15721,PARAMETER_VALUE(0.)),(#15722,
    PARAMETER_VALUE(3.)),.T.,.PARAMETER.);
#15717 = LINE('',#15718,#15719);
#15718 = CARTESIAN_POINT('',(-36.56217782649,30.,0.));
#15719 = VECTOR('',#15720,1.);
#15720 = DIRECTION('',(0.,-1.,0.));
#15721 = CARTESIAN_POINT('',(-36.56217782649,30.,0.));
#15722 = CARTESIAN_POINT('',(-36.56217782649,27.,0.));
#15723 = TRIMMED_CURVE('',#15724,(#15728,PARAMETER_VALUE(0.)),(#15729,
    PARAMETER_VALUE(1.)),.T.,.PARAMETER.);
#15724 = LINE('',#15725,#15726);
#15725 = CARTESIAN_POINT('',(-36.56217782649,27.,0.));
#15726 = VECTOR('',#15727,1.);
#15727 = DIRECTION('',(1.,0.,0.));
#15728 = CARTESIAN_POINT('',(-36.56217782649,27.,0.));
#15729 = CARTESIAN_POINT('',(-35.56217782649,27.,0.));
#15730 = TRIMMED_CURVE('',#15731,(#15735,PARAMETER_VALUE(0.)),(#15736,
    PARAMETER_VALUE(3.)),.T.,.PARAMETER.);
#15731 = LINE('',#15732,#15733);
#15732 = CARTESIAN_POINT('',(-35.56217782649,27.,0.));
#15733 = VECTOR('',#15734,1.);
#15734 = DIRECTION('',(0.,1.,0.));
#15735 = CARTESIAN_POINT('',(-35.56217782649,27.,0.));
#15736 = CARTESIAN_POINT('',(-35.56217782649,30.,0.));
#15737 = TRIMMED_CURVE('',#15738,(#15742,PARAMETER_VALUE(0.)),(#15743,
    PARAMETER_VALUE(1.)),.T.,.PARAMETER.);
#15738 = LINE('',#15739,#15740);
#15739 = CARTESIAN_POINT('',(-35.56217782649,30.,0.));
#15740 = VECTOR('',#15741,1.);
#15741 = DIRECTION('',(-1.,0.,0.));
#15742 = CARTESIAN_POINT('',(-35.56217782649,30.,0.));
#15743 = CARTESIAN_POINT('',(-36.56217782649,30.,0.));
#15744 = GEOMETRIC_CURVE_SET('',(#15745,#15752,#15759,#15766));
#15745 = TRIMMED_CURVE('',#15746,(#15750,PARAMETER_VALUE(0.)),(#15751,
    PARAMETER_VALUE(1.)),.T.,.PARAMETER.);
#15746 = LINE('',#15747,#15748);
#15747 = CARTESIAN_POINT('',(-36.56217782649,26.,0.));
#15748 = VECTOR('',#15749,1.);
#15749 = DIRECTION('',(0.,-1.,0.));
#15750 = CARTESIAN_POINT('',(-36.56217782649,26.,0.));
#15751 = CARTESIAN_POINT('',(-36.56217782649,25.,0.));
#15752 = TRIMMED_CURVE('',#15753,(#15757,PARAMETER_VALUE(0.)),(#15758,
    PARAMETER_VALUE(1.)),.T.,.PARAMETER.);
#15753 = LINE('',#15754,#15755);
#15754 = CARTESIAN_POINT('',(-36.56217782649,25.,0.));
#15755 = VECTOR('',#15756,1.);
#15756 = DIRECTION('',(1.,0.,0.));
#15757 = CARTESIAN_POINT('',(-36.56217782649,25.,0.));
#15758 = CARTESIAN_POINT('',(-35.56217782649,25.,0.));
#15759 = TRIMMED_CURVE('',#15760,(#15764,PARAMETER_VALUE(0.)),(#15765,
    PARAMETER_VALUE(1.)),.T.,.PARAMETER.);
#15760 = LINE('',#15761,#15762);
#15761 = CARTESIAN_POINT('',(-35.56217782649,25.,0.));
#15762 = VECTOR('',#15763,1.);
#15763 = DIRECTION('',(0.,1.,0.));
#15764 = CARTESIAN_POINT('',(-35.56217782649,25.,0.));
#15765 = CARTESIAN_POINT('',(-35.56217782649,26.,0.));
#15766 = TRIMMED_CURVE('',#15767,(#15771,PARAMETER_VALUE(0.)),(#15772,
    PARAMETER_VALUE(1.)),.T.,.PARAMETER.);
#15767 = LINE('',#15768,#15769);
#15768 = CARTESIAN_POINT('',(-35.56217782649,26.,0.));
#15769 = VECTOR('',#15770,1.);
#15770 = DIRECTION('',(-1.,0.,0.));
#15771 = CARTESIAN_POINT('',(-35.56217782649,26.,0.));
#15772 = CARTESIAN_POINT('',(-36.56217782649,26.,0.));
#15773 = ( GEOMETRIC_REPRESENTATION_CONTEXT(3) 
GLOBAL_UNCERTAINTY_ASSIGNED_CONTEXT((#15777)) 
GLOBAL_UNIT_ASSIGNED_CONTEXT((#15774,#15775,#15776)) 
REPRESENTATION_CONTEXT('Context #1',
  '3D Context with UNIT and UNCERTAINTY') );
#15774 = ( LENGTH_UNIT() NAMED_UNIT(*) SI_UNIT(.MILLI.,.METRE.) );
#15775 = ( NAMED_UNIT(*) PLANE_ANGLE_UNIT() SI_UNIT($,.RADIAN.) );
#15776 = ( NAMED_UNIT(*) SI_UNIT($,.STERADIAN.) SOLID_ANGLE_UNIT() );
#15777 = UNCERTAINTY_MEASURE_WITH_UNIT(LENGTH_MEASURE(1.E-07),#15774,
  'distance_accuracy_value','confusion accuracy');
#15778 = CONTEXT_DEPENDENT_SHAPE_REPRESENTATION(#15779,#15781);
#15779 = ( REPRESENTATION_RELATIONSHIP('','',#15692,#10) 
REPRESENTATION_RELATIONSHIP_WITH_TRANSFORMATION(#15780) 
SHAPE_REPRESENTATION_RELATIONSHIP() );
#15780 = ITEM_DEFINED_TRANSFORMATION('','',#11,#59);
#15781 = PRODUCT_DEFINITION_SHAPE('Placement','Placement of an item',
  #15782);
#15782 = NEXT_ASSEMBLY_USAGE_OCCURRENCE('24','Sketch002','',#5,#15687,$
  );
#15783 = PRODUCT_RELATED_PRODUCT_CATEGORY('part',$,(#15689));
#15784 = SHAPE_DEFINITION_REPRESENTATION(#15785,#15791);
#15785 = PRODUCT_DEFINITION_SHAPE('','',#15786);
#15786 = PRODUCT_DEFINITION('design','',#15787,#15790);
#15787 = PRODUCT_DEFINITION_FORMATION('','',#15788);
#15788 = PRODUCT('Pad004','Pad004','',(#15789));
#15789 = PRODUCT_CONTEXT('',#2,'mechanical');
#15790 = PRODUCT_DEFINITION_CONTEXT('part definition',#2,'design');
#15791 = ADVANCED_BREP_SHAPE_REPRESENTATION('',(#11,#15792),#16181);
#15792 = MANIFOLD_SOLID_BREP('',#15793);
#15793 = CLOSED_SHELL('',(#15794,#15834,#15865,#15887,#15927,#15958,
    #15989,#16011,#16051,#16082,#16113,#16135,#16158));
#15794 = ADVANCED_FACE('',(#15795),#15829,.F.);
#15795 = FACE_BOUND('',#15796,.F.);
#15796 = EDGE_LOOP('',(#15797,#15807,#15815,#15823));
#15797 = ORIENTED_EDGE('',*,*,#15798,.T.);
#15798 = EDGE_CURVE('',#15799,#15801,#15803,.T.);
#15799 = VERTEX_POINT('',#15800);
#15800 = CARTESIAN_POINT('',(36.062177826491,33.5,10.));
#15801 = VERTEX_POINT('',#15802);
#15802 = CARTESIAN_POINT('',(36.062177826491,33.5,11.));
#15803 = LINE('',#15804,#15805);
#15804 = CARTESIAN_POINT('',(36.062177826491,33.5,10.));
#15805 = VECTOR('',#15806,1.);
#15806 = DIRECTION('',(0.,0.,1.));
#15807 = ORIENTED_EDGE('',*,*,#15808,.T.);
#15808 = EDGE_CURVE('',#15801,#15809,#15811,.T.);
#15809 = VERTEX_POINT('',#15810);
#15810 = CARTESIAN_POINT('',(30.,23.,11.));
#15811 = LINE('',#15812,#15813);
#15812 = CARTESIAN_POINT('',(36.062177826491,33.5,11.));
#15813 = VECTOR('',#15814,1.);
#15814 = DIRECTION('',(-0.5,-0.866025403784,0.));
#15815 = ORIENTED_EDGE('',*,*,#15816,.F.);
#15816 = EDGE_CURVE('',#15817,#15809,#15819,.T.);
#15817 = VERTEX_POINT('',#15818);
#15818 = CARTESIAN_POINT('',(30.,23.,10.));
#15819 = LINE('',#15820,#15821);
#15820 = CARTESIAN_POINT('',(30.,23.,10.));
#15821 = VECTOR('',#15822,1.);
#15822 = DIRECTION('',(0.,0.,1.));
#15823 = ORIENTED_EDGE('',*,*,#15824,.F.);
#15824 = EDGE_CURVE('',#15799,#15817,#15825,.T.);
#15825 = LINE('',#15826,#15827);
#15826 = CARTESIAN_POINT('',(36.062177826491,33.5,10.));
#15827 = VECTOR('',#15828,1.);
#15828 = DIRECTION('',(-0.5,-0.866025403784,0.));
#15829 = PLANE('',#15830);
#15830 = AXIS2_PLACEMENT_3D('',#15831,#15832,#15833);
#15831 = CARTESIAN_POINT('',(36.062177826491,33.5,10.));
#15832 = DIRECTION('',(0.866025403784,-0.5,0.));
#15833 = DIRECTION('',(-0.5,-0.866025403784,0.));
#15834 = ADVANCED_FACE('',(#15835),#15860,.F.);
#15835 = FACE_BOUND('',#15836,.F.);
#15836 = EDGE_LOOP('',(#15837,#15838,#15846,#15854));
#15837 = ORIENTED_EDGE('',*,*,#15816,.T.);
#15838 = ORIENTED_EDGE('',*,*,#15839,.T.);
#15839 = EDGE_CURVE('',#15809,#15840,#15842,.T.);
#15840 = VERTEX_POINT('',#15841);
#15841 = CARTESIAN_POINT('',(42.124355652982,23.,11.));
#15842 = LINE('',#15843,#15844);
#15843 = CARTESIAN_POINT('',(30.,23.,11.));
#15844 = VECTOR('',#15845,1.);
#15845 = DIRECTION('',(1.,3.81E-15,0.));
#15846 = ORIENTED_EDGE('',*,*,#15847,.F.);
#15847 = EDGE_CURVE('',#15848,#15840,#15850,.T.);
#15848 = VERTEX_POINT('',#15849);
#15849 = CARTESIAN_POINT('',(42.124355652982,23.,10.));
#15850 = LINE('',#15851,#15852);
#15851 = CARTESIAN_POINT('',(42.124355652982,23.,10.));
#15852 = VECTOR('',#15853,1.);
#15853 = DIRECTION('',(0.,0.,1.));
#15854 = ORIENTED_EDGE('',*,*,#15855,.F.);
#15855 = EDGE_CURVE('',#15817,#15848,#15856,.T.);
#15856 = LINE('',#15857,#15858);
#15857 = CARTESIAN_POINT('',(30.,23.,10.));
#15858 = VECTOR('',#15859,1.);
#15859 = DIRECTION('',(1.,3.81E-15,0.));
#15860 = PLANE('',#15861);
#15861 = AXIS2_PLACEMENT_3D('',#15862,#15863,#15864);
#15862 = CARTESIAN_POINT('',(30.,23.,10.));
#15863 = DIRECTION('',(-3.81E-15,1.,0.));
#15864 = DIRECTION('',(1.,3.81E-15,0.));
#15865 = ADVANCED_FACE('',(#15866),#15882,.F.);
#15866 = FACE_BOUND('',#15867,.F.);
#15867 = EDGE_LOOP('',(#15868,#15869,#15875,#15876));
#15868 = ORIENTED_EDGE('',*,*,#15847,.T.);
#15869 = ORIENTED_EDGE('',*,*,#15870,.T.);
#15870 = EDGE_CURVE('',#15840,#15801,#15871,.T.);
#15871 = LINE('',#15872,#15873);
#15872 = CARTESIAN_POINT('',(42.124355652982,23.,11.));
#15873 = VECTOR('',#15874,1.);
#15874 = DIRECTION('',(-0.5,0.866025403784,0.));
#15875 = ORIENTED_EDGE('',*,*,#15798,.F.);
#15876 = ORIENTED_EDGE('',*,*,#15877,.F.);
#15877 = EDGE_CURVE('',#15848,#15799,#15878,.T.);
#15878 = LINE('',#15879,#15880);
#15879 = CARTESIAN_POINT('',(42.124355652982,23.,10.));
#15880 = VECTOR('',#15881,1.);
#15881 = DIRECTION('',(-0.5,0.866025403784,0.));
#15882 = PLANE('',#15883);
#15883 = AXIS2_PLACEMENT_3D('',#15884,#15885,#15886);
#15884 = CARTESIAN_POINT('',(42.124355652982,23.,10.));
#15885 = DIRECTION('',(-0.866025403784,-0.5,0.));
#15886 = DIRECTION('',(-0.5,0.866025403784,0.));
#15887 = ADVANCED_FACE('',(#15888),#15922,.T.);
#15888 = FACE_BOUND('',#15889,.T.);
#15889 = EDGE_LOOP('',(#15890,#15900,#15908,#15916));
#15890 = ORIENTED_EDGE('',*,*,#15891,.T.);
#15891 = EDGE_CURVE('',#15892,#15894,#15896,.T.);
#15892 = VERTEX_POINT('',#15893);
#15893 = CARTESIAN_POINT('',(35.562177826491,30.,10.));
#15894 = VERTEX_POINT('',#15895);
#15895 = CARTESIAN_POINT('',(35.562177826491,30.,11.));
#15896 = LINE('',#15897,#15898);
#15897 = CARTESIAN_POINT('',(35.562177826491,30.,10.));
#15898 = VECTOR('',#15899,1.);
#15899 = DIRECTION('',(0.,0.,1.));
#15900 = ORIENTED_EDGE('',*,*,#15901,.T.);
#15901 = EDGE_CURVE('',#15894,#15902,#15904,.T.);
#15902 = VERTEX_POINT('',#15903);
#15903 = CARTESIAN_POINT('',(35.562177826491,27.,11.));
#15904 = LINE('',#15905,#15906);
#15905 = CARTESIAN_POINT('',(35.562177826491,30.,11.));
#15906 = VECTOR('',#15907,1.);
#15907 = DIRECTION('',(0.,-1.,0.));
#15908 = ORIENTED_EDGE('',*,*,#15909,.F.);
#15909 = EDGE_CURVE('',#15910,#15902,#15912,.T.);
#15910 = VERTEX_POINT('',#15911);
#15911 = CARTESIAN_POINT('',(35.562177826491,27.,10.));
#15912 = LINE('',#15913,#15914);
#15913 = CARTESIAN_POINT('',(35.562177826491,27.,10.));
#15914 = VECTOR('',#15915,1.);
#15915 = DIRECTION('',(0.,0.,1.));
#15916 = ORIENTED_EDGE('',*,*,#15917,.F.);
#15917 = EDGE_CURVE('',#15892,#15910,#15918,.T.);
#15918 = LINE('',#15919,#15920);
#15919 = CARTESIAN_POINT('',(35.562177826491,30.,10.));
#15920 = VECTOR('',#15921,1.);
#15921 = DIRECTION('',(0.,-1.,0.));
#15922 = PLANE('',#15923);
#15923 = AXIS2_PLACEMENT_3D('',#15924,#15925,#15926);
#15924 = CARTESIAN_POINT('',(35.562177826491,30.,10.));
#15925 = DIRECTION('',(1.,0.,-0.));
#15926 = DIRECTION('',(0.,-1.,0.));
#15927 = ADVANCED_FACE('',(#15928),#15953,.T.);
#15928 = FACE_BOUND('',#15929,.T.);
#15929 = EDGE_LOOP('',(#15930,#15931,#15939,#15947));
#15930 = ORIENTED_EDGE('',*,*,#15909,.T.);
#15931 = ORIENTED_EDGE('',*,*,#15932,.T.);
#15932 = EDGE_CURVE('',#15902,#15933,#15935,.T.);
#15933 = VERTEX_POINT('',#15934);
#15934 = CARTESIAN_POINT('',(36.562177826491,27.,11.));
#15935 = LINE('',#15936,#15937);
#15936 = CARTESIAN_POINT('',(35.562177826491,27.,11.));
#15937 = VECTOR('',#15938,1.);
#15938 = DIRECTION('',(1.,0.,0.));
#15939 = ORIENTED_EDGE('',*,*,#15940,.F.);
#15940 = EDGE_CURVE('',#15941,#15933,#15943,.T.);
#15941 = VERTEX_POINT('',#15942);
#15942 = CARTESIAN_POINT('',(36.562177826491,27.,10.));
#15943 = LINE('',#15944,#15945);
#15944 = CARTESIAN_POINT('',(36.562177826491,27.,10.));
#15945 = VECTOR('',#15946,1.);
#15946 = DIRECTION('',(0.,0.,1.));
#15947 = ORIENTED_EDGE('',*,*,#15948,.F.);
#15948 = EDGE_CURVE('',#15910,#15941,#15949,.T.);
#15949 = LINE('',#15950,#15951);
#15950 = CARTESIAN_POINT('',(35.562177826491,27.,10.));
#15951 = VECTOR('',#15952,1.);
#15952 = DIRECTION('',(1.,0.,0.));
#15953 = PLANE('',#15954);
#15954 = AXIS2_PLACEMENT_3D('',#15955,#15956,#15957);
#15955 = CARTESIAN_POINT('',(35.562177826491,27.,10.));
#15956 = DIRECTION('',(0.,1.,0.));
#15957 = DIRECTION('',(1.,0.,0.));
#15958 = ADVANCED_FACE('',(#15959),#15984,.T.);
#15959 = FACE_BOUND('',#15960,.T.);
#15960 = EDGE_LOOP('',(#15961,#15962,#15970,#15978));
#15961 = ORIENTED_EDGE('',*,*,#15940,.T.);
#15962 = ORIENTED_EDGE('',*,*,#15963,.T.);
#15963 = EDGE_CURVE('',#15933,#15964,#15966,.T.);
#15964 = VERTEX_POINT('',#15965);
#15965 = CARTESIAN_POINT('',(36.562177826491,30.,11.));
#15966 = LINE('',#15967,#15968);
#15967 = CARTESIAN_POINT('',(36.562177826491,27.,11.));
#15968 = VECTOR('',#15969,1.);
#15969 = DIRECTION('',(0.,1.,0.));
#15970 = ORIENTED_EDGE('',*,*,#15971,.F.);
#15971 = EDGE_CURVE('',#15972,#15964,#15974,.T.);
#15972 = VERTEX_POINT('',#15973);
#15973 = CARTESIAN_POINT('',(36.562177826491,30.,10.));
#15974 = LINE('',#15975,#15976);
#15975 = CARTESIAN_POINT('',(36.562177826491,30.,10.));
#15976 = VECTOR('',#15977,1.);
#15977 = DIRECTION('',(0.,0.,1.));
#15978 = ORIENTED_EDGE('',*,*,#15979,.F.);
#15979 = EDGE_CURVE('',#15941,#15972,#15980,.T.);
#15980 = LINE('',#15981,#15982);
#15981 = CARTESIAN_POINT('',(36.562177826491,27.,10.));
#15982 = VECTOR('',#15983,1.);
#15983 = DIRECTION('',(0.,1.,0.));
#15984 = PLANE('',#15985);
#15985 = AXIS2_PLACEMENT_3D('',#15986,#15987,#15988);
#15986 = CARTESIAN_POINT('',(36.562177826491,27.,10.));
#15987 = DIRECTION('',(-1.,0.,0.));
#15988 = DIRECTION('',(0.,1.,0.));
#15989 = ADVANCED_FACE('',(#15990),#16006,.T.);
#15990 = FACE_BOUND('',#15991,.T.);
#15991 = EDGE_LOOP('',(#15992,#15993,#15999,#16000));
#15992 = ORIENTED_EDGE('',*,*,#15971,.T.);
#15993 = ORIENTED_EDGE('',*,*,#15994,.T.);
#15994 = EDGE_CURVE('',#15964,#15894,#15995,.T.);
#15995 = LINE('',#15996,#15997);
#15996 = CARTESIAN_POINT('',(36.562177826491,30.,11.));
#15997 = VECTOR('',#15998,1.);
#15998 = DIRECTION('',(-1.,0.,0.));
#15999 = ORIENTED_EDGE('',*,*,#15891,.F.);
#16000 = ORIENTED_EDGE('',*,*,#16001,.F.);
#16001 = EDGE_CURVE('',#15972,#15892,#16002,.T.);
#16002 = LINE('',#16003,#16004);
#16003 = CARTESIAN_POINT('',(36.562177826491,30.,10.));
#16004 = VECTOR('',#16005,1.);
#16005 = DIRECTION('',(-1.,0.,0.));
#16006 = PLANE('',#16007);
#16007 = AXIS2_PLACEMENT_3D('',#16008,#16009,#16010);
#16008 = CARTESIAN_POINT('',(36.562177826491,30.,10.));
#16009 = DIRECTION('',(0.,-1.,0.));
#16010 = DIRECTION('',(-1.,0.,0.));
#16011 = ADVANCED_FACE('',(#16012),#16046,.T.);
#16012 = FACE_BOUND('',#16013,.T.);
#16013 = EDGE_LOOP('',(#16014,#16024,#16032,#16040));
#16014 = ORIENTED_EDGE('',*,*,#16015,.T.);
#16015 = EDGE_CURVE('',#16016,#16018,#16020,.T.);
#16016 = VERTEX_POINT('',#16017);
#16017 = CARTESIAN_POINT('',(35.562177826491,26.,10.));
#16018 = VERTEX_POINT('',#16019);
#16019 = CARTESIAN_POINT('',(35.562177826491,26.,11.));
#16020 = LINE('',#16021,#16022);
#16021 = CARTESIAN_POINT('',(35.562177826491,26.,10.));
#16022 = VECTOR('',#16023,1.);
#16023 = DIRECTION('',(0.,0.,1.));
#16024 = ORIENTED_EDGE('',*,*,#16025,.T.);
#16025 = EDGE_CURVE('',#16018,#16026,#16028,.T.);
#16026 = VERTEX_POINT('',#16027);
#16027 = CARTESIAN_POINT('',(35.562177826491,25.,11.));
#16028 = LINE('',#16029,#16030);
#16029 = CARTESIAN_POINT('',(35.562177826491,26.,11.));
#16030 = VECTOR('',#16031,1.);
#16031 = DIRECTION('',(0.,-1.,0.));
#16032 = ORIENTED_EDGE('',*,*,#16033,.F.);
#16033 = EDGE_CURVE('',#16034,#16026,#16036,.T.);
#16034 = VERTEX_POINT('',#16035);
#16035 = CARTESIAN_POINT('',(35.562177826491,25.,10.));
#16036 = LINE('',#16037,#16038);
#16037 = CARTESIAN_POINT('',(35.562177826491,25.,10.));
#16038 = VECTOR('',#16039,1.);
#16039 = DIRECTION('',(0.,0.,1.));
#16040 = ORIENTED_EDGE('',*,*,#16041,.F.);
#16041 = EDGE_CURVE('',#16016,#16034,#16042,.T.);
#16042 = LINE('',#16043,#16044);
#16043 = CARTESIAN_POINT('',(35.562177826491,26.,10.));
#16044 = VECTOR('',#16045,1.);
#16045 = DIRECTION('',(0.,-1.,0.));
#16046 = PLANE('',#16047);
#16047 = AXIS2_PLACEMENT_3D('',#16048,#16049,#16050);
#16048 = CARTESIAN_POINT('',(35.562177826491,26.,10.));
#16049 = DIRECTION('',(1.,0.,-0.));
#16050 = DIRECTION('',(0.,-1.,0.));
#16051 = ADVANCED_FACE('',(#16052),#16077,.T.);
#16052 = FACE_BOUND('',#16053,.T.);
#16053 = EDGE_LOOP('',(#16054,#16055,#16063,#16071));
#16054 = ORIENTED_EDGE('',*,*,#16033,.T.);
#16055 = ORIENTED_EDGE('',*,*,#16056,.T.);
#16056 = EDGE_CURVE('',#16026,#16057,#16059,.T.);
#16057 = VERTEX_POINT('',#16058);
#16058 = CARTESIAN_POINT('',(36.562177826491,25.,11.));
#16059 = LINE('',#16060,#16061);
#16060 = CARTESIAN_POINT('',(35.562177826491,25.,11.));
#16061 = VECTOR('',#16062,1.);
#16062 = DIRECTION('',(1.,0.,0.));
#16063 = ORIENTED_EDGE('',*,*,#16064,.F.);
#16064 = EDGE_CURVE('',#16065,#16057,#16067,.T.);
#16065 = VERTEX_POINT('',#16066);
#16066 = CARTESIAN_POINT('',(36.562177826491,25.,10.));
#16067 = LINE('',#16068,#16069);
#16068 = CARTESIAN_POINT('',(36.562177826491,25.,10.));
#16069 = VECTOR('',#16070,1.);
#16070 = DIRECTION('',(0.,0.,1.));
#16071 = ORIENTED_EDGE('',*,*,#16072,.F.);
#16072 = EDGE_CURVE('',#16034,#16065,#16073,.T.);
#16073 = LINE('',#16074,#16075);
#16074 = CARTESIAN_POINT('',(35.562177826491,25.,10.));
#16075 = VECTOR('',#16076,1.);
#16076 = DIRECTION('',(1.,0.,0.));
#16077 = PLANE('',#16078);
#16078 = AXIS2_PLACEMENT_3D('',#16079,#16080,#16081);
#16079 = CARTESIAN_POINT('',(35.562177826491,25.,10.));
#16080 = DIRECTION('',(0.,1.,0.));
#16081 = DIRECTION('',(1.,0.,0.));
#16082 = ADVANCED_FACE('',(#16083),#16108,.T.);
#16083 = FACE_BOUND('',#16084,.T.);
#16084 = EDGE_LOOP('',(#16085,#16086,#16094,#16102));
#16085 = ORIENTED_EDGE('',*,*,#16064,.T.);
#16086 = ORIENTED_EDGE('',*,*,#16087,.T.);
#16087 = EDGE_CURVE('',#16057,#16088,#16090,.T.);
#16088 = VERTEX_POINT('',#16089);
#16089 = CARTESIAN_POINT('',(36.562177826491,26.,11.));
#16090 = LINE('',#16091,#16092);
#16091 = CARTESIAN_POINT('',(36.562177826491,25.,11.));
#16092 = VECTOR('',#16093,1.);
#16093 = DIRECTION('',(0.,1.,0.));
#16094 = ORIENTED_EDGE('',*,*,#16095,.F.);
#16095 = EDGE_CURVE('',#16096,#16088,#16098,.T.);
#16096 = VERTEX_POINT('',#16097);
#16097 = CARTESIAN_POINT('',(36.562177826491,26.,10.));
#16098 = LINE('',#16099,#16100);
#16099 = CARTESIAN_POINT('',(36.562177826491,26.,10.));
#16100 = VECTOR('',#16101,1.);
#16101 = DIRECTION('',(0.,0.,1.));
#16102 = ORIENTED_EDGE('',*,*,#16103,.F.);
#16103 = EDGE_CURVE('',#16065,#16096,#16104,.T.);
#16104 = LINE('',#16105,#16106);
#16105 = CARTESIAN_POINT('',(36.562177826491,25.,10.));
#16106 = VECTOR('',#16107,1.);
#16107 = DIRECTION('',(0.,1.,0.));
#16108 = PLANE('',#16109);
#16109 = AXIS2_PLACEMENT_3D('',#16110,#16111,#16112);
#16110 = CARTESIAN_POINT('',(36.562177826491,25.,10.));
#16111 = DIRECTION('',(-1.,0.,0.));
#16112 = DIRECTION('',(0.,1.,0.));
#16113 = ADVANCED_FACE('',(#16114),#16130,.T.);
#16114 = FACE_BOUND('',#16115,.T.);
#16115 = EDGE_LOOP('',(#16116,#16117,#16123,#16124));
#16116 = ORIENTED_EDGE('',*,*,#16095,.T.);
#16117 = ORIENTED_EDGE('',*,*,#16118,.T.);
#16118 = EDGE_CURVE('',#16088,#16018,#16119,.T.);
#16119 = LINE('',#16120,#16121);
#16120 = CARTESIAN_POINT('',(36.562177826491,26.,11.));
#16121 = VECTOR('',#16122,1.);
#16122 = DIRECTION('',(-1.,0.,0.));
#16123 = ORIENTED_EDGE('',*,*,#16015,.F.);
#16124 = ORIENTED_EDGE('',*,*,#16125,.F.);
#16125 = EDGE_CURVE('',#16096,#16016,#16126,.T.);
#16126 = LINE('',#16127,#16128);
#16127 = CARTESIAN_POINT('',(36.562177826491,26.,10.));
#16128 = VECTOR('',#16129,1.);
#16129 = DIRECTION('',(-1.,0.,0.));
#16130 = PLANE('',#16131);
#16131 = AXIS2_PLACEMENT_3D('',#16132,#16133,#16134);
#16132 = CARTESIAN_POINT('',(36.562177826491,26.,10.));
#16133 = DIRECTION('',(0.,-1.,0.));
#16134 = DIRECTION('',(-1.,0.,0.));
#16135 = ADVANCED_FACE('',(#16136,#16141,#16147),#16153,.F.);
#16136 = FACE_BOUND('',#16137,.F.);
#16137 = EDGE_LOOP('',(#16138,#16139,#16140));
#16138 = ORIENTED_EDGE('',*,*,#15824,.T.);
#16139 = ORIENTED_EDGE('',*,*,#15855,.T.);
#16140 = ORIENTED_EDGE('',*,*,#15877,.T.);
#16141 = FACE_BOUND('',#16142,.T.);
#16142 = EDGE_LOOP('',(#16143,#16144,#16145,#16146));
#16143 = ORIENTED_EDGE('',*,*,#15917,.T.);
#16144 = ORIENTED_EDGE('',*,*,#15948,.T.);
#16145 = ORIENTED_EDGE('',*,*,#15979,.T.);
#16146 = ORIENTED_EDGE('',*,*,#16001,.T.);
#16147 = FACE_BOUND('',#16148,.T.);
#16148 = EDGE_LOOP('',(#16149,#16150,#16151,#16152));
#16149 = ORIENTED_EDGE('',*,*,#16041,.T.);
#16150 = ORIENTED_EDGE('',*,*,#16072,.T.);
#16151 = ORIENTED_EDGE('',*,*,#16103,.T.);
#16152 = ORIENTED_EDGE('',*,*,#16125,.T.);
#16153 = PLANE('',#16154);
#16154 = AXIS2_PLACEMENT_3D('',#16155,#16156,#16157);
#16155 = CARTESIAN_POINT('',(36.062177826491,26.748071928335,10.));
#16156 = DIRECTION('',(0.,0.,1.));
#16157 = DIRECTION('',(1.,0.,0.));
#16158 = ADVANCED_FACE('',(#16159,#16164,#16170),#16176,.T.);
#16159 = FACE_BOUND('',#16160,.T.);
#16160 = EDGE_LOOP('',(#16161,#16162,#16163));
#16161 = ORIENTED_EDGE('',*,*,#15808,.T.);
#16162 = ORIENTED_EDGE('',*,*,#15839,.T.);
#16163 = ORIENTED_EDGE('',*,*,#15870,.T.);
#16164 = FACE_BOUND('',#16165,.F.);
#16165 = EDGE_LOOP('',(#16166,#16167,#16168,#16169));
#16166 = ORIENTED_EDGE('',*,*,#15901,.T.);
#16167 = ORIENTED_EDGE('',*,*,#15932,.T.);
#16168 = ORIENTED_EDGE('',*,*,#15963,.T.);
#16169 = ORIENTED_EDGE('',*,*,#15994,.T.);
#16170 = FACE_BOUND('',#16171,.F.);
#16171 = EDGE_LOOP('',(#16172,#16173,#16174,#16175));
#16172 = ORIENTED_EDGE('',*,*,#16025,.T.);
#16173 = ORIENTED_EDGE('',*,*,#16056,.T.);
#16174 = ORIENTED_EDGE('',*,*,#16087,.T.);
#16175 = ORIENTED_EDGE('',*,*,#16118,.T.);
#16176 = PLANE('',#16177);
#16177 = AXIS2_PLACEMENT_3D('',#16178,#16179,#16180);
#16178 = CARTESIAN_POINT('',(36.062177826491,26.748071928335,11.));
#16179 = DIRECTION('',(0.,0.,1.));
#16180 = DIRECTION('',(1.,0.,0.));
#16181 = ( GEOMETRIC_REPRESENTATION_CONTEXT(3) 
GLOBAL_UNCERTAINTY_ASSIGNED_CONTEXT((#16185)) 
GLOBAL_UNIT_ASSIGNED_CONTEXT((#16182,#16183,#16184)) 
REPRESENTATION_CONTEXT('Context #1',
  '3D Context with UNIT and UNCERTAINTY') );
#16182 = ( LENGTH_UNIT() NAMED_UNIT(*) SI_UNIT(.MILLI.,.METRE.) );
#16183 = ( NAMED_UNIT(*) PLANE_ANGLE_UNIT() SI_UNIT($,.RADIAN.) );
#16184 = ( NAMED_UNIT(*) SI_UNIT($,.STERADIAN.) SOLID_ANGLE_UNIT() );
#16185 = UNCERTAINTY_MEASURE_WITH_UNIT(LENGTH_MEASURE(1.E-07),#16182,
  'distance_accuracy_value','confusion accuracy');
#16186 = CONTEXT_DEPENDENT_SHAPE_REPRESENTATION(#16187,#16189);
#16187 = ( REPRESENTATION_RELATIONSHIP('','',#15791,#10) 
REPRESENTATION_RELATIONSHIP_WITH_TRANSFORMATION(#16188) 
SHAPE_REPRESENTATION_RELATIONSHIP() );
#16188 = ITEM_DEFINED_TRANSFORMATION('','',#11,#63);
#16189 = PRODUCT_DEFINITION_SHAPE('Placement','Placement of an item',
  #16190);
#16190 = NEXT_ASSEMBLY_USAGE_OCCURRENCE('25','Pad004','',#5,#15786,$);
#16191 = PRODUCT_RELATED_PRODUCT_CATEGORY('part',$,(#15788));
#16192 = SHAPE_DEFINITION_REPRESENTATION(#16193,#16199);
#16193 = PRODUCT_DEFINITION_SHAPE('','',#16194);
#16194 = PRODUCT_DEFINITION('design','',#16195,#16198);
#16195 = PRODUCT_DEFINITION_FORMATION('','',#16196);
#16196 = PRODUCT('ShapeString','ShapeString','',(#16197));
#16197 = PRODUCT_CONTEXT('',#2,'mechanical');
#16198 = PRODUCT_DEFINITION_CONTEXT('part definition',#2,'design');
#16199 = SHAPE_REPRESENTATION('',(#11,#16200,#16300,#16422,#16496,#16602
    ,#16742,#16938,#17044,#17134,#17240,#17364,#17486,#17720),#17826);
#16200 = SHELL_BASED_SURFACE_MODEL('',(#16201));
#16201 = OPEN_SHELL('',(#16202));
#16202 = ADVANCED_FACE('',(#16203,#16269),#16295,.T.);
#16203 = FACE_BOUND('',#16204,.T.);
#16204 = EDGE_LOOP('',(#16205,#16215,#16223,#16231,#16239,#16247,#16255,
    #16263));
#16205 = ORIENTED_EDGE('',*,*,#16206,.F.);
#16206 = EDGE_CURVE('',#16207,#16209,#16211,.T.);
#16207 = VERTEX_POINT('',#16208);
#16208 = CARTESIAN_POINT('',(1.619196428571,6.,0.));
#16209 = VERTEX_POINT('',#16210);
#16210 = CARTESIAN_POINT('',(3.069642857143,6.,0.));
#16211 = LINE('',#16212,#16213);
#16212 = CARTESIAN_POINT('',(1.619196428571,6.,0.));
#16213 = VECTOR('',#16214,1.);
#16214 = DIRECTION('',(1.,0.,0.));
#16215 = ORIENTED_EDGE('',*,*,#16216,.F.);
#16216 = EDGE_CURVE('',#16217,#16207,#16219,.T.);
#16217 = VERTEX_POINT('',#16218);
#16218 = CARTESIAN_POINT('',(0.,0.,0.));
#16219 = LINE('',#16220,#16221);
#16220 = CARTESIAN_POINT('',(-3.053113317719E-16,0.,0.));
#16221 = VECTOR('',#16222,1.);
#16222 = DIRECTION('',(0.260545333068,0.965461614678,0.));
#16223 = ORIENTED_EDGE('',*,*,#16224,.F.);
#16224 = EDGE_CURVE('',#16225,#16217,#16227,.T.);
#16225 = VERTEX_POINT('',#16226);
#16226 = CARTESIAN_POINT('',(1.185267857143,0.,0.));
#16227 = LINE('',#16228,#16229);
#16228 = CARTESIAN_POINT('',(1.185267857143,0.,0.));
#16229 = VECTOR('',#16230,1.);
#16230 = DIRECTION('',(-1.,0.,0.));
#16231 = ORIENTED_EDGE('',*,*,#16232,.F.);
#16232 = EDGE_CURVE('',#16233,#16225,#16235,.T.);
#16233 = VERTEX_POINT('',#16234);
#16234 = CARTESIAN_POINT('',(1.546875,1.474285714286,0.));
#16235 = LINE('',#16236,#16237);
#16236 = CARTESIAN_POINT('',(1.546875,1.474285714286,0.));
#16237 = VECTOR('',#16238,1.);
#16238 = DIRECTION('',(-0.238215246964,-0.971212384658,0.));
#16239 = ORIENTED_EDGE('',*,*,#16240,.F.);
#16240 = EDGE_CURVE('',#16241,#16233,#16243,.T.);
#16241 = VERTEX_POINT('',#16242);
#16242 = CARTESIAN_POINT('',(3.133928571429,1.474285714286,0.));
#16243 = LINE('',#16244,#16245);
#16244 = CARTESIAN_POINT('',(3.133928571429,1.474285714286,0.));
#16245 = VECTOR('',#16246,1.);
#16246 = DIRECTION('',(-1.,0.,0.));
#16247 = ORIENTED_EDGE('',*,*,#16248,.F.);
#16248 = EDGE_CURVE('',#16249,#16241,#16251,.T.);
#16249 = VERTEX_POINT('',#16250);
#16250 = CARTESIAN_POINT('',(3.503571428571,0.,0.));
#16251 = LINE('',#16252,#16253);
#16252 = CARTESIAN_POINT('',(3.503571428571,0.,0.));
#16253 = VECTOR('',#16254,1.);
#16254 = DIRECTION('',(-0.243199026877,0.969976408644,0.));
#16255 = ORIENTED_EDGE('',*,*,#16256,.F.);
#16256 = EDGE_CURVE('',#16257,#16249,#16259,.T.);
#16257 = VERTEX_POINT('',#16258);
#16258 = CARTESIAN_POINT('',(4.688839285714,0.,0.));
#16259 = LINE('',#16260,#16261);
#16260 = CARTESIAN_POINT('',(4.688839285714,0.,0.));
#16261 = VECTOR('',#16262,1.);
#16262 = DIRECTION('',(-1.,0.,0.));
#16263 = ORIENTED_EDGE('',*,*,#16264,.F.);
#16264 = EDGE_CURVE('',#16209,#16257,#16265,.T.);
#16265 = LINE('',#16266,#16267);
#16266 = CARTESIAN_POINT('',(3.069642857143,6.,0.));
#16267 = VECTOR('',#16268,1.);
#16268 = DIRECTION('',(0.260545333068,-0.965461614678,0.));
#16269 = FACE_BOUND('',#16270,.T.);
#16270 = EDGE_LOOP('',(#16271,#16281,#16289));
#16271 = ORIENTED_EDGE('',*,*,#16272,.F.);
#16272 = EDGE_CURVE('',#16273,#16275,#16277,.T.);
#16273 = VERTEX_POINT('',#16274);
#16274 = CARTESIAN_POINT('',(2.342410714286,4.9125,0.));
#16275 = VERTEX_POINT('',#16276);
#16276 = CARTESIAN_POINT('',(1.783928571429,2.451428571429,0.));
#16277 = LINE('',#16278,#16279);
#16278 = CARTESIAN_POINT('',(2.342410714286,4.9125,0.));
#16279 = VECTOR('',#16280,1.);
#16280 = DIRECTION('',(-0.221299963537,-0.975205786559,0.));
#16281 = ORIENTED_EDGE('',*,*,#16282,.F.);
#16282 = EDGE_CURVE('',#16283,#16273,#16285,.T.);
#16283 = VERTEX_POINT('',#16284);
#16284 = CARTESIAN_POINT('',(2.904910714286,2.451428571429,0.));
#16285 = LINE('',#16286,#16287);
#16286 = CARTESIAN_POINT('',(2.904910714286,2.451428571429,0.));
#16287 = VECTOR('',#16288,1.);
#16288 = DIRECTION('',(-0.222813277655,0.974861140522,0.));
#16289 = ORIENTED_EDGE('',*,*,#16290,.F.);
#16290 = EDGE_CURVE('',#16275,#16283,#16291,.T.);
#16291 = LINE('',#16292,#16293);
#16292 = CARTESIAN_POINT('',(1.783928571429,2.451428571429,0.));
#16293 = VECTOR('',#16294,1.);
#16294 = DIRECTION('',(1.,0.,0.));
#16295 = PLANE('',#16296);
#16296 = AXIS2_PLACEMENT_3D('',#16297,#16298,#16299);
#16297 = CARTESIAN_POINT('',(2.34384977718,2.658773483698,0.));
#16298 = DIRECTION('',(0.,0.,1.));
#16299 = DIRECTION('',(1.,0.,0.));
#16300 = SHELL_BASED_SURFACE_MODEL('',(#16301));
#16301 = OPEN_SHELL('',(#16302));
#16302 = ADVANCED_FACE('',(#16303),#16417,.T.);
#16303 = FACE_BOUND('',#16304,.T.);
#16304 = EDGE_LOOP('',(#16305,#16315,#16323,#16331,#16339,#16347,#16355,
    #16363,#16371,#16379,#16387,#16395,#16403,#16411));
#16305 = ORIENTED_EDGE('',*,*,#16306,.F.);
#16306 = EDGE_CURVE('',#16307,#16309,#16311,.T.);
#16307 = VERTEX_POINT('',#16308);
#16308 = CARTESIAN_POINT('',(5.247589285714,2.217053571429,0.));
#16309 = VERTEX_POINT('',#16310);
#16310 = CARTESIAN_POINT('',(5.247589285714,6.,0.));
#16311 = LINE('',#16312,#16313);
#16312 = CARTESIAN_POINT('',(5.247589285714,2.217053571429,0.));
#16313 = VECTOR('',#16314,1.);
#16314 = DIRECTION('',(0.,1.,0.));
#16315 = ORIENTED_EDGE('',*,*,#16316,.F.);
#16316 = EDGE_CURVE('',#16317,#16307,#16319,.T.);
#16317 = VERTEX_POINT('',#16318);
#16318 = CARTESIAN_POINT('',(5.735625,0.436071428571,0.));
#16319 = B_SPLINE_CURVE_WITH_KNOTS('',2,(#16320,#16321,#16322),
  .UNSPECIFIED.,.F.,.F.,(3,3),(0.,1.),.PIECEWISE_BEZIER_KNOTS.);
#16320 = CARTESIAN_POINT('',(5.735625,0.436071428571,0.));
#16321 = CARTESIAN_POINT('',(5.247589285714,0.992142857143,0.));
#16322 = CARTESIAN_POINT('',(5.247589285714,2.217053571429,0.));
#16323 = ORIENTED_EDGE('',*,*,#16324,.F.);
#16324 = EDGE_CURVE('',#16325,#16317,#16327,.T.);
#16325 = VERTEX_POINT('',#16326);
#16326 = CARTESIAN_POINT('',(7.296696428571,-0.12,0.));
#16327 = B_SPLINE_CURVE_WITH_KNOTS('',2,(#16328,#16329,#16330),
  .UNSPECIFIED.,.F.,.F.,(3,3),(0.,1.),.PIECEWISE_BEZIER_KNOTS.);
#16328 = CARTESIAN_POINT('',(7.296696428571,-0.12,0.));
#16329 = CARTESIAN_POINT('',(6.223928571429,-0.12,0.));
#16330 = CARTESIAN_POINT('',(5.735625,0.436071428571,0.));
#16331 = ORIENTED_EDGE('',*,*,#16332,.F.);
#16332 = EDGE_CURVE('',#16333,#16325,#16335,.T.);
#16333 = VERTEX_POINT('',#16334);
#16334 = CARTESIAN_POINT('',(8.859642857143,0.436071428571,0.));
#16335 = B_SPLINE_CURVE_WITH_KNOTS('',2,(#16336,#16337,#16338),
  .UNSPECIFIED.,.F.,.F.,(3,3),(0.,1.),.PIECEWISE_BEZIER_KNOTS.);
#16336 = CARTESIAN_POINT('',(8.859642857143,0.436071428571,0.));
#16337 = CARTESIAN_POINT('',(8.373482142857,-0.12,0.));
#16338 = CARTESIAN_POINT('',(7.296696428571,-0.12,0.));
#16339 = ORIENTED_EDGE('',*,*,#16340,.F.);
#16340 = EDGE_CURVE('',#16341,#16333,#16343,.T.);
#16341 = VERTEX_POINT('',#16342);
#16342 = CARTESIAN_POINT('',(9.345803571429,2.217053571429,0.));
#16343 = B_SPLINE_CURVE_WITH_KNOTS('',2,(#16344,#16345,#16346),
  .UNSPECIFIED.,.F.,.F.,(3,3),(0.,1.),.PIECEWISE_BEZIER_KNOTS.);
#16344 = CARTESIAN_POINT('',(9.345803571429,2.217053571429,0.));
#16345 = CARTESIAN_POINT('',(9.345803571429,0.992142857143,0.));
#16346 = CARTESIAN_POINT('',(8.859642857143,0.436071428571,0.));
#16347 = ORIENTED_EDGE('',*,*,#16348,.F.);
#16348 = EDGE_CURVE('',#16349,#16341,#16351,.T.);
#16349 = VERTEX_POINT('',#16350);
#16350 = CARTESIAN_POINT('',(9.345803571429,6.,0.));
#16351 = LINE('',#16352,#16353);
#16352 = CARTESIAN_POINT('',(9.345803571429,6.,0.));
#16353 = VECTOR('',#16354,1.);
#16354 = DIRECTION('',(0.,-1.,0.));
#16355 = ORIENTED_EDGE('',*,*,#16356,.F.);
#16356 = EDGE_CURVE('',#16357,#16349,#16359,.T.);
#16357 = VERTEX_POINT('',#16358);
#16358 = CARTESIAN_POINT('',(8.160535714286,6.,0.));
#16359 = LINE('',#16360,#16361);
#16360 = CARTESIAN_POINT('',(8.160535714286,6.,0.));
#16361 = VECTOR('',#16362,1.);
#16362 = DIRECTION('',(1.,0.,0.));
#16363 = ORIENTED_EDGE('',*,*,#16364,.F.);
#16364 = EDGE_CURVE('',#16365,#16357,#16367,.T.);
#16365 = VERTEX_POINT('',#16366);
#16366 = CARTESIAN_POINT('',(8.160535714286,1.919732142857,0.));
#16367 = LINE('',#16368,#16369);
#16368 = CARTESIAN_POINT('',(8.160535714286,1.919732142857,0.));
#16369 = VECTOR('',#16370,1.);
#16370 = DIRECTION('',(0.,1.,0.));
#16371 = ORIENTED_EDGE('',*,*,#16372,.F.);
#16372 = EDGE_CURVE('',#16373,#16365,#16375,.T.);
#16373 = VERTEX_POINT('',#16374);
#16374 = CARTESIAN_POINT('',(7.931517857143,1.215,0.));
#16375 = B_SPLINE_CURVE_WITH_KNOTS('',2,(#16376,#16377,#16378),
  .UNSPECIFIED.,.F.,.F.,(3,3),(0.,1.),.PIECEWISE_BEZIER_KNOTS.);
#16376 = CARTESIAN_POINT('',(7.931517857143,1.215,0.));
#16377 = CARTESIAN_POINT('',(8.160535714286,1.47,0.));
#16378 = CARTESIAN_POINT('',(8.160535714286,1.919732142857,0.));
#16379 = ORIENTED_EDGE('',*,*,#16380,.F.);
#16380 = EDGE_CURVE('',#16381,#16373,#16383,.T.);
#16381 = VERTEX_POINT('',#16382);
#16382 = CARTESIAN_POINT('',(7.296696428571,0.96,0.));
#16383 = B_SPLINE_CURVE_WITH_KNOTS('',2,(#16384,#16385,#16386),
  .UNSPECIFIED.,.F.,.F.,(3,3),(0.,1.),.PIECEWISE_BEZIER_KNOTS.);
#16384 = CARTESIAN_POINT('',(7.296696428571,0.96,0.));
#16385 = CARTESIAN_POINT('',(7.7025,0.96,0.));
#16386 = CARTESIAN_POINT('',(7.931517857143,1.215,0.));
#16387 = ORIENTED_EDGE('',*,*,#16388,.F.);
#16388 = EDGE_CURVE('',#16389,#16381,#16391,.T.);
#16389 = VERTEX_POINT('',#16390);
#16390 = CARTESIAN_POINT('',(6.661875,1.215,0.));
#16391 = B_SPLINE_CURVE_WITH_KNOTS('',2,(#16392,#16393,#16394),
  .UNSPECIFIED.,.F.,.F.,(3,3),(0.,1.),.PIECEWISE_BEZIER_KNOTS.);
#16392 = CARTESIAN_POINT('',(6.661875,1.215,0.));
#16393 = CARTESIAN_POINT('',(6.890892857143,0.96,0.));
#16394 = CARTESIAN_POINT('',(7.296696428571,0.96,0.));
#16395 = ORIENTED_EDGE('',*,*,#16396,.F.);
#16396 = EDGE_CURVE('',#16397,#16389,#16399,.T.);
#16397 = VERTEX_POINT('',#16398);
#16398 = CARTESIAN_POINT('',(6.432857142857,1.919732142857,0.));
#16399 = B_SPLINE_CURVE_WITH_KNOTS('',2,(#16400,#16401,#16402),
  .UNSPECIFIED.,.F.,.F.,(3,3),(0.,1.),.PIECEWISE_BEZIER_KNOTS.);
#16400 = CARTESIAN_POINT('',(6.432857142857,1.919732142857,0.));
#16401 = CARTESIAN_POINT('',(6.432857142857,1.47,0.));
#16402 = CARTESIAN_POINT('',(6.661875,1.215,0.));
#16403 = ORIENTED_EDGE('',*,*,#16404,.F.);
#16404 = EDGE_CURVE('',#16405,#16397,#16407,.T.);
#16405 = VERTEX_POINT('',#16406);
#16406 = CARTESIAN_POINT('',(6.432857142857,6.,0.));
#16407 = LINE('',#16408,#16409);
#16408 = CARTESIAN_POINT('',(6.432857142857,6.,0.));
#16409 = VECTOR('',#16410,1.);
#16410 = DIRECTION('',(0.,-1.,0.));
#16411 = ORIENTED_EDGE('',*,*,#16412,.F.);
#16412 = EDGE_CURVE('',#16309,#16405,#16413,.T.);
#16413 = LINE('',#16414,#16415);
#16414 = CARTESIAN_POINT('',(5.247589285714,6.,0.));
#16415 = VECTOR('',#16416,1.);
#16416 = DIRECTION('',(1.,0.,0.));
#16417 = PLANE('',#16418);
#16418 = AXIS2_PLACEMENT_3D('',#16419,#16420,#16421);
#16419 = CARTESIAN_POINT('',(7.296814025919,3.075670431225,0.));
#16420 = DIRECTION('',(0.,0.,1.));
#16421 = DIRECTION('',(1.,0.,0.));
#16422 = SHELL_BASED_SURFACE_MODEL('',(#16423));
#16423 = OPEN_SHELL('',(#16424));
#16424 = ADVANCED_FACE('',(#16425),#16491,.T.);
#16425 = FACE_BOUND('',#16426,.T.);
#16426 = EDGE_LOOP('',(#16427,#16437,#16445,#16453,#16461,#16469,#16477,
    #16485));
#16427 = ORIENTED_EDGE('',*,*,#16428,.F.);
#16428 = EDGE_CURVE('',#16429,#16431,#16433,.T.);
#16429 = VERTEX_POINT('',#16430);
#16430 = CARTESIAN_POINT('',(12.845625,0.,0.));
#16431 = VERTEX_POINT('',#16432);
#16432 = CARTESIAN_POINT('',(11.660357142857,0.,0.));
#16433 = LINE('',#16434,#16435);
#16434 = CARTESIAN_POINT('',(12.845625,0.,0.));
#16435 = VECTOR('',#16436,1.);
#16436 = DIRECTION('',(-1.,0.,0.));
#16437 = ORIENTED_EDGE('',*,*,#16438,.F.);
#16438 = EDGE_CURVE('',#16439,#16429,#16441,.T.);
#16439 = VERTEX_POINT('',#16440);
#16440 = CARTESIAN_POINT('',(12.845625,4.971428571429,0.));
#16441 = LINE('',#16442,#16443);
#16442 = CARTESIAN_POINT('',(12.845625,4.971428571429,0.));
#16443 = VECTOR('',#16444,1.);
#16444 = DIRECTION('',(0.,-1.,0.));
#16445 = ORIENTED_EDGE('',*,*,#16446,.F.);
#16446 = EDGE_CURVE('',#16447,#16439,#16449,.T.);
#16447 = VERTEX_POINT('',#16448);
#16448 = CARTESIAN_POINT('',(14.368392857143,4.971428571429,0.));
#16449 = LINE('',#16450,#16451);
#16450 = CARTESIAN_POINT('',(14.368392857143,4.971428571429,0.));
#16451 = VECTOR('',#16452,1.);
#16452 = DIRECTION('',(-1.,0.,0.));
#16453 = ORIENTED_EDGE('',*,*,#16454,.F.);
#16454 = EDGE_CURVE('',#16455,#16447,#16457,.T.);
#16455 = VERTEX_POINT('',#16456);
#16456 = CARTESIAN_POINT('',(14.368392857143,6.,0.));
#16457 = LINE('',#16458,#16459);
#16458 = CARTESIAN_POINT('',(14.368392857143,6.,0.));
#16459 = VECTOR('',#16460,1.);
#16460 = DIRECTION('',(0.,-1.,0.));
#16461 = ORIENTED_EDGE('',*,*,#16462,.F.);
#16462 = EDGE_CURVE('',#16463,#16455,#16465,.T.);
#16463 = VERTEX_POINT('',#16464);
#16464 = CARTESIAN_POINT('',(10.137589285714,6.,0.));
#16465 = LINE('',#16466,#16467);
#16466 = CARTESIAN_POINT('',(10.137589285714,6.,0.));
#16467 = VECTOR('',#16468,1.);
#16468 = DIRECTION('',(1.,0.,0.));
#16469 = ORIENTED_EDGE('',*,*,#16470,.F.);
#16470 = EDGE_CURVE('',#16471,#16463,#16473,.T.);
#16471 = VERTEX_POINT('',#16472);
#16472 = CARTESIAN_POINT('',(10.137589285714,4.971428571429,0.));
#16473 = LINE('',#16474,#16475);
#16474 = CARTESIAN_POINT('',(10.137589285714,4.971428571429,0.));
#16475 = VECTOR('',#16476,1.);
#16476 = DIRECTION('',(0.,1.,0.));
#16477 = ORIENTED_EDGE('',*,*,#16478,.F.);
#16478 = EDGE_CURVE('',#16479,#16471,#16481,.T.);
#16479 = VERTEX_POINT('',#16480);
#16480 = CARTESIAN_POINT('',(11.660357142857,4.971428571429,0.));
#16481 = LINE('',#16482,#16483);
#16482 = CARTESIAN_POINT('',(11.660357142857,4.971428571429,0.));
#16483 = VECTOR('',#16484,1.);
#16484 = DIRECTION('',(-1.,0.,0.));
#16485 = ORIENTED_EDGE('',*,*,#16486,.F.);
#16486 = EDGE_CURVE('',#16431,#16479,#16487,.T.);
#16487 = LINE('',#16488,#16489);
#16488 = CARTESIAN_POINT('',(11.660357142857,0.,0.));
#16489 = VECTOR('',#16490,1.);
#16490 = DIRECTION('',(0.,1.,0.));
#16491 = PLANE('',#16492);
#16492 = AXIS2_PLACEMENT_3D('',#16493,#16494,#16495);
#16493 = CARTESIAN_POINT('',(12.252991071429,3.739954743515,0.));
#16494 = DIRECTION('',(0.,0.,1.));
#16495 = DIRECTION('',(1.,0.,0.));
#16496 = SHELL_BASED_SURFACE_MODEL('',(#16497));
#16497 = OPEN_SHELL('',(#16498));
#16498 = ADVANCED_FACE('',(#16499),#16597,.T.);
#16499 = FACE_BOUND('',#16500,.T.);
#16500 = EDGE_LOOP('',(#16501,#16511,#16519,#16527,#16535,#16543,#16551,
    #16559,#16567,#16575,#16583,#16591));
#16501 = ORIENTED_EDGE('',*,*,#16502,.F.);
#16502 = EDGE_CURVE('',#16503,#16505,#16507,.T.);
#16503 = VERTEX_POINT('',#16504);
#16504 = CARTESIAN_POINT('',(15.280714285714,6.,0.));
#16505 = VERTEX_POINT('',#16506);
#16506 = CARTESIAN_POINT('',(16.465982142857,6.,0.));
#16507 = LINE('',#16508,#16509);
#16508 = CARTESIAN_POINT('',(15.280714285714,6.,0.));
#16509 = VECTOR('',#16510,1.);
#16510 = DIRECTION('',(1.,0.,0.));
#16511 = ORIENTED_EDGE('',*,*,#16512,.F.);
#16512 = EDGE_CURVE('',#16513,#16503,#16515,.T.);
#16513 = VERTEX_POINT('',#16514);
#16514 = CARTESIAN_POINT('',(15.280714285714,0.,0.));
#16515 = LINE('',#16516,#16517);
#16516 = CARTESIAN_POINT('',(15.280714285714,0.,0.));
#16517 = VECTOR('',#16518,1.);
#16518 = DIRECTION('',(0.,1.,0.));
#16519 = ORIENTED_EDGE('',*,*,#16520,.F.);
#16520 = EDGE_CURVE('',#16521,#16513,#16523,.T.);
#16521 = VERTEX_POINT('',#16522);
#16522 = CARTESIAN_POINT('',(16.465982142857,0.,0.));
#16523 = LINE('',#16524,#16525);
#16524 = CARTESIAN_POINT('',(16.465982142857,0.,0.));
#16525 = VECTOR('',#16526,1.);
#16526 = DIRECTION('',(-1.,0.,0.));
#16527 = ORIENTED_EDGE('',*,*,#16528,.F.);
#16528 = EDGE_CURVE('',#16529,#16521,#16531,.T.);
#16529 = VERTEX_POINT('',#16530);
#16530 = CARTESIAN_POINT('',(16.465982142857,2.674285714286,0.));
#16531 = LINE('',#16532,#16533);
#16532 = CARTESIAN_POINT('',(16.465982142857,2.674285714286,0.));
#16533 = VECTOR('',#16534,1.);
#16534 = DIRECTION('',(0.,-1.,0.));
#16535 = ORIENTED_EDGE('',*,*,#16536,.F.);
#16536 = EDGE_CURVE('',#16537,#16529,#16539,.T.);
#16537 = VERTEX_POINT('',#16538);
#16538 = CARTESIAN_POINT('',(17.948571428571,2.674285714286,0.));
#16539 = LINE('',#16540,#16541);
#16540 = CARTESIAN_POINT('',(17.948571428571,2.674285714286,0.));
#16541 = VECTOR('',#16542,1.);
#16542 = DIRECTION('',(-1.,0.,0.));
#16543 = ORIENTED_EDGE('',*,*,#16544,.F.);
#16544 = EDGE_CURVE('',#16545,#16537,#16547,.T.);
#16545 = VERTEX_POINT('',#16546);
#16546 = CARTESIAN_POINT('',(17.948571428571,0.,0.));
#16547 = LINE('',#16548,#16549);
#16548 = CARTESIAN_POINT('',(17.948571428571,0.,0.));
#16549 = VECTOR('',#16550,1.);
#16550 = DIRECTION('',(0.,1.,0.));
#16551 = ORIENTED_EDGE('',*,*,#16552,.F.);
#16552 = EDGE_CURVE('',#16553,#16545,#16555,.T.);
#16553 = VERTEX_POINT('',#16554);
#16554 = CARTESIAN_POINT('',(19.133839285714,0.,0.));
#16555 = LINE('',#16556,#16557);
#16556 = CARTESIAN_POINT('',(19.133839285714,0.,0.));
#16557 = VECTOR('',#16558,1.);
#16558 = DIRECTION('',(-1.,0.,0.));
#16559 = ORIENTED_EDGE('',*,*,#16560,.F.);
#16560 = EDGE_CURVE('',#16561,#16553,#16563,.T.);
#16561 = VERTEX_POINT('',#16562);
#16562 = CARTESIAN_POINT('',(19.133839285714,6.,0.));
#16563 = LINE('',#16564,#16565);
#16564 = CARTESIAN_POINT('',(19.133839285714,6.,0.));
#16565 = VECTOR('',#16566,1.);
#16566 = DIRECTION('',(0.,-1.,0.));
#16567 = ORIENTED_EDGE('',*,*,#16568,.F.);
#16568 = EDGE_CURVE('',#16569,#16561,#16571,.T.);
#16569 = VERTEX_POINT('',#16570);
#16570 = CARTESIAN_POINT('',(17.948571428571,6.,0.));
#16571 = LINE('',#16572,#16573);
#16572 = CARTESIAN_POINT('',(17.948571428571,6.,0.));
#16573 = VECTOR('',#16574,1.);
#16574 = DIRECTION('',(1.,0.,0.));
#16575 = ORIENTED_EDGE('',*,*,#16576,.F.);
#16576 = EDGE_CURVE('',#16577,#16569,#16579,.T.);
#16577 = VERTEX_POINT('',#16578);
#16578 = CARTESIAN_POINT('',(17.948571428571,3.72,0.));
#16579 = LINE('',#16580,#16581);
#16580 = CARTESIAN_POINT('',(17.948571428571,3.72,0.));
#16581 = VECTOR('',#16582,1.);
#16582 = DIRECTION('',(0.,1.,0.));
#16583 = ORIENTED_EDGE('',*,*,#16584,.F.);
#16584 = EDGE_CURVE('',#16585,#16577,#16587,.T.);
#16585 = VERTEX_POINT('',#16586);
#16586 = CARTESIAN_POINT('',(16.465982142857,3.72,0.));
#16587 = LINE('',#16588,#16589);
#16588 = CARTESIAN_POINT('',(16.465982142857,3.72,0.));
#16589 = VECTOR('',#16590,1.);
#16590 = DIRECTION('',(1.,0.,0.));
#16591 = ORIENTED_EDGE('',*,*,#16592,.F.);
#16592 = EDGE_CURVE('',#16505,#16585,#16593,.T.);
#16593 = LINE('',#16594,#16595);
#16594 = CARTESIAN_POINT('',(16.465982142857,6.,0.));
#16595 = VECTOR('',#16596,1.);
#16596 = DIRECTION('',(0.,-1.,0.));
#16597 = PLANE('',#16598);
#16598 = AXIS2_PLACEMENT_3D('',#16599,#16600,#16601);
#16599 = CARTESIAN_POINT('',(17.207276785714,3.00581646497,0.));
#16600 = DIRECTION('',(0.,0.,1.));
#16601 = DIRECTION('',(1.,0.,0.));
#16602 = SHELL_BASED_SURFACE_MODEL('',(#16603));
#16603 = OPEN_SHELL('',(#16604));
#16604 = ADVANCED_FACE('',(#16605,#16671),#16737,.T.);
#16605 = FACE_BOUND('',#16606,.T.);
#16606 = EDGE_LOOP('',(#16607,#16617,#16625,#16633,#16641,#16649,#16657,
    #16665));
#16607 = ORIENTED_EDGE('',*,*,#16608,.F.);
#16608 = EDGE_CURVE('',#16609,#16611,#16613,.T.);
#16609 = VERTEX_POINT('',#16610);
#16610 = CARTESIAN_POINT('',(20.054196428571,2.989553571429,0.));
#16611 = VERTEX_POINT('',#16612);
#16612 = CARTESIAN_POINT('',(20.586428571429,5.315357142857,0.));
#16613 = B_SPLINE_CURVE_WITH_KNOTS('',2,(#16614,#16615,#16616),
  .UNSPECIFIED.,.F.,.F.,(3,3),(0.,1.),.PIECEWISE_BEZIER_KNOTS.);
#16614 = CARTESIAN_POINT('',(20.054196428571,2.989553571429,0.));
#16615 = CARTESIAN_POINT('',(20.054196428571,4.528125,0.));
#16616 = CARTESIAN_POINT('',(20.586428571429,5.315357142857,0.));
#16617 = ORIENTED_EDGE('',*,*,#16618,.F.);
#16618 = EDGE_CURVE('',#16619,#16609,#16621,.T.);
#16619 = VERTEX_POINT('',#16620);
#16620 = CARTESIAN_POINT('',(20.586428571429,0.667232142857,0.));
#16621 = B_SPLINE_CURVE_WITH_KNOTS('',2,(#16622,#16623,#16624),
  .UNSPECIFIED.,.F.,.F.,(3,3),(0.,1.),.PIECEWISE_BEZIER_KNOTS.);
#16622 = CARTESIAN_POINT('',(20.586428571429,0.667232142857,0.));
#16623 = CARTESIAN_POINT('',(20.054196428571,1.454732142857,0.));
#16624 = CARTESIAN_POINT('',(20.054196428571,2.989553571429,0.));
#16625 = ORIENTED_EDGE('',*,*,#16626,.F.);
#16626 = EDGE_CURVE('',#16627,#16619,#16629,.T.);
#16627 = VERTEX_POINT('',#16628);
#16628 = CARTESIAN_POINT('',(22.159553571429,-0.12,0.));
#16629 = B_SPLINE_CURVE_WITH_KNOTS('',2,(#16630,#16631,#16632),
  .UNSPECIFIED.,.F.,.F.,(3,3),(0.,1.),.PIECEWISE_BEZIER_KNOTS.);
#16630 = CARTESIAN_POINT('',(22.159553571429,-0.12,0.));
#16631 = CARTESIAN_POINT('',(21.118928571429,-0.12,0.));
#16632 = CARTESIAN_POINT('',(20.586428571429,0.667232142857,0.));
#16633 = ORIENTED_EDGE('',*,*,#16634,.F.);
#16634 = EDGE_CURVE('',#16635,#16627,#16637,.T.);
#16635 = VERTEX_POINT('',#16636);
#16636 = CARTESIAN_POINT('',(23.736428571429,0.667232142857,0.));
#16637 = B_SPLINE_CURVE_WITH_KNOTS('',2,(#16638,#16639,#16640),
  .UNSPECIFIED.,.F.,.F.,(3,3),(0.,1.),.PIECEWISE_BEZIER_KNOTS.);
#16638 = CARTESIAN_POINT('',(23.736428571429,0.667232142857,0.));
#16639 = CARTESIAN_POINT('',(23.204196428571,-0.12,0.));
#16640 = CARTESIAN_POINT('',(22.159553571429,-0.12,0.));
#16641 = ORIENTED_EDGE('',*,*,#16642,.F.);
#16642 = EDGE_CURVE('',#16643,#16635,#16645,.T.);
#16643 = VERTEX_POINT('',#16644);
#16644 = CARTESIAN_POINT('',(24.268928571429,2.989553571429,0.));
#16645 = B_SPLINE_CURVE_WITH_KNOTS('',2,(#16646,#16647,#16648),
  .UNSPECIFIED.,.F.,.F.,(3,3),(0.,1.),.PIECEWISE_BEZIER_KNOTS.);
#16646 = CARTESIAN_POINT('',(24.268928571429,2.989553571429,0.));
#16647 = CARTESIAN_POINT('',(24.268928571429,1.454732142857,0.));
#16648 = CARTESIAN_POINT('',(23.736428571429,0.667232142857,0.));
#16649 = ORIENTED_EDGE('',*,*,#16650,.F.);
#16650 = EDGE_CURVE('',#16651,#16643,#16653,.T.);
#16651 = VERTEX_POINT('',#16652);
#16652 = CARTESIAN_POINT('',(23.736428571429,5.315357142857,0.));
#16653 = B_SPLINE_CURVE_WITH_KNOTS('',2,(#16654,#16655,#16656),
  .UNSPECIFIED.,.F.,.F.,(3,3),(0.,1.),.PIECEWISE_BEZIER_KNOTS.);
#16654 = CARTESIAN_POINT('',(23.736428571429,5.315357142857,0.));
#16655 = CARTESIAN_POINT('',(24.268928571429,4.528125,0.));
#16656 = CARTESIAN_POINT('',(24.268928571429,2.989553571429,0.));
#16657 = ORIENTED_EDGE('',*,*,#16658,.F.);
#16658 = EDGE_CURVE('',#16659,#16651,#16661,.T.);
#16659 = VERTEX_POINT('',#16660);
#16660 = CARTESIAN_POINT('',(22.159553571429,6.102857142857,0.));
#16661 = B_SPLINE_CURVE_WITH_KNOTS('',2,(#16662,#16663,#16664),
  .UNSPECIFIED.,.F.,.F.,(3,3),(0.,1.),.PIECEWISE_BEZIER_KNOTS.);
#16662 = CARTESIAN_POINT('',(22.159553571429,6.102857142857,0.));
#16663 = CARTESIAN_POINT('',(23.204196428571,6.102857142857,0.));
#16664 = CARTESIAN_POINT('',(23.736428571429,5.315357142857,0.));
#16665 = ORIENTED_EDGE('',*,*,#16666,.F.);
#16666 = EDGE_CURVE('',#16611,#16659,#16667,.T.);
#16667 = B_SPLINE_CURVE_WITH_KNOTS('',2,(#16668,#16669,#16670),
  .UNSPECIFIED.,.F.,.F.,(3,3),(0.,1.),.PIECEWISE_BEZIER_KNOTS.);
#16668 = CARTESIAN_POINT('',(20.586428571429,5.315357142857,0.));
#16669 = CARTESIAN_POINT('',(21.118928571429,6.102857142857,0.));
#16670 = CARTESIAN_POINT('',(22.159553571429,6.102857142857,0.));
#16671 = FACE_BOUND('',#16672,.T.);
#16672 = EDGE_LOOP('',(#16673,#16683,#16691,#16699,#16707,#16715,#16723,
    #16731));
#16673 = ORIENTED_EDGE('',*,*,#16674,.F.);
#16674 = EDGE_CURVE('',#16675,#16677,#16679,.T.);
#16675 = VERTEX_POINT('',#16676);
#16676 = CARTESIAN_POINT('',(22.159553571429,5.04,0.));
#16677 = VERTEX_POINT('',#16678);
#16678 = CARTESIAN_POINT('',(21.496607142857,4.555446428571,0.));
#16679 = B_SPLINE_CURVE_WITH_KNOTS('',2,(#16680,#16681,#16682),
  .UNSPECIFIED.,.F.,.F.,(3,3),(0.,1.),.PIECEWISE_BEZIER_KNOTS.);
#16680 = CARTESIAN_POINT('',(22.159553571429,5.04,0.));
#16681 = CARTESIAN_POINT('',(21.705535714286,5.04,0.));
#16682 = CARTESIAN_POINT('',(21.496607142857,4.555446428571,0.));
#16683 = ORIENTED_EDGE('',*,*,#16684,.F.);
#16684 = EDGE_CURVE('',#16685,#16675,#16687,.T.);
#16685 = VERTEX_POINT('',#16686);
#16686 = CARTESIAN_POINT('',(22.826517857143,4.555446428571,0.));
#16687 = B_SPLINE_CURVE_WITH_KNOTS('',2,(#16688,#16689,#16690),
  .UNSPECIFIED.,.F.,.F.,(3,3),(0.,1.),.PIECEWISE_BEZIER_KNOTS.);
#16688 = CARTESIAN_POINT('',(22.826517857143,4.555446428571,0.));
#16689 = CARTESIAN_POINT('',(22.617589285714,5.04,0.));
#16690 = CARTESIAN_POINT('',(22.159553571429,5.04,0.));
#16691 = ORIENTED_EDGE('',*,*,#16692,.F.);
#16692 = EDGE_CURVE('',#16693,#16685,#16695,.T.);
#16693 = VERTEX_POINT('',#16694);
#16694 = CARTESIAN_POINT('',(23.035446428571,2.989285714286,0.));
#16695 = B_SPLINE_CURVE_WITH_KNOTS('',2,(#16696,#16697,#16698),
  .UNSPECIFIED.,.F.,.F.,(3,3),(0.,1.),.PIECEWISE_BEZIER_KNOTS.);
#16696 = CARTESIAN_POINT('',(23.035446428571,2.989285714286,0.));
#16697 = CARTESIAN_POINT('',(23.035446428571,4.070892857143,0.));
#16698 = CARTESIAN_POINT('',(22.826517857143,4.555446428571,0.));
#16699 = ORIENTED_EDGE('',*,*,#16700,.F.);
#16700 = EDGE_CURVE('',#16701,#16693,#16703,.T.);
#16701 = VERTEX_POINT('',#16702);
#16702 = CARTESIAN_POINT('',(22.826517857143,1.427410714286,0.));
#16703 = B_SPLINE_CURVE_WITH_KNOTS('',2,(#16704,#16705,#16706),
  .UNSPECIFIED.,.F.,.F.,(3,3),(0.,1.),.PIECEWISE_BEZIER_KNOTS.);
#16704 = CARTESIAN_POINT('',(22.826517857143,1.427410714286,0.));
#16705 = CARTESIAN_POINT('',(23.035446428571,1.911964285714,0.));
#16706 = CARTESIAN_POINT('',(23.035446428571,2.989285714286,0.));
#16707 = ORIENTED_EDGE('',*,*,#16708,.F.);
#16708 = EDGE_CURVE('',#16709,#16701,#16711,.T.);
#16709 = VERTEX_POINT('',#16710);
#16710 = CARTESIAN_POINT('',(22.159553571429,0.942857142857,0.));
#16711 = B_SPLINE_CURVE_WITH_KNOTS('',2,(#16712,#16713,#16714),
  .UNSPECIFIED.,.F.,.F.,(3,3),(0.,1.),.PIECEWISE_BEZIER_KNOTS.);
#16712 = CARTESIAN_POINT('',(22.159553571429,0.942857142857,0.));
#16713 = CARTESIAN_POINT('',(22.617589285714,0.942857142857,0.));
#16714 = CARTESIAN_POINT('',(22.826517857143,1.427410714286,0.));
#16715 = ORIENTED_EDGE('',*,*,#16716,.F.);
#16716 = EDGE_CURVE('',#16717,#16709,#16719,.T.);
#16717 = VERTEX_POINT('',#16718);
#16718 = CARTESIAN_POINT('',(21.496607142857,1.427410714286,0.));
#16719 = B_SPLINE_CURVE_WITH_KNOTS('',2,(#16720,#16721,#16722),
  .UNSPECIFIED.,.F.,.F.,(3,3),(0.,1.),.PIECEWISE_BEZIER_KNOTS.);
#16720 = CARTESIAN_POINT('',(21.496607142857,1.427410714286,0.));
#16721 = CARTESIAN_POINT('',(21.705535714286,0.942857142857,0.));
#16722 = CARTESIAN_POINT('',(22.159553571429,0.942857142857,0.));
#16723 = ORIENTED_EDGE('',*,*,#16724,.F.);
#16724 = EDGE_CURVE('',#16725,#16717,#16727,.T.);
#16725 = VERTEX_POINT('',#16726);
#16726 = CARTESIAN_POINT('',(21.287678571429,2.989285714286,0.));
#16727 = B_SPLINE_CURVE_WITH_KNOTS('',2,(#16728,#16729,#16730),
  .UNSPECIFIED.,.F.,.F.,(3,3),(0.,1.),.PIECEWISE_BEZIER_KNOTS.);
#16728 = CARTESIAN_POINT('',(21.287678571429,2.989285714286,0.));
#16729 = CARTESIAN_POINT('',(21.287678571429,1.911964285714,0.));
#16730 = CARTESIAN_POINT('',(21.496607142857,1.427410714286,0.));
#16731 = ORIENTED_EDGE('',*,*,#16732,.F.);
#16732 = EDGE_CURVE('',#16677,#16725,#16733,.T.);
#16733 = B_SPLINE_CURVE_WITH_KNOTS('',2,(#16734,#16735,#16736),
  .UNSPECIFIED.,.F.,.F.,(3,3),(0.,1.),.PIECEWISE_BEZIER_KNOTS.);
#16734 = CARTESIAN_POINT('',(21.496607142857,4.555446428571,0.));
#16735 = CARTESIAN_POINT('',(21.287678571429,4.070892857143,0.));
#16736 = CARTESIAN_POINT('',(21.287678571429,2.989285714286,0.));
#16737 = PLANE('',#16738);
#16738 = AXIS2_PLACEMENT_3D('',#16739,#16740,#16741);
#16739 = CARTESIAN_POINT('',(22.161460555802,2.991380681106,0.));
#16740 = DIRECTION('',(0.,0.,1.));
#16741 = DIRECTION('',(1.,0.,0.));
#16742 = SHELL_BASED_SURFACE_MODEL('',(#16743));
#16743 = OPEN_SHELL('',(#16744));
#16744 = ADVANCED_FACE('',(#16745,#16875),#16933,.T.);
#16745 = FACE_BOUND('',#16746,.T.);
#16746 = EDGE_LOOP('',(#16747,#16757,#16765,#16773,#16781,#16789,#16797,
    #16805,#16813,#16821,#16829,#16837,#16845,#16853,#16861,#16869));
#16747 = ORIENTED_EDGE('',*,*,#16748,.F.);
#16748 = EDGE_CURVE('',#16749,#16751,#16753,.T.);
#16749 = VERTEX_POINT('',#16750);
#16750 = CARTESIAN_POINT('',(27.88125,2.826696428571,0.));
#16751 = VERTEX_POINT('',#16752);
#16752 = CARTESIAN_POINT('',(28.188482142857,2.660357142857,0.));
#16753 = B_SPLINE_CURVE_WITH_KNOTS('',2,(#16754,#16755,#16756),
  .UNSPECIFIED.,.F.,.F.,(3,3),(0.,1.),.PIECEWISE_BEZIER_KNOTS.);
#16754 = CARTESIAN_POINT('',(27.88125,2.826696428571,0.));
#16755 = CARTESIAN_POINT('',(28.058035714286,2.790535714286,0.));
#16756 = CARTESIAN_POINT('',(28.188482142857,2.660357142857,0.));
#16757 = ORIENTED_EDGE('',*,*,#16758,.F.);
#16758 = EDGE_CURVE('',#16759,#16749,#16761,.T.);
#16759 = VERTEX_POINT('',#16760);
#16760 = CARTESIAN_POINT('',(28.749107142857,3.265714285714,0.));
#16761 = B_SPLINE_CURVE_WITH_KNOTS('',2,(#16762,#16763,#16764),
  .UNSPECIFIED.,.F.,.F.,(3,3),(0.,1.),.PIECEWISE_BEZIER_KNOTS.);
#16762 = CARTESIAN_POINT('',(28.749107142857,3.265714285714,0.));
#16763 = CARTESIAN_POINT('',(28.447767857143,2.899285714286,0.));
#16764 = CARTESIAN_POINT('',(27.88125,2.826696428571,0.));
#16765 = ORIENTED_EDGE('',*,*,#16766,.F.);
#16766 = EDGE_CURVE('',#16767,#16759,#16769,.T.);
#16767 = VERTEX_POINT('',#16768);
#16768 = CARTESIAN_POINT('',(29.050446428571,4.252232142857,0.));
#16769 = B_SPLINE_CURVE_WITH_KNOTS('',2,(#16770,#16771,#16772),
  .UNSPECIFIED.,.F.,.F.,(3,3),(0.,1.),.PIECEWISE_BEZIER_KNOTS.);
#16770 = CARTESIAN_POINT('',(29.050446428571,4.252232142857,0.));
#16771 = CARTESIAN_POINT('',(29.050446428571,3.632142857143,0.));
#16772 = CARTESIAN_POINT('',(28.749107142857,3.265714285714,0.));
#16773 = ORIENTED_EDGE('',*,*,#16774,.F.);
#16774 = EDGE_CURVE('',#16775,#16767,#16777,.T.);
#16775 = VERTEX_POINT('',#16776);
#16776 = CARTESIAN_POINT('',(28.546071428571,5.589107142857,0.));
#16777 = B_SPLINE_CURVE_WITH_KNOTS('',2,(#16778,#16779,#16780),
  .UNSPECIFIED.,.F.,.F.,(3,3),(0.,1.),.PIECEWISE_BEZIER_KNOTS.);
#16778 = CARTESIAN_POINT('',(28.546071428571,5.589107142857,0.));
#16779 = CARTESIAN_POINT('',(29.050446428571,5.178482142857,0.));
#16780 = CARTESIAN_POINT('',(29.050446428571,4.252232142857,0.));
#16781 = ORIENTED_EDGE('',*,*,#16782,.F.);
#16782 = EDGE_CURVE('',#16783,#16775,#16785,.T.);
#16783 = VERTEX_POINT('',#16784);
#16784 = CARTESIAN_POINT('',(26.884821428571,6.,0.));
#16785 = B_SPLINE_CURVE_WITH_KNOTS('',2,(#16786,#16787,#16788),
  .UNSPECIFIED.,.F.,.F.,(3,3),(0.,1.),.PIECEWISE_BEZIER_KNOTS.);
#16786 = CARTESIAN_POINT('',(26.884821428571,6.,0.));
#16787 = CARTESIAN_POINT('',(28.041964285714,6.,0.));
#16788 = CARTESIAN_POINT('',(28.546071428571,5.589107142857,0.));
#16789 = ORIENTED_EDGE('',*,*,#16790,.F.);
#16790 = EDGE_CURVE('',#16791,#16783,#16793,.T.);
#16791 = VERTEX_POINT('',#16792);
#16792 = CARTESIAN_POINT('',(25.173214285714,6.,0.));
#16793 = LINE('',#16794,#16795);
#16794 = CARTESIAN_POINT('',(25.173214285714,6.,0.));
#16795 = VECTOR('',#16796,1.);
#16796 = DIRECTION('',(1.,0.,0.));
#16797 = ORIENTED_EDGE('',*,*,#16798,.F.);
#16798 = EDGE_CURVE('',#16799,#16791,#16801,.T.);
#16799 = VERTEX_POINT('',#16800);
#16800 = CARTESIAN_POINT('',(25.173214285714,0.,0.));
#16801 = LINE('',#16802,#16803);
#16802 = CARTESIAN_POINT('',(25.173214285714,0.,0.));
#16803 = VECTOR('',#16804,1.);
#16804 = DIRECTION('',(0.,1.,0.));
#16805 = ORIENTED_EDGE('',*,*,#16806,.F.);
#16806 = EDGE_CURVE('',#16807,#16799,#16809,.T.);
#16807 = VERTEX_POINT('',#16808);
#16808 = CARTESIAN_POINT('',(26.358482142857,0.,0.));
#16809 = LINE('',#16810,#16811);
#16810 = CARTESIAN_POINT('',(26.358482142857,0.,0.));
#16811 = VECTOR('',#16812,1.);
#16812 = DIRECTION('',(-1.,0.,0.));
#16813 = ORIENTED_EDGE('',*,*,#16814,.F.);
#16814 = EDGE_CURVE('',#16815,#16807,#16817,.T.);
#16815 = VERTEX_POINT('',#16816);
#16816 = CARTESIAN_POINT('',(26.358482142857,2.365714285714,0.));
#16817 = LINE('',#16818,#16819);
#16818 = CARTESIAN_POINT('',(26.358482142857,2.365714285714,0.));
#16819 = VECTOR('',#16820,1.);
#16820 = DIRECTION('',(0.,-1.,0.));
#16821 = ORIENTED_EDGE('',*,*,#16822,.F.);
#16822 = EDGE_CURVE('',#16823,#16815,#16825,.T.);
#16823 = VERTEX_POINT('',#16824);
#16824 = CARTESIAN_POINT('',(26.736160714286,2.365714285714,0.));
#16825 = LINE('',#16826,#16827);
#16826 = CARTESIAN_POINT('',(26.736160714286,2.365714285714,0.));
#16827 = VECTOR('',#16828,1.);
#16828 = DIRECTION('',(-1.,0.,0.));
#16829 = ORIENTED_EDGE('',*,*,#16830,.F.);
#16830 = EDGE_CURVE('',#16831,#16823,#16833,.T.);
#16831 = VERTEX_POINT('',#16832);
#16832 = CARTESIAN_POINT('',(27.483482142857,1.688035714286,0.));
#16833 = B_SPLINE_CURVE_WITH_KNOTS('',2,(#16834,#16835,#16836),
  .UNSPECIFIED.,.F.,.F.,(3,3),(0.,1.),.PIECEWISE_BEZIER_KNOTS.);
#16834 = CARTESIAN_POINT('',(27.483482142857,1.688035714286,0.));
#16835 = CARTESIAN_POINT('',(27.166071428571,2.365714285714,0.));
#16836 = CARTESIAN_POINT('',(26.736160714286,2.365714285714,0.));
#16837 = ORIENTED_EDGE('',*,*,#16838,.F.);
#16838 = EDGE_CURVE('',#16839,#16831,#16841,.T.);
#16839 = VERTEX_POINT('',#16840);
#16840 = CARTESIAN_POINT('',(27.567857142857,1.511517857143,0.));
#16841 = B_SPLINE_CURVE_WITH_KNOTS('',2,(#16842,#16843,#16844),
  .UNSPECIFIED.,.F.,.F.,(3,3),(0.,1.),.PIECEWISE_BEZIER_KNOTS.);
#16842 = CARTESIAN_POINT('',(27.567857142857,1.511517857143,0.));
#16843 = CARTESIAN_POINT('',(27.535714285714,1.575803571429,0.));
#16844 = CARTESIAN_POINT('',(27.483482142857,1.688035714286,0.));
#16845 = ORIENTED_EDGE('',*,*,#16846,.F.);
#16846 = EDGE_CURVE('',#16847,#16839,#16849,.T.);
#16847 = VERTEX_POINT('',#16848);
#16848 = CARTESIAN_POINT('',(28.291071428571,0.,0.));
#16849 = LINE('',#16850,#16851);
#16850 = CARTESIAN_POINT('',(28.291071428571,0.,0.));
#16851 = VECTOR('',#16852,1.);
#16852 = DIRECTION('',(-0.431608214028,0.902061167318,0.));
#16853 = ORIENTED_EDGE('',*,*,#16854,.F.);
#16854 = EDGE_CURVE('',#16855,#16847,#16857,.T.);
#16855 = VERTEX_POINT('',#16856);
#16856 = CARTESIAN_POINT('',(29.592857142857,0.,0.));
#16857 = LINE('',#16858,#16859);
#16858 = CARTESIAN_POINT('',(29.592857142857,0.,0.));
#16859 = VECTOR('',#16860,1.);
#16860 = DIRECTION('',(-1.,0.,0.));
#16861 = ORIENTED_EDGE('',*,*,#16862,.F.);
#16862 = EDGE_CURVE('',#16863,#16855,#16865,.T.);
#16863 = VERTEX_POINT('',#16864);
#16864 = CARTESIAN_POINT('',(28.508035714286,2.153303571429,0.));
#16865 = LINE('',#16866,#16867);
#16866 = CARTESIAN_POINT('',(28.508035714286,2.153303571429,0.));
#16867 = VECTOR('',#16868,1.);
#16868 = DIRECTION('',(0.449922184078,-0.89306776242,0.));
#16869 = ORIENTED_EDGE('',*,*,#16870,.F.);
#16870 = EDGE_CURVE('',#16751,#16863,#16871,.T.);
#16871 = B_SPLINE_CURVE_WITH_KNOTS('',2,(#16872,#16873,#16874),
  .UNSPECIFIED.,.F.,.F.,(3,3),(0.,1.),.PIECEWISE_BEZIER_KNOTS.);
#16872 = CARTESIAN_POINT('',(28.188482142857,2.660357142857,0.));
#16873 = CARTESIAN_POINT('',(28.319196428571,2.530178571429,0.));
#16874 = CARTESIAN_POINT('',(28.508035714286,2.153303571429,0.));
#16875 = FACE_BOUND('',#16876,.T.);
#16876 = EDGE_LOOP('',(#16877,#16887,#16895,#16903,#16911,#16919,#16927)
  );
#16877 = ORIENTED_EDGE('',*,*,#16878,.F.);
#16878 = EDGE_CURVE('',#16879,#16881,#16883,.T.);
#16879 = VERTEX_POINT('',#16880);
#16880 = CARTESIAN_POINT('',(26.358482142857,5.005714285714,0.));
#16881 = VERTEX_POINT('',#16882);
#16882 = CARTESIAN_POINT('',(26.358482142857,3.36,0.));
#16883 = LINE('',#16884,#16885);
#16884 = CARTESIAN_POINT('',(26.358482142857,5.005714285714,0.));
#16885 = VECTOR('',#16886,1.);
#16886 = DIRECTION('',(0.,-1.,0.));
#16887 = ORIENTED_EDGE('',*,*,#16888,.F.);
#16888 = EDGE_CURVE('',#16889,#16879,#16891,.T.);
#16889 = VERTEX_POINT('',#16890);
#16890 = CARTESIAN_POINT('',(26.916964285714,5.005714285714,0.));
#16891 = LINE('',#16892,#16893);
#16892 = CARTESIAN_POINT('',(26.916964285714,5.005714285714,0.));
#16893 = VECTOR('',#16894,1.);
#16894 = DIRECTION('',(-1.,0.,0.));
#16895 = ORIENTED_EDGE('',*,*,#16896,.F.);
#16896 = EDGE_CURVE('',#16897,#16889,#16899,.T.);
#16897 = VERTEX_POINT('',#16898);
#16898 = CARTESIAN_POINT('',(27.616071428571,4.815535714286,0.));
#16899 = B_SPLINE_CURVE_WITH_KNOTS('',2,(#16900,#16901,#16902),
  .UNSPECIFIED.,.F.,.F.,(3,3),(0.,1.),.PIECEWISE_BEZIER_KNOTS.);
#16900 = CARTESIAN_POINT('',(27.616071428571,4.815535714286,0.));
#16901 = CARTESIAN_POINT('',(27.407142857143,5.005714285714,0.));
#16902 = CARTESIAN_POINT('',(26.916964285714,5.005714285714,0.));
#16903 = ORIENTED_EDGE('',*,*,#16904,.F.);
#16904 = EDGE_CURVE('',#16905,#16897,#16907,.T.);
#16905 = VERTEX_POINT('',#16906);
#16906 = CARTESIAN_POINT('',(27.825,4.185,0.));
#16907 = B_SPLINE_CURVE_WITH_KNOTS('',2,(#16908,#16909,#16910),
  .UNSPECIFIED.,.F.,.F.,(3,3),(0.,1.),.PIECEWISE_BEZIER_KNOTS.);
#16908 = CARTESIAN_POINT('',(27.825,4.185,0.));
#16909 = CARTESIAN_POINT('',(27.825,4.625625,0.));
#16910 = CARTESIAN_POINT('',(27.616071428571,4.815535714286,0.));
#16911 = ORIENTED_EDGE('',*,*,#16912,.F.);
#16912 = EDGE_CURVE('',#16913,#16905,#16915,.T.);
#16913 = VERTEX_POINT('',#16914);
#16914 = CARTESIAN_POINT('',(27.613928571429,3.552053571429,0.));
#16915 = B_SPLINE_CURVE_WITH_KNOTS('',2,(#16916,#16917,#16918),
  .UNSPECIFIED.,.F.,.F.,(3,3),(0.,1.),.PIECEWISE_BEZIER_KNOTS.);
#16916 = CARTESIAN_POINT('',(27.613928571429,3.552053571429,0.));
#16917 = CARTESIAN_POINT('',(27.825,3.744107142857,0.));
#16918 = CARTESIAN_POINT('',(27.825,4.185,0.));
#16919 = ORIENTED_EDGE('',*,*,#16920,.F.);
#16920 = EDGE_CURVE('',#16921,#16913,#16923,.T.);
#16921 = VERTEX_POINT('',#16922);
#16922 = CARTESIAN_POINT('',(26.916964285714,3.36,0.));
#16923 = B_SPLINE_CURVE_WITH_KNOTS('',2,(#16924,#16925,#16926),
  .UNSPECIFIED.,.F.,.F.,(3,3),(0.,1.),.PIECEWISE_BEZIER_KNOTS.);
#16924 = CARTESIAN_POINT('',(26.916964285714,3.36,0.));
#16925 = CARTESIAN_POINT('',(27.403125,3.36,0.));
#16926 = CARTESIAN_POINT('',(27.613928571429,3.552053571429,0.));
#16927 = ORIENTED_EDGE('',*,*,#16928,.F.);
#16928 = EDGE_CURVE('',#16881,#16921,#16929,.T.);
#16929 = LINE('',#16930,#16931);
#16930 = CARTESIAN_POINT('',(26.358482142857,3.36,0.));
#16931 = VECTOR('',#16932,1.);
#16932 = DIRECTION('',(1.,0.,0.));
#16933 = PLANE('',#16934);
#16934 = AXIS2_PLACEMENT_3D('',#16935,#16936,#16937);
#16935 = CARTESIAN_POINT('',(27.068326288326,2.943045414355,0.));
#16936 = DIRECTION('',(0.,0.,1.));
#16937 = DIRECTION('',(1.,0.,0.));
#16938 = SHELL_BASED_SURFACE_MODEL('',(#16939));
#16939 = OPEN_SHELL('',(#16940));
#16940 = ADVANCED_FACE('',(#16941),#17039,.T.);
#16941 = FACE_BOUND('',#16942,.T.);
#16942 = EDGE_LOOP('',(#16943,#16953,#16961,#16969,#16977,#16985,#16993,
    #17001,#17009,#17017,#17025,#17033));
#16943 = ORIENTED_EDGE('',*,*,#16944,.F.);
#16944 = EDGE_CURVE('',#16945,#16947,#16949,.T.);
#16945 = VERTEX_POINT('',#16946);
#16946 = CARTESIAN_POINT('',(30.284196428571,4.954285714286,0.));
#16947 = VERTEX_POINT('',#16948);
#16948 = CARTESIAN_POINT('',(30.284196428571,6.,0.));
#16949 = LINE('',#16950,#16951);
#16950 = CARTESIAN_POINT('',(30.284196428571,4.954285714286,0.));
#16951 = VECTOR('',#16952,1.);
#16952 = DIRECTION('',(0.,1.,0.));
#16953 = ORIENTED_EDGE('',*,*,#16954,.F.);
#16954 = EDGE_CURVE('',#16955,#16945,#16957,.T.);
#16955 = VERTEX_POINT('',#16956);
#16956 = CARTESIAN_POINT('',(31.4775,4.954285714286,0.));
#16957 = LINE('',#16958,#16959);
#16958 = CARTESIAN_POINT('',(31.4775,4.954285714286,0.));
#16959 = VECTOR('',#16960,1.);
#16960 = DIRECTION('',(-1.,0.,0.));
#16961 = ORIENTED_EDGE('',*,*,#16962,.F.);
#16962 = EDGE_CURVE('',#16963,#16955,#16965,.T.);
#16963 = VERTEX_POINT('',#16964);
#16964 = CARTESIAN_POINT('',(31.4775,1.045714285714,0.));
#16965 = LINE('',#16966,#16967);
#16966 = CARTESIAN_POINT('',(31.4775,1.045714285714,0.));
#16967 = VECTOR('',#16968,1.);
#16968 = DIRECTION('',(0.,1.,0.));
#16969 = ORIENTED_EDGE('',*,*,#16970,.F.);
#16970 = EDGE_CURVE('',#16971,#16963,#16973,.T.);
#16971 = VERTEX_POINT('',#16972);
#16972 = CARTESIAN_POINT('',(30.284196428571,1.045714285714,0.));
#16973 = LINE('',#16974,#16975);
#16974 = CARTESIAN_POINT('',(30.284196428571,1.045714285714,0.));
#16975 = VECTOR('',#16976,1.);
#16976 = DIRECTION('',(1.,0.,0.));
#16977 = ORIENTED_EDGE('',*,*,#16978,.F.);
#16978 = EDGE_CURVE('',#16979,#16971,#16981,.T.);
#16979 = VERTEX_POINT('',#16980);
#16980 = CARTESIAN_POINT('',(30.284196428571,0.,0.));
#16981 = LINE('',#16982,#16983);
#16982 = CARTESIAN_POINT('',(30.284196428571,0.,0.));
#16983 = VECTOR('',#16984,1.);
#16984 = DIRECTION('',(0.,1.,0.));
#16985 = ORIENTED_EDGE('',*,*,#16986,.F.);
#16986 = EDGE_CURVE('',#16987,#16979,#16989,.T.);
#16987 = VERTEX_POINT('',#16988);
#16988 = CARTESIAN_POINT('',(33.856071428571,0.,0.));
#16989 = LINE('',#16990,#16991);
#16990 = CARTESIAN_POINT('',(33.856071428571,0.,0.));
#16991 = VECTOR('',#16992,1.);
#16992 = DIRECTION('',(-1.,0.,0.));
#16993 = ORIENTED_EDGE('',*,*,#16994,.F.);
#16994 = EDGE_CURVE('',#16995,#16987,#16997,.T.);
#16995 = VERTEX_POINT('',#16996);
#16996 = CARTESIAN_POINT('',(33.856071428571,1.045714285714,0.));
#16997 = LINE('',#16998,#16999);
#16998 = CARTESIAN_POINT('',(33.856071428571,1.045714285714,0.));
#16999 = VECTOR('',#17000,1.);
#17000 = DIRECTION('',(0.,-1.,0.));
#17001 = ORIENTED_EDGE('',*,*,#17002,.F.);
#17002 = EDGE_CURVE('',#17003,#16995,#17005,.T.);
#17003 = VERTEX_POINT('',#17004);
#17004 = CARTESIAN_POINT('',(32.662767857143,1.045714285714,0.));
#17005 = LINE('',#17006,#17007);
#17006 = CARTESIAN_POINT('',(32.662767857143,1.045714285714,0.));
#17007 = VECTOR('',#17008,1.);
#17008 = DIRECTION('',(1.,0.,0.));
#17009 = ORIENTED_EDGE('',*,*,#17010,.F.);
#17010 = EDGE_CURVE('',#17011,#17003,#17013,.T.);
#17011 = VERTEX_POINT('',#17012);
#17012 = CARTESIAN_POINT('',(32.662767857143,4.954285714286,0.));
#17013 = LINE('',#17014,#17015);
#17014 = CARTESIAN_POINT('',(32.662767857143,4.954285714286,0.));
#17015 = VECTOR('',#17016,1.);
#17016 = DIRECTION('',(0.,-1.,0.));
#17017 = ORIENTED_EDGE('',*,*,#17018,.F.);
#17018 = EDGE_CURVE('',#17019,#17011,#17021,.T.);
#17019 = VERTEX_POINT('',#17020);
#17020 = CARTESIAN_POINT('',(33.856071428571,4.954285714286,0.));
#17021 = LINE('',#17022,#17023);
#17022 = CARTESIAN_POINT('',(33.856071428571,4.954285714286,0.));
#17023 = VECTOR('',#17024,1.);
#17024 = DIRECTION('',(-1.,0.,0.));
#17025 = ORIENTED_EDGE('',*,*,#17026,.F.);
#17026 = EDGE_CURVE('',#17027,#17019,#17029,.T.);
#17027 = VERTEX_POINT('',#17028);
#17028 = CARTESIAN_POINT('',(33.856071428571,6.,0.));
#17029 = LINE('',#17030,#17031);
#17030 = CARTESIAN_POINT('',(33.856071428571,6.,0.));
#17031 = VECTOR('',#17032,1.);
#17032 = DIRECTION('',(0.,-1.,0.));
#17033 = ORIENTED_EDGE('',*,*,#17034,.F.);
#17034 = EDGE_CURVE('',#16947,#17027,#17035,.T.);
#17035 = LINE('',#17036,#17037);
#17036 = CARTESIAN_POINT('',(30.284196428571,6.,0.));
#17037 = VECTOR('',#17038,1.);
#17038 = DIRECTION('',(1.,0.,0.));
#17039 = PLANE('',#17040);
#17040 = AXIS2_PLACEMENT_3D('',#17041,#17042,#17043);
#17041 = CARTESIAN_POINT('',(32.070133928571,3.,0.));
#17042 = DIRECTION('',(0.,0.,1.));
#17043 = DIRECTION('',(1.,0.,0.));
#17044 = SHELL_BASED_SURFACE_MODEL('',(#17045));
#17045 = OPEN_SHELL('',(#17046));
#17046 = ADVANCED_FACE('',(#17047),#17129,.T.);
#17047 = FACE_BOUND('',#17048,.T.);
#17048 = EDGE_LOOP('',(#17049,#17059,#17067,#17075,#17083,#17091,#17099,
    #17107,#17115,#17123));
#17049 = ORIENTED_EDGE('',*,*,#17050,.F.);
#17050 = EDGE_CURVE('',#17051,#17053,#17055,.T.);
#17051 = VERTEX_POINT('',#17052);
#17052 = CARTESIAN_POINT('',(35.097857142857,6.,0.));
#17053 = VERTEX_POINT('',#17054);
#17054 = CARTESIAN_POINT('',(39.155892857143,6.,0.));
#17055 = LINE('',#17056,#17057);
#17056 = CARTESIAN_POINT('',(35.097857142857,6.,0.));
#17057 = VECTOR('',#17058,1.);
#17058 = DIRECTION('',(1.,0.,0.));
#17059 = ORIENTED_EDGE('',*,*,#17060,.F.);
#17060 = EDGE_CURVE('',#17061,#17051,#17063,.T.);
#17061 = VERTEX_POINT('',#17062);
#17062 = CARTESIAN_POINT('',(35.097857142857,4.954285714286,0.));
#17063 = LINE('',#17064,#17065);
#17064 = CARTESIAN_POINT('',(35.097857142857,4.954285714286,0.));
#17065 = VECTOR('',#17066,1.);
#17066 = DIRECTION('',(0.,1.,0.));
#17067 = ORIENTED_EDGE('',*,*,#17068,.F.);
#17068 = EDGE_CURVE('',#17069,#17061,#17071,.T.);
#17069 = VERTEX_POINT('',#17070);
#17070 = CARTESIAN_POINT('',(37.705446428571,4.954285714286,0.));
#17071 = LINE('',#17072,#17073);
#17072 = CARTESIAN_POINT('',(37.705446428571,4.954285714286,0.));
#17073 = VECTOR('',#17074,1.);
#17074 = DIRECTION('',(-1.,0.,0.));
#17075 = ORIENTED_EDGE('',*,*,#17076,.F.);
#17076 = EDGE_CURVE('',#17077,#17069,#17079,.T.);
#17077 = VERTEX_POINT('',#17078);
#17078 = CARTESIAN_POINT('',(35.009464285714,0.980357142857,0.));
#17079 = LINE('',#17080,#17081);
#17080 = CARTESIAN_POINT('',(35.009464285714,0.980357142857,0.));
#17081 = VECTOR('',#17082,1.);
#17082 = DIRECTION('',(0.56141411766,0.827535007412,0.));
#17083 = ORIENTED_EDGE('',*,*,#17084,.F.);
#17084 = EDGE_CURVE('',#17085,#17077,#17087,.T.);
#17085 = VERTEX_POINT('',#17086);
#17086 = CARTESIAN_POINT('',(35.009464285714,0.,0.));
#17087 = LINE('',#17088,#17089);
#17088 = CARTESIAN_POINT('',(35.009464285714,0.,0.));
#17089 = VECTOR('',#17090,1.);
#17090 = DIRECTION('',(0.,1.,0.));
#17091 = ORIENTED_EDGE('',*,*,#17092,.F.);
#17092 = EDGE_CURVE('',#17093,#17085,#17095,.T.);
#17093 = VERTEX_POINT('',#17094);
#17094 = CARTESIAN_POINT('',(39.212142857143,0.,0.));
#17095 = LINE('',#17096,#17097);
#17096 = CARTESIAN_POINT('',(39.212142857143,0.,0.));
#17097 = VECTOR('',#17098,1.);
#17098 = DIRECTION('',(-1.,0.,0.));
#17099 = ORIENTED_EDGE('',*,*,#17100,.F.);
#17100 = EDGE_CURVE('',#17101,#17093,#17103,.T.);
#17101 = VERTEX_POINT('',#17102);
#17102 = CARTESIAN_POINT('',(39.212142857143,1.045714285714,0.));
#17103 = LINE('',#17104,#17105);
#17104 = CARTESIAN_POINT('',(39.212142857143,1.045714285714,0.));
#17105 = VECTOR('',#17106,1.);
#17106 = DIRECTION('',(0.,-1.,0.));
#17107 = ORIENTED_EDGE('',*,*,#17108,.F.);
#17108 = EDGE_CURVE('',#17109,#17101,#17111,.T.);
#17109 = VERTEX_POINT('',#17110);
#17110 = CARTESIAN_POINT('',(36.375535714286,1.045714285714,0.));
#17111 = LINE('',#17112,#17113);
#17112 = CARTESIAN_POINT('',(36.375535714286,1.045714285714,0.));
#17113 = VECTOR('',#17114,1.);
#17114 = DIRECTION('',(1.,0.,0.));
#17115 = ORIENTED_EDGE('',*,*,#17116,.F.);
#17116 = EDGE_CURVE('',#17117,#17109,#17119,.T.);
#17117 = VERTEX_POINT('',#17118);
#17118 = CARTESIAN_POINT('',(39.155892857143,5.019642857143,0.));
#17119 = LINE('',#17120,#17121);
#17120 = CARTESIAN_POINT('',(39.155892857143,5.019642857143,0.));
#17121 = VECTOR('',#17122,1.);
#17122 = DIRECTION('',(-0.573269585488,-0.819366817948,0.));
#17123 = ORIENTED_EDGE('',*,*,#17124,.F.);
#17124 = EDGE_CURVE('',#17053,#17117,#17125,.T.);
#17125 = LINE('',#17126,#17127);
#17126 = CARTESIAN_POINT('',(39.155892857143,6.,0.));
#17127 = VECTOR('',#17128,1.);
#17128 = DIRECTION('',(0.,-1.,0.));
#17129 = PLANE('',#17130);
#17130 = AXIS2_PLACEMENT_3D('',#17131,#17132,#17133);
#17131 = CARTESIAN_POINT('',(37.101663452635,2.967896504098,0.));
#17132 = DIRECTION('',(0.,0.,1.));
#17133 = DIRECTION('',(1.,0.,0.));
#17134 = SHELL_BASED_SURFACE_MODEL('',(#17135));
#17135 = OPEN_SHELL('',(#17136));
#17136 = ADVANCED_FACE('',(#17137),#17235,.T.);
#17137 = FACE_BOUND('',#17138,.T.);
#17138 = EDGE_LOOP('',(#17139,#17149,#17157,#17165,#17173,#17181,#17189,
    #17197,#17205,#17213,#17221,#17229));
#17139 = ORIENTED_EDGE('',*,*,#17140,.F.);
#17140 = EDGE_CURVE('',#17141,#17143,#17145,.T.);
#17141 = VERTEX_POINT('',#17142);
#17142 = CARTESIAN_POINT('',(43.913303571429,0.,0.));
#17143 = VERTEX_POINT('',#17144);
#17144 = CARTESIAN_POINT('',(40.176696428571,0.,0.));
#17145 = LINE('',#17146,#17147);
#17146 = CARTESIAN_POINT('',(43.913303571429,0.,0.));
#17147 = VECTOR('',#17148,1.);
#17148 = DIRECTION('',(-1.,0.,0.));
#17149 = ORIENTED_EDGE('',*,*,#17150,.F.);
#17150 = EDGE_CURVE('',#17151,#17141,#17153,.T.);
#17151 = VERTEX_POINT('',#17152);
#17152 = CARTESIAN_POINT('',(43.913303571429,1.045714285714,0.));
#17153 = LINE('',#17154,#17155);
#17154 = CARTESIAN_POINT('',(43.913303571429,1.045714285714,0.));
#17155 = VECTOR('',#17156,1.);
#17156 = DIRECTION('',(0.,-1.,0.));
#17157 = ORIENTED_EDGE('',*,*,#17158,.F.);
#17158 = EDGE_CURVE('',#17159,#17151,#17161,.T.);
#17159 = VERTEX_POINT('',#17160);
#17160 = CARTESIAN_POINT('',(41.361964285714,1.045714285714,0.));
#17161 = LINE('',#17162,#17163);
#17162 = CARTESIAN_POINT('',(41.361964285714,1.045714285714,0.));
#17163 = VECTOR('',#17164,1.);
#17164 = DIRECTION('',(1.,0.,0.));
#17165 = ORIENTED_EDGE('',*,*,#17166,.F.);
#17166 = EDGE_CURVE('',#17167,#17159,#17169,.T.);
#17167 = VERTEX_POINT('',#17168);
#17168 = CARTESIAN_POINT('',(41.361964285714,2.622857142857,0.));
#17169 = LINE('',#17170,#17171);
#17170 = CARTESIAN_POINT('',(41.361964285714,2.622857142857,0.));
#17171 = VECTOR('',#17172,1.);
#17172 = DIRECTION('',(0.,-1.,0.));
#17173 = ORIENTED_EDGE('',*,*,#17174,.F.);
#17174 = EDGE_CURVE('',#17175,#17167,#17177,.T.);
#17175 = VERTEX_POINT('',#17176);
#17176 = CARTESIAN_POINT('',(43.672232142857,2.622857142857,0.));
#17177 = LINE('',#17178,#17179);
#17178 = CARTESIAN_POINT('',(43.672232142857,2.622857142857,0.));
#17179 = VECTOR('',#17180,1.);
#17180 = DIRECTION('',(-1.,0.,0.));
#17181 = ORIENTED_EDGE('',*,*,#17182,.F.);
#17182 = EDGE_CURVE('',#17183,#17175,#17185,.T.);
#17183 = VERTEX_POINT('',#17184);
#17184 = CARTESIAN_POINT('',(43.672232142857,3.668571428571,0.));
#17185 = LINE('',#17186,#17187);
#17186 = CARTESIAN_POINT('',(43.672232142857,3.668571428571,0.));
#17187 = VECTOR('',#17188,1.);
#17188 = DIRECTION('',(0.,-1.,0.));
#17189 = ORIENTED_EDGE('',*,*,#17190,.F.);
#17190 = EDGE_CURVE('',#17191,#17183,#17193,.T.);
#17191 = VERTEX_POINT('',#17192);
#17192 = CARTESIAN_POINT('',(41.361964285714,3.668571428571,0.));
#17193 = LINE('',#17194,#17195);
#17194 = CARTESIAN_POINT('',(41.361964285714,3.668571428571,0.));
#17195 = VECTOR('',#17196,1.);
#17196 = DIRECTION('',(1.,0.,0.));
#17197 = ORIENTED_EDGE('',*,*,#17198,.F.);
#17198 = EDGE_CURVE('',#17199,#17191,#17201,.T.);
#17199 = VERTEX_POINT('',#17200);
#17200 = CARTESIAN_POINT('',(41.361964285714,4.954285714286,0.));
#17201 = LINE('',#17202,#17203);
#17202 = CARTESIAN_POINT('',(41.361964285714,4.954285714286,0.));
#17203 = VECTOR('',#17204,1.);
#17204 = DIRECTION('',(0.,-1.,0.));
#17205 = ORIENTED_EDGE('',*,*,#17206,.F.);
#17206 = EDGE_CURVE('',#17207,#17199,#17209,.T.);
#17207 = VERTEX_POINT('',#17208);
#17208 = CARTESIAN_POINT('',(43.913303571429,4.954285714286,0.));
#17209 = LINE('',#17210,#17211);
#17210 = CARTESIAN_POINT('',(43.913303571429,4.954285714286,0.));
#17211 = VECTOR('',#17212,1.);
#17212 = DIRECTION('',(-1.,0.,0.));
#17213 = ORIENTED_EDGE('',*,*,#17214,.F.);
#17214 = EDGE_CURVE('',#17215,#17207,#17217,.T.);
#17215 = VERTEX_POINT('',#17216);
#17216 = CARTESIAN_POINT('',(43.913303571429,6.,0.));
#17217 = LINE('',#17218,#17219);
#17218 = CARTESIAN_POINT('',(43.913303571429,6.,0.));
#17219 = VECTOR('',#17220,1.);
#17220 = DIRECTION('',(0.,-1.,0.));
#17221 = ORIENTED_EDGE('',*,*,#17222,.F.);
#17222 = EDGE_CURVE('',#17223,#17215,#17225,.T.);
#17223 = VERTEX_POINT('',#17224);
#17224 = CARTESIAN_POINT('',(40.176696428571,6.,0.));
#17225 = LINE('',#17226,#17227);
#17226 = CARTESIAN_POINT('',(40.176696428571,6.,0.));
#17227 = VECTOR('',#17228,1.);
#17228 = DIRECTION('',(1.,0.,0.));
#17229 = ORIENTED_EDGE('',*,*,#17230,.F.);
#17230 = EDGE_CURVE('',#17143,#17223,#17231,.T.);
#17231 = LINE('',#17232,#17233);
#17232 = CARTESIAN_POINT('',(40.176696428571,0.,0.));
#17233 = VECTOR('',#17234,1.);
#17234 = DIRECTION('',(0.,1.,0.));
#17235 = PLANE('',#17236);
#17236 = AXIS2_PLACEMENT_3D('',#17237,#17238,#17239);
#17237 = CARTESIAN_POINT('',(41.964481774246,3.023060288336,0.));
#17238 = DIRECTION('',(0.,0.,1.));
#17239 = DIRECTION('',(1.,0.,0.));
#17240 = SHELL_BASED_SURFACE_MODEL('',(#17241));
#17241 = OPEN_SHELL('',(#17242));
#17242 = ADVANCED_FACE('',(#17243,#17301),#17359,.T.);
#17243 = FACE_BOUND('',#17244,.T.);
#17244 = EDGE_LOOP('',(#17245,#17255,#17263,#17271,#17279,#17287,#17295)
  );
#17245 = ORIENTED_EDGE('',*,*,#17246,.F.);
#17246 = EDGE_CURVE('',#17247,#17249,#17251,.T.);
#17247 = VERTEX_POINT('',#17248);
#17248 = CARTESIAN_POINT('',(45.006428571429,6.,0.));
#17249 = VERTEX_POINT('',#17250);
#17250 = CARTESIAN_POINT('',(46.276071428571,6.,0.));
#17251 = LINE('',#17252,#17253);
#17252 = CARTESIAN_POINT('',(45.006428571429,6.,0.));
#17253 = VECTOR('',#17254,1.);
#17254 = DIRECTION('',(1.,0.,0.));
#17255 = ORIENTED_EDGE('',*,*,#17256,.F.);
#17256 = EDGE_CURVE('',#17257,#17247,#17259,.T.);
#17257 = VERTEX_POINT('',#17258);
#17258 = CARTESIAN_POINT('',(45.006428571429,0.,0.));
#17259 = LINE('',#17260,#17261);
#17260 = CARTESIAN_POINT('',(45.006428571429,0.,0.));
#17261 = VECTOR('',#17262,1.);
#17262 = DIRECTION('',(0.,1.,0.));
#17263 = ORIENTED_EDGE('',*,*,#17264,.F.);
#17264 = EDGE_CURVE('',#17265,#17257,#17267,.T.);
#17265 = VERTEX_POINT('',#17266);
#17266 = CARTESIAN_POINT('',(46.276071428571,0.,0.));
#17267 = LINE('',#17268,#17269);
#17268 = CARTESIAN_POINT('',(46.276071428571,0.,0.));
#17269 = VECTOR('',#17270,1.);
#17270 = DIRECTION('',(-1.,0.,0.));
#17271 = ORIENTED_EDGE('',*,*,#17272,.F.);
#17272 = EDGE_CURVE('',#17273,#17265,#17275,.T.);
#17273 = VERTEX_POINT('',#17274);
#17274 = CARTESIAN_POINT('',(48.393482142857,0.705267857143,0.));
#17275 = B_SPLINE_CURVE_WITH_KNOTS('',2,(#17276,#17277,#17278),
  .UNSPECIFIED.,.F.,.F.,(3,3),(0.,1.),.PIECEWISE_BEZIER_KNOTS.);
#17276 = CARTESIAN_POINT('',(48.393482142857,0.705267857143,0.));
#17277 = CARTESIAN_POINT('',(47.746607142857,0.,0.));
#17278 = CARTESIAN_POINT('',(46.276071428571,0.,0.));
#17279 = ORIENTED_EDGE('',*,*,#17280,.F.);
#17280 = EDGE_CURVE('',#17281,#17273,#17283,.T.);
#17281 = VERTEX_POINT('',#17282);
#17282 = CARTESIAN_POINT('',(49.040357142857,3.005892857143,0.));
#17283 = B_SPLINE_CURVE_WITH_KNOTS('',2,(#17284,#17285,#17286),
  .UNSPECIFIED.,.F.,.F.,(3,3),(0.,1.),.PIECEWISE_BEZIER_KNOTS.);
#17284 = CARTESIAN_POINT('',(49.040357142857,3.005892857143,0.));
#17285 = CARTESIAN_POINT('',(49.040357142857,1.410535714286,0.));
#17286 = CARTESIAN_POINT('',(48.393482142857,0.705267857143,0.));
#17287 = ORIENTED_EDGE('',*,*,#17288,.F.);
#17288 = EDGE_CURVE('',#17289,#17281,#17291,.T.);
#17289 = VERTEX_POINT('',#17290);
#17290 = CARTESIAN_POINT('',(48.393482142857,5.29875,0.));
#17291 = B_SPLINE_CURVE_WITH_KNOTS('',2,(#17292,#17293,#17294),
  .UNSPECIFIED.,.F.,.F.,(3,3),(0.,1.),.PIECEWISE_BEZIER_KNOTS.);
#17292 = CARTESIAN_POINT('',(48.393482142857,5.29875,0.));
#17293 = CARTESIAN_POINT('',(49.040357142857,4.5975,0.));
#17294 = CARTESIAN_POINT('',(49.040357142857,3.005892857143,0.));
#17295 = ORIENTED_EDGE('',*,*,#17296,.F.);
#17296 = EDGE_CURVE('',#17249,#17289,#17297,.T.);
#17297 = B_SPLINE_CURVE_WITH_KNOTS('',2,(#17298,#17299,#17300),
  .UNSPECIFIED.,.F.,.F.,(3,3),(0.,1.),.PIECEWISE_BEZIER_KNOTS.);
#17298 = CARTESIAN_POINT('',(46.276071428571,6.,0.));
#17299 = CARTESIAN_POINT('',(47.746607142857,6.,0.));
#17300 = CARTESIAN_POINT('',(48.393482142857,5.29875,0.));
#17301 = FACE_BOUND('',#17302,.T.);
#17302 = EDGE_LOOP('',(#17303,#17313,#17321,#17329,#17337,#17345,#17353)
  );
#17303 = ORIENTED_EDGE('',*,*,#17304,.F.);
#17304 = EDGE_CURVE('',#17305,#17307,#17309,.T.);
#17305 = VERTEX_POINT('',#17306);
#17306 = CARTESIAN_POINT('',(46.191696428571,4.937142857143,0.));
#17307 = VERTEX_POINT('',#17308);
#17308 = CARTESIAN_POINT('',(46.191696428571,1.062857142857,0.));
#17309 = LINE('',#17310,#17311);
#17310 = CARTESIAN_POINT('',(46.191696428571,4.937142857143,0.));
#17311 = VECTOR('',#17312,1.);
#17312 = DIRECTION('',(0.,-1.,0.));
#17313 = ORIENTED_EDGE('',*,*,#17314,.F.);
#17314 = EDGE_CURVE('',#17315,#17305,#17317,.T.);
#17315 = VERTEX_POINT('',#17316);
#17316 = CARTESIAN_POINT('',(46.513125,4.937142857143,0.));
#17317 = LINE('',#17318,#17319);
#17318 = CARTESIAN_POINT('',(46.513125,4.937142857143,0.));
#17319 = VECTOR('',#17320,1.);
#17320 = DIRECTION('',(-1.,0.,0.));
#17321 = ORIENTED_EDGE('',*,*,#17322,.F.);
#17322 = EDGE_CURVE('',#17323,#17315,#17325,.T.);
#17323 = VERTEX_POINT('',#17324);
#17324 = CARTESIAN_POINT('',(47.509553571429,4.497589285714,0.));
#17325 = B_SPLINE_CURVE_WITH_KNOTS('',2,(#17326,#17327,#17328),
  .UNSPECIFIED.,.F.,.F.,(3,3),(0.,1.),.PIECEWISE_BEZIER_KNOTS.);
#17326 = CARTESIAN_POINT('',(47.509553571429,4.497589285714,0.));
#17327 = CARTESIAN_POINT('',(47.212232142857,4.937142857143,0.));
#17328 = CARTESIAN_POINT('',(46.513125,4.937142857143,0.));
#17329 = ORIENTED_EDGE('',*,*,#17330,.F.);
#17330 = EDGE_CURVE('',#17331,#17323,#17333,.T.);
#17331 = VERTEX_POINT('',#17332);
#17332 = CARTESIAN_POINT('',(47.806875,3.006160714286,0.));
#17333 = B_SPLINE_CURVE_WITH_KNOTS('',2,(#17334,#17335,#17336),
  .UNSPECIFIED.,.F.,.F.,(3,3),(0.,1.),.PIECEWISE_BEZIER_KNOTS.);
#17334 = CARTESIAN_POINT('',(47.806875,3.006160714286,0.));
#17335 = CARTESIAN_POINT('',(47.806875,4.058303571429,0.));
#17336 = CARTESIAN_POINT('',(47.509553571429,4.497589285714,0.));
#17337 = ORIENTED_EDGE('',*,*,#17338,.F.);
#17338 = EDGE_CURVE('',#17339,#17331,#17341,.T.);
#17339 = VERTEX_POINT('',#17340);
#17340 = CARTESIAN_POINT('',(47.509553571429,1.504285714286,0.));
#17341 = B_SPLINE_CURVE_WITH_KNOTS('',2,(#17342,#17343,#17344),
  .UNSPECIFIED.,.F.,.F.,(3,3),(0.,1.),.PIECEWISE_BEZIER_KNOTS.);
#17342 = CARTESIAN_POINT('',(47.509553571429,1.504285714286,0.));
#17343 = CARTESIAN_POINT('',(47.806875,1.945714285714,0.));
#17344 = CARTESIAN_POINT('',(47.806875,3.006160714286,0.));
#17345 = ORIENTED_EDGE('',*,*,#17346,.F.);
#17346 = EDGE_CURVE('',#17347,#17339,#17349,.T.);
#17347 = VERTEX_POINT('',#17348);
#17348 = CARTESIAN_POINT('',(46.513125,1.062857142857,0.));
#17349 = B_SPLINE_CURVE_WITH_KNOTS('',2,(#17350,#17351,#17352),
  .UNSPECIFIED.,.F.,.F.,(3,3),(0.,1.),.PIECEWISE_BEZIER_KNOTS.);
#17350 = CARTESIAN_POINT('',(46.513125,1.062857142857,0.));
#17351 = CARTESIAN_POINT('',(47.212232142857,1.062857142857,0.));
#17352 = CARTESIAN_POINT('',(47.509553571429,1.504285714286,0.));
#17353 = ORIENTED_EDGE('',*,*,#17354,.F.);
#17354 = EDGE_CURVE('',#17307,#17347,#17355,.T.);
#17355 = LINE('',#17356,#17357);
#17356 = CARTESIAN_POINT('',(46.191696428571,1.062857142857,0.));
#17357 = VECTOR('',#17358,1.);
#17358 = DIRECTION('',(1.,0.,0.));
#17359 = PLANE('',#17360);
#17360 = AXIS2_PLACEMENT_3D('',#17361,#17362,#17363);
#17361 = CARTESIAN_POINT('',(46.778805932165,3.00042998025,0.));
#17362 = DIRECTION('',(0.,0.,1.));
#17363 = DIRECTION('',(1.,0.,0.));
#17364 = SHELL_BASED_SURFACE_MODEL('',(#17365));
#17365 = OPEN_SHELL('',(#17366));
#17366 = ADVANCED_FACE('',(#17367),#17481,.T.);
#17367 = FACE_BOUND('',#17368,.T.);
#17368 = EDGE_LOOP('',(#17369,#17379,#17387,#17395,#17403,#17411,#17419,
    #17427,#17435,#17443,#17451,#17459,#17467,#17475));
#17369 = ORIENTED_EDGE('',*,*,#17370,.F.);
#17370 = EDGE_CURVE('',#17371,#17373,#17375,.T.);
#17371 = VERTEX_POINT('',#17372);
#17372 = CARTESIAN_POINT('',(54.790446428571,2.217053571429,0.));
#17373 = VERTEX_POINT('',#17374);
#17374 = CARTESIAN_POINT('',(54.790446428571,6.,0.));
#17375 = LINE('',#17376,#17377);
#17376 = CARTESIAN_POINT('',(54.790446428571,2.217053571429,0.));
#17377 = VECTOR('',#17378,1.);
#17378 = DIRECTION('',(0.,1.,0.));
#17379 = ORIENTED_EDGE('',*,*,#17380,.F.);
#17380 = EDGE_CURVE('',#17381,#17371,#17383,.T.);
#17381 = VERTEX_POINT('',#17382);
#17382 = CARTESIAN_POINT('',(55.278482142857,0.436071428571,0.));
#17383 = B_SPLINE_CURVE_WITH_KNOTS('',2,(#17384,#17385,#17386),
  .UNSPECIFIED.,.F.,.F.,(3,3),(0.,1.),.PIECEWISE_BEZIER_KNOTS.);
#17384 = CARTESIAN_POINT('',(55.278482142857,0.436071428571,0.));
#17385 = CARTESIAN_POINT('',(54.790446428571,0.992142857143,0.));
#17386 = CARTESIAN_POINT('',(54.790446428571,2.217053571429,0.));
#17387 = ORIENTED_EDGE('',*,*,#17388,.F.);
#17388 = EDGE_CURVE('',#17389,#17381,#17391,.T.);
#17389 = VERTEX_POINT('',#17390);
#17390 = CARTESIAN_POINT('',(56.839553571429,-0.12,0.));
#17391 = B_SPLINE_CURVE_WITH_KNOTS('',2,(#17392,#17393,#17394),
  .UNSPECIFIED.,.F.,.F.,(3,3),(0.,1.),.PIECEWISE_BEZIER_KNOTS.);
#17392 = CARTESIAN_POINT('',(56.839553571429,-0.12,0.));
#17393 = CARTESIAN_POINT('',(55.766785714286,-0.12,0.));
#17394 = CARTESIAN_POINT('',(55.278482142857,0.436071428571,0.));
#17395 = ORIENTED_EDGE('',*,*,#17396,.F.);
#17396 = EDGE_CURVE('',#17397,#17389,#17399,.T.);
#17397 = VERTEX_POINT('',#17398);
#17398 = CARTESIAN_POINT('',(58.4025,0.436071428571,0.));
#17399 = B_SPLINE_CURVE_WITH_KNOTS('',2,(#17400,#17401,#17402),
  .UNSPECIFIED.,.F.,.F.,(3,3),(0.,1.),.PIECEWISE_BEZIER_KNOTS.);
#17400 = CARTESIAN_POINT('',(58.4025,0.436071428571,0.));
#17401 = CARTESIAN_POINT('',(57.916339285714,-0.12,0.));
#17402 = CARTESIAN_POINT('',(56.839553571429,-0.12,0.));
#17403 = ORIENTED_EDGE('',*,*,#17404,.F.);
#17404 = EDGE_CURVE('',#17405,#17397,#17407,.T.);
#17405 = VERTEX_POINT('',#17406);
#17406 = CARTESIAN_POINT('',(58.888660714286,2.217053571429,0.));
#17407 = B_SPLINE_CURVE_WITH_KNOTS('',2,(#17408,#17409,#17410),
  .UNSPECIFIED.,.F.,.F.,(3,3),(0.,1.),.PIECEWISE_BEZIER_KNOTS.);
#17408 = CARTESIAN_POINT('',(58.888660714286,2.217053571429,0.));
#17409 = CARTESIAN_POINT('',(58.888660714286,0.992142857143,0.));
#17410 = CARTESIAN_POINT('',(58.4025,0.436071428571,0.));
#17411 = ORIENTED_EDGE('',*,*,#17412,.F.);
#17412 = EDGE_CURVE('',#17413,#17405,#17415,.T.);
#17413 = VERTEX_POINT('',#17414);
#17414 = CARTESIAN_POINT('',(58.888660714286,6.,0.));
#17415 = LINE('',#17416,#17417);
#17416 = CARTESIAN_POINT('',(58.888660714286,6.,0.));
#17417 = VECTOR('',#17418,1.);
#17418 = DIRECTION('',(0.,-1.,0.));
#17419 = ORIENTED_EDGE('',*,*,#17420,.F.);
#17420 = EDGE_CURVE('',#17421,#17413,#17423,.T.);
#17421 = VERTEX_POINT('',#17422);
#17422 = CARTESIAN_POINT('',(57.703392857143,6.,0.));
#17423 = LINE('',#17424,#17425);
#17424 = CARTESIAN_POINT('',(57.703392857143,6.,0.));
#17425 = VECTOR('',#17426,1.);
#17426 = DIRECTION('',(1.,0.,0.));
#17427 = ORIENTED_EDGE('',*,*,#17428,.F.);
#17428 = EDGE_CURVE('',#17429,#17421,#17431,.T.);
#17429 = VERTEX_POINT('',#17430);
#17430 = CARTESIAN_POINT('',(57.703392857143,1.919732142857,0.));
#17431 = LINE('',#17432,#17433);
#17432 = CARTESIAN_POINT('',(57.703392857143,1.919732142857,0.));
#17433 = VECTOR('',#17434,1.);
#17434 = DIRECTION('',(0.,1.,0.));
#17435 = ORIENTED_EDGE('',*,*,#17436,.F.);
#17436 = EDGE_CURVE('',#17437,#17429,#17439,.T.);
#17437 = VERTEX_POINT('',#17438);
#17438 = CARTESIAN_POINT('',(57.474375,1.215,0.));
#17439 = B_SPLINE_CURVE_WITH_KNOTS('',2,(#17440,#17441,#17442),
  .UNSPECIFIED.,.F.,.F.,(3,3),(0.,1.),.PIECEWISE_BEZIER_KNOTS.);
#17440 = CARTESIAN_POINT('',(57.474375,1.215,0.));
#17441 = CARTESIAN_POINT('',(57.703392857143,1.47,0.));
#17442 = CARTESIAN_POINT('',(57.703392857143,1.919732142857,0.));
#17443 = ORIENTED_EDGE('',*,*,#17444,.F.);
#17444 = EDGE_CURVE('',#17445,#17437,#17447,.T.);
#17445 = VERTEX_POINT('',#17446);
#17446 = CARTESIAN_POINT('',(56.839553571429,0.96,0.));
#17447 = B_SPLINE_CURVE_WITH_KNOTS('',2,(#17448,#17449,#17450),
  .UNSPECIFIED.,.F.,.F.,(3,3),(0.,1.),.PIECEWISE_BEZIER_KNOTS.);
#17448 = CARTESIAN_POINT('',(56.839553571429,0.96,0.));
#17449 = CARTESIAN_POINT('',(57.245357142857,0.96,0.));
#17450 = CARTESIAN_POINT('',(57.474375,1.215,0.));
#17451 = ORIENTED_EDGE('',*,*,#17452,.F.);
#17452 = EDGE_CURVE('',#17453,#17445,#17455,.T.);
#17453 = VERTEX_POINT('',#17454);
#17454 = CARTESIAN_POINT('',(56.204732142857,1.215,0.));
#17455 = B_SPLINE_CURVE_WITH_KNOTS('',2,(#17456,#17457,#17458),
  .UNSPECIFIED.,.F.,.F.,(3,3),(0.,1.),.PIECEWISE_BEZIER_KNOTS.);
#17456 = CARTESIAN_POINT('',(56.204732142857,1.215,0.));
#17457 = CARTESIAN_POINT('',(56.43375,0.96,0.));
#17458 = CARTESIAN_POINT('',(56.839553571429,0.96,0.));
#17459 = ORIENTED_EDGE('',*,*,#17460,.F.);
#17460 = EDGE_CURVE('',#17461,#17453,#17463,.T.);
#17461 = VERTEX_POINT('',#17462);
#17462 = CARTESIAN_POINT('',(55.975714285714,1.919732142857,0.));
#17463 = B_SPLINE_CURVE_WITH_KNOTS('',2,(#17464,#17465,#17466),
  .UNSPECIFIED.,.F.,.F.,(3,3),(0.,1.),.PIECEWISE_BEZIER_KNOTS.);
#17464 = CARTESIAN_POINT('',(55.975714285714,1.919732142857,0.));
#17465 = CARTESIAN_POINT('',(55.975714285714,1.47,0.));
#17466 = CARTESIAN_POINT('',(56.204732142857,1.215,0.));
#17467 = ORIENTED_EDGE('',*,*,#17468,.F.);
#17468 = EDGE_CURVE('',#17469,#17461,#17471,.T.);
#17469 = VERTEX_POINT('',#17470);
#17470 = CARTESIAN_POINT('',(55.975714285714,6.,0.));
#17471 = LINE('',#17472,#17473);
#17472 = CARTESIAN_POINT('',(55.975714285714,6.,0.));
#17473 = VECTOR('',#17474,1.);
#17474 = DIRECTION('',(0.,-1.,0.));
#17475 = ORIENTED_EDGE('',*,*,#17476,.F.);
#17476 = EDGE_CURVE('',#17373,#17469,#17477,.T.);
#17477 = LINE('',#17478,#17479);
#17478 = CARTESIAN_POINT('',(54.790446428571,6.,0.));
#17479 = VECTOR('',#17480,1.);
#17480 = DIRECTION('',(1.,0.,0.));
#17481 = PLANE('',#17482);
#17482 = AXIS2_PLACEMENT_3D('',#17483,#17484,#17485);
#17483 = CARTESIAN_POINT('',(56.839671168776,3.075670431225,0.));
#17484 = DIRECTION('',(0.,0.,1.));
#17485 = DIRECTION('',(1.,0.,0.));
#17486 = SHELL_BASED_SURFACE_MODEL('',(#17487));
#17487 = OPEN_SHELL('',(#17488));
#17488 = ADVANCED_FACE('',(#17489),#17715,.T.);
#17489 = FACE_BOUND('',#17490,.T.);
#17490 = EDGE_LOOP('',(#17491,#17501,#17509,#17517,#17525,#17533,#17541,
    #17549,#17557,#17565,#17573,#17581,#17589,#17597,#17605,#17613,
    #17621,#17629,#17637,#17645,#17653,#17661,#17669,#17677,#17685,
    #17693,#17701,#17709));
#17491 = ORIENTED_EDGE('',*,*,#17492,.F.);
#17492 = EDGE_CURVE('',#17493,#17495,#17497,.T.);
#17493 = VERTEX_POINT('',#17494);
#17494 = CARTESIAN_POINT('',(61.367946428571,2.622589285714,0.));
#17495 = VERTEX_POINT('',#17496);
#17496 = CARTESIAN_POINT('',(60.154553571429,3.340714285714,0.));
#17497 = B_SPLINE_CURVE_WITH_KNOTS('',2,(#17498,#17499,#17500),
  .UNSPECIFIED.,.F.,.F.,(3,3),(0.,1.),.PIECEWISE_BEZIER_KNOTS.);
#17498 = CARTESIAN_POINT('',(61.367946428571,2.622589285714,0.));
#17499 = CARTESIAN_POINT('',(60.471964285714,2.964642857143,0.));
#17500 = CARTESIAN_POINT('',(60.154553571429,3.340714285714,0.));
#17501 = ORIENTED_EDGE('',*,*,#17502,.F.);
#17502 = EDGE_CURVE('',#17503,#17493,#17505,.T.);
#17503 = VERTEX_POINT('',#17504);
#17504 = CARTESIAN_POINT('',(61.950535714286,2.402410714286,0.));
#17505 = LINE('',#17506,#17507);
#17506 = CARTESIAN_POINT('',(61.950535714286,2.402410714286,0.));
#17507 = VECTOR('',#17508,1.);
#17508 = DIRECTION('',(-0.935424690924,0.353526021122,0.));
#17509 = ORIENTED_EDGE('',*,*,#17510,.F.);
#17510 = EDGE_CURVE('',#17511,#17503,#17513,.T.);
#17511 = VERTEX_POINT('',#17512);
#17512 = CARTESIAN_POINT('',(62.416607142857,2.083125,0.));
#17513 = B_SPLINE_CURVE_WITH_KNOTS('',2,(#17514,#17515,#17516),
  .UNSPECIFIED.,.F.,.F.,(3,3),(0.,1.),.PIECEWISE_BEZIER_KNOTS.);
#17514 = CARTESIAN_POINT('',(62.416607142857,2.083125,0.));
#17515 = CARTESIAN_POINT('',(62.255892857143,2.285892857143,0.));
#17516 = CARTESIAN_POINT('',(61.950535714286,2.402410714286,0.));
#17517 = ORIENTED_EDGE('',*,*,#17518,.F.);
#17518 = EDGE_CURVE('',#17519,#17511,#17521,.T.);
#17519 = VERTEX_POINT('',#17520);
#17520 = CARTESIAN_POINT('',(62.577321428571,1.611696428571,0.));
#17521 = B_SPLINE_CURVE_WITH_KNOTS('',2,(#17522,#17523,#17524),
  .UNSPECIFIED.,.F.,.F.,(3,3),(0.,1.),.PIECEWISE_BEZIER_KNOTS.);
#17522 = CARTESIAN_POINT('',(62.577321428571,1.611696428571,0.));
#17523 = CARTESIAN_POINT('',(62.577321428571,1.880625,0.));
#17524 = CARTESIAN_POINT('',(62.416607142857,2.083125,0.));
#17525 = ORIENTED_EDGE('',*,*,#17526,.F.);
#17526 = EDGE_CURVE('',#17527,#17519,#17529,.T.);
#17527 = VERTEX_POINT('',#17528);
#17528 = CARTESIAN_POINT('',(62.33625,1.055625,0.));
#17529 = B_SPLINE_CURVE_WITH_KNOTS('',2,(#17530,#17531,#17532),
  .UNSPECIFIED.,.F.,.F.,(3,3),(0.,1.),.PIECEWISE_BEZIER_KNOTS.);
#17530 = CARTESIAN_POINT('',(62.33625,1.055625,0.));
#17531 = CARTESIAN_POINT('',(62.577321428571,1.254375,0.));
#17532 = CARTESIAN_POINT('',(62.577321428571,1.611696428571,0.));
#17533 = ORIENTED_EDGE('',*,*,#17534,.F.);
#17534 = EDGE_CURVE('',#17535,#17527,#17537,.T.);
#17535 = VERTEX_POINT('',#17536);
#17536 = CARTESIAN_POINT('',(61.657232142857,0.857142857143,0.));
#17537 = B_SPLINE_CURVE_WITH_KNOTS('',2,(#17538,#17539,#17540),
  .UNSPECIFIED.,.F.,.F.,(3,3),(0.,1.),.PIECEWISE_BEZIER_KNOTS.);
#17538 = CARTESIAN_POINT('',(61.657232142857,0.857142857143,0.));
#17539 = CARTESIAN_POINT('',(62.095178571429,0.857142857143,0.));
#17540 = CARTESIAN_POINT('',(62.33625,1.055625,0.));
#17541 = ORIENTED_EDGE('',*,*,#17542,.F.);
#17542 = EDGE_CURVE('',#17543,#17535,#17545,.T.);
#17543 = VERTEX_POINT('',#17544);
#17544 = CARTESIAN_POINT('',(60.779196428571,1.022142857143,0.));
#17545 = B_SPLINE_CURVE_WITH_KNOTS('',2,(#17546,#17547,#17548),
  .UNSPECIFIED.,.F.,.F.,(3,3),(0.,1.),.PIECEWISE_BEZIER_KNOTS.);
#17546 = CARTESIAN_POINT('',(60.779196428571,1.022142857143,0.));
#17547 = CARTESIAN_POINT('',(61.223303571429,0.857142857143,0.));
#17548 = CARTESIAN_POINT('',(61.657232142857,0.857142857143,0.));
#17549 = ORIENTED_EDGE('',*,*,#17550,.F.);
#17550 = EDGE_CURVE('',#17551,#17543,#17553,.T.);
#17551 = VERTEX_POINT('',#17552);
#17552 = CARTESIAN_POINT('',(59.86125,1.525714285714,0.));
#17553 = B_SPLINE_CURVE_WITH_KNOTS('',2,(#17554,#17555,#17556),
  .UNSPECIFIED.,.F.,.F.,(3,3),(0.,1.),.PIECEWISE_BEZIER_KNOTS.);
#17554 = CARTESIAN_POINT('',(59.86125,1.525714285714,0.));
#17555 = CARTESIAN_POINT('',(60.335357142857,1.187410714286,0.));
#17556 = CARTESIAN_POINT('',(60.779196428571,1.022142857143,0.));
#17557 = ORIENTED_EDGE('',*,*,#17558,.F.);
#17558 = EDGE_CURVE('',#17559,#17551,#17561,.T.);
#17559 = VERTEX_POINT('',#17560);
#17560 = CARTESIAN_POINT('',(59.86125,0.308571428571,0.));
#17561 = LINE('',#17562,#17563);
#17562 = CARTESIAN_POINT('',(59.86125,0.308571428571,0.));
#17563 = VECTOR('',#17564,1.);
#17564 = DIRECTION('',(0.,1.,0.));
#17565 = ORIENTED_EDGE('',*,*,#17566,.F.);
#17566 = EDGE_CURVE('',#17567,#17559,#17569,.T.);
#17567 = VERTEX_POINT('',#17568);
#17568 = CARTESIAN_POINT('',(60.726964285714,-1.178571428571E-02,0.));
#17569 = B_SPLINE_CURVE_WITH_KNOTS('',2,(#17570,#17571,#17572),
  .UNSPECIFIED.,.F.,.F.,(3,3),(0.,1.),.PIECEWISE_BEZIER_KNOTS.);
#17570 = CARTESIAN_POINT('',(60.726964285714,-1.178571428571E-02,0.));
#17571 = CARTESIAN_POINT('',(60.279107142857,9.642857142857E-02,0.));
#17572 = CARTESIAN_POINT('',(59.86125,0.308571428571,0.));
#17573 = ORIENTED_EDGE('',*,*,#17574,.F.);
#17574 = EDGE_CURVE('',#17575,#17567,#17577,.T.);
#17575 = VERTEX_POINT('',#17576);
#17576 = CARTESIAN_POINT('',(61.621071428571,-0.12,0.));
#17577 = B_SPLINE_CURVE_WITH_KNOTS('',2,(#17578,#17579,#17580),
  .UNSPECIFIED.,.F.,.F.,(3,3),(0.,1.),.PIECEWISE_BEZIER_KNOTS.);
#17578 = CARTESIAN_POINT('',(61.621071428571,-0.12,0.));
#17579 = CARTESIAN_POINT('',(61.175089285714,-0.12,0.));
#17580 = CARTESIAN_POINT('',(60.726964285714,-1.178571428571E-02,0.));
#17581 = ORIENTED_EDGE('',*,*,#17582,.F.);
#17582 = EDGE_CURVE('',#17583,#17575,#17585,.T.);
#17583 = VERTEX_POINT('',#17584);
#17584 = CARTESIAN_POINT('',(63.242142857143,0.326785714286,0.));
#17585 = B_SPLINE_CURVE_WITH_KNOTS('',2,(#17586,#17587,#17588),
  .UNSPECIFIED.,.F.,.F.,(3,3),(0.,1.),.PIECEWISE_BEZIER_KNOTS.);
#17586 = CARTESIAN_POINT('',(63.242142857143,0.326785714286,0.));
#17587 = CARTESIAN_POINT('',(62.705892857143,-0.12,0.));
#17588 = CARTESIAN_POINT('',(61.621071428571,-0.12,0.));
#17589 = ORIENTED_EDGE('',*,*,#17590,.F.);
#17590 = EDGE_CURVE('',#17591,#17583,#17593,.T.);
#17591 = VERTEX_POINT('',#17592);
#17592 = CARTESIAN_POINT('',(63.778660714286,1.679732142857,0.));
#17593 = B_SPLINE_CURVE_WITH_KNOTS('',2,(#17594,#17595,#17596),
  .UNSPECIFIED.,.F.,.F.,(3,3),(0.,1.),.PIECEWISE_BEZIER_KNOTS.);
#17594 = CARTESIAN_POINT('',(63.778660714286,1.679732142857,0.));
#17595 = CARTESIAN_POINT('',(63.778660714286,0.773839285714,0.));
#17596 = CARTESIAN_POINT('',(63.242142857143,0.326785714286,0.));
#17597 = ORIENTED_EDGE('',*,*,#17598,.F.);
#17598 = EDGE_CURVE('',#17599,#17591,#17601,.T.);
#17599 = VERTEX_POINT('',#17600);
#17600 = CARTESIAN_POINT('',(63.437142857143,2.781696428571,0.));
#17601 = B_SPLINE_CURVE_WITH_KNOTS('',2,(#17602,#17603,#17604),
  .UNSPECIFIED.,.F.,.F.,(3,3),(0.,1.),.PIECEWISE_BEZIER_KNOTS.);
#17602 = CARTESIAN_POINT('',(63.437142857143,2.781696428571,0.));
#17603 = CARTESIAN_POINT('',(63.778660714286,2.344821428571,0.));
#17604 = CARTESIAN_POINT('',(63.778660714286,1.679732142857,0.));
#17605 = ORIENTED_EDGE('',*,*,#17606,.F.);
#17606 = EDGE_CURVE('',#17607,#17599,#17609,.T.);
#17607 = VERTEX_POINT('',#17608);
#17608 = CARTESIAN_POINT('',(62.372410714286,3.483214285714,0.));
#17609 = B_SPLINE_CURVE_WITH_KNOTS('',2,(#17610,#17611,#17612),
  .UNSPECIFIED.,.F.,.F.,(3,3),(0.,1.),.PIECEWISE_BEZIER_KNOTS.);
#17610 = CARTESIAN_POINT('',(62.372410714286,3.483214285714,0.));
#17611 = CARTESIAN_POINT('',(63.095625,3.218571428571,0.));
#17612 = CARTESIAN_POINT('',(63.437142857143,2.781696428571,0.));
#17613 = ORIENTED_EDGE('',*,*,#17614,.F.);
#17614 = EDGE_CURVE('',#17615,#17607,#17617,.T.);
#17615 = VERTEX_POINT('',#17616);
#17616 = CARTESIAN_POINT('',(61.862142857143,3.675267857143,0.));
#17617 = LINE('',#17618,#17619);
#17618 = CARTESIAN_POINT('',(61.862142857143,3.675267857143,0.));
#17619 = VECTOR('',#17620,1.);
#17620 = DIRECTION('',(0.935904506269,-0.352253822045,0.));
#17621 = ORIENTED_EDGE('',*,*,#17622,.F.);
#17622 = EDGE_CURVE('',#17623,#17615,#17625,.T.);
#17623 = VERTEX_POINT('',#17624);
#17624 = CARTESIAN_POINT('',(61.164910714286,4.037678571429,0.));
#17625 = B_SPLINE_CURVE_WITH_KNOTS('',2,(#17626,#17627,#17628),
  .UNSPECIFIED.,.F.,.F.,(3,3),(0.,1.),.PIECEWISE_BEZIER_KNOTS.);
#17626 = CARTESIAN_POINT('',(61.164910714286,4.037678571429,0.));
#17627 = CARTESIAN_POINT('',(61.331785714286,3.87375,0.));
#17628 = CARTESIAN_POINT('',(61.862142857143,3.675267857143,0.));
#17629 = ORIENTED_EDGE('',*,*,#17630,.F.);
#17630 = EDGE_CURVE('',#17631,#17623,#17633,.T.);
#17631 = VERTEX_POINT('',#17632);
#17632 = CARTESIAN_POINT('',(60.998303571429,4.453125,0.));
#17633 = B_SPLINE_CURVE_WITH_KNOTS('',2,(#17634,#17635,#17636),
  .UNSPECIFIED.,.F.,.F.,(3,3),(0.,1.),.PIECEWISE_BEZIER_KNOTS.);
#17634 = CARTESIAN_POINT('',(60.998303571429,4.453125,0.));
#17635 = CARTESIAN_POINT('',(60.998303571429,4.201875,0.));
#17636 = CARTESIAN_POINT('',(61.164910714286,4.037678571429,0.));
#17637 = ORIENTED_EDGE('',*,*,#17638,.F.);
#17638 = EDGE_CURVE('',#17639,#17631,#17641,.T.);
#17639 = VERTEX_POINT('',#17640);
#17640 = CARTESIAN_POINT('',(61.227321428571,4.951339285714,0.));
#17641 = B_SPLINE_CURVE_WITH_KNOTS('',2,(#17642,#17643,#17644),
  .UNSPECIFIED.,.F.,.F.,(3,3),(0.,1.),.PIECEWISE_BEZIER_KNOTS.);
#17642 = CARTESIAN_POINT('',(61.227321428571,4.951339285714,0.));
#17643 = CARTESIAN_POINT('',(60.998303571429,4.777232142857,0.));
#17644 = CARTESIAN_POINT('',(60.998303571429,4.453125,0.));
#17645 = ORIENTED_EDGE('',*,*,#17646,.F.);
#17646 = EDGE_CURVE('',#17647,#17639,#17649,.T.);
#17647 = VERTEX_POINT('',#17648);
#17648 = CARTESIAN_POINT('',(61.88625,5.125714285714,0.));
#17649 = B_SPLINE_CURVE_WITH_KNOTS('',2,(#17650,#17651,#17652),
  .UNSPECIFIED.,.F.,.F.,(3,3),(0.,1.),.PIECEWISE_BEZIER_KNOTS.);
#17650 = CARTESIAN_POINT('',(61.88625,5.125714285714,0.));
#17651 = CARTESIAN_POINT('',(61.456339285714,5.125714285714,0.));
#17652 = CARTESIAN_POINT('',(61.227321428571,4.951339285714,0.));
#17653 = ORIENTED_EDGE('',*,*,#17654,.F.);
#17654 = EDGE_CURVE('',#17655,#17647,#17657,.T.);
#17655 = VERTEX_POINT('',#17656);
#17656 = CARTESIAN_POINT('',(62.665714285714,4.981071428571,0.));
#17657 = B_SPLINE_CURVE_WITH_KNOTS('',2,(#17658,#17659,#17660),
  .UNSPECIFIED.,.F.,.F.,(3,3),(0.,1.),.PIECEWISE_BEZIER_KNOTS.);
#17658 = CARTESIAN_POINT('',(62.665714285714,4.981071428571,0.));
#17659 = CARTESIAN_POINT('',(62.271964285714,5.125714285714,0.));
#17660 = CARTESIAN_POINT('',(61.88625,5.125714285714,0.));
#17661 = ORIENTED_EDGE('',*,*,#17662,.F.);
#17662 = EDGE_CURVE('',#17663,#17655,#17665,.T.);
#17663 = VERTEX_POINT('',#17664);
#17664 = CARTESIAN_POINT('',(63.441160714286,4.56,0.));
#17665 = B_SPLINE_CURVE_WITH_KNOTS('',2,(#17666,#17667,#17668),
  .UNSPECIFIED.,.F.,.F.,(3,3),(0.,1.),.PIECEWISE_BEZIER_KNOTS.);
#17666 = CARTESIAN_POINT('',(63.441160714286,4.56,0.));
#17667 = CARTESIAN_POINT('',(63.059464285714,4.836696428571,0.));
#17668 = CARTESIAN_POINT('',(62.665714285714,4.981071428571,0.));
#17669 = ORIENTED_EDGE('',*,*,#17670,.F.);
#17670 = EDGE_CURVE('',#17671,#17663,#17673,.T.);
#17671 = VERTEX_POINT('',#17672);
#17672 = CARTESIAN_POINT('',(63.441160714286,5.725714285714,0.));
#17673 = LINE('',#17674,#17675);
#17674 = CARTESIAN_POINT('',(63.441160714286,5.725714285714,0.));
#17675 = VECTOR('',#17676,1.);
#17676 = DIRECTION('',(0.,-1.,0.));
#17677 = ORIENTED_EDGE('',*,*,#17678,.F.);
#17678 = EDGE_CURVE('',#17679,#17671,#17681,.T.);
#17679 = VERTEX_POINT('',#17680);
#17680 = CARTESIAN_POINT('',(62.621517857143,6.0075,0.));
#17681 = B_SPLINE_CURVE_WITH_KNOTS('',2,(#17682,#17683,#17684),
  .UNSPECIFIED.,.F.,.F.,(3,3),(0.,1.),.PIECEWISE_BEZIER_KNOTS.);
#17682 = CARTESIAN_POINT('',(62.621517857143,6.0075,0.));
#17683 = CARTESIAN_POINT('',(63.035357142857,5.912142857143,0.));
#17684 = CARTESIAN_POINT('',(63.441160714286,5.725714285714,0.));
#17685 = ORIENTED_EDGE('',*,*,#17686,.F.);
#17686 = EDGE_CURVE('',#17687,#17679,#17689,.T.);
#17687 = VERTEX_POINT('',#17688);
#17688 = CARTESIAN_POINT('',(61.793839285714,6.102857142857,0.));
#17689 = B_SPLINE_CURVE_WITH_KNOTS('',2,(#17690,#17691,#17692),
  .UNSPECIFIED.,.F.,.F.,(3,3),(0.,1.),.PIECEWISE_BEZIER_KNOTS.);
#17690 = CARTESIAN_POINT('',(61.793839285714,6.102857142857,0.));
#17691 = CARTESIAN_POINT('',(62.207678571429,6.102857142857,0.));
#17692 = CARTESIAN_POINT('',(62.621517857143,6.0075,0.));
#17693 = ORIENTED_EDGE('',*,*,#17694,.F.);
#17694 = EDGE_CURVE('',#17695,#17687,#17697,.T.);
#17695 = VERTEX_POINT('',#17696);
#17696 = CARTESIAN_POINT('',(60.359464285714,5.635982142857,0.));
#17697 = B_SPLINE_CURVE_WITH_KNOTS('',2,(#17698,#17699,#17700),
  .UNSPECIFIED.,.F.,.F.,(3,3),(0.,1.),.PIECEWISE_BEZIER_KNOTS.);
#17698 = CARTESIAN_POINT('',(60.359464285714,5.635982142857,0.));
#17699 = CARTESIAN_POINT('',(60.881785714286,6.102857142857,0.));
#17700 = CARTESIAN_POINT('',(61.793839285714,6.102857142857,0.));
#17701 = ORIENTED_EDGE('',*,*,#17702,.F.);
#17702 = EDGE_CURVE('',#17703,#17695,#17705,.T.);
#17703 = VERTEX_POINT('',#17704);
#17704 = CARTESIAN_POINT('',(59.837142857143,4.352678571429,0.));
#17705 = B_SPLINE_CURVE_WITH_KNOTS('',2,(#17706,#17707,#17708),
  .UNSPECIFIED.,.F.,.F.,(3,3),(0.,1.),.PIECEWISE_BEZIER_KNOTS.);
#17706 = CARTESIAN_POINT('',(59.837142857143,4.352678571429,0.));
#17707 = CARTESIAN_POINT('',(59.837142857143,5.169375,0.));
#17708 = CARTESIAN_POINT('',(60.359464285714,5.635982142857,0.));
#17709 = ORIENTED_EDGE('',*,*,#17710,.F.);
#17710 = EDGE_CURVE('',#17495,#17703,#17711,.T.);
#17711 = B_SPLINE_CURVE_WITH_KNOTS('',2,(#17712,#17713,#17714),
  .UNSPECIFIED.,.F.,.F.,(3,3),(0.,1.),.PIECEWISE_BEZIER_KNOTS.);
#17712 = CARTESIAN_POINT('',(60.154553571429,3.340714285714,0.));
#17713 = CARTESIAN_POINT('',(59.837142857143,3.717053571429,0.));
#17714 = CARTESIAN_POINT('',(59.837142857143,4.352678571429,0.));
#17715 = PLANE('',#17716);
#17716 = AXIS2_PLACEMENT_3D('',#17717,#17718,#17719);
#17717 = CARTESIAN_POINT('',(61.753711432071,2.950283351484,0.));
#17718 = DIRECTION('',(0.,0.,1.));
#17719 = DIRECTION('',(1.,0.,0.));
#17720 = SHELL_BASED_SURFACE_MODEL('',(#17721));
#17721 = OPEN_SHELL('',(#17722));
#17722 = ADVANCED_FACE('',(#17723),#17821,.T.);
#17723 = FACE_BOUND('',#17724,.T.);
#17724 = EDGE_LOOP('',(#17725,#17735,#17743,#17751,#17759,#17767,#17775,
    #17783,#17791,#17799,#17807,#17815));
#17725 = ORIENTED_EDGE('',*,*,#17726,.F.);
#17726 = EDGE_CURVE('',#17727,#17729,#17731,.T.);
#17727 = VERTEX_POINT('',#17728);
#17728 = CARTESIAN_POINT('',(68.684732142857,0.,0.));
#17729 = VERTEX_POINT('',#17730);
#17730 = CARTESIAN_POINT('',(64.948125,0.,0.));
#17731 = LINE('',#17732,#17733);
#17732 = CARTESIAN_POINT('',(68.684732142857,0.,0.));
#17733 = VECTOR('',#17734,1.);
#17734 = DIRECTION('',(-1.,0.,0.));
#17735 = ORIENTED_EDGE('',*,*,#17736,.F.);
#17736 = EDGE_CURVE('',#17737,#17727,#17739,.T.);
#17737 = VERTEX_POINT('',#17738);
#17738 = CARTESIAN_POINT('',(68.684732142857,1.045714285714,0.));
#17739 = LINE('',#17740,#17741);
#17740 = CARTESIAN_POINT('',(68.684732142857,1.045714285714,0.));
#17741 = VECTOR('',#17742,1.);
#17742 = DIRECTION('',(0.,-1.,0.));
#17743 = ORIENTED_EDGE('',*,*,#17744,.F.);
#17744 = EDGE_CURVE('',#17745,#17737,#17747,.T.);
#17745 = VERTEX_POINT('',#17746);
#17746 = CARTESIAN_POINT('',(66.133392857143,1.045714285714,0.));
#17747 = LINE('',#17748,#17749);
#17748 = CARTESIAN_POINT('',(66.133392857143,1.045714285714,0.));
#17749 = VECTOR('',#17750,1.);
#17750 = DIRECTION('',(1.,0.,0.));
#17751 = ORIENTED_EDGE('',*,*,#17752,.F.);
#17752 = EDGE_CURVE('',#17753,#17745,#17755,.T.);
#17753 = VERTEX_POINT('',#17754);
#17754 = CARTESIAN_POINT('',(66.133392857143,2.622857142857,0.));
#17755 = LINE('',#17756,#17757);
#17756 = CARTESIAN_POINT('',(66.133392857143,2.622857142857,0.));
#17757 = VECTOR('',#17758,1.);
#17758 = DIRECTION('',(0.,-1.,0.));
#17759 = ORIENTED_EDGE('',*,*,#17760,.F.);
#17760 = EDGE_CURVE('',#17761,#17753,#17763,.T.);
#17761 = VERTEX_POINT('',#17762);
#17762 = CARTESIAN_POINT('',(68.443660714286,2.622857142857,0.));
#17763 = LINE('',#17764,#17765);
#17764 = CARTESIAN_POINT('',(68.443660714286,2.622857142857,0.));
#17765 = VECTOR('',#17766,1.);
#17766 = DIRECTION('',(-1.,0.,0.));
#17767 = ORIENTED_EDGE('',*,*,#17768,.F.);
#17768 = EDGE_CURVE('',#17769,#17761,#17771,.T.);
#17769 = VERTEX_POINT('',#17770);
#17770 = CARTESIAN_POINT('',(68.443660714286,3.668571428571,0.));
#17771 = LINE('',#17772,#17773);
#17772 = CARTESIAN_POINT('',(68.443660714286,3.668571428571,0.));
#17773 = VECTOR('',#17774,1.);
#17774 = DIRECTION('',(0.,-1.,0.));
#17775 = ORIENTED_EDGE('',*,*,#17776,.F.);
#17776 = EDGE_CURVE('',#17777,#17769,#17779,.T.);
#17777 = VERTEX_POINT('',#17778);
#17778 = CARTESIAN_POINT('',(66.133392857143,3.668571428571,0.));
#17779 = LINE('',#17780,#17781);
#17780 = CARTESIAN_POINT('',(66.133392857143,3.668571428571,0.));
#17781 = VECTOR('',#17782,1.);
#17782 = DIRECTION('',(1.,0.,0.));
#17783 = ORIENTED_EDGE('',*,*,#17784,.F.);
#17784 = EDGE_CURVE('',#17785,#17777,#17787,.T.);
#17785 = VERTEX_POINT('',#17786);
#17786 = CARTESIAN_POINT('',(66.133392857143,4.954285714286,0.));
#17787 = LINE('',#17788,#17789);
#17788 = CARTESIAN_POINT('',(66.133392857143,4.954285714286,0.));
#17789 = VECTOR('',#17790,1.);
#17790 = DIRECTION('',(0.,-1.,0.));
#17791 = ORIENTED_EDGE('',*,*,#17792,.F.);
#17792 = EDGE_CURVE('',#17793,#17785,#17795,.T.);
#17793 = VERTEX_POINT('',#17794);
#17794 = CARTESIAN_POINT('',(68.684732142857,4.954285714286,0.));
#17795 = LINE('',#17796,#17797);
#17796 = CARTESIAN_POINT('',(68.684732142857,4.954285714286,0.));
#17797 = VECTOR('',#17798,1.);
#17798 = DIRECTION('',(-1.,0.,0.));
#17799 = ORIENTED_EDGE('',*,*,#17800,.F.);
#17800 = EDGE_CURVE('',#17801,#17793,#17803,.T.);
#17801 = VERTEX_POINT('',#17802);
#17802 = CARTESIAN_POINT('',(68.684732142857,6.,0.));
#17803 = LINE('',#17804,#17805);
#17804 = CARTESIAN_POINT('',(68.684732142857,6.,0.));
#17805 = VECTOR('',#17806,1.);
#17806 = DIRECTION('',(0.,-1.,0.));
#17807 = ORIENTED_EDGE('',*,*,#17808,.F.);
#17808 = EDGE_CURVE('',#17809,#17801,#17811,.T.);
#17809 = VERTEX_POINT('',#17810);
#17810 = CARTESIAN_POINT('',(64.948125,6.,0.));
#17811 = LINE('',#17812,#17813);
#17812 = CARTESIAN_POINT('',(64.948125,6.,0.));
#17813 = VECTOR('',#17814,1.);
#17814 = DIRECTION('',(1.,0.,0.));
#17815 = ORIENTED_EDGE('',*,*,#17816,.F.);
#17816 = EDGE_CURVE('',#17729,#17809,#17817,.T.);
#17817 = LINE('',#17818,#17819);
#17818 = CARTESIAN_POINT('',(64.948125,0.,0.));
#17819 = VECTOR('',#17820,1.);
#17820 = DIRECTION('',(0.,1.,0.));
#17821 = PLANE('',#17822);
#17822 = AXIS2_PLACEMENT_3D('',#17823,#17824,#17825);
#17823 = CARTESIAN_POINT('',(66.735910345675,3.023060288336,0.));
#17824 = DIRECTION('',(0.,0.,1.));
#17825 = DIRECTION('',(1.,0.,0.));
#17826 = ( GEOMETRIC_REPRESENTATION_CONTEXT(3) 
GLOBAL_UNCERTAINTY_ASSIGNED_CONTEXT((#17830)) 
GLOBAL_UNIT_ASSIGNED_CONTEXT((#17827,#17828,#17829)) 
REPRESENTATION_CONTEXT('Context #1',
  '3D Context with UNIT and UNCERTAINTY') );
#17827 = ( LENGTH_UNIT() NAMED_UNIT(*) SI_UNIT(.MILLI.,.METRE.) );
#17828 = ( NAMED_UNIT(*) PLANE_ANGLE_UNIT() SI_UNIT($,.RADIAN.) );
#17829 = ( NAMED_UNIT(*) SI_UNIT($,.STERADIAN.) SOLID_ANGLE_UNIT() );
#17830 = UNCERTAINTY_MEASURE_WITH_UNIT(LENGTH_MEASURE(1.E-07),#17827,
  'distance_accuracy_value','confusion accuracy');
#17831 = CONTEXT_DEPENDENT_SHAPE_REPRESENTATION(#17832,#17834);
#17832 = ( REPRESENTATION_RELATIONSHIP('','',#16199,#10) 
REPRESENTATION_RELATIONSHIP_WITH_TRANSFORMATION(#17833) 
SHAPE_REPRESENTATION_RELATIONSHIP() );
#17833 = ITEM_DEFINED_TRANSFORMATION('','',#11,#67);
#17834 = PRODUCT_DEFINITION_SHAPE('Placement','Placement of an item',
  #17835);
#17835 = NEXT_ASSEMBLY_USAGE_OCCURRENCE('26','ShapeString','',#5,#16194,
  $);
#17836 = PRODUCT_RELATED_PRODUCT_CATEGORY('part',$,(#16196));
#17837 = SHAPE_DEFINITION_REPRESENTATION(#17838,#17844);
#17838 = PRODUCT_DEFINITION_SHAPE('','',#17839);
#17839 = PRODUCT_DEFINITION('design','',#17840,#17843);
#17840 = PRODUCT_DEFINITION_FORMATION('','',#17841);
#17841 = PRODUCT('ShapeString005','ShapeString005','',(#17842));
#17842 = PRODUCT_CONTEXT('',#2,'mechanical');
#17843 = PRODUCT_DEFINITION_CONTEXT('part definition',#2,'design');
#17844 = SHAPE_REPRESENTATION('',(#11,#17845,#17985,#18075,#18133),
  #18215);
#17845 = SHELL_BASED_SURFACE_MODEL('',(#17846));
#17846 = OPEN_SHELL('',(#17847));
#17847 = ADVANCED_FACE('',(#17848,#17914),#17980,.T.);
#17848 = FACE_BOUND('',#17849,.T.);
#17849 = EDGE_LOOP('',(#17850,#17860,#17868,#17876,#17884,#17892,#17900,
    #17908));
#17850 = ORIENTED_EDGE('',*,*,#17851,.F.);
#17851 = EDGE_CURVE('',#17852,#17854,#17856,.T.);
#17852 = VERTEX_POINT('',#17853);
#17853 = CARTESIAN_POINT('',(1.000000000029E-07,2.989553571429,0.));
#17854 = VERTEX_POINT('',#17855);
#17855 = CARTESIAN_POINT('',(0.532232242857,5.315357142857,0.));
#17856 = B_SPLINE_CURVE_WITH_KNOTS('',2,(#17857,#17858,#17859),
  .UNSPECIFIED.,.F.,.F.,(3,3),(0.,1.),.PIECEWISE_BEZIER_KNOTS.);
#17857 = CARTESIAN_POINT('',(1.000000001139E-07,2.989553571429,0.));
#17858 = CARTESIAN_POINT('',(1.000000001139E-07,4.528125,0.));
#17859 = CARTESIAN_POINT('',(0.532232242857,5.315357142857,0.));
#17860 = ORIENTED_EDGE('',*,*,#17861,.F.);
#17861 = EDGE_CURVE('',#17862,#17852,#17864,.T.);
#17862 = VERTEX_POINT('',#17863);
#17863 = CARTESIAN_POINT('',(0.532232242857,0.667232142857,0.));
#17864 = B_SPLINE_CURVE_WITH_KNOTS('',2,(#17865,#17866,#17867),
  .UNSPECIFIED.,.F.,.F.,(3,3),(0.,1.),.PIECEWISE_BEZIER_KNOTS.);
#17865 = CARTESIAN_POINT('',(0.532232242857,0.667232142857,0.));
#17866 = CARTESIAN_POINT('',(1.000000001139E-07,1.454732142857,0.));
#17867 = CARTESIAN_POINT('',(1.000000001139E-07,2.989553571429,0.));
#17868 = ORIENTED_EDGE('',*,*,#17869,.F.);
#17869 = EDGE_CURVE('',#17870,#17862,#17872,.T.);
#17870 = VERTEX_POINT('',#17871);
#17871 = CARTESIAN_POINT('',(2.105357242857,-0.12,0.));
#17872 = B_SPLINE_CURVE_WITH_KNOTS('',2,(#17873,#17874,#17875),
  .UNSPECIFIED.,.F.,.F.,(3,3),(0.,1.),.PIECEWISE_BEZIER_KNOTS.);
#17873 = CARTESIAN_POINT('',(2.105357242857,-0.12,0.));
#17874 = CARTESIAN_POINT('',(1.064732242857,-0.12,0.));
#17875 = CARTESIAN_POINT('',(0.532232242857,0.667232142857,0.));
#17876 = ORIENTED_EDGE('',*,*,#17877,.F.);
#17877 = EDGE_CURVE('',#17878,#17870,#17880,.T.);
#17878 = VERTEX_POINT('',#17879);
#17879 = CARTESIAN_POINT('',(3.682232242857,0.667232142857,0.));
#17880 = B_SPLINE_CURVE_WITH_KNOTS('',2,(#17881,#17882,#17883),
  .UNSPECIFIED.,.F.,.F.,(3,3),(0.,1.),.PIECEWISE_BEZIER_KNOTS.);
#17881 = CARTESIAN_POINT('',(3.682232242857,0.667232142857,0.));
#17882 = CARTESIAN_POINT('',(3.1500001,-0.12,0.));
#17883 = CARTESIAN_POINT('',(2.105357242857,-0.12,0.));
#17884 = ORIENTED_EDGE('',*,*,#17885,.F.);
#17885 = EDGE_CURVE('',#17886,#17878,#17888,.T.);
#17886 = VERTEX_POINT('',#17887);
#17887 = CARTESIAN_POINT('',(4.214732242857,2.989553571429,0.));
#17888 = B_SPLINE_CURVE_WITH_KNOTS('',2,(#17889,#17890,#17891),
  .UNSPECIFIED.,.F.,.F.,(3,3),(0.,1.),.PIECEWISE_BEZIER_KNOTS.);
#17889 = CARTESIAN_POINT('',(4.214732242857,2.989553571429,0.));
#17890 = CARTESIAN_POINT('',(4.214732242857,1.454732142857,0.));
#17891 = CARTESIAN_POINT('',(3.682232242857,0.667232142857,0.));
#17892 = ORIENTED_EDGE('',*,*,#17893,.F.);
#17893 = EDGE_CURVE('',#17894,#17886,#17896,.T.);
#17894 = VERTEX_POINT('',#17895);
#17895 = CARTESIAN_POINT('',(3.682232242857,5.315357142857,0.));
#17896 = B_SPLINE_CURVE_WITH_KNOTS('',2,(#17897,#17898,#17899),
  .UNSPECIFIED.,.F.,.F.,(3,3),(0.,1.),.PIECEWISE_BEZIER_KNOTS.);
#17897 = CARTESIAN_POINT('',(3.682232242857,5.315357142857,0.));
#17898 = CARTESIAN_POINT('',(4.214732242857,4.528125,0.));
#17899 = CARTESIAN_POINT('',(4.214732242857,2.989553571429,0.));
#17900 = ORIENTED_EDGE('',*,*,#17901,.F.);
#17901 = EDGE_CURVE('',#17902,#17894,#17904,.T.);
#17902 = VERTEX_POINT('',#17903);
#17903 = CARTESIAN_POINT('',(2.105357242857,6.102857142857,0.));
#17904 = B_SPLINE_CURVE_WITH_KNOTS('',2,(#17905,#17906,#17907),
  .UNSPECIFIED.,.F.,.F.,(3,3),(0.,1.),.PIECEWISE_BEZIER_KNOTS.);
#17905 = CARTESIAN_POINT('',(2.105357242857,6.102857142857,0.));
#17906 = CARTESIAN_POINT('',(3.1500001,6.102857142857,0.));
#17907 = CARTESIAN_POINT('',(3.682232242857,5.315357142857,0.));
#17908 = ORIENTED_EDGE('',*,*,#17909,.F.);
#17909 = EDGE_CURVE('',#17854,#17902,#17910,.T.);
#17910 = B_SPLINE_CURVE_WITH_KNOTS('',2,(#17911,#17912,#17913),
  .UNSPECIFIED.,.F.,.F.,(3,3),(0.,1.),.PIECEWISE_BEZIER_KNOTS.);
#17911 = CARTESIAN_POINT('',(0.532232242857,5.315357142857,0.));
#17912 = CARTESIAN_POINT('',(1.064732242857,6.102857142857,0.));
#17913 = CARTESIAN_POINT('',(2.105357242857,6.102857142857,0.));
#17914 = FACE_BOUND('',#17915,.T.);
#17915 = EDGE_LOOP('',(#17916,#17926,#17934,#17942,#17950,#17958,#17966,
    #17974));
#17916 = ORIENTED_EDGE('',*,*,#17917,.F.);
#17917 = EDGE_CURVE('',#17918,#17920,#17922,.T.);
#17918 = VERTEX_POINT('',#17919);
#17919 = CARTESIAN_POINT('',(2.105357242857,5.04,0.));
#17920 = VERTEX_POINT('',#17921);
#17921 = CARTESIAN_POINT('',(1.442410814286,4.555446428571,0.));
#17922 = B_SPLINE_CURVE_WITH_KNOTS('',2,(#17923,#17924,#17925),
  .UNSPECIFIED.,.F.,.F.,(3,3),(0.,1.),.PIECEWISE_BEZIER_KNOTS.);
#17923 = CARTESIAN_POINT('',(2.105357242857,5.04,0.));
#17924 = CARTESIAN_POINT('',(1.651339385714,5.04,0.));
#17925 = CARTESIAN_POINT('',(1.442410814286,4.555446428571,0.));
#17926 = ORIENTED_EDGE('',*,*,#17927,.F.);
#17927 = EDGE_CURVE('',#17928,#17918,#17930,.T.);
#17928 = VERTEX_POINT('',#17929);
#17929 = CARTESIAN_POINT('',(2.772321528571,4.555446428571,0.));
#17930 = B_SPLINE_CURVE_WITH_KNOTS('',2,(#17931,#17932,#17933),
  .UNSPECIFIED.,.F.,.F.,(3,3),(0.,1.),.PIECEWISE_BEZIER_KNOTS.);
#17931 = CARTESIAN_POINT('',(2.772321528571,4.555446428571,0.));
#17932 = CARTESIAN_POINT('',(2.563392957143,5.04,0.));
#17933 = CARTESIAN_POINT('',(2.105357242857,5.04,0.));
#17934 = ORIENTED_EDGE('',*,*,#17935,.F.);
#17935 = EDGE_CURVE('',#17936,#17928,#17938,.T.);
#17936 = VERTEX_POINT('',#17937);
#17937 = CARTESIAN_POINT('',(2.9812501,2.989285714286,0.));
#17938 = B_SPLINE_CURVE_WITH_KNOTS('',2,(#17939,#17940,#17941),
  .UNSPECIFIED.,.F.,.F.,(3,3),(0.,1.),.PIECEWISE_BEZIER_KNOTS.);
#17939 = CARTESIAN_POINT('',(2.9812501,2.989285714286,0.));
#17940 = CARTESIAN_POINT('',(2.9812501,4.070892857143,0.));
#17941 = CARTESIAN_POINT('',(2.772321528571,4.555446428571,0.));
#17942 = ORIENTED_EDGE('',*,*,#17943,.F.);
#17943 = EDGE_CURVE('',#17944,#17936,#17946,.T.);
#17944 = VERTEX_POINT('',#17945);
#17945 = CARTESIAN_POINT('',(2.772321528571,1.427410714286,0.));
#17946 = B_SPLINE_CURVE_WITH_KNOTS('',2,(#17947,#17948,#17949),
  .UNSPECIFIED.,.F.,.F.,(3,3),(0.,1.),.PIECEWISE_BEZIER_KNOTS.);
#17947 = CARTESIAN_POINT('',(2.772321528571,1.427410714286,0.));
#17948 = CARTESIAN_POINT('',(2.9812501,1.911964285714,0.));
#17949 = CARTESIAN_POINT('',(2.9812501,2.989285714286,0.));
#17950 = ORIENTED_EDGE('',*,*,#17951,.F.);
#17951 = EDGE_CURVE('',#17952,#17944,#17954,.T.);
#17952 = VERTEX_POINT('',#17953);
#17953 = CARTESIAN_POINT('',(2.105357242857,0.942857142857,0.));
#17954 = B_SPLINE_CURVE_WITH_KNOTS('',2,(#17955,#17956,#17957),
  .UNSPECIFIED.,.F.,.F.,(3,3),(0.,1.),.PIECEWISE_BEZIER_KNOTS.);
#17955 = CARTESIAN_POINT('',(2.105357242857,0.942857142857,0.));
#17956 = CARTESIAN_POINT('',(2.563392957143,0.942857142857,0.));
#17957 = CARTESIAN_POINT('',(2.772321528571,1.427410714286,0.));
#17958 = ORIENTED_EDGE('',*,*,#17959,.F.);
#17959 = EDGE_CURVE('',#17960,#17952,#17962,.T.);
#17960 = VERTEX_POINT('',#17961);
#17961 = CARTESIAN_POINT('',(1.442410814286,1.427410714286,0.));
#17962 = B_SPLINE_CURVE_WITH_KNOTS('',2,(#17963,#17964,#17965),
  .UNSPECIFIED.,.F.,.F.,(3,3),(0.,1.),.PIECEWISE_BEZIER_KNOTS.);
#17963 = CARTESIAN_POINT('',(1.442410814286,1.427410714286,0.));
#17964 = CARTESIAN_POINT('',(1.651339385714,0.942857142857,0.));
#17965 = CARTESIAN_POINT('',(2.105357242857,0.942857142857,0.));
#17966 = ORIENTED_EDGE('',*,*,#17967,.F.);
#17967 = EDGE_CURVE('',#17968,#17960,#17970,.T.);
#17968 = VERTEX_POINT('',#17969);
#17969 = CARTESIAN_POINT('',(1.233482242857,2.989285714286,0.));
#17970 = B_SPLINE_CURVE_WITH_KNOTS('',2,(#17971,#17972,#17973),
  .UNSPECIFIED.,.F.,.F.,(3,3),(0.,1.),.PIECEWISE_BEZIER_KNOTS.);
#17971 = CARTESIAN_POINT('',(1.233482242857,2.989285714286,0.));
#17972 = CARTESIAN_POINT('',(1.233482242857,1.911964285714,0.));
#17973 = CARTESIAN_POINT('',(1.442410814286,1.427410714286,0.));
#17974 = ORIENTED_EDGE('',*,*,#17975,.F.);
#17975 = EDGE_CURVE('',#17920,#17968,#17976,.T.);
#17976 = B_SPLINE_CURVE_WITH_KNOTS('',2,(#17977,#17978,#17979),
  .UNSPECIFIED.,.F.,.F.,(3,3),(0.,1.),.PIECEWISE_BEZIER_KNOTS.);
#17977 = CARTESIAN_POINT('',(1.442410814286,4.555446428571,0.));
#17978 = CARTESIAN_POINT('',(1.233482242857,4.070892857143,0.));
#17979 = CARTESIAN_POINT('',(1.233482242857,2.989285714286,0.));
#17980 = PLANE('',#17981);
#17981 = AXIS2_PLACEMENT_3D('',#17982,#17983,#17984);
#17982 = CARTESIAN_POINT('',(2.107264227231,2.991380681106,0.));
#17983 = DIRECTION('',(0.,0.,1.));
#17984 = DIRECTION('',(1.,0.,0.));
#17985 = SHELL_BASED_SURFACE_MODEL('',(#17986));
#17986 = OPEN_SHELL('',(#17987));
#17987 = ADVANCED_FACE('',(#17988),#18070,.T.);
#17988 = FACE_BOUND('',#17989,.T.);
#17989 = EDGE_LOOP('',(#17990,#18000,#18008,#18016,#18024,#18032,#18040,
    #18048,#18056,#18064));
#17990 = ORIENTED_EDGE('',*,*,#17991,.F.);
#17991 = EDGE_CURVE('',#17992,#17994,#17996,.T.);
#17992 = VERTEX_POINT('',#17993);
#17993 = CARTESIAN_POINT('',(5.062767957143,6.,0.));
#17994 = VERTEX_POINT('',#17995);
#17995 = CARTESIAN_POINT('',(6.336428671429,6.,0.));
#17996 = LINE('',#17997,#17998);
#17997 = CARTESIAN_POINT('',(5.062767957143,6.,0.));
#17998 = VECTOR('',#17999,1.);
#17999 = DIRECTION('',(1.,0.,0.));
#18000 = ORIENTED_EDGE('',*,*,#18001,.F.);
#18001 = EDGE_CURVE('',#18002,#17992,#18004,.T.);
#18002 = VERTEX_POINT('',#18003);
#18003 = CARTESIAN_POINT('',(5.062767957143,0.,0.));
#18004 = LINE('',#18005,#18006);
#18005 = CARTESIAN_POINT('',(5.062767957143,0.,0.));
#18006 = VECTOR('',#18007,1.);
#18007 = DIRECTION('',(0.,1.,0.));
#18008 = ORIENTED_EDGE('',*,*,#18009,.F.);
#18009 = EDGE_CURVE('',#18010,#18002,#18012,.T.);
#18010 = VERTEX_POINT('',#18011);
#18011 = CARTESIAN_POINT('',(6.107410814286,0.,0.));
#18012 = LINE('',#18013,#18014);
#18013 = CARTESIAN_POINT('',(6.107410814286,0.,0.));
#18014 = VECTOR('',#18015,1.);
#18015 = DIRECTION('',(-1.,0.,0.));
#18016 = ORIENTED_EDGE('',*,*,#18017,.F.);
#18017 = EDGE_CURVE('',#18018,#18010,#18020,.T.);
#18018 = VERTEX_POINT('',#18019);
#18019 = CARTESIAN_POINT('',(6.107410814286,4.360446428571,0.));
#18020 = LINE('',#18021,#18022);
#18021 = CARTESIAN_POINT('',(6.107410814286,4.360446428571,0.));
#18022 = VECTOR('',#18023,1.);
#18023 = DIRECTION('',(0.,-1.,0.));
#18024 = ORIENTED_EDGE('',*,*,#18025,.F.);
#18025 = EDGE_CURVE('',#18026,#18018,#18028,.T.);
#18026 = VERTEX_POINT('',#18027);
#18027 = CARTESIAN_POINT('',(7.7868751,0.,0.));
#18028 = LINE('',#18029,#18030);
#18029 = CARTESIAN_POINT('',(7.7868751,0.,0.));
#18030 = VECTOR('',#18031,1.);
#18031 = DIRECTION('',(-0.359420787632,0.933175598383,0.));
#18032 = ORIENTED_EDGE('',*,*,#18033,.F.);
#18033 = EDGE_CURVE('',#18034,#18026,#18036,.T.);
#18034 = VERTEX_POINT('',#18035);
#18035 = CARTESIAN_POINT('',(9.0525001,0.,0.));
#18036 = LINE('',#18037,#18038);
#18037 = CARTESIAN_POINT('',(9.0525001,0.,0.));
#18038 = VECTOR('',#18039,1.);
#18039 = DIRECTION('',(-1.,0.,0.));
#18040 = ORIENTED_EDGE('',*,*,#18041,.F.);
#18041 = EDGE_CURVE('',#18042,#18034,#18044,.T.);
#18042 = VERTEX_POINT('',#18043);
#18043 = CARTESIAN_POINT('',(9.0525001,6.,0.));
#18044 = LINE('',#18045,#18046);
#18045 = CARTESIAN_POINT('',(9.0525001,6.,0.));
#18046 = VECTOR('',#18047,1.);
#18047 = DIRECTION('',(0.,-1.,0.));
#18048 = ORIENTED_EDGE('',*,*,#18049,.F.);
#18049 = EDGE_CURVE('',#18050,#18042,#18052,.T.);
#18050 = VERTEX_POINT('',#18051);
#18051 = CARTESIAN_POINT('',(8.007857242857,6.,0.));
#18052 = LINE('',#18053,#18054);
#18053 = CARTESIAN_POINT('',(8.007857242857,6.,0.));
#18054 = VECTOR('',#18055,1.);
#18055 = DIRECTION('',(1.,0.,0.));
#18056 = ORIENTED_EDGE('',*,*,#18057,.F.);
#18057 = EDGE_CURVE('',#18058,#18050,#18060,.T.);
#18058 = VERTEX_POINT('',#18059);
#18059 = CARTESIAN_POINT('',(8.007857242857,1.639553571429,0.));
#18060 = LINE('',#18061,#18062);
#18061 = CARTESIAN_POINT('',(8.007857242857,1.639553571429,0.));
#18062 = VECTOR('',#18063,1.);
#18063 = DIRECTION('',(0.,1.,0.));
#18064 = ORIENTED_EDGE('',*,*,#18065,.F.);
#18065 = EDGE_CURVE('',#17994,#18058,#18066,.T.);
#18066 = LINE('',#18067,#18068);
#18067 = CARTESIAN_POINT('',(6.336428671429,6.,0.));
#18068 = VECTOR('',#18069,1.);
#18069 = DIRECTION('',(0.357921841948,-0.933751548891,0.));
#18070 = PLANE('',#18071);
#18071 = AXIS2_PLACEMENT_3D('',#18072,#18073,#18074);
#18072 = CARTESIAN_POINT('',(7.057997700721,3.000626784631,0.));
#18073 = DIRECTION('',(0.,0.,1.));
#18074 = DIRECTION('',(1.,0.,0.));
#18075 = SHELL_BASED_SURFACE_MODEL('',(#18076));
#18076 = OPEN_SHELL('',(#18077));
#18077 = ADVANCED_FACE('',(#18078),#18128,.T.);
#18078 = FACE_BOUND('',#18079,.T.);
#18079 = EDGE_LOOP('',(#18080,#18090,#18098,#18106,#18114,#18122));
#18080 = ORIENTED_EDGE('',*,*,#18081,.F.);
#18081 = EDGE_CURVE('',#18082,#18084,#18086,.T.);
#18082 = VERTEX_POINT('',#18083);
#18083 = CARTESIAN_POINT('',(10.442946528571,0.,0.));
#18084 = VERTEX_POINT('',#18085);
#18085 = CARTESIAN_POINT('',(10.442946528571,6.,0.));
#18086 = LINE('',#18087,#18088);
#18087 = CARTESIAN_POINT('',(10.442946528571,0.,0.));
#18088 = VECTOR('',#18089,1.);
#18089 = DIRECTION('',(0.,1.,0.));
#18090 = ORIENTED_EDGE('',*,*,#18091,.F.);
#18091 = EDGE_CURVE('',#18092,#18082,#18094,.T.);
#18092 = VERTEX_POINT('',#18093);
#18093 = CARTESIAN_POINT('',(14.163482242857,0.,0.));
#18094 = LINE('',#18095,#18096);
#18095 = CARTESIAN_POINT('',(14.163482242857,0.,0.));
#18096 = VECTOR('',#18097,1.);
#18097 = DIRECTION('',(-1.,0.,0.));
#18098 = ORIENTED_EDGE('',*,*,#18099,.F.);
#18099 = EDGE_CURVE('',#18100,#18092,#18102,.T.);
#18100 = VERTEX_POINT('',#18101);
#18101 = CARTESIAN_POINT('',(14.163482242857,1.045714285714,0.));
#18102 = LINE('',#18103,#18104);
#18103 = CARTESIAN_POINT('',(14.163482242857,1.045714285714,0.));
#18104 = VECTOR('',#18105,1.);
#18105 = DIRECTION('',(0.,-1.,0.));
#18106 = ORIENTED_EDGE('',*,*,#18107,.F.);
#18107 = EDGE_CURVE('',#18108,#18100,#18110,.T.);
#18108 = VERTEX_POINT('',#18109);
#18109 = CARTESIAN_POINT('',(11.628214385714,1.045714285714,0.));
#18110 = LINE('',#18111,#18112);
#18111 = CARTESIAN_POINT('',(11.628214385714,1.045714285714,0.));
#18112 = VECTOR('',#18113,1.);
#18113 = DIRECTION('',(1.,0.,0.));
#18114 = ORIENTED_EDGE('',*,*,#18115,.F.);
#18115 = EDGE_CURVE('',#18116,#18108,#18118,.T.);
#18116 = VERTEX_POINT('',#18117);
#18117 = CARTESIAN_POINT('',(11.628214385714,6.,0.));
#18118 = LINE('',#18119,#18120);
#18119 = CARTESIAN_POINT('',(11.628214385714,6.,0.));
#18120 = VECTOR('',#18121,1.);
#18121 = DIRECTION('',(0.,-1.,0.));
#18122 = ORIENTED_EDGE('',*,*,#18123,.F.);
#18123 = EDGE_CURVE('',#18084,#18116,#18124,.T.);
#18124 = LINE('',#18125,#18126);
#18125 = CARTESIAN_POINT('',(10.442946528571,6.,0.));
#18126 = VECTOR('',#18127,1.);
#18127 = DIRECTION('',(1.,0.,0.));
#18128 = PLANE('',#18129);
#18129 = AXIS2_PLACEMENT_3D('',#18130,#18131,#18132);
#18130 = CARTESIAN_POINT('',(11.657136757088,2.353922371373,0.));
#18131 = DIRECTION('',(0.,0.,1.));
#18132 = DIRECTION('',(1.,0.,0.));
#18133 = SHELL_BASED_SURFACE_MODEL('',(#18134));
#18134 = OPEN_SHELL('',(#18135));
#18135 = ADVANCED_FACE('',(#18136),#18210,.T.);
#18136 = FACE_BOUND('',#18137,.T.);
#18137 = EDGE_LOOP('',(#18138,#18148,#18156,#18164,#18172,#18180,#18188,
    #18196,#18204));
#18138 = ORIENTED_EDGE('',*,*,#18139,.F.);
#18139 = EDGE_CURVE('',#18140,#18142,#18144,.T.);
#18140 = VERTEX_POINT('',#18141);
#18141 = CARTESIAN_POINT('',(14.525357242857,6.,0.));
#18142 = VERTEX_POINT('',#18143);
#18143 = CARTESIAN_POINT('',(15.803035814286,6.,0.));
#18144 = LINE('',#18145,#18146);
#18145 = CARTESIAN_POINT('',(14.525357242857,6.,0.));
#18146 = VECTOR('',#18147,1.);
#18147 = DIRECTION('',(1.,0.,0.));
#18148 = ORIENTED_EDGE('',*,*,#18149,.F.);
#18149 = EDGE_CURVE('',#18150,#18140,#18152,.T.);
#18150 = VERTEX_POINT('',#18151);
#18151 = CARTESIAN_POINT('',(16.377589385714,2.363035714286,0.));
#18152 = LINE('',#18153,#18154);
#18153 = CARTESIAN_POINT('',(16.377589385714,2.363035714286,0.));
#18154 = VECTOR('',#18155,1.);
#18155 = DIRECTION('',(-0.453816651757,0.891095082799,0.));
#18156 = ORIENTED_EDGE('',*,*,#18157,.F.);
#18157 = EDGE_CURVE('',#18158,#18150,#18160,.T.);
#18158 = VERTEX_POINT('',#18159);
#18159 = CARTESIAN_POINT('',(16.377589385714,0.,0.));
#18160 = LINE('',#18161,#18162);
#18161 = CARTESIAN_POINT('',(16.377589385714,0.,0.));
#18162 = VECTOR('',#18163,1.);
#18163 = DIRECTION('',(0.,1.,0.));
#18164 = ORIENTED_EDGE('',*,*,#18165,.F.);
#18165 = EDGE_CURVE('',#18166,#18158,#18168,.T.);
#18166 = VERTEX_POINT('',#18167);
#18167 = CARTESIAN_POINT('',(17.562857242857,0.,0.));
#18168 = LINE('',#18169,#18170);
#18169 = CARTESIAN_POINT('',(17.562857242857,0.,0.));
#18170 = VECTOR('',#18171,1.);
#18171 = DIRECTION('',(-1.,0.,0.));
#18172 = ORIENTED_EDGE('',*,*,#18173,.F.);
#18173 = EDGE_CURVE('',#18174,#18166,#18176,.T.);
#18174 = VERTEX_POINT('',#18175);
#18175 = CARTESIAN_POINT('',(17.562857242857,2.363035714286,0.));
#18176 = LINE('',#18177,#18178);
#18177 = CARTESIAN_POINT('',(17.562857242857,2.363035714286,0.));
#18178 = VECTOR('',#18179,1.);
#18179 = DIRECTION('',(0.,-1.,0.));
#18180 = ORIENTED_EDGE('',*,*,#18181,.F.);
#18181 = EDGE_CURVE('',#18182,#18174,#18184,.T.);
#18182 = VERTEX_POINT('',#18183);
#18183 = CARTESIAN_POINT('',(19.415089385714,6.,0.));
#18184 = LINE('',#18185,#18186);
#18185 = CARTESIAN_POINT('',(19.415089385714,6.,0.));
#18186 = VECTOR('',#18187,1.);
#18187 = DIRECTION('',(-0.453816651757,-0.891095082799,0.));
#18188 = ORIENTED_EDGE('',*,*,#18189,.F.);
#18189 = EDGE_CURVE('',#18190,#18182,#18192,.T.);
#18190 = VERTEX_POINT('',#18191);
#18191 = CARTESIAN_POINT('',(18.137410814286,6.,0.));
#18192 = LINE('',#18193,#18194);
#18193 = CARTESIAN_POINT('',(18.137410814286,6.,0.));
#18194 = VECTOR('',#18195,1.);
#18195 = DIRECTION('',(1.,0.,0.));
#18196 = ORIENTED_EDGE('',*,*,#18197,.F.);
#18197 = EDGE_CURVE('',#18198,#18190,#18200,.T.);
#18198 = VERTEX_POINT('',#18199);
#18199 = CARTESIAN_POINT('',(16.968214385714,3.58875,0.));
#18200 = LINE('',#18201,#18202);
#18201 = CARTESIAN_POINT('',(16.968214385714,3.58875,0.));
#18202 = VECTOR('',#18203,1.);
#18203 = DIRECTION('',(0.436305387936,0.899798648842,0.));
#18204 = ORIENTED_EDGE('',*,*,#18205,.F.);
#18205 = EDGE_CURVE('',#18142,#18198,#18206,.T.);
#18206 = LINE('',#18207,#18208);
#18207 = CARTESIAN_POINT('',(15.803035814286,6.,0.));
#18208 = VECTOR('',#18209,1.);
#18209 = DIRECTION('',(0.435090281899,-0.900386831644,0.));
#18210 = PLANE('',#18211);
#18211 = AXIS2_PLACEMENT_3D('',#18212,#18213,#18214);
#18212 = CARTESIAN_POINT('',(16.970025015271,3.671952696061,0.));
#18213 = DIRECTION('',(0.,0.,1.));
#18214 = DIRECTION('',(1.,0.,0.));
#18215 = ( GEOMETRIC_REPRESENTATION_CONTEXT(3) 
GLOBAL_UNCERTAINTY_ASSIGNED_CONTEXT((#18219)) 
GLOBAL_UNIT_ASSIGNED_CONTEXT((#18216,#18217,#18218)) 
REPRESENTATION_CONTEXT('Context #1',
  '3D Context with UNIT and UNCERTAINTY') );
#18216 = ( LENGTH_UNIT() NAMED_UNIT(*) SI_UNIT(.MILLI.,.METRE.) );
#18217 = ( NAMED_UNIT(*) PLANE_ANGLE_UNIT() SI_UNIT($,.RADIAN.) );
#18218 = ( NAMED_UNIT(*) SI_UNIT($,.STERADIAN.) SOLID_ANGLE_UNIT() );
#18219 = UNCERTAINTY_MEASURE_WITH_UNIT(LENGTH_MEASURE(1.E-07),#18216,
  'distance_accuracy_value','confusion accuracy');
#18220 = CONTEXT_DEPENDENT_SHAPE_REPRESENTATION(#18221,#18223);
#18221 = ( REPRESENTATION_RELATIONSHIP('','',#17844,#10) 
REPRESENTATION_RELATIONSHIP_WITH_TRANSFORMATION(#18222) 
SHAPE_REPRESENTATION_RELATIONSHIP() );
#18222 = ITEM_DEFINED_TRANSFORMATION('','',#11,#71);
#18223 = PRODUCT_DEFINITION_SHAPE('Placement','Placement of an item',
  #18224);
#18224 = NEXT_ASSEMBLY_USAGE_OCCURRENCE('27','ShapeString005','',#5,
  #17839,$);
#18225 = PRODUCT_RELATED_PRODUCT_CATEGORY('part',$,(#17841));
#18226 = MECHANICAL_DESIGN_GEOMETRIC_PRESENTATION_REPRESENTATION('',(
    #18227),#16181);
#18227 = STYLED_ITEM('color',(#18228),#15792);
#18228 = PRESENTATION_STYLE_ASSIGNMENT((#18229,#18235));
#18229 = SURFACE_STYLE_USAGE(.BOTH.,#18230);
#18230 = SURFACE_SIDE_STYLE('',(#18231));
#18231 = SURFACE_STYLE_FILL_AREA(#18232);
#18232 = FILL_AREA_STYLE('',(#18233));
#18233 = FILL_AREA_STYLE_COLOUR('',#18234);
#18234 = COLOUR_RGB('',0.447058818107,0.474509808674,0.501960817233);
#18235 = CURVE_STYLE('',#18236,POSITIVE_LENGTH_MEASURE(0.1),#18237);
#18236 = DRAUGHTING_PRE_DEFINED_CURVE_FONT('continuous');
#18237 = COLOUR_RGB('',9.803921802644E-02,9.803921802644E-02,
  9.803921802644E-02);
#18238 = MECHANICAL_DESIGN_GEOMETRIC_PRESENTATION_REPRESENTATION('',(
    #18239),#15674);
#18239 = STYLED_ITEM('color',(#18240),#15285);
#18240 = PRESENTATION_STYLE_ASSIGNMENT((#18241,#18246));
#18241 = SURFACE_STYLE_USAGE(.BOTH.,#18242);
#18242 = SURFACE_SIDE_STYLE('',(#18243));
#18243 = SURFACE_STYLE_FILL_AREA(#18244);
#18244 = FILL_AREA_STYLE('',(#18245));
#18245 = FILL_AREA_STYLE_COLOUR('',#18234);
#18246 = CURVE_STYLE('',#18247,POSITIVE_LENGTH_MEASURE(0.1),#18237);
#18247 = DRAUGHTING_PRE_DEFINED_CURVE_FONT('continuous');
#18248 = MECHANICAL_DESIGN_GEOMETRIC_PRESENTATION_REPRESENTATION('',(
    #18249,#18258,#18267,#18276,#18285,#18294,#18303,#18312,#18321,
    #18330,#18339,#18348,#18357),#8196);
#18249 = STYLED_ITEM('color',(#18250),#1656);
#18250 = PRESENTATION_STYLE_ASSIGNMENT((#18251,#18256));
#18251 = SURFACE_STYLE_USAGE(.BOTH.,#18252);
#18252 = SURFACE_SIDE_STYLE('',(#18253));
#18253 = SURFACE_STYLE_FILL_AREA(#18254);
#18254 = FILL_AREA_STYLE('',(#18255));
#18255 = FILL_AREA_STYLE_COLOUR('',#18234);
#18256 = CURVE_STYLE('',#18257,POSITIVE_LENGTH_MEASURE(0.1),#18237);
#18257 = DRAUGHTING_PRE_DEFINED_CURVE_FONT('continuous');
#18258 = STYLED_ITEM('color',(#18259),#2041);
#18259 = PRESENTATION_STYLE_ASSIGNMENT((#18260,#18265));
#18260 = SURFACE_STYLE_USAGE(.BOTH.,#18261);
#18261 = SURFACE_SIDE_STYLE('',(#18262));
#18262 = SURFACE_STYLE_FILL_AREA(#18263);
#18263 = FILL_AREA_STYLE('',(#18264));
#18264 = FILL_AREA_STYLE_COLOUR('',#18234);
#18265 = CURVE_STYLE('',#18266,POSITIVE_LENGTH_MEASURE(0.1),#18237);
#18266 = DRAUGHTING_PRE_DEFINED_CURVE_FONT('continuous');
#18267 = STYLED_ITEM('color',(#18268),#2537);
#18268 = PRESENTATION_STYLE_ASSIGNMENT((#18269,#18274));
#18269 = SURFACE_STYLE_USAGE(.BOTH.,#18270);
#18270 = SURFACE_SIDE_STYLE('',(#18271));
#18271 = SURFACE_STYLE_FILL_AREA(#18272);
#18272 = FILL_AREA_STYLE('',(#18273));
#18273 = FILL_AREA_STYLE_COLOUR('',#18234);
#18274 = CURVE_STYLE('',#18275,POSITIVE_LENGTH_MEASURE(0.1),#18237);
#18275 = DRAUGHTING_PRE_DEFINED_CURVE_FONT('continuous');
#18276 = STYLED_ITEM('color',(#18277),#2819);
#18277 = PRESENTATION_STYLE_ASSIGNMENT((#18278,#18283));
#18278 = SURFACE_STYLE_USAGE(.BOTH.,#18279);
#18279 = SURFACE_SIDE_STYLE('',(#18280));
#18280 = SURFACE_STYLE_FILL_AREA(#18281);
#18281 = FILL_AREA_STYLE('',(#18282));
#18282 = FILL_AREA_STYLE_COLOUR('',#18234);
#18283 = CURVE_STYLE('',#18284,POSITIVE_LENGTH_MEASURE(0.1),#18237);
#18284 = DRAUGHTING_PRE_DEFINED_CURVE_FONT('continuous');
#18285 = STYLED_ITEM('color',(#18286),#3233);
#18286 = PRESENTATION_STYLE_ASSIGNMENT((#18287,#18292));
#18287 = SURFACE_STYLE_USAGE(.BOTH.,#18288);
#18288 = SURFACE_SIDE_STYLE('',(#18289));
#18289 = SURFACE_STYLE_FILL_AREA(#18290);
#18290 = FILL_AREA_STYLE('',(#18291));
#18291 = FILL_AREA_STYLE_COLOUR('',#18234);
#18292 = CURVE_STYLE('',#18293,POSITIVE_LENGTH_MEASURE(0.1),#18237);
#18293 = DRAUGHTING_PRE_DEFINED_CURVE_FONT('continuous');
#18294 = STYLED_ITEM('color',(#18295),#3815);
#18295 = PRESENTATION_STYLE_ASSIGNMENT((#18296,#18301));
#18296 = SURFACE_STYLE_USAGE(.BOTH.,#18297);
#18297 = SURFACE_SIDE_STYLE('',(#18298));
#18298 = SURFACE_STYLE_FILL_AREA(#18299);
#18299 = FILL_AREA_STYLE('',(#18300));
#18300 = FILL_AREA_STYLE_COLOUR('',#18234);
#18301 = CURVE_STYLE('',#18302,POSITIVE_LENGTH_MEASURE(0.1),#18237);
#18302 = DRAUGHTING_PRE_DEFINED_CURVE_FONT('continuous');
#18303 = STYLED_ITEM('color',(#18304),#4620);
#18304 = PRESENTATION_STYLE_ASSIGNMENT((#18305,#18310));
#18305 = SURFACE_STYLE_USAGE(.BOTH.,#18306);
#18306 = SURFACE_SIDE_STYLE('',(#18307));
#18307 = SURFACE_STYLE_FILL_AREA(#18308);
#18308 = FILL_AREA_STYLE('',(#18309));
#18309 = FILL_AREA_STYLE_COLOUR('',#18234);
#18310 = CURVE_STYLE('',#18311,POSITIVE_LENGTH_MEASURE(0.1),#18237);
#18311 = DRAUGHTING_PRE_DEFINED_CURVE_FONT('continuous');
#18312 = STYLED_ITEM('color',(#18313),#5034);
#18313 = PRESENTATION_STYLE_ASSIGNMENT((#18314,#18319));
#18314 = SURFACE_STYLE_USAGE(.BOTH.,#18315);
#18315 = SURFACE_SIDE_STYLE('',(#18316));
#18316 = SURFACE_STYLE_FILL_AREA(#18317);
#18317 = FILL_AREA_STYLE('',(#18318));
#18318 = FILL_AREA_STYLE_COLOUR('',#18234);
#18319 = CURVE_STYLE('',#18320,POSITIVE_LENGTH_MEASURE(0.1),#18237);
#18320 = DRAUGHTING_PRE_DEFINED_CURVE_FONT('continuous');
#18321 = STYLED_ITEM('color',(#18322),#5382);
#18322 = PRESENTATION_STYLE_ASSIGNMENT((#18323,#18328));
#18323 = SURFACE_STYLE_USAGE(.BOTH.,#18324);
#18324 = SURFACE_SIDE_STYLE('',(#18325));
#18325 = SURFACE_STYLE_FILL_AREA(#18326);
#18326 = FILL_AREA_STYLE('',(#18327));
#18327 = FILL_AREA_STYLE_COLOUR('',#18234);
#18328 = CURVE_STYLE('',#18329,POSITIVE_LENGTH_MEASURE(0.1),#18237);
#18329 = DRAUGHTING_PRE_DEFINED_CURVE_FONT('continuous');
#18330 = STYLED_ITEM('color',(#18331),#5796);
#18331 = PRESENTATION_STYLE_ASSIGNMENT((#18332,#18337));
#18332 = SURFACE_STYLE_USAGE(.BOTH.,#18333);
#18333 = SURFACE_SIDE_STYLE('',(#18334));
#18334 = SURFACE_STYLE_FILL_AREA(#18335);
#18335 = FILL_AREA_STYLE('',(#18336));
#18336 = FILL_AREA_STYLE_COLOUR('',#18234);
#18337 = CURVE_STYLE('',#18338,POSITIVE_LENGTH_MEASURE(0.1),#18237);
#18338 = DRAUGHTING_PRE_DEFINED_CURVE_FONT('continuous');
#18339 = STYLED_ITEM('color',(#18340),#6296);
#18340 = PRESENTATION_STYLE_ASSIGNMENT((#18341,#18346));
#18341 = SURFACE_STYLE_USAGE(.BOTH.,#18342);
#18342 = SURFACE_SIDE_STYLE('',(#18343));
#18343 = SURFACE_STYLE_FILL_AREA(#18344);
#18344 = FILL_AREA_STYLE('',(#18345));
#18345 = FILL_AREA_STYLE_COLOUR('',#18234);
#18346 = CURVE_STYLE('',#18347,POSITIVE_LENGTH_MEASURE(0.1),#18237);
#18347 = DRAUGHTING_PRE_DEFINED_CURVE_FONT('continuous');
#18348 = STYLED_ITEM('color',(#18349),#6792);
#18349 = PRESENTATION_STYLE_ASSIGNMENT((#18350,#18355));
#18350 = SURFACE_STYLE_USAGE(.BOTH.,#18351);
#18351 = SURFACE_SIDE_STYLE('',(#18352));
#18352 = SURFACE_STYLE_FILL_AREA(#18353);
#18353 = FILL_AREA_STYLE('',(#18354));
#18354 = FILL_AREA_STYLE_COLOUR('',#18234);
#18355 = CURVE_STYLE('',#18356,POSITIVE_LENGTH_MEASURE(0.1),#18237);
#18356 = DRAUGHTING_PRE_DEFINED_CURVE_FONT('continuous');
#18357 = STYLED_ITEM('color',(#18358),#7782);
#18358 = PRESENTATION_STYLE_ASSIGNMENT((#18359,#18364));
#18359 = SURFACE_STYLE_USAGE(.BOTH.,#18360);
#18360 = SURFACE_SIDE_STYLE('',(#18361));
#18361 = SURFACE_STYLE_FILL_AREA(#18362);
#18362 = FILL_AREA_STYLE('',(#18363));
#18363 = FILL_AREA_STYLE_COLOUR('',#18234);
#18364 = CURVE_STYLE('',#18365,POSITIVE_LENGTH_MEASURE(0.1),#18237);
#18365 = DRAUGHTING_PRE_DEFINED_CURVE_FONT('continuous');
#18366 = MECHANICAL_DESIGN_GEOMETRIC_PRESENTATION_REPRESENTATION('',(
    #18367),#821);
#18367 = STYLED_ITEM('color',(#18368),#89);
#18368 = PRESENTATION_STYLE_ASSIGNMENT((#18369,#18374));
#18369 = SURFACE_STYLE_USAGE(.BOTH.,#18370);
#18370 = SURFACE_SIDE_STYLE('',(#18371));
#18371 = SURFACE_STYLE_FILL_AREA(#18372);
#18372 = FILL_AREA_STYLE('',(#18373));
#18373 = FILL_AREA_STYLE_COLOUR('',#18234);
#18374 = CURVE_STYLE('',#18375,POSITIVE_LENGTH_MEASURE(0.1),#18237);
#18375 = DRAUGHTING_PRE_DEFINED_CURVE_FONT('continuous');
#18376 = MECHANICAL_DESIGN_GEOMETRIC_PRESENTATION_REPRESENTATION('',(
    #18377),#1229);
#18377 = STYLED_ITEM('color',(#18378),#840);
#18378 = PRESENTATION_STYLE_ASSIGNMENT((#18379,#18384));
#18379 = SURFACE_STYLE_USAGE(.BOTH.,#18380);
#18380 = SURFACE_SIDE_STYLE('',(#18381));
#18381 = SURFACE_STYLE_FILL_AREA(#18382);
#18382 = FILL_AREA_STYLE('',(#18383));
#18383 = FILL_AREA_STYLE_COLOUR('',#18234);
#18384 = CURVE_STYLE('',#18385,POSITIVE_LENGTH_MEASURE(0.1),#18237);
#18385 = DRAUGHTING_PRE_DEFINED_CURVE_FONT('continuous');
#18386 = MECHANICAL_DESIGN_GEOMETRIC_PRESENTATION_REPRESENTATION('',(
    #18387,#18396,#18405,#18414,#18423,#18432,#18441,#18450,#18459,
    #18468,#18477,#18486,#18495),#17826);
#18387 = STYLED_ITEM('color',(#18388),#16202);
#18388 = PRESENTATION_STYLE_ASSIGNMENT((#18389,#18394));
#18389 = SURFACE_STYLE_USAGE(.BOTH.,#18390);
#18390 = SURFACE_SIDE_STYLE('',(#18391));
#18391 = SURFACE_STYLE_FILL_AREA(#18392);
#18392 = FILL_AREA_STYLE('',(#18393));
#18393 = FILL_AREA_STYLE_COLOUR('',#18234);
#18394 = CURVE_STYLE('',#18395,POSITIVE_LENGTH_MEASURE(0.1),#18237);
#18395 = DRAUGHTING_PRE_DEFINED_CURVE_FONT('continuous');
#18396 = STYLED_ITEM('color',(#18397),#16302);
#18397 = PRESENTATION_STYLE_ASSIGNMENT((#18398,#18403));
#18398 = SURFACE_STYLE_USAGE(.BOTH.,#18399);
#18399 = SURFACE_SIDE_STYLE('',(#18400));
#18400 = SURFACE_STYLE_FILL_AREA(#18401);
#18401 = FILL_AREA_STYLE('',(#18402));
#18402 = FILL_AREA_STYLE_COLOUR('',#18234);
#18403 = CURVE_STYLE('',#18404,POSITIVE_LENGTH_MEASURE(0.1),#18237);
#18404 = DRAUGHTING_PRE_DEFINED_CURVE_FONT('continuous');
#18405 = STYLED_ITEM('color',(#18406),#16424);
#18406 = PRESENTATION_STYLE_ASSIGNMENT((#18407,#18412));
#18407 = SURFACE_STYLE_USAGE(.BOTH.,#18408);
#18408 = SURFACE_SIDE_STYLE('',(#18409));
#18409 = SURFACE_STYLE_FILL_AREA(#18410);
#18410 = FILL_AREA_STYLE('',(#18411));
#18411 = FILL_AREA_STYLE_COLOUR('',#18234);
#18412 = CURVE_STYLE('',#18413,POSITIVE_LENGTH_MEASURE(0.1),#18237);
#18413 = DRAUGHTING_PRE_DEFINED_CURVE_FONT('continuous');
#18414 = STYLED_ITEM('color',(#18415),#16498);
#18415 = PRESENTATION_STYLE_ASSIGNMENT((#18416,#18421));
#18416 = SURFACE_STYLE_USAGE(.BOTH.,#18417);
#18417 = SURFACE_SIDE_STYLE('',(#18418));
#18418 = SURFACE_STYLE_FILL_AREA(#18419);
#18419 = FILL_AREA_STYLE('',(#18420));
#18420 = FILL_AREA_STYLE_COLOUR('',#18234);
#18421 = CURVE_STYLE('',#18422,POSITIVE_LENGTH_MEASURE(0.1),#18237);
#18422 = DRAUGHTING_PRE_DEFINED_CURVE_FONT('continuous');
#18423 = STYLED_ITEM('color',(#18424),#16604);
#18424 = PRESENTATION_STYLE_ASSIGNMENT((#18425,#18430));
#18425 = SURFACE_STYLE_USAGE(.BOTH.,#18426);
#18426 = SURFACE_SIDE_STYLE('',(#18427));
#18427 = SURFACE_STYLE_FILL_AREA(#18428);
#18428 = FILL_AREA_STYLE('',(#18429));
#18429 = FILL_AREA_STYLE_COLOUR('',#18234);
#18430 = CURVE_STYLE('',#18431,POSITIVE_LENGTH_MEASURE(0.1),#18237);
#18431 = DRAUGHTING_PRE_DEFINED_CURVE_FONT('continuous');
#18432 = STYLED_ITEM('color',(#18433),#16744);
#18433 = PRESENTATION_STYLE_ASSIGNMENT((#18434,#18439));
#18434 = SURFACE_STYLE_USAGE(.BOTH.,#18435);
#18435 = SURFACE_SIDE_STYLE('',(#18436));
#18436 = SURFACE_STYLE_FILL_AREA(#18437);
#18437 = FILL_AREA_STYLE('',(#18438));
#18438 = FILL_AREA_STYLE_COLOUR('',#18234);
#18439 = CURVE_STYLE('',#18440,POSITIVE_LENGTH_MEASURE(0.1),#18237);
#18440 = DRAUGHTING_PRE_DEFINED_CURVE_FONT('continuous');
#18441 = STYLED_ITEM('color',(#18442),#16940);
#18442 = PRESENTATION_STYLE_ASSIGNMENT((#18443,#18448));
#18443 = SURFACE_STYLE_USAGE(.BOTH.,#18444);
#18444 = SURFACE_SIDE_STYLE('',(#18445));
#18445 = SURFACE_STYLE_FILL_AREA(#18446);
#18446 = FILL_AREA_STYLE('',(#18447));
#18447 = FILL_AREA_STYLE_COLOUR('',#18234);
#18448 = CURVE_STYLE('',#18449,POSITIVE_LENGTH_MEASURE(0.1),#18237);
#18449 = DRAUGHTING_PRE_DEFINED_CURVE_FONT('continuous');
#18450 = STYLED_ITEM('color',(#18451),#17046);
#18451 = PRESENTATION_STYLE_ASSIGNMENT((#18452,#18457));
#18452 = SURFACE_STYLE_USAGE(.BOTH.,#18453);
#18453 = SURFACE_SIDE_STYLE('',(#18454));
#18454 = SURFACE_STYLE_FILL_AREA(#18455);
#18455 = FILL_AREA_STYLE('',(#18456));
#18456 = FILL_AREA_STYLE_COLOUR('',#18234);
#18457 = CURVE_STYLE('',#18458,POSITIVE_LENGTH_MEASURE(0.1),#18237);
#18458 = DRAUGHTING_PRE_DEFINED_CURVE_FONT('continuous');
#18459 = STYLED_ITEM('color',(#18460),#17136);
#18460 = PRESENTATION_STYLE_ASSIGNMENT((#18461,#18466));
#18461 = SURFACE_STYLE_USAGE(.BOTH.,#18462);
#18462 = SURFACE_SIDE_STYLE('',(#18463));
#18463 = SURFACE_STYLE_FILL_AREA(#18464);
#18464 = FILL_AREA_STYLE('',(#18465));
#18465 = FILL_AREA_STYLE_COLOUR('',#18234);
#18466 = CURVE_STYLE('',#18467,POSITIVE_LENGTH_MEASURE(0.1),#18237);
#18467 = DRAUGHTING_PRE_DEFINED_CURVE_FONT('continuous');
#18468 = STYLED_ITEM('color',(#18469),#17242);
#18469 = PRESENTATION_STYLE_ASSIGNMENT((#18470,#18475));
#18470 = SURFACE_STYLE_USAGE(.BOTH.,#18471);
#18471 = SURFACE_SIDE_STYLE('',(#18472));
#18472 = SURFACE_STYLE_FILL_AREA(#18473);
#18473 = FILL_AREA_STYLE('',(#18474));
#18474 = FILL_AREA_STYLE_COLOUR('',#18234);
#18475 = CURVE_STYLE('',#18476,POSITIVE_LENGTH_MEASURE(0.1),#18237);
#18476 = DRAUGHTING_PRE_DEFINED_CURVE_FONT('continuous');
#18477 = STYLED_ITEM('color',(#18478),#17366);
#18478 = PRESENTATION_STYLE_ASSIGNMENT((#18479,#18484));
#18479 = SURFACE_STYLE_USAGE(.BOTH.,#18480);
#18480 = SURFACE_SIDE_STYLE('',(#18481));
#18481 = SURFACE_STYLE_FILL_AREA(#18482);
#18482 = FILL_AREA_STYLE('',(#18483));
#18483 = FILL_AREA_STYLE_COLOUR('',#18234);
#18484 = CURVE_STYLE('',#18485,POSITIVE_LENGTH_MEASURE(0.1),#18237);
#18485 = DRAUGHTING_PRE_DEFINED_CURVE_FONT('continuous');
#18486 = STYLED_ITEM('color',(#18487),#17488);
#18487 = PRESENTATION_STYLE_ASSIGNMENT((#18488,#18493));
#18488 = SURFACE_STYLE_USAGE(.BOTH.,#18489);
#18489 = SURFACE_SIDE_STYLE('',(#18490));
#18490 = SURFACE_STYLE_FILL_AREA(#18491);
#18491 = FILL_AREA_STYLE('',(#18492));
#18492 = FILL_AREA_STYLE_COLOUR('',#18234);
#18493 = CURVE_STYLE('',#18494,POSITIVE_LENGTH_MEASURE(0.1),#18237);
#18494 = DRAUGHTING_PRE_DEFINED_CURVE_FONT('continuous');
#18495 = STYLED_ITEM('color',(#18496),#17722);
#18496 = PRESENTATION_STYLE_ASSIGNMENT((#18497,#18502));
#18497 = SURFACE_STYLE_USAGE(.BOTH.,#18498);
#18498 = SURFACE_SIDE_STYLE('',(#18499));
#18499 = SURFACE_STYLE_FILL_AREA(#18500);
#18500 = FILL_AREA_STYLE('',(#18501));
#18501 = FILL_AREA_STYLE_COLOUR('',#18234);
#18502 = CURVE_STYLE('',#18503,POSITIVE_LENGTH_MEASURE(0.1),#18237);
#18503 = DRAUGHTING_PRE_DEFINED_CURVE_FONT('continuous');
#18504 = MECHANICAL_DESIGN_GEOMETRIC_PRESENTATION_REPRESENTATION('',(
    #18505),#13095);
#18505 = STYLED_ITEM('color',(#18506),#12945);
#18506 = PRESENTATION_STYLE_ASSIGNMENT((#18507,#18512));
#18507 = SURFACE_STYLE_USAGE(.BOTH.,#18508);
#18508 = SURFACE_SIDE_STYLE('',(#18509));
#18509 = SURFACE_STYLE_FILL_AREA(#18510);
#18510 = FILL_AREA_STYLE('',(#18511));
#18511 = FILL_AREA_STYLE_COLOUR('',#18234);
#18512 = CURVE_STYLE('',#18513,POSITIVE_LENGTH_MEASURE(0.1),#18237);
#18513 = DRAUGHTING_PRE_DEFINED_CURVE_FONT('continuous');
#18514 = MECHANICAL_DESIGN_GEOMETRIC_PRESENTATION_REPRESENTATION('',(
    #18515),#13710);
#18515 = STYLED_ITEM('color',(#18516),#13114);
#18516 = PRESENTATION_STYLE_ASSIGNMENT((#18517,#18522));
#18517 = SURFACE_STYLE_USAGE(.BOTH.,#18518);
#18518 = SURFACE_SIDE_STYLE('',(#18519));
#18519 = SURFACE_STYLE_FILL_AREA(#18520);
#18520 = FILL_AREA_STYLE('',(#18521));
#18521 = FILL_AREA_STYLE_COLOUR('',#18234);
#18522 = CURVE_STYLE('',#18523,POSITIVE_LENGTH_MEASURE(0.1),#18237);
#18523 = DRAUGHTING_PRE_DEFINED_CURVE_FONT('continuous');
#18524 = MECHANICAL_DESIGN_GEOMETRIC_PRESENTATION_REPRESENTATION('',(
    #18525,#18534,#18543,#18552),#9676);
#18525 = STYLED_ITEM('color',(#18526),#8215);
#18526 = PRESENTATION_STYLE_ASSIGNMENT((#18527,#18532));
#18527 = SURFACE_STYLE_USAGE(.BOTH.,#18528);
#18528 = SURFACE_SIDE_STYLE('',(#18529));
#18529 = SURFACE_STYLE_FILL_AREA(#18530);
#18530 = FILL_AREA_STYLE('',(#18531));
#18531 = FILL_AREA_STYLE_COLOUR('',#18234);
#18532 = CURVE_STYLE('',#18533,POSITIVE_LENGTH_MEASURE(0.1),#18237);
#18533 = DRAUGHTING_PRE_DEFINED_CURVE_FONT('continuous');
#18534 = STYLED_ITEM('color',(#18535),#8797);
#18535 = PRESENTATION_STYLE_ASSIGNMENT((#18536,#18541));
#18536 = SURFACE_STYLE_USAGE(.BOTH.,#18537);
#18537 = SURFACE_SIDE_STYLE('',(#18538));
#18538 = SURFACE_STYLE_FILL_AREA(#18539);
#18539 = FILL_AREA_STYLE('',(#18540));
#18540 = FILL_AREA_STYLE_COLOUR('',#18234);
#18541 = CURVE_STYLE('',#18542,POSITIVE_LENGTH_MEASURE(0.1),#18237);
#18542 = DRAUGHTING_PRE_DEFINED_CURVE_FONT('continuous');
#18543 = STYLED_ITEM('color',(#18544),#9145);
#18544 = PRESENTATION_STYLE_ASSIGNMENT((#18545,#18550));
#18545 = SURFACE_STYLE_USAGE(.BOTH.,#18546);
#18546 = SURFACE_SIDE_STYLE('',(#18547));
#18547 = SURFACE_STYLE_FILL_AREA(#18548);
#18548 = FILL_AREA_STYLE('',(#18549));
#18549 = FILL_AREA_STYLE_COLOUR('',#18234);
#18550 = CURVE_STYLE('',#18551,POSITIVE_LENGTH_MEASURE(0.1),#18237);
#18551 = DRAUGHTING_PRE_DEFINED_CURVE_FONT('continuous');
#18552 = STYLED_ITEM('color',(#18553),#9361);
#18553 = PRESENTATION_STYLE_ASSIGNMENT((#18554,#18559));
#18554 = SURFACE_STYLE_USAGE(.BOTH.,#18555);
#18555 = SURFACE_SIDE_STYLE('',(#18556));
#18556 = SURFACE_STYLE_FILL_AREA(#18557);
#18557 = FILL_AREA_STYLE('',(#18558));
#18558 = FILL_AREA_STYLE_COLOUR('',#18234);
#18559 = CURVE_STYLE('',#18560,POSITIVE_LENGTH_MEASURE(0.1),#18237);
#18560 = DRAUGHTING_PRE_DEFINED_CURVE_FONT('continuous');
#18561 = MECHANICAL_DESIGN_GEOMETRIC_PRESENTATION_REPRESENTATION('',(
    #18562,#18571,#18580,#18589,#18598,#18607,#18616),#15266);
#18562 = STYLED_ITEM('color',(#18563),#14482);
#18563 = PRESENTATION_STYLE_ASSIGNMENT((#18564,#18569));
#18564 = SURFACE_STYLE_USAGE(.BOTH.,#18565);
#18565 = SURFACE_SIDE_STYLE('',(#18566));
#18566 = SURFACE_STYLE_FILL_AREA(#18567);
#18567 = FILL_AREA_STYLE('',(#18568));
#18568 = FILL_AREA_STYLE_COLOUR('',#18234);
#18569 = CURVE_STYLE('',#18570,POSITIVE_LENGTH_MEASURE(0.1),#18237);
#18570 = DRAUGHTING_PRE_DEFINED_CURVE_FONT('continuous');
#18571 = STYLED_ITEM('color',(#18572),#14636);
#18572 = PRESENTATION_STYLE_ASSIGNMENT((#18573,#18578));
#18573 = SURFACE_STYLE_USAGE(.BOTH.,#18574);
#18574 = SURFACE_SIDE_STYLE('',(#18575));
#18575 = SURFACE_STYLE_FILL_AREA(#18576);
#18576 = FILL_AREA_STYLE('',(#18577));
#18577 = FILL_AREA_STYLE_COLOUR('',#18234);
#18578 = CURVE_STYLE('',#18579,POSITIVE_LENGTH_MEASURE(0.1),#18237);
#18579 = DRAUGHTING_PRE_DEFINED_CURVE_FONT('continuous');
#18580 = STYLED_ITEM('color',(#18581),#14736);
#18581 = PRESENTATION_STYLE_ASSIGNMENT((#18582,#18587));
#18582 = SURFACE_STYLE_USAGE(.BOTH.,#18583);
#18583 = SURFACE_SIDE_STYLE('',(#18584));
#18584 = SURFACE_STYLE_FILL_AREA(#18585);
#18585 = FILL_AREA_STYLE('',(#18586));
#18586 = FILL_AREA_STYLE_COLOUR('',#18234);
#18587 = CURVE_STYLE('',#18588,POSITIVE_LENGTH_MEASURE(0.1),#18237);
#18588 = DRAUGHTING_PRE_DEFINED_CURVE_FONT('continuous');
#18589 = STYLED_ITEM('color',(#18590),#14858);
#18590 = PRESENTATION_STYLE_ASSIGNMENT((#18591,#18596));
#18591 = SURFACE_STYLE_USAGE(.BOTH.,#18592);
#18592 = SURFACE_SIDE_STYLE('',(#18593));
#18593 = SURFACE_STYLE_FILL_AREA(#18594);
#18594 = FILL_AREA_STYLE('',(#18595));
#18595 = FILL_AREA_STYLE_COLOUR('',#18234);
#18596 = CURVE_STYLE('',#18597,POSITIVE_LENGTH_MEASURE(0.1),#18237);
#18597 = DRAUGHTING_PRE_DEFINED_CURVE_FONT('continuous');
#18598 = STYLED_ITEM('color',(#18599),#14932);
#18599 = PRESENTATION_STYLE_ASSIGNMENT((#18600,#18605));
#18600 = SURFACE_STYLE_USAGE(.BOTH.,#18601);
#18601 = SURFACE_SIDE_STYLE('',(#18602));
#18602 = SURFACE_STYLE_FILL_AREA(#18603);
#18603 = FILL_AREA_STYLE('',(#18604));
#18604 = FILL_AREA_STYLE_COLOUR('',#18234);
#18605 = CURVE_STYLE('',#18606,POSITIVE_LENGTH_MEASURE(0.1),#18237);
#18606 = DRAUGHTING_PRE_DEFINED_CURVE_FONT('continuous');
#18607 = STYLED_ITEM('color',(#18608),#15038);
#18608 = PRESENTATION_STYLE_ASSIGNMENT((#18609,#18614));
#18609 = SURFACE_STYLE_USAGE(.BOTH.,#18610);
#18610 = SURFACE_SIDE_STYLE('',(#18611));
#18611 = SURFACE_STYLE_FILL_AREA(#18612);
#18612 = FILL_AREA_STYLE('',(#18613));
#18613 = FILL_AREA_STYLE_COLOUR('',#18234);
#18614 = CURVE_STYLE('',#18615,POSITIVE_LENGTH_MEASURE(0.1),#18237);
#18615 = DRAUGHTING_PRE_DEFINED_CURVE_FONT('continuous');
#18616 = STYLED_ITEM('color',(#18617),#15178);
#18617 = PRESENTATION_STYLE_ASSIGNMENT((#18618,#18623));
#18618 = SURFACE_STYLE_USAGE(.BOTH.,#18619);
#18619 = SURFACE_SIDE_STYLE('',(#18620));
#18620 = SURFACE_STYLE_FILL_AREA(#18621);
#18621 = FILL_AREA_STYLE('',(#18622));
#18622 = FILL_AREA_STYLE_COLOUR('',#18234);
#18623 = CURVE_STYLE('',#18624,POSITIVE_LENGTH_MEASURE(0.1),#18237);
#18624 = DRAUGHTING_PRE_DEFINED_CURVE_FONT('continuous');
#18625 = MECHANICAL_DESIGN_GEOMETRIC_PRESENTATION_REPRESENTATION('',(
    #18626),#1637);
#18626 = STYLED_ITEM('color',(#18627),#1248);
#18627 = PRESENTATION_STYLE_ASSIGNMENT((#18628,#18633));
#18628 = SURFACE_STYLE_USAGE(.BOTH.,#18629);
#18629 = SURFACE_SIDE_STYLE('',(#18630));
#18630 = SURFACE_STYLE_FILL_AREA(#18631);
#18631 = FILL_AREA_STYLE('',(#18632));
#18632 = FILL_AREA_STYLE_COLOUR('',#18234);
#18633 = CURVE_STYLE('',#18634,POSITIVE_LENGTH_MEASURE(0.1),#18237);
#18634 = DRAUGHTING_PRE_DEFINED_CURVE_FONT('continuous');
#18635 = MECHANICAL_DESIGN_GEOMETRIC_PRESENTATION_REPRESENTATION('',(
    #18636,#18645,#18654),#12926);
#18636 = STYLED_ITEM('color',(#18637),#9695);
#18637 = PRESENTATION_STYLE_ASSIGNMENT((#18638,#18643));
#18638 = SURFACE_STYLE_USAGE(.BOTH.,#18639);
#18639 = SURFACE_SIDE_STYLE('',(#18640));
#18640 = SURFACE_STYLE_FILL_AREA(#18641);
#18641 = FILL_AREA_STYLE('',(#18642));
#18642 = FILL_AREA_STYLE_COLOUR('',#18234);
#18643 = CURVE_STYLE('',#18644,POSITIVE_LENGTH_MEASURE(0.1),#18237);
#18644 = DRAUGHTING_PRE_DEFINED_CURVE_FONT('continuous');
#18645 = STYLED_ITEM('color',(#18646),#12511);
#18646 = PRESENTATION_STYLE_ASSIGNMENT((#18647,#18652));
#18647 = SURFACE_STYLE_USAGE(.BOTH.,#18648);
#18648 = SURFACE_SIDE_STYLE('',(#18649));
#18649 = SURFACE_STYLE_FILL_AREA(#18650);
#18650 = FILL_AREA_STYLE('',(#18651));
#18651 = FILL_AREA_STYLE_COLOUR('',#18234);
#18652 = CURVE_STYLE('',#18653,POSITIVE_LENGTH_MEASURE(0.1),#18237);
#18653 = DRAUGHTING_PRE_DEFINED_CURVE_FONT('continuous');
#18654 = STYLED_ITEM('color',(#18655),#12628);
#18655 = PRESENTATION_STYLE_ASSIGNMENT((#18656,#18661));
#18656 = SURFACE_STYLE_USAGE(.BOTH.,#18657);
#18657 = SURFACE_SIDE_STYLE('',(#18658));
#18658 = SURFACE_STYLE_FILL_AREA(#18659);
#18659 = FILL_AREA_STYLE('',(#18660));
#18660 = FILL_AREA_STYLE_COLOUR('',#18234);
#18661 = CURVE_STYLE('',#18662,POSITIVE_LENGTH_MEASURE(0.1),#18237);
#18662 = DRAUGHTING_PRE_DEFINED_CURVE_FONT('continuous');
#18663 = MECHANICAL_DESIGN_GEOMETRIC_PRESENTATION_REPRESENTATION('',(
    #18664,#18673,#18682,#18691),#18215);
#18664 = STYLED_ITEM('color',(#18665),#17847);
#18665 = PRESENTATION_STYLE_ASSIGNMENT((#18666,#18671));
#18666 = SURFACE_STYLE_USAGE(.BOTH.,#18667);
#18667 = SURFACE_SIDE_STYLE('',(#18668));
#18668 = SURFACE_STYLE_FILL_AREA(#18669);
#18669 = FILL_AREA_STYLE('',(#18670));
#18670 = FILL_AREA_STYLE_COLOUR('',#18234);
#18671 = CURVE_STYLE('',#18672,POSITIVE_LENGTH_MEASURE(0.1),#18237);
#18672 = DRAUGHTING_PRE_DEFINED_CURVE_FONT('continuous');
#18673 = STYLED_ITEM('color',(#18674),#17987);
#18674 = PRESENTATION_STYLE_ASSIGNMENT((#18675,#18680));
#18675 = SURFACE_STYLE_USAGE(.BOTH.,#18676);
#18676 = SURFACE_SIDE_STYLE('',(#18677));
#18677 = SURFACE_STYLE_FILL_AREA(#18678);
#18678 = FILL_AREA_STYLE('',(#18679));
#18679 = FILL_AREA_STYLE_COLOUR('',#18234);
#18680 = CURVE_STYLE('',#18681,POSITIVE_LENGTH_MEASURE(0.1),#18237);
#18681 = DRAUGHTING_PRE_DEFINED_CURVE_FONT('continuous');
#18682 = STYLED_ITEM('color',(#18683),#18077);
#18683 = PRESENTATION_STYLE_ASSIGNMENT((#18684,#18689));
#18684 = SURFACE_STYLE_USAGE(.BOTH.,#18685);
#18685 = SURFACE_SIDE_STYLE('',(#18686));
#18686 = SURFACE_STYLE_FILL_AREA(#18687);
#18687 = FILL_AREA_STYLE('',(#18688));
#18688 = FILL_AREA_STYLE_COLOUR('',#18234);
#18689 = CURVE_STYLE('',#18690,POSITIVE_LENGTH_MEASURE(0.1),#18237);
#18690 = DRAUGHTING_PRE_DEFINED_CURVE_FONT('continuous');
#18691 = STYLED_ITEM('color',(#18692),#18135);
#18692 = PRESENTATION_STYLE_ASSIGNMENT((#18693,#18698));
#18693 = SURFACE_STYLE_USAGE(.BOTH.,#18694);
#18694 = SURFACE_SIDE_STYLE('',(#18695));
#18695 = SURFACE_STYLE_FILL_AREA(#18696);
#18696 = FILL_AREA_STYLE('',(#18697));
#18697 = FILL_AREA_STYLE_COLOUR('',#18234);
#18698 = CURVE_STYLE('',#18699,POSITIVE_LENGTH_MEASURE(0.1),#18237);
#18699 = DRAUGHTING_PRE_DEFINED_CURVE_FONT('continuous');
#18700 = MECHANICAL_DESIGN_GEOMETRIC_PRESENTATION_REPRESENTATION('',(
    #18701,#18711,#18720),#15773);
#18701 = STYLED_ITEM('color',(#18702),#15693);
#18702 = PRESENTATION_STYLE_ASSIGNMENT((#18703,#18708));
#18703 = SURFACE_STYLE_USAGE(.BOTH.,#18704);
#18704 = SURFACE_SIDE_STYLE('',(#18705));
#18705 = SURFACE_STYLE_FILL_AREA(#18706);
#18706 = FILL_AREA_STYLE('',(#18707));
#18707 = FILL_AREA_STYLE_COLOUR('',#18234);
#18708 = CURVE_STYLE('',#18709,POSITIVE_LENGTH_MEASURE(0.1),#18710);
#18709 = DRAUGHTING_PRE_DEFINED_CURVE_FONT('continuous');
#18710 = COLOUR_RGB('',0.945098040599,0.952941189437,0.960784305148);
#18711 = STYLED_ITEM('color',(#18712),#15715);
#18712 = PRESENTATION_STYLE_ASSIGNMENT((#18713,#18718));
#18713 = SURFACE_STYLE_USAGE(.BOTH.,#18714);
#18714 = SURFACE_SIDE_STYLE('',(#18715));
#18715 = SURFACE_STYLE_FILL_AREA(#18716);
#18716 = FILL_AREA_STYLE('',(#18717));
#18717 = FILL_AREA_STYLE_COLOUR('',#18234);
#18718 = CURVE_STYLE('',#18719,POSITIVE_LENGTH_MEASURE(0.1),#18710);
#18719 = DRAUGHTING_PRE_DEFINED_CURVE_FONT('continuous');
#18720 = STYLED_ITEM('color',(#18721),#15744);
#18721 = PRESENTATION_STYLE_ASSIGNMENT((#18722,#18727));
#18722 = SURFACE_STYLE_USAGE(.BOTH.,#18723);
#18723 = SURFACE_SIDE_STYLE('',(#18724));
#18724 = SURFACE_STYLE_FILL_AREA(#18725);
#18725 = FILL_AREA_STYLE('',(#18726));
#18726 = FILL_AREA_STYLE_COLOUR('',#18234);
#18727 = CURVE_STYLE('',#18728,POSITIVE_LENGTH_MEASURE(0.1),#18710);
#18728 = DRAUGHTING_PRE_DEFINED_CURVE_FONT('continuous');
#18729 = MECHANICAL_DESIGN_GEOMETRIC_PRESENTATION_REPRESENTATION('',(
    #18730),#14461);
#18730 = STYLED_ITEM('color',(#18731),#13729);
#18731 = PRESENTATION_STYLE_ASSIGNMENT((#18732,#18737));
#18732 = SURFACE_STYLE_USAGE(.BOTH.,#18733);
#18733 = SURFACE_SIDE_STYLE('',(#18734));
#18734 = SURFACE_STYLE_FILL_AREA(#18735);
#18735 = FILL_AREA_STYLE('',(#18736));
#18736 = FILL_AREA_STYLE_COLOUR('',#18234);
#18737 = CURVE_STYLE('',#18738,POSITIVE_LENGTH_MEASURE(0.1),#18237);
#18738 = DRAUGHTING_PRE_DEFINED_CURVE_FONT('continuous');
ENDSEC;
END-ISO-10303-21;
