ISO-10303-21;
HEADER;
FILE_DESCRIPTION(('FreeCAD Model'),'2;1');
FILE_NAME('Open CASCADE Shape Model','2026-03-08T15:27:21',('Author'),(
    ''),'Open CASCADE STEP processor 7.8','FreeCAD','Unknown');
FILE_SCHEMA(('AUTOMOTIVE_DESIGN { 1 0 10303 214 1 1 1 1 }'));
ENDSEC;
DATA;
#1 = APPLICATION_PROTOCOL_DEFINITION('international standard',
  'automotive_design',2000,#2);
#2 = APPLICATION_CONTEXT(
  'core data for automotive mechanical design processes');
#3 = SHAPE_DEFINITION_REPRESENTATION(#4,#10);
#4 = PRODUCT_DEFINITION_SHAPE('','',#5);
#5 = PRODUCT_DEFINITION('design','',#6,#9);
#6 = PRODUCT_DEFINITION_FORMATION('','',#7);
#7 = PRODUCT('single_socket_cover_2','single_socket_cover_2','',(#8));
#8 = PRODUCT_CONTEXT('',#2,'mechanical');
#9 = PRODUCT_DEFINITION_CONTEXT('part definition',#2,'design');
#10 = SHAPE_REPRESENTATION('',(#11,#15,#19,#23,#27,#31,#35,#39,#43,#47,
    #51,#55,#59,#63),#67);
#11 = AXIS2_PLACEMENT_3D('',#12,#13,#14);
#12 = CARTESIAN_POINT('',(0.,0.,0.));
#13 = DIRECTION('',(0.,0.,1.));
#14 = DIRECTION('',(1.,0.,-0.));
#15 = AXIS2_PLACEMENT_3D('',#16,#17,#18);
#16 = CARTESIAN_POINT('',(0.,0.,0.));
#17 = DIRECTION('',(0.,0.,1.));
#18 = DIRECTION('',(1.,0.,0.));
#19 = AXIS2_PLACEMENT_3D('',#20,#21,#22);
#20 = CARTESIAN_POINT('',(0.,0.,0.));
#21 = DIRECTION('',(0.,0.,1.));
#22 = DIRECTION('',(1.,0.,0.));
#23 = AXIS2_PLACEMENT_3D('',#24,#25,#26);
#24 = CARTESIAN_POINT('',(0.,0.,0.));
#25 = DIRECTION('',(0.,0.,1.));
#26 = DIRECTION('',(1.,0.,0.));
#27 = AXIS2_PLACEMENT_3D('',#28,#29,#30);
#28 = CARTESIAN_POINT('',(-7.,0.,0.));
#29 = DIRECTION('',(0.,0.,1.));
#30 = DIRECTION('',(1.,0.,0.));
#31 = AXIS2_PLACEMENT_3D('',#32,#33,#34);
#32 = CARTESIAN_POINT('',(0.,0.,0.));
#33 = DIRECTION('',(0.,0.,1.));
#34 = DIRECTION('',(1.,0.,0.));
#35 = AXIS2_PLACEMENT_3D('',#36,#37,#38);
#36 = CARTESIAN_POINT('',(0.,0.,0.));
#37 = DIRECTION('',(0.,0.,1.));
#38 = DIRECTION('',(1.,0.,0.));
#39 = AXIS2_PLACEMENT_3D('',#40,#41,#42);
#40 = CARTESIAN_POINT('',(0.,0.,0.));
#41 = DIRECTION('',(0.,0.,1.));
#42 = DIRECTION('',(1.,0.,0.));
#43 = AXIS2_PLACEMENT_3D('',#44,#45,#46);
#44 = CARTESIAN_POINT('',(0.,0.,0.));
#45 = DIRECTION('',(0.,0.,1.));
#46 = DIRECTION('',(1.,0.,0.));
#47 = AXIS2_PLACEMENT_3D('',#48,#49,#50);
#48 = CARTESIAN_POINT('',(-22.85,28.75,9.));
#49 = DIRECTION('',(0.,0.,1.));
#50 = DIRECTION('',(1.,0.,0.));
#51 = AXIS2_PLACEMENT_3D('',#52,#53,#54);
#52 = CARTESIAN_POINT('',(0.,0.,10.));
#53 = DIRECTION('',(0.,0.,1.));
#54 = DIRECTION('',(1.,0.,0.));
#55 = AXIS2_PLACEMENT_3D('',#56,#57,#58);
#56 = CARTESIAN_POINT('',(0.,0.,9.));
#57 = DIRECTION('',(0.,0.,1.));
#58 = DIRECTION('',(1.,0.,0.));
#59 = AXIS2_PLACEMENT_3D('',#60,#61,#62);
#60 = CARTESIAN_POINT('',(0.,0.,9.));
#61 = DIRECTION('',(0.,0.,1.));
#62 = DIRECTION('',(1.,0.,0.));
#63 = AXIS2_PLACEMENT_3D('',#64,#65,#66);
#64 = CARTESIAN_POINT('',(-30.62,-35.28,9.));
#65 = DIRECTION('',(0.,0.,1.));
#66 = DIRECTION('',(1.,0.,0.));
#67 = ( GEOMETRIC_REPRESENTATION_CONTEXT(3) 
GLOBAL_UNCERTAINTY_ASSIGNED_CONTEXT((#71)) GLOBAL_UNIT_ASSIGNED_CONTEXT(
(#68,#69,#70)) REPRESENTATION_CONTEXT('Context #1',
  '3D Context with UNIT and UNCERTAINTY') );
#68 = ( LENGTH_UNIT() NAMED_UNIT(*) SI_UNIT(.MILLI.,.METRE.) );
#69 = ( NAMED_UNIT(*) PLANE_ANGLE_UNIT() SI_UNIT($,.RADIAN.) );
#70 = ( NAMED_UNIT(*) SI_UNIT($,.STERADIAN.) SOLID_ANGLE_UNIT() );
#71 = UNCERTAINTY_MEASURE_WITH_UNIT(LENGTH_MEASURE(2.E-06),#68,
  'distance_accuracy_value','confusion accuracy');
#72 = PRODUCT_RELATED_PRODUCT_CATEGORY('part',$,(#7));
#73 = SHAPE_DEFINITION_REPRESENTATION(#74,#80);
#74 = PRODUCT_DEFINITION_SHAPE('','',#75);
#75 = PRODUCT_DEFINITION('design','',#76,#79);
#76 = PRODUCT_DEFINITION_FORMATION('','',#77);
#77 = PRODUCT('Body','Body','',(#78));
#78 = PRODUCT_CONTEXT('',#2,'mechanical');
#79 = PRODUCT_DEFINITION_CONTEXT('part definition',#2,'design');
#80 = ADVANCED_BREP_SHAPE_REPRESENTATION('',(#11,#81),#813);
#81 = MANIFOLD_SOLID_BREP('',#82);
#82 = CLOSED_SHELL('',(#83,#123,#154,#185,#272,#323,#335,#367,#391,#416,
    #440,#465,#489,#514,#531,#562,#586,#610,#627,#652,#677,#694,#719,
    #736,#761,#778,#795));
#83 = ADVANCED_FACE('',(#84),#118,.T.);
#84 = FACE_BOUND('',#85,.T.);
#85 = EDGE_LOOP('',(#86,#96,#104,#112));
#86 = ORIENTED_EDGE('',*,*,#87,.T.);
#87 = EDGE_CURVE('',#88,#90,#92,.T.);
#88 = VERTEX_POINT('',#89);
#89 = CARTESIAN_POINT('',(-45.,42.,0.));
#90 = VERTEX_POINT('',#91);
#91 = CARTESIAN_POINT('',(-45.,42.,7.));
#92 = LINE('',#93,#94);
#93 = CARTESIAN_POINT('',(-45.,42.,0.));
#94 = VECTOR('',#95,1.);
#95 = DIRECTION('',(0.,0.,1.));
#96 = ORIENTED_EDGE('',*,*,#97,.T.);
#97 = EDGE_CURVE('',#90,#98,#100,.T.);
#98 = VERTEX_POINT('',#99);
#99 = CARTESIAN_POINT('',(-45.,-42.,7.));
#100 = LINE('',#101,#102);
#101 = CARTESIAN_POINT('',(-45.,42.,7.));
#102 = VECTOR('',#103,1.);
#103 = DIRECTION('',(0.,-1.,0.));
#104 = ORIENTED_EDGE('',*,*,#105,.F.);
#105 = EDGE_CURVE('',#106,#98,#108,.T.);
#106 = VERTEX_POINT('',#107);
#107 = CARTESIAN_POINT('',(-45.,-42.,0.));
#108 = LINE('',#109,#110);
#109 = CARTESIAN_POINT('',(-45.,-42.,0.));
#110 = VECTOR('',#111,1.);
#111 = DIRECTION('',(0.,0.,1.));
#112 = ORIENTED_EDGE('',*,*,#113,.F.);
#113 = EDGE_CURVE('',#88,#106,#114,.T.);
#114 = LINE('',#115,#116);
#115 = CARTESIAN_POINT('',(-45.,42.,0.));
#116 = VECTOR('',#117,1.);
#117 = DIRECTION('',(0.,-1.,0.));
#118 = PLANE('',#119);
#119 = AXIS2_PLACEMENT_3D('',#120,#121,#122);
#120 = CARTESIAN_POINT('',(-45.,42.,0.));
#121 = DIRECTION('',(1.,0.,0.));
#122 = DIRECTION('',(0.,-1.,0.));
#123 = ADVANCED_FACE('',(#124),#149,.T.);
#124 = FACE_BOUND('',#125,.T.);
#125 = EDGE_LOOP('',(#126,#136,#142,#143));
#126 = ORIENTED_EDGE('',*,*,#127,.T.);
#127 = EDGE_CURVE('',#128,#130,#132,.T.);
#128 = VERTEX_POINT('',#129);
#129 = CARTESIAN_POINT('',(45.,42.,0.));
#130 = VERTEX_POINT('',#131);
#131 = CARTESIAN_POINT('',(45.,42.,7.));
#132 = LINE('',#133,#134);
#133 = CARTESIAN_POINT('',(45.,42.,0.));
#134 = VECTOR('',#135,1.);
#135 = DIRECTION('',(0.,0.,1.));
#136 = ORIENTED_EDGE('',*,*,#137,.T.);
#137 = EDGE_CURVE('',#130,#90,#138,.T.);
#138 = LINE('',#139,#140);
#139 = CARTESIAN_POINT('',(45.,42.,7.));
#140 = VECTOR('',#141,1.);
#141 = DIRECTION('',(-1.,0.,0.));
#142 = ORIENTED_EDGE('',*,*,#87,.F.);
#143 = ORIENTED_EDGE('',*,*,#144,.F.);
#144 = EDGE_CURVE('',#128,#88,#145,.T.);
#145 = LINE('',#146,#147);
#146 = CARTESIAN_POINT('',(45.,42.,0.));
#147 = VECTOR('',#148,1.);
#148 = DIRECTION('',(-1.,0.,0.));
#149 = PLANE('',#150);
#150 = AXIS2_PLACEMENT_3D('',#151,#152,#153);
#151 = CARTESIAN_POINT('',(45.,42.,0.));
#152 = DIRECTION('',(0.,-1.,0.));
#153 = DIRECTION('',(-1.,0.,0.));
#154 = ADVANCED_FACE('',(#155),#180,.T.);
#155 = FACE_BOUND('',#156,.T.);
#156 = EDGE_LOOP('',(#157,#158,#166,#174));
#157 = ORIENTED_EDGE('',*,*,#105,.T.);
#158 = ORIENTED_EDGE('',*,*,#159,.T.);
#159 = EDGE_CURVE('',#98,#160,#162,.T.);
#160 = VERTEX_POINT('',#161);
#161 = CARTESIAN_POINT('',(45.,-42.,7.));
#162 = LINE('',#163,#164);
#163 = CARTESIAN_POINT('',(-45.,-42.,7.));
#164 = VECTOR('',#165,1.);
#165 = DIRECTION('',(1.,0.,0.));
#166 = ORIENTED_EDGE('',*,*,#167,.F.);
#167 = EDGE_CURVE('',#168,#160,#170,.T.);
#168 = VERTEX_POINT('',#169);
#169 = CARTESIAN_POINT('',(45.,-42.,0.));
#170 = LINE('',#171,#172);
#171 = CARTESIAN_POINT('',(45.,-42.,0.));
#172 = VECTOR('',#173,1.);
#173 = DIRECTION('',(0.,0.,1.));
#174 = ORIENTED_EDGE('',*,*,#175,.F.);
#175 = EDGE_CURVE('',#106,#168,#176,.T.);
#176 = LINE('',#177,#178);
#177 = CARTESIAN_POINT('',(-45.,-42.,0.));
#178 = VECTOR('',#179,1.);
#179 = DIRECTION('',(1.,0.,0.));
#180 = PLANE('',#181);
#181 = AXIS2_PLACEMENT_3D('',#182,#183,#184);
#182 = CARTESIAN_POINT('',(-45.,-42.,0.));
#183 = DIRECTION('',(0.,1.,0.));
#184 = DIRECTION('',(1.,0.,0.));
#185 = ADVANCED_FACE('',(#186,#197),#267,.F.);
#186 = FACE_BOUND('',#187,.F.);
#187 = EDGE_LOOP('',(#188,#189,#190,#196));
#188 = ORIENTED_EDGE('',*,*,#113,.F.);
#189 = ORIENTED_EDGE('',*,*,#144,.F.);
#190 = ORIENTED_EDGE('',*,*,#191,.F.);
#191 = EDGE_CURVE('',#168,#128,#192,.T.);
#192 = LINE('',#193,#194);
#193 = CARTESIAN_POINT('',(45.,-42.,0.));
#194 = VECTOR('',#195,1.);
#195 = DIRECTION('',(0.,1.,0.));
#196 = ORIENTED_EDGE('',*,*,#175,.F.);
#197 = FACE_BOUND('',#198,.F.);
#198 = EDGE_LOOP('',(#199,#210,#218,#227,#235,#244,#252,#261));
#199 = ORIENTED_EDGE('',*,*,#200,.T.);
#200 = EDGE_CURVE('',#201,#203,#205,.T.);
#201 = VERTEX_POINT('',#202);
#202 = CARTESIAN_POINT('',(48.,42.,0.));
#203 = VERTEX_POINT('',#204);
#204 = CARTESIAN_POINT('',(45.,45.,0.));
#205 = CIRCLE('',#206,3.);
#206 = AXIS2_PLACEMENT_3D('',#207,#208,#209);
#207 = CARTESIAN_POINT('',(45.,42.,0.));
#208 = DIRECTION('',(-0.,0.,1.));
#209 = DIRECTION('',(1.1E-16,-1.,0.));
#210 = ORIENTED_EDGE('',*,*,#211,.T.);
#211 = EDGE_CURVE('',#203,#212,#214,.T.);
#212 = VERTEX_POINT('',#213);
#213 = CARTESIAN_POINT('',(-45.,45.,0.));
#214 = LINE('',#215,#216);
#215 = CARTESIAN_POINT('',(45.,45.,0.));
#216 = VECTOR('',#217,1.);
#217 = DIRECTION('',(-1.,0.,0.));
#218 = ORIENTED_EDGE('',*,*,#219,.F.);
#219 = EDGE_CURVE('',#220,#212,#222,.T.);
#220 = VERTEX_POINT('',#221);
#221 = CARTESIAN_POINT('',(-48.,42.,0.));
#222 = CIRCLE('',#223,3.);
#223 = AXIS2_PLACEMENT_3D('',#224,#225,#226);
#224 = CARTESIAN_POINT('',(-45.,42.,0.));
#225 = DIRECTION('',(-0.,0.,-1.));
#226 = DIRECTION('',(-1.1E-16,-1.,0.));
#227 = ORIENTED_EDGE('',*,*,#228,.T.);
#228 = EDGE_CURVE('',#220,#229,#231,.T.);
#229 = VERTEX_POINT('',#230);
#230 = CARTESIAN_POINT('',(-48.,-42.,0.));
#231 = LINE('',#232,#233);
#232 = CARTESIAN_POINT('',(-48.,42.,0.));
#233 = VECTOR('',#234,1.);
#234 = DIRECTION('',(0.,-1.,0.));
#235 = ORIENTED_EDGE('',*,*,#236,.T.);
#236 = EDGE_CURVE('',#229,#237,#239,.T.);
#237 = VERTEX_POINT('',#238);
#238 = CARTESIAN_POINT('',(-45.,-45.,0.));
#239 = CIRCLE('',#240,3.);
#240 = AXIS2_PLACEMENT_3D('',#241,#242,#243);
#241 = CARTESIAN_POINT('',(-45.,-42.,0.));
#242 = DIRECTION('',(0.,0.,1.));
#243 = DIRECTION('',(-1.1E-16,1.,0.));
#244 = ORIENTED_EDGE('',*,*,#245,.T.);
#245 = EDGE_CURVE('',#237,#246,#248,.T.);
#246 = VERTEX_POINT('',#247);
#247 = CARTESIAN_POINT('',(45.,-45.,0.));
#248 = LINE('',#249,#250);
#249 = CARTESIAN_POINT('',(-45.,-45.,0.));
#250 = VECTOR('',#251,1.);
#251 = DIRECTION('',(1.,0.,0.));
#252 = ORIENTED_EDGE('',*,*,#253,.T.);
#253 = EDGE_CURVE('',#246,#254,#256,.T.);
#254 = VERTEX_POINT('',#255);
#255 = CARTESIAN_POINT('',(48.,-42.,0.));
#256 = CIRCLE('',#257,3.);
#257 = AXIS2_PLACEMENT_3D('',#258,#259,#260);
#258 = CARTESIAN_POINT('',(45.,-42.,0.));
#259 = DIRECTION('',(0.,0.,1.));
#260 = DIRECTION('',(-1.,-1.1E-16,0.));
#261 = ORIENTED_EDGE('',*,*,#262,.T.);
#262 = EDGE_CURVE('',#254,#201,#263,.T.);
#263 = LINE('',#264,#265);
#264 = CARTESIAN_POINT('',(48.,-42.,0.));
#265 = VECTOR('',#266,1.);
#266 = DIRECTION('',(0.,1.,0.));
#267 = PLANE('',#268);
#268 = AXIS2_PLACEMENT_3D('',#269,#270,#271);
#269 = CARTESIAN_POINT('',(0.,3.92E-15,0.));
#270 = DIRECTION('',(0.,0.,1.));
#271 = DIRECTION('',(1.,0.,0.));
#272 = ADVANCED_FACE('',(#273,#284),#318,.F.);
#273 = FACE_BOUND('',#274,.F.);
#274 = EDGE_LOOP('',(#275,#276,#277,#283));
#275 = ORIENTED_EDGE('',*,*,#97,.T.);
#276 = ORIENTED_EDGE('',*,*,#159,.T.);
#277 = ORIENTED_EDGE('',*,*,#278,.T.);
#278 = EDGE_CURVE('',#160,#130,#279,.T.);
#279 = LINE('',#280,#281);
#280 = CARTESIAN_POINT('',(45.,-42.,7.));
#281 = VECTOR('',#282,1.);
#282 = DIRECTION('',(0.,1.,0.));
#283 = ORIENTED_EDGE('',*,*,#137,.T.);
#284 = FACE_BOUND('',#285,.F.);
#285 = EDGE_LOOP('',(#286,#296,#304,#312));
#286 = ORIENTED_EDGE('',*,*,#287,.F.);
#287 = EDGE_CURVE('',#288,#290,#292,.T.);
#288 = VERTEX_POINT('',#289);
#289 = CARTESIAN_POINT('',(-23.,23.,7.));
#290 = VERTEX_POINT('',#291);
#291 = CARTESIAN_POINT('',(-23.,-23.,7.));
#292 = LINE('',#293,#294);
#293 = CARTESIAN_POINT('',(-23.,11.5,7.));
#294 = VECTOR('',#295,1.);
#295 = DIRECTION('',(0.,-1.,0.));
#296 = ORIENTED_EDGE('',*,*,#297,.F.);
#297 = EDGE_CURVE('',#298,#288,#300,.T.);
#298 = VERTEX_POINT('',#299);
#299 = CARTESIAN_POINT('',(23.,23.,7.));
#300 = LINE('',#301,#302);
#301 = CARTESIAN_POINT('',(11.5,23.,7.));
#302 = VECTOR('',#303,1.);
#303 = DIRECTION('',(-1.,0.,0.));
#304 = ORIENTED_EDGE('',*,*,#305,.F.);
#305 = EDGE_CURVE('',#306,#298,#308,.T.);
#306 = VERTEX_POINT('',#307);
#307 = CARTESIAN_POINT('',(23.,-23.,7.));
#308 = LINE('',#309,#310);
#309 = CARTESIAN_POINT('',(23.,-11.5,7.));
#310 = VECTOR('',#311,1.);
#311 = DIRECTION('',(0.,1.,0.));
#312 = ORIENTED_EDGE('',*,*,#313,.F.);
#313 = EDGE_CURVE('',#290,#306,#314,.T.);
#314 = LINE('',#315,#316);
#315 = CARTESIAN_POINT('',(-11.5,-23.,7.));
#316 = VECTOR('',#317,1.);
#317 = DIRECTION('',(1.,0.,0.));
#318 = PLANE('',#319);
#319 = AXIS2_PLACEMENT_3D('',#320,#321,#322);
#320 = CARTESIAN_POINT('',(0.,3.92E-15,7.));
#321 = DIRECTION('',(0.,0.,1.));
#322 = DIRECTION('',(1.,0.,0.));
#323 = ADVANCED_FACE('',(#324),#330,.T.);
#324 = FACE_BOUND('',#325,.T.);
#325 = EDGE_LOOP('',(#326,#327,#328,#329));
#326 = ORIENTED_EDGE('',*,*,#167,.T.);
#327 = ORIENTED_EDGE('',*,*,#278,.T.);
#328 = ORIENTED_EDGE('',*,*,#127,.F.);
#329 = ORIENTED_EDGE('',*,*,#191,.F.);
#330 = PLANE('',#331);
#331 = AXIS2_PLACEMENT_3D('',#332,#333,#334);
#332 = CARTESIAN_POINT('',(45.,-42.,0.));
#333 = DIRECTION('',(-1.,0.,0.));
#334 = DIRECTION('',(0.,1.,0.));
#335 = ADVANCED_FACE('',(#336),#362,.T.);
#336 = FACE_BOUND('',#337,.T.);
#337 = EDGE_LOOP('',(#338,#346,#355,#361));
#338 = ORIENTED_EDGE('',*,*,#339,.T.);
#339 = EDGE_CURVE('',#203,#340,#342,.T.);
#340 = VERTEX_POINT('',#341);
#341 = CARTESIAN_POINT('',(45.,45.,7.));
#342 = LINE('',#343,#344);
#343 = CARTESIAN_POINT('',(45.,45.,0.));
#344 = VECTOR('',#345,1.);
#345 = DIRECTION('',(0.,0.,1.));
#346 = ORIENTED_EDGE('',*,*,#347,.F.);
#347 = EDGE_CURVE('',#348,#340,#350,.T.);
#348 = VERTEX_POINT('',#349);
#349 = CARTESIAN_POINT('',(48.,42.,7.));
#350 = CIRCLE('',#351,3.);
#351 = AXIS2_PLACEMENT_3D('',#352,#353,#354);
#352 = CARTESIAN_POINT('',(45.,42.,7.));
#353 = DIRECTION('',(-0.,0.,1.));
#354 = DIRECTION('',(1.1E-16,-1.,0.));
#355 = ORIENTED_EDGE('',*,*,#356,.F.);
#356 = EDGE_CURVE('',#201,#348,#357,.T.);
#357 = LINE('',#358,#359);
#358 = CARTESIAN_POINT('',(48.,42.,0.));
#359 = VECTOR('',#360,1.);
#360 = DIRECTION('',(0.,0.,1.));
#361 = ORIENTED_EDGE('',*,*,#200,.T.);
#362 = CYLINDRICAL_SURFACE('',#363,3.);
#363 = AXIS2_PLACEMENT_3D('',#364,#365,#366);
#364 = CARTESIAN_POINT('',(45.,42.,0.));
#365 = DIRECTION('',(0.,0.,1.));
#366 = DIRECTION('',(1.1E-16,-1.,0.));
#367 = ADVANCED_FACE('',(#368),#386,.F.);
#368 = FACE_BOUND('',#369,.F.);
#369 = EDGE_LOOP('',(#370,#371,#372,#380));
#370 = ORIENTED_EDGE('',*,*,#211,.F.);
#371 = ORIENTED_EDGE('',*,*,#339,.T.);
#372 = ORIENTED_EDGE('',*,*,#373,.T.);
#373 = EDGE_CURVE('',#340,#374,#376,.T.);
#374 = VERTEX_POINT('',#375);
#375 = CARTESIAN_POINT('',(-45.,45.,7.));
#376 = LINE('',#377,#378);
#377 = CARTESIAN_POINT('',(45.,45.,7.));
#378 = VECTOR('',#379,1.);
#379 = DIRECTION('',(-1.,0.,0.));
#380 = ORIENTED_EDGE('',*,*,#381,.F.);
#381 = EDGE_CURVE('',#212,#374,#382,.T.);
#382 = LINE('',#383,#384);
#383 = CARTESIAN_POINT('',(-45.,45.,0.));
#384 = VECTOR('',#385,1.);
#385 = DIRECTION('',(0.,0.,1.));
#386 = PLANE('',#387);
#387 = AXIS2_PLACEMENT_3D('',#388,#389,#390);
#388 = CARTESIAN_POINT('',(45.,45.,0.));
#389 = DIRECTION('',(0.,-1.,0.));
#390 = DIRECTION('',(-1.,0.,0.));
#391 = ADVANCED_FACE('',(#392),#411,.T.);
#392 = FACE_BOUND('',#393,.F.);
#393 = EDGE_LOOP('',(#394,#395,#404,#410));
#394 = ORIENTED_EDGE('',*,*,#381,.T.);
#395 = ORIENTED_EDGE('',*,*,#396,.F.);
#396 = EDGE_CURVE('',#397,#374,#399,.T.);
#397 = VERTEX_POINT('',#398);
#398 = CARTESIAN_POINT('',(-48.,42.,7.));
#399 = CIRCLE('',#400,3.);
#400 = AXIS2_PLACEMENT_3D('',#401,#402,#403);
#401 = CARTESIAN_POINT('',(-45.,42.,7.));
#402 = DIRECTION('',(-0.,0.,-1.));
#403 = DIRECTION('',(-1.1E-16,-1.,0.));
#404 = ORIENTED_EDGE('',*,*,#405,.F.);
#405 = EDGE_CURVE('',#220,#397,#406,.T.);
#406 = LINE('',#407,#408);
#407 = CARTESIAN_POINT('',(-48.,42.,0.));
#408 = VECTOR('',#409,1.);
#409 = DIRECTION('',(0.,0.,1.));
#410 = ORIENTED_EDGE('',*,*,#219,.T.);
#411 = CYLINDRICAL_SURFACE('',#412,3.);
#412 = AXIS2_PLACEMENT_3D('',#413,#414,#415);
#413 = CARTESIAN_POINT('',(-45.,42.,0.));
#414 = DIRECTION('',(0.,0.,1.));
#415 = DIRECTION('',(-1.1E-16,-1.,0.));
#416 = ADVANCED_FACE('',(#417),#435,.F.);
#417 = FACE_BOUND('',#418,.F.);
#418 = EDGE_LOOP('',(#419,#420,#428,#434));
#419 = ORIENTED_EDGE('',*,*,#405,.T.);
#420 = ORIENTED_EDGE('',*,*,#421,.T.);
#421 = EDGE_CURVE('',#397,#422,#424,.T.);
#422 = VERTEX_POINT('',#423);
#423 = CARTESIAN_POINT('',(-48.,-42.,7.));
#424 = LINE('',#425,#426);
#425 = CARTESIAN_POINT('',(-48.,42.,7.));
#426 = VECTOR('',#427,1.);
#427 = DIRECTION('',(0.,-1.,0.));
#428 = ORIENTED_EDGE('',*,*,#429,.F.);
#429 = EDGE_CURVE('',#229,#422,#430,.T.);
#430 = LINE('',#431,#432);
#431 = CARTESIAN_POINT('',(-48.,-42.,0.));
#432 = VECTOR('',#433,1.);
#433 = DIRECTION('',(0.,0.,1.));
#434 = ORIENTED_EDGE('',*,*,#228,.F.);
#435 = PLANE('',#436);
#436 = AXIS2_PLACEMENT_3D('',#437,#438,#439);
#437 = CARTESIAN_POINT('',(-48.,42.,0.));
#438 = DIRECTION('',(1.,0.,0.));
#439 = DIRECTION('',(0.,-1.,0.));
#440 = ADVANCED_FACE('',(#441),#460,.T.);
#441 = FACE_BOUND('',#442,.T.);
#442 = EDGE_LOOP('',(#443,#451,#458,#459));
#443 = ORIENTED_EDGE('',*,*,#444,.T.);
#444 = EDGE_CURVE('',#237,#445,#447,.T.);
#445 = VERTEX_POINT('',#446);
#446 = CARTESIAN_POINT('',(-45.,-45.,7.));
#447 = LINE('',#448,#449);
#448 = CARTESIAN_POINT('',(-45.,-45.,0.));
#449 = VECTOR('',#450,1.);
#450 = DIRECTION('',(0.,0.,1.));
#451 = ORIENTED_EDGE('',*,*,#452,.F.);
#452 = EDGE_CURVE('',#422,#445,#453,.T.);
#453 = CIRCLE('',#454,3.);
#454 = AXIS2_PLACEMENT_3D('',#455,#456,#457);
#455 = CARTESIAN_POINT('',(-45.,-42.,7.));
#456 = DIRECTION('',(0.,0.,1.));
#457 = DIRECTION('',(-1.1E-16,1.,0.));
#458 = ORIENTED_EDGE('',*,*,#429,.F.);
#459 = ORIENTED_EDGE('',*,*,#236,.T.);
#460 = CYLINDRICAL_SURFACE('',#461,3.);
#461 = AXIS2_PLACEMENT_3D('',#462,#463,#464);
#462 = CARTESIAN_POINT('',(-45.,-42.,0.));
#463 = DIRECTION('',(0.,0.,1.));
#464 = DIRECTION('',(-1.1E-16,1.,0.));
#465 = ADVANCED_FACE('',(#466),#484,.F.);
#466 = FACE_BOUND('',#467,.F.);
#467 = EDGE_LOOP('',(#468,#476,#477,#478));
#468 = ORIENTED_EDGE('',*,*,#469,.F.);
#469 = EDGE_CURVE('',#246,#470,#472,.T.);
#470 = VERTEX_POINT('',#471);
#471 = CARTESIAN_POINT('',(45.,-45.,7.));
#472 = LINE('',#473,#474);
#473 = CARTESIAN_POINT('',(45.,-45.,0.));
#474 = VECTOR('',#475,1.);
#475 = DIRECTION('',(0.,0.,1.));
#476 = ORIENTED_EDGE('',*,*,#245,.F.);
#477 = ORIENTED_EDGE('',*,*,#444,.T.);
#478 = ORIENTED_EDGE('',*,*,#479,.T.);
#479 = EDGE_CURVE('',#445,#470,#480,.T.);
#480 = LINE('',#481,#482);
#481 = CARTESIAN_POINT('',(-45.,-45.,7.));
#482 = VECTOR('',#483,1.);
#483 = DIRECTION('',(1.,0.,0.));
#484 = PLANE('',#485);
#485 = AXIS2_PLACEMENT_3D('',#486,#487,#488);
#486 = CARTESIAN_POINT('',(-45.,-45.,0.));
#487 = DIRECTION('',(0.,1.,0.));
#488 = DIRECTION('',(1.,0.,0.));
#489 = ADVANCED_FACE('',(#490),#509,.T.);
#490 = FACE_BOUND('',#491,.T.);
#491 = EDGE_LOOP('',(#492,#500,#507,#508));
#492 = ORIENTED_EDGE('',*,*,#493,.T.);
#493 = EDGE_CURVE('',#254,#494,#496,.T.);
#494 = VERTEX_POINT('',#495);
#495 = CARTESIAN_POINT('',(48.,-42.,7.));
#496 = LINE('',#497,#498);
#497 = CARTESIAN_POINT('',(48.,-42.,0.));
#498 = VECTOR('',#499,1.);
#499 = DIRECTION('',(0.,0.,1.));
#500 = ORIENTED_EDGE('',*,*,#501,.F.);
#501 = EDGE_CURVE('',#470,#494,#502,.T.);
#502 = CIRCLE('',#503,3.);
#503 = AXIS2_PLACEMENT_3D('',#504,#505,#506);
#504 = CARTESIAN_POINT('',(45.,-42.,7.));
#505 = DIRECTION('',(0.,0.,1.));
#506 = DIRECTION('',(-1.,-1.1E-16,0.));
#507 = ORIENTED_EDGE('',*,*,#469,.F.);
#508 = ORIENTED_EDGE('',*,*,#253,.T.);
#509 = CYLINDRICAL_SURFACE('',#510,3.);
#510 = AXIS2_PLACEMENT_3D('',#511,#512,#513);
#511 = CARTESIAN_POINT('',(45.,-42.,0.));
#512 = DIRECTION('',(0.,0.,1.));
#513 = DIRECTION('',(-1.,-1.1E-16,0.));
#514 = ADVANCED_FACE('',(#515),#526,.F.);
#515 = FACE_BOUND('',#516,.F.);
#516 = EDGE_LOOP('',(#517,#518,#519,#520));
#517 = ORIENTED_EDGE('',*,*,#356,.F.);
#518 = ORIENTED_EDGE('',*,*,#262,.F.);
#519 = ORIENTED_EDGE('',*,*,#493,.T.);
#520 = ORIENTED_EDGE('',*,*,#521,.T.);
#521 = EDGE_CURVE('',#494,#348,#522,.T.);
#522 = LINE('',#523,#524);
#523 = CARTESIAN_POINT('',(48.,-42.,7.));
#524 = VECTOR('',#525,1.);
#525 = DIRECTION('',(0.,1.,0.));
#526 = PLANE('',#527);
#527 = AXIS2_PLACEMENT_3D('',#528,#529,#530);
#528 = CARTESIAN_POINT('',(48.,-42.,0.));
#529 = DIRECTION('',(-1.,0.,0.));
#530 = DIRECTION('',(0.,1.,0.));
#531 = ADVANCED_FACE('',(#532),#557,.F.);
#532 = FACE_BOUND('',#533,.F.);
#533 = EDGE_LOOP('',(#534,#544,#550,#551));
#534 = ORIENTED_EDGE('',*,*,#535,.F.);
#535 = EDGE_CURVE('',#536,#538,#540,.T.);
#536 = VERTEX_POINT('',#537);
#537 = CARTESIAN_POINT('',(-23.,23.,10.));
#538 = VERTEX_POINT('',#539);
#539 = CARTESIAN_POINT('',(-23.,-23.,10.));
#540 = LINE('',#541,#542);
#541 = CARTESIAN_POINT('',(-23.,23.,10.));
#542 = VECTOR('',#543,1.);
#543 = DIRECTION('',(0.,-1.,0.));
#544 = ORIENTED_EDGE('',*,*,#545,.T.);
#545 = EDGE_CURVE('',#536,#288,#546,.T.);
#546 = LINE('',#547,#548);
#547 = CARTESIAN_POINT('',(-23.,23.,10.));
#548 = VECTOR('',#549,1.);
#549 = DIRECTION('',(-0.,-0.,-1.));
#550 = ORIENTED_EDGE('',*,*,#287,.T.);
#551 = ORIENTED_EDGE('',*,*,#552,.F.);
#552 = EDGE_CURVE('',#538,#290,#553,.T.);
#553 = LINE('',#554,#555);
#554 = CARTESIAN_POINT('',(-23.,-23.,10.));
#555 = VECTOR('',#556,1.);
#556 = DIRECTION('',(-0.,-0.,-1.));
#557 = PLANE('',#558);
#558 = AXIS2_PLACEMENT_3D('',#559,#560,#561);
#559 = CARTESIAN_POINT('',(-23.,23.,10.));
#560 = DIRECTION('',(-1.,0.,0.));
#561 = DIRECTION('',(0.,-1.,0.));
#562 = ADVANCED_FACE('',(#563),#581,.F.);
#563 = FACE_BOUND('',#564,.F.);
#564 = EDGE_LOOP('',(#565,#573,#574,#575));
#565 = ORIENTED_EDGE('',*,*,#566,.F.);
#566 = EDGE_CURVE('',#538,#567,#569,.T.);
#567 = VERTEX_POINT('',#568);
#568 = CARTESIAN_POINT('',(23.,-23.,10.));
#569 = LINE('',#570,#571);
#570 = CARTESIAN_POINT('',(-23.,-23.,10.));
#571 = VECTOR('',#572,1.);
#572 = DIRECTION('',(1.,0.,0.));
#573 = ORIENTED_EDGE('',*,*,#552,.T.);
#574 = ORIENTED_EDGE('',*,*,#313,.T.);
#575 = ORIENTED_EDGE('',*,*,#576,.F.);
#576 = EDGE_CURVE('',#567,#306,#577,.T.);
#577 = LINE('',#578,#579);
#578 = CARTESIAN_POINT('',(23.,-23.,10.));
#579 = VECTOR('',#580,1.);
#580 = DIRECTION('',(-0.,-0.,-1.));
#581 = PLANE('',#582);
#582 = AXIS2_PLACEMENT_3D('',#583,#584,#585);
#583 = CARTESIAN_POINT('',(-23.,-23.,10.));
#584 = DIRECTION('',(0.,-1.,0.));
#585 = DIRECTION('',(1.,0.,0.));
#586 = ADVANCED_FACE('',(#587),#605,.F.);
#587 = FACE_BOUND('',#588,.F.);
#588 = EDGE_LOOP('',(#589,#597,#598,#599));
#589 = ORIENTED_EDGE('',*,*,#590,.F.);
#590 = EDGE_CURVE('',#567,#591,#593,.T.);
#591 = VERTEX_POINT('',#592);
#592 = CARTESIAN_POINT('',(23.,23.,10.));
#593 = LINE('',#594,#595);
#594 = CARTESIAN_POINT('',(23.,-23.,10.));
#595 = VECTOR('',#596,1.);
#596 = DIRECTION('',(0.,1.,0.));
#597 = ORIENTED_EDGE('',*,*,#576,.T.);
#598 = ORIENTED_EDGE('',*,*,#305,.T.);
#599 = ORIENTED_EDGE('',*,*,#600,.F.);
#600 = EDGE_CURVE('',#591,#298,#601,.T.);
#601 = LINE('',#602,#603);
#602 = CARTESIAN_POINT('',(23.,23.,10.));
#603 = VECTOR('',#604,1.);
#604 = DIRECTION('',(-0.,-0.,-1.));
#605 = PLANE('',#606);
#606 = AXIS2_PLACEMENT_3D('',#607,#608,#609);
#607 = CARTESIAN_POINT('',(23.,-23.,10.));
#608 = DIRECTION('',(1.,0.,0.));
#609 = DIRECTION('',(-0.,1.,0.));
#610 = ADVANCED_FACE('',(#611),#622,.F.);
#611 = FACE_BOUND('',#612,.F.);
#612 = EDGE_LOOP('',(#613,#619,#620,#621));
#613 = ORIENTED_EDGE('',*,*,#614,.F.);
#614 = EDGE_CURVE('',#591,#536,#615,.T.);
#615 = LINE('',#616,#617);
#616 = CARTESIAN_POINT('',(23.,23.,10.));
#617 = VECTOR('',#618,1.);
#618 = DIRECTION('',(-1.,0.,0.));
#619 = ORIENTED_EDGE('',*,*,#600,.T.);
#620 = ORIENTED_EDGE('',*,*,#297,.T.);
#621 = ORIENTED_EDGE('',*,*,#545,.F.);
#622 = PLANE('',#623);
#623 = AXIS2_PLACEMENT_3D('',#624,#625,#626);
#624 = CARTESIAN_POINT('',(23.,23.,10.));
#625 = DIRECTION('',(0.,1.,0.));
#626 = DIRECTION('',(-1.,0.,0.));
#627 = ADVANCED_FACE('',(#628),#647,.T.);
#628 = FACE_BOUND('',#629,.T.);
#629 = EDGE_LOOP('',(#630,#631,#640));
#630 = ORIENTED_EDGE('',*,*,#347,.T.);
#631 = ORIENTED_EDGE('',*,*,#632,.T.);
#632 = EDGE_CURVE('',#340,#633,#635,.T.);
#633 = VERTEX_POINT('',#634);
#634 = CARTESIAN_POINT('',(45.,42.,10.));
#635 = CIRCLE('',#636,3.);
#636 = AXIS2_PLACEMENT_3D('',#637,#638,#639);
#637 = CARTESIAN_POINT('',(45.,42.,7.));
#638 = DIRECTION('',(1.,-0.,0.));
#639 = DIRECTION('',(0.,1.1E-16,-1.));
#640 = ORIENTED_EDGE('',*,*,#641,.F.);
#641 = EDGE_CURVE('',#348,#633,#642,.T.);
#642 = CIRCLE('',#643,3.);
#643 = AXIS2_PLACEMENT_3D('',#644,#645,#646);
#644 = CARTESIAN_POINT('',(45.,42.,7.));
#645 = DIRECTION('',(0.,-1.,0.));
#646 = DIRECTION('',(1.1E-16,0.,-1.));
#647 = SPHERICAL_SURFACE('',#648,3.);
#648 = AXIS2_PLACEMENT_3D('',#649,#650,#651);
#649 = CARTESIAN_POINT('',(45.,42.,7.));
#650 = DIRECTION('',(0.,0.707106781187,-0.707106781187));
#651 = DIRECTION('',(-0.57735026919,-0.57735026919,-0.57735026919));
#652 = ADVANCED_FACE('',(#653),#672,.T.);
#653 = FACE_BOUND('',#654,.F.);
#654 = EDGE_LOOP('',(#655,#656,#657,#665));
#655 = ORIENTED_EDGE('',*,*,#373,.F.);
#656 = ORIENTED_EDGE('',*,*,#632,.T.);
#657 = ORIENTED_EDGE('',*,*,#658,.T.);
#658 = EDGE_CURVE('',#633,#659,#661,.T.);
#659 = VERTEX_POINT('',#660);
#660 = CARTESIAN_POINT('',(-45.,42.,10.));
#661 = LINE('',#662,#663);
#662 = CARTESIAN_POINT('',(45.,42.,10.));
#663 = VECTOR('',#664,1.);
#664 = DIRECTION('',(-1.,0.,0.));
#665 = ORIENTED_EDGE('',*,*,#666,.F.);
#666 = EDGE_CURVE('',#374,#659,#667,.T.);
#667 = CIRCLE('',#668,3.);
#668 = AXIS2_PLACEMENT_3D('',#669,#670,#671);
#669 = CARTESIAN_POINT('',(-45.,42.,7.));
#670 = DIRECTION('',(1.,-0.,0.));
#671 = DIRECTION('',(0.,1.1E-16,-1.));
#672 = CYLINDRICAL_SURFACE('',#673,3.);
#673 = AXIS2_PLACEMENT_3D('',#674,#675,#676);
#674 = CARTESIAN_POINT('',(45.,42.,7.));
#675 = DIRECTION('',(-1.,0.,0.));
#676 = DIRECTION('',(0.,1.1E-16,-1.));
#677 = ADVANCED_FACE('',(#678),#689,.T.);
#678 = FACE_BOUND('',#679,.T.);
#679 = EDGE_LOOP('',(#680,#681,#688));
#680 = ORIENTED_EDGE('',*,*,#396,.F.);
#681 = ORIENTED_EDGE('',*,*,#682,.T.);
#682 = EDGE_CURVE('',#397,#659,#683,.T.);
#683 = CIRCLE('',#684,3.);
#684 = AXIS2_PLACEMENT_3D('',#685,#686,#687);
#685 = CARTESIAN_POINT('',(-45.,42.,7.));
#686 = DIRECTION('',(0.,1.,0.));
#687 = DIRECTION('',(-1.1E-16,0.,-1.));
#688 = ORIENTED_EDGE('',*,*,#666,.F.);
#689 = SPHERICAL_SURFACE('',#690,3.);
#690 = AXIS2_PLACEMENT_3D('',#691,#692,#693);
#691 = CARTESIAN_POINT('',(-45.,42.,7.));
#692 = DIRECTION('',(0.,-0.707106781187,0.707106781187));
#693 = DIRECTION('',(0.57735026919,-0.57735026919,-0.57735026919));
#694 = ADVANCED_FACE('',(#695),#714,.T.);
#695 = FACE_BOUND('',#696,.F.);
#696 = EDGE_LOOP('',(#697,#698,#699,#707));
#697 = ORIENTED_EDGE('',*,*,#421,.F.);
#698 = ORIENTED_EDGE('',*,*,#682,.T.);
#699 = ORIENTED_EDGE('',*,*,#700,.T.);
#700 = EDGE_CURVE('',#659,#701,#703,.T.);
#701 = VERTEX_POINT('',#702);
#702 = CARTESIAN_POINT('',(-45.,-42.,10.));
#703 = LINE('',#704,#705);
#704 = CARTESIAN_POINT('',(-45.,42.,10.));
#705 = VECTOR('',#706,1.);
#706 = DIRECTION('',(0.,-1.,0.));
#707 = ORIENTED_EDGE('',*,*,#708,.F.);
#708 = EDGE_CURVE('',#422,#701,#709,.T.);
#709 = CIRCLE('',#710,3.);
#710 = AXIS2_PLACEMENT_3D('',#711,#712,#713);
#711 = CARTESIAN_POINT('',(-45.,-42.,7.));
#712 = DIRECTION('',(0.,1.,0.));
#713 = DIRECTION('',(-1.1E-16,0.,-1.));
#714 = CYLINDRICAL_SURFACE('',#715,3.);
#715 = AXIS2_PLACEMENT_3D('',#716,#717,#718);
#716 = CARTESIAN_POINT('',(-45.,42.,7.));
#717 = DIRECTION('',(0.,-1.,0.));
#718 = DIRECTION('',(-1.1E-16,-0.,-1.));
#719 = ADVANCED_FACE('',(#720),#731,.T.);
#720 = FACE_BOUND('',#721,.T.);
#721 = EDGE_LOOP('',(#722,#723,#730));
#722 = ORIENTED_EDGE('',*,*,#452,.T.);
#723 = ORIENTED_EDGE('',*,*,#724,.T.);
#724 = EDGE_CURVE('',#445,#701,#725,.T.);
#725 = CIRCLE('',#726,3.);
#726 = AXIS2_PLACEMENT_3D('',#727,#728,#729);
#727 = CARTESIAN_POINT('',(-45.,-42.,7.));
#728 = DIRECTION('',(-1.,-0.,0.));
#729 = DIRECTION('',(0.,-1.1E-16,-1.));
#730 = ORIENTED_EDGE('',*,*,#708,.F.);
#731 = SPHERICAL_SURFACE('',#732,3.);
#732 = AXIS2_PLACEMENT_3D('',#733,#734,#735);
#733 = CARTESIAN_POINT('',(-45.,-42.,7.));
#734 = DIRECTION('',(-0.,-0.707106781187,-0.707106781187));
#735 = DIRECTION('',(0.57735026919,0.57735026919,-0.57735026919));
#736 = ADVANCED_FACE('',(#737),#756,.T.);
#737 = FACE_BOUND('',#738,.F.);
#738 = EDGE_LOOP('',(#739,#740,#741,#749));
#739 = ORIENTED_EDGE('',*,*,#479,.F.);
#740 = ORIENTED_EDGE('',*,*,#724,.T.);
#741 = ORIENTED_EDGE('',*,*,#742,.T.);
#742 = EDGE_CURVE('',#701,#743,#745,.T.);
#743 = VERTEX_POINT('',#744);
#744 = CARTESIAN_POINT('',(45.,-42.,10.));
#745 = LINE('',#746,#747);
#746 = CARTESIAN_POINT('',(-45.,-42.,10.));
#747 = VECTOR('',#748,1.);
#748 = DIRECTION('',(1.,0.,0.));
#749 = ORIENTED_EDGE('',*,*,#750,.F.);
#750 = EDGE_CURVE('',#470,#743,#751,.T.);
#751 = CIRCLE('',#752,3.);
#752 = AXIS2_PLACEMENT_3D('',#753,#754,#755);
#753 = CARTESIAN_POINT('',(45.,-42.,7.));
#754 = DIRECTION('',(-1.,-0.,0.));
#755 = DIRECTION('',(0.,-1.1E-16,-1.));
#756 = CYLINDRICAL_SURFACE('',#757,3.);
#757 = AXIS2_PLACEMENT_3D('',#758,#759,#760);
#758 = CARTESIAN_POINT('',(-45.,-42.,7.));
#759 = DIRECTION('',(1.,0.,0.));
#760 = DIRECTION('',(0.,-1.1E-16,-1.));
#761 = ADVANCED_FACE('',(#762),#773,.T.);
#762 = FACE_BOUND('',#763,.T.);
#763 = EDGE_LOOP('',(#764,#765,#772));
#764 = ORIENTED_EDGE('',*,*,#501,.T.);
#765 = ORIENTED_EDGE('',*,*,#766,.T.);
#766 = EDGE_CURVE('',#494,#743,#767,.T.);
#767 = CIRCLE('',#768,3.);
#768 = AXIS2_PLACEMENT_3D('',#769,#770,#771);
#769 = CARTESIAN_POINT('',(45.,-42.,7.));
#770 = DIRECTION('',(0.,-1.,0.));
#771 = DIRECTION('',(1.1E-16,0.,-1.));
#772 = ORIENTED_EDGE('',*,*,#750,.F.);
#773 = SPHERICAL_SURFACE('',#774,3.);
#774 = AXIS2_PLACEMENT_3D('',#775,#776,#777);
#775 = CARTESIAN_POINT('',(45.,-42.,7.));
#776 = DIRECTION('',(0.707106781187,0.,-0.707106781187));
#777 = DIRECTION('',(-0.57735026919,0.57735026919,-0.57735026919));
#778 = ADVANCED_FACE('',(#779),#790,.T.);
#779 = FACE_BOUND('',#780,.F.);
#780 = EDGE_LOOP('',(#781,#782,#783,#789));
#781 = ORIENTED_EDGE('',*,*,#521,.F.);
#782 = ORIENTED_EDGE('',*,*,#766,.T.);
#783 = ORIENTED_EDGE('',*,*,#784,.T.);
#784 = EDGE_CURVE('',#743,#633,#785,.T.);
#785 = LINE('',#786,#787);
#786 = CARTESIAN_POINT('',(45.,-42.,10.));
#787 = VECTOR('',#788,1.);
#788 = DIRECTION('',(0.,1.,0.));
#789 = ORIENTED_EDGE('',*,*,#641,.F.);
#790 = CYLINDRICAL_SURFACE('',#791,3.);
#791 = AXIS2_PLACEMENT_3D('',#792,#793,#794);
#792 = CARTESIAN_POINT('',(45.,-42.,7.));
#793 = DIRECTION('',(0.,1.,0.));
#794 = DIRECTION('',(1.1E-16,0.,-1.));
#795 = ADVANCED_FACE('',(#796,#802),#808,.T.);
#796 = FACE_BOUND('',#797,.T.);
#797 = EDGE_LOOP('',(#798,#799,#800,#801));
#798 = ORIENTED_EDGE('',*,*,#700,.T.);
#799 = ORIENTED_EDGE('',*,*,#742,.T.);
#800 = ORIENTED_EDGE('',*,*,#784,.T.);
#801 = ORIENTED_EDGE('',*,*,#658,.T.);
#802 = FACE_BOUND('',#803,.T.);
#803 = EDGE_LOOP('',(#804,#805,#806,#807));
#804 = ORIENTED_EDGE('',*,*,#535,.F.);
#805 = ORIENTED_EDGE('',*,*,#614,.F.);
#806 = ORIENTED_EDGE('',*,*,#590,.F.);
#807 = ORIENTED_EDGE('',*,*,#566,.F.);
#808 = PLANE('',#809);
#809 = AXIS2_PLACEMENT_3D('',#810,#811,#812);
#810 = CARTESIAN_POINT('',(0.,3.92E-15,10.));
#811 = DIRECTION('',(0.,0.,1.));
#812 = DIRECTION('',(1.,0.,0.));
#813 = ( GEOMETRIC_REPRESENTATION_CONTEXT(3) 
GLOBAL_UNCERTAINTY_ASSIGNED_CONTEXT((#817)) GLOBAL_UNIT_ASSIGNED_CONTEXT
((#814,#815,#816)) REPRESENTATION_CONTEXT('Context #1',
  '3D Context with UNIT and UNCERTAINTY') );
#814 = ( LENGTH_UNIT() NAMED_UNIT(*) SI_UNIT(.MILLI.,.METRE.) );
#815 = ( NAMED_UNIT(*) PLANE_ANGLE_UNIT() SI_UNIT($,.RADIAN.) );
#816 = ( NAMED_UNIT(*) SI_UNIT($,.STERADIAN.) SOLID_ANGLE_UNIT() );
#817 = UNCERTAINTY_MEASURE_WITH_UNIT(LENGTH_MEASURE(1.E-05),#814,
  'distance_accuracy_value','confusion accuracy');
#818 = CONTEXT_DEPENDENT_SHAPE_REPRESENTATION(#819,#821);
#819 = ( REPRESENTATION_RELATIONSHIP('','',#80,#10) 
REPRESENTATION_RELATIONSHIP_WITH_TRANSFORMATION(#820) 
SHAPE_REPRESENTATION_RELATIONSHIP() );
#820 = ITEM_DEFINED_TRANSFORMATION('','',#11,#15);
#821 = PRODUCT_DEFINITION_SHAPE('Placement','Placement of an item',#822
  );
#822 = NEXT_ASSEMBLY_USAGE_OCCURRENCE('28','Body','',#5,#75,$);
#823 = PRODUCT_RELATED_PRODUCT_CATEGORY('part',$,(#77));
#824 = SHAPE_DEFINITION_REPRESENTATION(#825,#831);
#825 = PRODUCT_DEFINITION_SHAPE('','',#826);
#826 = PRODUCT_DEFINITION('design','',#827,#830);
#827 = PRODUCT_DEFINITION_FORMATION('','',#828);
#828 = PRODUCT('WARNING Icon','WARNING Icon','',(#829));
#829 = PRODUCT_CONTEXT('',#2,'mechanical');
#830 = PRODUCT_DEFINITION_CONTEXT('part definition',#2,'design');
#831 = ADVANCED_BREP_SHAPE_REPRESENTATION('',(#11,#832),#1316);
#832 = MANIFOLD_SOLID_BREP('',#833);
#833 = CLOSED_SHELL('',(#834,#874,#905,#927,#967,#998,#1029,#1060,#1091,
    #1122,#1153,#1184,#1215,#1246,#1268,#1292));
#834 = ADVANCED_FACE('',(#835),#869,.F.);
#835 = FACE_BOUND('',#836,.F.);
#836 = EDGE_LOOP('',(#837,#847,#855,#863));
#837 = ORIENTED_EDGE('',*,*,#838,.T.);
#838 = EDGE_CURVE('',#839,#841,#843,.T.);
#839 = VERTEX_POINT('',#840);
#840 = CARTESIAN_POINT('',(-36.06217782649,38.5,9.));
#841 = VERTEX_POINT('',#842);
#842 = CARTESIAN_POINT('',(-36.06217782649,38.5,10.));
#843 = LINE('',#844,#845);
#844 = CARTESIAN_POINT('',(-36.06217782649,38.5,9.));
#845 = VECTOR('',#846,1.);
#846 = DIRECTION('',(0.,0.,1.));
#847 = ORIENTED_EDGE('',*,*,#848,.T.);
#848 = EDGE_CURVE('',#841,#849,#851,.T.);
#849 = VERTEX_POINT('',#850);
#850 = CARTESIAN_POINT('',(-42.12435565298,28.,10.));
#851 = LINE('',#852,#853);
#852 = CARTESIAN_POINT('',(-36.06217782649,38.5,10.));
#853 = VECTOR('',#854,1.);
#854 = DIRECTION('',(-0.5,-0.866025403784,0.));
#855 = ORIENTED_EDGE('',*,*,#856,.F.);
#856 = EDGE_CURVE('',#857,#849,#859,.T.);
#857 = VERTEX_POINT('',#858);
#858 = CARTESIAN_POINT('',(-42.12435565298,28.,9.));
#859 = LINE('',#860,#861);
#860 = CARTESIAN_POINT('',(-42.12435565298,28.,9.));
#861 = VECTOR('',#862,1.);
#862 = DIRECTION('',(0.,0.,1.));
#863 = ORIENTED_EDGE('',*,*,#864,.F.);
#864 = EDGE_CURVE('',#839,#857,#865,.T.);
#865 = LINE('',#866,#867);
#866 = CARTESIAN_POINT('',(-36.06217782649,38.5,9.));
#867 = VECTOR('',#868,1.);
#868 = DIRECTION('',(-0.5,-0.866025403784,0.));
#869 = PLANE('',#870);
#870 = AXIS2_PLACEMENT_3D('',#871,#872,#873);
#871 = CARTESIAN_POINT('',(-36.06217782649,38.5,9.));
#872 = DIRECTION('',(0.866025403784,-0.5,0.));
#873 = DIRECTION('',(-0.5,-0.866025403784,0.));
#874 = ADVANCED_FACE('',(#875),#900,.F.);
#875 = FACE_BOUND('',#876,.F.);
#876 = EDGE_LOOP('',(#877,#878,#886,#894));
#877 = ORIENTED_EDGE('',*,*,#856,.T.);
#878 = ORIENTED_EDGE('',*,*,#879,.T.);
#879 = EDGE_CURVE('',#849,#880,#882,.T.);
#880 = VERTEX_POINT('',#881);
#881 = CARTESIAN_POINT('',(-30.,28.,10.));
#882 = LINE('',#883,#884);
#883 = CARTESIAN_POINT('',(-42.12435565298,28.,10.));
#884 = VECTOR('',#885,1.);
#885 = DIRECTION('',(1.,0.,0.));
#886 = ORIENTED_EDGE('',*,*,#887,.F.);
#887 = EDGE_CURVE('',#888,#880,#890,.T.);
#888 = VERTEX_POINT('',#889);
#889 = CARTESIAN_POINT('',(-30.,28.,9.));
#890 = LINE('',#891,#892);
#891 = CARTESIAN_POINT('',(-30.,28.,9.));
#892 = VECTOR('',#893,1.);
#893 = DIRECTION('',(0.,0.,1.));
#894 = ORIENTED_EDGE('',*,*,#895,.F.);
#895 = EDGE_CURVE('',#857,#888,#896,.T.);
#896 = LINE('',#897,#898);
#897 = CARTESIAN_POINT('',(-42.12435565298,28.,9.));
#898 = VECTOR('',#899,1.);
#899 = DIRECTION('',(1.,0.,0.));
#900 = PLANE('',#901);
#901 = AXIS2_PLACEMENT_3D('',#902,#903,#904);
#902 = CARTESIAN_POINT('',(-42.12435565298,28.,9.));
#903 = DIRECTION('',(0.,1.,0.));
#904 = DIRECTION('',(1.,0.,0.));
#905 = ADVANCED_FACE('',(#906),#922,.F.);
#906 = FACE_BOUND('',#907,.F.);
#907 = EDGE_LOOP('',(#908,#909,#915,#916));
#908 = ORIENTED_EDGE('',*,*,#887,.T.);
#909 = ORIENTED_EDGE('',*,*,#910,.T.);
#910 = EDGE_CURVE('',#880,#841,#911,.T.);
#911 = LINE('',#912,#913);
#912 = CARTESIAN_POINT('',(-30.,28.,10.));
#913 = VECTOR('',#914,1.);
#914 = DIRECTION('',(-0.5,0.866025403784,0.));
#915 = ORIENTED_EDGE('',*,*,#838,.F.);
#916 = ORIENTED_EDGE('',*,*,#917,.F.);
#917 = EDGE_CURVE('',#888,#839,#918,.T.);
#918 = LINE('',#919,#920);
#919 = CARTESIAN_POINT('',(-30.,28.,9.));
#920 = VECTOR('',#921,1.);
#921 = DIRECTION('',(-0.5,0.866025403784,0.));
#922 = PLANE('',#923);
#923 = AXIS2_PLACEMENT_3D('',#924,#925,#926);
#924 = CARTESIAN_POINT('',(-30.,28.,9.));
#925 = DIRECTION('',(-0.866025403784,-0.5,0.));
#926 = DIRECTION('',(-0.5,0.866025403784,0.));
#927 = ADVANCED_FACE('',(#928),#962,.T.);
#928 = FACE_BOUND('',#929,.T.);
#929 = EDGE_LOOP('',(#930,#940,#948,#956));
#930 = ORIENTED_EDGE('',*,*,#931,.T.);
#931 = EDGE_CURVE('',#932,#934,#936,.T.);
#932 = VERTEX_POINT('',#933);
#933 = CARTESIAN_POINT('',(-36.49716453172,32.797996376178,9.));
#934 = VERTEX_POINT('',#935);
#935 = CARTESIAN_POINT('',(-36.49716453172,32.797996376178,10.));
#936 = LINE('',#937,#938);
#937 = CARTESIAN_POINT('',(-36.49716453172,32.797996376178,9.));
#938 = VECTOR('',#939,1.);
#939 = DIRECTION('',(0.,0.,1.));
#940 = ORIENTED_EDGE('',*,*,#941,.T.);
#941 = EDGE_CURVE('',#934,#942,#944,.T.);
#942 = VERTEX_POINT('',#943);
#943 = CARTESIAN_POINT('',(-35.22632479319,35.388388450389,10.));
#944 = LINE('',#945,#946);
#945 = CARTESIAN_POINT('',(-36.49716453172,32.797996376178,10.));
#946 = VECTOR('',#947,1.);
#947 = DIRECTION('',(0.440447722331,0.897778259869,0.));
#948 = ORIENTED_EDGE('',*,*,#949,.F.);
#949 = EDGE_CURVE('',#950,#942,#952,.T.);
#950 = VERTEX_POINT('',#951);
#951 = CARTESIAN_POINT('',(-35.22632479319,35.388388450389,9.));
#952 = LINE('',#953,#954);
#953 = CARTESIAN_POINT('',(-35.22632479319,35.388388450389,9.));
#954 = VECTOR('',#955,1.);
#955 = DIRECTION('',(0.,0.,1.));
#956 = ORIENTED_EDGE('',*,*,#957,.F.);
#957 = EDGE_CURVE('',#932,#950,#958,.T.);
#958 = LINE('',#959,#960);
#959 = CARTESIAN_POINT('',(-36.49716453172,32.797996376178,9.));
#960 = VECTOR('',#961,1.);
#961 = DIRECTION('',(0.440447722331,0.897778259869,0.));
#962 = PLANE('',#963);
#963 = AXIS2_PLACEMENT_3D('',#964,#965,#966);
#964 = CARTESIAN_POINT('',(-36.49716453172,32.797996376178,9.));
#965 = DIRECTION('',(-0.897778259869,0.440447722331,0.));
#966 = DIRECTION('',(0.440447722331,0.897778259869,0.));
#967 = ADVANCED_FACE('',(#968),#993,.F.);
#968 = FACE_BOUND('',#969,.F.);
#969 = EDGE_LOOP('',(#970,#980,#986,#987));
#970 = ORIENTED_EDGE('',*,*,#971,.T.);
#971 = EDGE_CURVE('',#972,#974,#976,.T.);
#972 = VERTEX_POINT('',#973);
#973 = CARTESIAN_POINT('',(-36.10002552537,35.619759609328,9.));
#974 = VERTEX_POINT('',#975);
#975 = CARTESIAN_POINT('',(-36.10002552537,35.619759609328,10.));
#976 = LINE('',#977,#978);
#977 = CARTESIAN_POINT('',(-36.10002552537,35.619759609328,9.));
#978 = VECTOR('',#979,1.);
#979 = DIRECTION('',(0.,0.,1.));
#980 = ORIENTED_EDGE('',*,*,#981,.T.);
#981 = EDGE_CURVE('',#974,#942,#982,.T.);
#982 = LINE('',#983,#984);
#983 = CARTESIAN_POINT('',(-36.10002552537,35.619759609328,10.));
#984 = VECTOR('',#985,1.);
#985 = DIRECTION('',(0.966678554683,-0.255993304435,0.));
#986 = ORIENTED_EDGE('',*,*,#949,.F.);
#987 = ORIENTED_EDGE('',*,*,#988,.F.);
#988 = EDGE_CURVE('',#972,#950,#989,.T.);
#989 = LINE('',#990,#991);
#990 = CARTESIAN_POINT('',(-36.10002552537,35.619759609328,9.));
#991 = VECTOR('',#992,1.);
#992 = DIRECTION('',(0.966678554683,-0.255993304435,0.));
#993 = PLANE('',#994);
#994 = AXIS2_PLACEMENT_3D('',#995,#996,#997);
#995 = CARTESIAN_POINT('',(-36.10002552537,35.619759609328,9.));
#996 = DIRECTION('',(0.255993304435,0.966678554683,0.));
#997 = DIRECTION('',(0.966678554683,-0.255993304435,0.));
#998 = ADVANCED_FACE('',(#999),#1024,.T.);
#999 = FACE_BOUND('',#1000,.T.);
#1000 = EDGE_LOOP('',(#1001,#1002,#1010,#1018));
#1001 = ORIENTED_EDGE('',*,*,#971,.T.);
#1002 = ORIENTED_EDGE('',*,*,#1003,.T.);
#1003 = EDGE_CURVE('',#974,#1004,#1006,.T.);
#1004 = VERTEX_POINT('',#1005);
#1005 = CARTESIAN_POINT('',(-38.02632479319,31.919759609328,10.));
#1006 = LINE('',#1007,#1008);
#1007 = CARTESIAN_POINT('',(-36.10002552537,35.619759609328,10.));
#1008 = VECTOR('',#1009,1.);
#1009 = DIRECTION('',(-0.46178655845,-0.886991079118,0.));
#1010 = ORIENTED_EDGE('',*,*,#1011,.F.);
#1011 = EDGE_CURVE('',#1012,#1004,#1014,.T.);
#1012 = VERTEX_POINT('',#1013);
#1013 = CARTESIAN_POINT('',(-38.02632479319,31.919759609328,9.));
#1014 = LINE('',#1015,#1016);
#1015 = CARTESIAN_POINT('',(-38.02632479319,31.919759609328,9.));
#1016 = VECTOR('',#1017,1.);
#1017 = DIRECTION('',(0.,0.,1.));
#1018 = ORIENTED_EDGE('',*,*,#1019,.F.);
#1019 = EDGE_CURVE('',#972,#1012,#1020,.T.);
#1020 = LINE('',#1021,#1022);
#1021 = CARTESIAN_POINT('',(-36.10002552537,35.619759609328,9.));
#1022 = VECTOR('',#1023,1.);
#1023 = DIRECTION('',(-0.46178655845,-0.886991079118,0.));
#1024 = PLANE('',#1025);
#1025 = AXIS2_PLACEMENT_3D('',#1026,#1027,#1028);
#1026 = CARTESIAN_POINT('',(-36.10002552537,35.619759609328,9.));
#1027 = DIRECTION('',(0.886991079118,-0.46178655845,0.));
#1028 = DIRECTION('',(-0.46178655845,-0.886991079118,0.));
#1029 = ADVANCED_FACE('',(#1030),#1055,.T.);
#1030 = FACE_BOUND('',#1031,.T.);
#1031 = EDGE_LOOP('',(#1032,#1033,#1041,#1049));
#1032 = ORIENTED_EDGE('',*,*,#1011,.T.);
#1033 = ORIENTED_EDGE('',*,*,#1034,.T.);
#1034 = EDGE_CURVE('',#1004,#1035,#1037,.T.);
#1035 = VERTEX_POINT('',#1036);
#1036 = CARTESIAN_POINT('',(-36.21152787075,32.158925411487,10.));
#1037 = LINE('',#1038,#1039);
#1038 = CARTESIAN_POINT('',(-38.02632479319,31.919759609328,10.));
#1039 = VECTOR('',#1040,1.);
#1040 = DIRECTION('',(0.99142765546,0.130656817614,0.));
#1041 = ORIENTED_EDGE('',*,*,#1042,.F.);
#1042 = EDGE_CURVE('',#1043,#1035,#1045,.T.);
#1043 = VERTEX_POINT('',#1044);
#1044 = CARTESIAN_POINT('',(-36.21152787075,32.158925411487,9.));
#1045 = LINE('',#1046,#1047);
#1046 = CARTESIAN_POINT('',(-36.21152787075,32.158925411487,9.));
#1047 = VECTOR('',#1048,1.);
#1048 = DIRECTION('',(0.,0.,1.));
#1049 = ORIENTED_EDGE('',*,*,#1050,.F.);
#1050 = EDGE_CURVE('',#1012,#1043,#1051,.T.);
#1051 = LINE('',#1052,#1053);
#1052 = CARTESIAN_POINT('',(-38.02632479319,31.919759609328,9.));
#1053 = VECTOR('',#1054,1.);
#1054 = DIRECTION('',(0.99142765546,0.130656817614,0.));
#1055 = PLANE('',#1056);
#1056 = AXIS2_PLACEMENT_3D('',#1057,#1058,#1059);
#1057 = CARTESIAN_POINT('',(-38.02632479319,31.919759609328,9.));
#1058 = DIRECTION('',(-0.130656817614,0.99142765546,0.));
#1059 = DIRECTION('',(0.99142765546,0.130656817614,0.));
#1060 = ADVANCED_FACE('',(#1061),#1086,.T.);
#1061 = FACE_BOUND('',#1062,.T.);
#1062 = EDGE_LOOP('',(#1063,#1064,#1072,#1080));
#1063 = ORIENTED_EDGE('',*,*,#1042,.T.);
#1064 = ORIENTED_EDGE('',*,*,#1065,.T.);
#1065 = EDGE_CURVE('',#1035,#1066,#1068,.T.);
#1066 = VERTEX_POINT('',#1067);
#1067 = CARTESIAN_POINT('',(-36.84982153297,30.168779386499,10.));
#1068 = LINE('',#1069,#1070);
#1069 = CARTESIAN_POINT('',(-36.21152787075,32.158925411487,10.));
#1070 = VECTOR('',#1071,1.);
#1071 = DIRECTION('',(-0.305403666132,-0.952222978463,0.));
#1072 = ORIENTED_EDGE('',*,*,#1073,.F.);
#1073 = EDGE_CURVE('',#1074,#1066,#1076,.T.);
#1074 = VERTEX_POINT('',#1075);
#1075 = CARTESIAN_POINT('',(-36.84982153297,30.168779386499,9.));
#1076 = LINE('',#1077,#1078);
#1077 = CARTESIAN_POINT('',(-36.84982153297,30.168779386499,9.));
#1078 = VECTOR('',#1079,1.);
#1079 = DIRECTION('',(0.,0.,1.));
#1080 = ORIENTED_EDGE('',*,*,#1081,.F.);
#1081 = EDGE_CURVE('',#1043,#1074,#1082,.T.);
#1082 = LINE('',#1083,#1084);
#1083 = CARTESIAN_POINT('',(-36.21152787075,32.158925411487,9.));
#1084 = VECTOR('',#1085,1.);
#1085 = DIRECTION('',(-0.305403666132,-0.952222978463,0.));
#1086 = PLANE('',#1087);
#1087 = AXIS2_PLACEMENT_3D('',#1088,#1089,#1090);
#1088 = CARTESIAN_POINT('',(-36.21152787075,32.158925411487,9.));
#1089 = DIRECTION('',(0.952222978463,-0.305403666132,0.));
#1090 = DIRECTION('',(-0.305403666132,-0.952222978463,0.));
#1091 = ADVANCED_FACE('',(#1092),#1117,.T.);
#1092 = FACE_BOUND('',#1093,.T.);
#1093 = EDGE_LOOP('',(#1094,#1095,#1103,#1111));
#1094 = ORIENTED_EDGE('',*,*,#1073,.T.);
#1095 = ORIENTED_EDGE('',*,*,#1096,.T.);
#1096 = EDGE_CURVE('',#1066,#1097,#1099,.T.);
#1097 = VERTEX_POINT('',#1098);
#1098 = CARTESIAN_POINT('',(-37.46982153297,30.908779386499,10.));
#1099 = LINE('',#1100,#1101);
#1100 = CARTESIAN_POINT('',(-36.84982153297,30.168779386499,10.));
#1101 = VECTOR('',#1102,1.);
#1102 = DIRECTION('',(-0.64221986261,0.76652048118,0.));
#1103 = ORIENTED_EDGE('',*,*,#1104,.F.);
#1104 = EDGE_CURVE('',#1105,#1097,#1107,.T.);
#1105 = VERTEX_POINT('',#1106);
#1106 = CARTESIAN_POINT('',(-37.46982153297,30.908779386499,9.));
#1107 = LINE('',#1108,#1109);
#1108 = CARTESIAN_POINT('',(-37.46982153297,30.908779386499,9.));
#1109 = VECTOR('',#1110,1.);
#1110 = DIRECTION('',(0.,0.,1.));
#1111 = ORIENTED_EDGE('',*,*,#1112,.F.);
#1112 = EDGE_CURVE('',#1074,#1105,#1113,.T.);
#1113 = LINE('',#1114,#1115);
#1114 = CARTESIAN_POINT('',(-36.84982153297,30.168779386499,9.));
#1115 = VECTOR('',#1116,1.);
#1116 = DIRECTION('',(-0.64221986261,0.76652048118,0.));
#1117 = PLANE('',#1118);
#1118 = AXIS2_PLACEMENT_3D('',#1119,#1120,#1121);
#1119 = CARTESIAN_POINT('',(-36.84982153297,30.168779386499,9.));
#1120 = DIRECTION('',(-0.76652048118,-0.64221986261,0.));
#1121 = DIRECTION('',(-0.64221986261,0.76652048118,0.));
#1122 = ADVANCED_FACE('',(#1123),#1148,.T.);
#1123 = FACE_BOUND('',#1124,.T.);
#1124 = EDGE_LOOP('',(#1125,#1126,#1134,#1142));
#1125 = ORIENTED_EDGE('',*,*,#1104,.T.);
#1126 = ORIENTED_EDGE('',*,*,#1127,.T.);
#1127 = EDGE_CURVE('',#1097,#1128,#1130,.T.);
#1128 = VERTEX_POINT('',#1129);
#1129 = CARTESIAN_POINT('',(-36.87052899366,28.808779386499,10.));
#1130 = LINE('',#1131,#1132);
#1131 = CARTESIAN_POINT('',(-37.46982153297,30.908779386499,10.));
#1132 = VECTOR('',#1133,1.);
#1133 = DIRECTION('',(0.274421611029,-0.961609473435,0.));
#1134 = ORIENTED_EDGE('',*,*,#1135,.F.);
#1135 = EDGE_CURVE('',#1136,#1128,#1138,.T.);
#1136 = VERTEX_POINT('',#1137);
#1137 = CARTESIAN_POINT('',(-36.87052899366,28.808779386499,9.));
#1138 = LINE('',#1139,#1140);
#1139 = CARTESIAN_POINT('',(-36.87052899366,28.808779386499,9.));
#1140 = VECTOR('',#1141,1.);
#1141 = DIRECTION('',(0.,0.,1.));
#1142 = ORIENTED_EDGE('',*,*,#1143,.F.);
#1143 = EDGE_CURVE('',#1105,#1136,#1144,.T.);
#1144 = LINE('',#1145,#1146);
#1145 = CARTESIAN_POINT('',(-37.46982153297,30.908779386499,9.));
#1146 = VECTOR('',#1147,1.);
#1147 = DIRECTION('',(0.274421611029,-0.961609473435,0.));
#1148 = PLANE('',#1149);
#1149 = AXIS2_PLACEMENT_3D('',#1150,#1151,#1152);
#1150 = CARTESIAN_POINT('',(-37.46982153297,30.908779386499,9.));
#1151 = DIRECTION('',(0.961609473435,0.274421611029,0.));
#1152 = DIRECTION('',(0.274421611029,-0.961609473435,0.));
#1153 = ADVANCED_FACE('',(#1154),#1179,.T.);
#1154 = FACE_BOUND('',#1155,.T.);
#1155 = EDGE_LOOP('',(#1156,#1157,#1165,#1173));
#1156 = ORIENTED_EDGE('',*,*,#1135,.T.);
#1157 = ORIENTED_EDGE('',*,*,#1158,.T.);
#1158 = EDGE_CURVE('',#1128,#1159,#1161,.T.);
#1159 = VERTEX_POINT('',#1160);
#1160 = CARTESIAN_POINT('',(-35.01659432431,30.220100130262,10.));
#1161 = LINE('',#1162,#1163);
#1162 = CARTESIAN_POINT('',(-36.87052899366,28.808779386499,10.));
#1163 = VECTOR('',#1164,1.);
#1164 = DIRECTION('',(0.795680115602,0.605717057409,0.));
#1165 = ORIENTED_EDGE('',*,*,#1166,.F.);
#1166 = EDGE_CURVE('',#1167,#1159,#1169,.T.);
#1167 = VERTEX_POINT('',#1168);
#1168 = CARTESIAN_POINT('',(-35.01659432431,30.220100130262,9.));
#1169 = LINE('',#1170,#1171);
#1170 = CARTESIAN_POINT('',(-35.01659432431,30.220100130262,9.));
#1171 = VECTOR('',#1172,1.);
#1172 = DIRECTION('',(0.,0.,1.));
#1173 = ORIENTED_EDGE('',*,*,#1174,.F.);
#1174 = EDGE_CURVE('',#1136,#1167,#1175,.T.);
#1175 = LINE('',#1176,#1177);
#1176 = CARTESIAN_POINT('',(-36.87052899366,28.808779386499,9.));
#1177 = VECTOR('',#1178,1.);
#1178 = DIRECTION('',(0.795680115602,0.605717057409,0.));
#1179 = PLANE('',#1180);
#1180 = AXIS2_PLACEMENT_3D('',#1181,#1182,#1183);
#1181 = CARTESIAN_POINT('',(-36.87052899366,28.808779386499,9.));
#1182 = DIRECTION('',(-0.605717057409,0.795680115602,0.));
#1183 = DIRECTION('',(0.795680115602,0.605717057409,0.));
#1184 = ADVANCED_FACE('',(#1185),#1210,.T.);
#1185 = FACE_BOUND('',#1186,.T.);
#1186 = EDGE_LOOP('',(#1187,#1188,#1196,#1204));
#1187 = ORIENTED_EDGE('',*,*,#1166,.T.);
#1188 = ORIENTED_EDGE('',*,*,#1189,.T.);
#1189 = EDGE_CURVE('',#1159,#1190,#1192,.T.);
#1190 = VERTEX_POINT('',#1191);
#1191 = CARTESIAN_POINT('',(-36.13659432431,29.953742224815,10.));
#1192 = LINE('',#1193,#1194);
#1193 = CARTESIAN_POINT('',(-35.01659432431,30.220100130262,10.));
#1194 = VECTOR('',#1195,1.);
#1195 = DIRECTION('',(-0.972866612801,-0.231366708273,0.));
#1196 = ORIENTED_EDGE('',*,*,#1197,.F.);
#1197 = EDGE_CURVE('',#1198,#1190,#1200,.T.);
#1198 = VERTEX_POINT('',#1199);
#1199 = CARTESIAN_POINT('',(-36.13659432431,29.953742224815,9.));
#1200 = LINE('',#1201,#1202);
#1201 = CARTESIAN_POINT('',(-36.13659432431,29.953742224815,9.));
#1202 = VECTOR('',#1203,1.);
#1203 = DIRECTION('',(0.,0.,1.));
#1204 = ORIENTED_EDGE('',*,*,#1205,.F.);
#1205 = EDGE_CURVE('',#1167,#1198,#1206,.T.);
#1206 = LINE('',#1207,#1208);
#1207 = CARTESIAN_POINT('',(-35.01659432431,30.220100130262,9.));
#1208 = VECTOR('',#1209,1.);
#1209 = DIRECTION('',(-0.972866612801,-0.231366708273,0.));
#1210 = PLANE('',#1211);
#1211 = AXIS2_PLACEMENT_3D('',#1212,#1213,#1214);
#1212 = CARTESIAN_POINT('',(-35.01659432431,30.220100130262,9.));
#1213 = DIRECTION('',(0.231366708273,-0.972866612801,0.));
#1214 = DIRECTION('',(-0.972866612801,-0.231366708273,0.));
#1215 = ADVANCED_FACE('',(#1216),#1241,.T.);
#1216 = FACE_BOUND('',#1217,.T.);
#1217 = EDGE_LOOP('',(#1218,#1219,#1227,#1235));
#1218 = ORIENTED_EDGE('',*,*,#1197,.T.);
#1219 = ORIENTED_EDGE('',*,*,#1220,.T.);
#1220 = EDGE_CURVE('',#1190,#1221,#1223,.T.);
#1221 = VERTEX_POINT('',#1222);
#1222 = CARTESIAN_POINT('',(-35.03694110923,33.168779386499,10.));
#1223 = LINE('',#1224,#1225);
#1224 = CARTESIAN_POINT('',(-36.13659432431,29.953742224815,10.));
#1225 = VECTOR('',#1226,1.);
#1226 = DIRECTION('',(0.323627629719,0.946184526021,0.));
#1227 = ORIENTED_EDGE('',*,*,#1228,.F.);
#1228 = EDGE_CURVE('',#1229,#1221,#1231,.T.);
#1229 = VERTEX_POINT('',#1230);
#1230 = CARTESIAN_POINT('',(-35.03694110923,33.168779386499,9.));
#1231 = LINE('',#1232,#1233);
#1232 = CARTESIAN_POINT('',(-35.03694110923,33.168779386499,9.));
#1233 = VECTOR('',#1234,1.);
#1234 = DIRECTION('',(0.,0.,1.));
#1235 = ORIENTED_EDGE('',*,*,#1236,.F.);
#1236 = EDGE_CURVE('',#1198,#1229,#1237,.T.);
#1237 = LINE('',#1238,#1239);
#1238 = CARTESIAN_POINT('',(-36.13659432431,29.953742224815,9.));
#1239 = VECTOR('',#1240,1.);
#1240 = DIRECTION('',(0.323627629719,0.946184526021,0.));
#1241 = PLANE('',#1242);
#1242 = AXIS2_PLACEMENT_3D('',#1243,#1244,#1245);
#1243 = CARTESIAN_POINT('',(-36.13659432431,29.953742224815,9.));
#1244 = DIRECTION('',(-0.946184526021,0.323627629719,0.));
#1245 = DIRECTION('',(0.323627629719,0.946184526021,0.));
#1246 = ADVANCED_FACE('',(#1247),#1263,.F.);
#1247 = FACE_BOUND('',#1248,.F.);
#1248 = EDGE_LOOP('',(#1249,#1250,#1256,#1257));
#1249 = ORIENTED_EDGE('',*,*,#931,.T.);
#1250 = ORIENTED_EDGE('',*,*,#1251,.T.);
#1251 = EDGE_CURVE('',#934,#1221,#1252,.T.);
#1252 = LINE('',#1253,#1254);
#1253 = CARTESIAN_POINT('',(-36.49716453172,32.797996376178,10.));
#1254 = VECTOR('',#1255,1.);
#1255 = DIRECTION('',(0.969241439068,0.246111829854,0.));
#1256 = ORIENTED_EDGE('',*,*,#1228,.F.);
#1257 = ORIENTED_EDGE('',*,*,#1258,.F.);
#1258 = EDGE_CURVE('',#932,#1229,#1259,.T.);
#1259 = LINE('',#1260,#1261);
#1260 = CARTESIAN_POINT('',(-36.49716453172,32.797996376178,9.));
#1261 = VECTOR('',#1262,1.);
#1262 = DIRECTION('',(0.969241439068,0.246111829854,0.));
#1263 = PLANE('',#1264);
#1264 = AXIS2_PLACEMENT_3D('',#1265,#1266,#1267);
#1265 = CARTESIAN_POINT('',(-36.49716453172,32.797996376178,9.));
#1266 = DIRECTION('',(-0.246111829854,0.969241439068,0.));
#1267 = DIRECTION('',(0.969241439068,0.246111829854,0.));
#1268 = ADVANCED_FACE('',(#1269,#1274),#1287,.F.);
#1269 = FACE_BOUND('',#1270,.F.);
#1270 = EDGE_LOOP('',(#1271,#1272,#1273));
#1271 = ORIENTED_EDGE('',*,*,#864,.T.);
#1272 = ORIENTED_EDGE('',*,*,#895,.T.);
#1273 = ORIENTED_EDGE('',*,*,#917,.T.);
#1274 = FACE_BOUND('',#1275,.T.);
#1275 = EDGE_LOOP('',(#1276,#1277,#1278,#1279,#1280,#1281,#1282,#1283,
    #1284,#1285,#1286));
#1276 = ORIENTED_EDGE('',*,*,#957,.T.);
#1277 = ORIENTED_EDGE('',*,*,#988,.F.);
#1278 = ORIENTED_EDGE('',*,*,#1019,.T.);
#1279 = ORIENTED_EDGE('',*,*,#1050,.T.);
#1280 = ORIENTED_EDGE('',*,*,#1081,.T.);
#1281 = ORIENTED_EDGE('',*,*,#1112,.T.);
#1282 = ORIENTED_EDGE('',*,*,#1143,.T.);
#1283 = ORIENTED_EDGE('',*,*,#1174,.T.);
#1284 = ORIENTED_EDGE('',*,*,#1205,.T.);
#1285 = ORIENTED_EDGE('',*,*,#1236,.T.);
#1286 = ORIENTED_EDGE('',*,*,#1258,.F.);
#1287 = PLANE('',#1288);
#1288 = AXIS2_PLACEMENT_3D('',#1289,#1290,#1291);
#1289 = CARTESIAN_POINT('',(-36.17480859187,31.709598412174,9.));
#1290 = DIRECTION('',(0.,0.,1.));
#1291 = DIRECTION('',(1.,0.,0.));
#1292 = ADVANCED_FACE('',(#1293,#1298),#1311,.T.);
#1293 = FACE_BOUND('',#1294,.T.);
#1294 = EDGE_LOOP('',(#1295,#1296,#1297));
#1295 = ORIENTED_EDGE('',*,*,#848,.T.);
#1296 = ORIENTED_EDGE('',*,*,#879,.T.);
#1297 = ORIENTED_EDGE('',*,*,#910,.T.);
#1298 = FACE_BOUND('',#1299,.F.);
#1299 = EDGE_LOOP('',(#1300,#1301,#1302,#1303,#1304,#1305,#1306,#1307,
    #1308,#1309,#1310));
#1300 = ORIENTED_EDGE('',*,*,#941,.T.);
#1301 = ORIENTED_EDGE('',*,*,#981,.F.);
#1302 = ORIENTED_EDGE('',*,*,#1003,.T.);
#1303 = ORIENTED_EDGE('',*,*,#1034,.T.);
#1304 = ORIENTED_EDGE('',*,*,#1065,.T.);
#1305 = ORIENTED_EDGE('',*,*,#1096,.T.);
#1306 = ORIENTED_EDGE('',*,*,#1127,.T.);
#1307 = ORIENTED_EDGE('',*,*,#1158,.T.);
#1308 = ORIENTED_EDGE('',*,*,#1189,.T.);
#1309 = ORIENTED_EDGE('',*,*,#1220,.T.);
#1310 = ORIENTED_EDGE('',*,*,#1251,.F.);
#1311 = PLANE('',#1312);
#1312 = AXIS2_PLACEMENT_3D('',#1313,#1314,#1315);
#1313 = CARTESIAN_POINT('',(-36.17480859187,31.709598412174,10.));
#1314 = DIRECTION('',(0.,0.,1.));
#1315 = DIRECTION('',(1.,0.,0.));
#1316 = ( GEOMETRIC_REPRESENTATION_CONTEXT(3) 
GLOBAL_UNCERTAINTY_ASSIGNED_CONTEXT((#1320)) 
GLOBAL_UNIT_ASSIGNED_CONTEXT((#1317,#1318,#1319)) REPRESENTATION_CONTEXT
('Context #1','3D Context with UNIT and UNCERTAINTY') );
#1317 = ( LENGTH_UNIT() NAMED_UNIT(*) SI_UNIT(.MILLI.,.METRE.) );
#1318 = ( NAMED_UNIT(*) PLANE_ANGLE_UNIT() SI_UNIT($,.RADIAN.) );
#1319 = ( NAMED_UNIT(*) SI_UNIT($,.STERADIAN.) SOLID_ANGLE_UNIT() );
#1320 = UNCERTAINTY_MEASURE_WITH_UNIT(LENGTH_MEASURE(1.E-07),#1317,
  'distance_accuracy_value','confusion accuracy');
#1321 = CONTEXT_DEPENDENT_SHAPE_REPRESENTATION(#1322,#1324);
#1322 = ( REPRESENTATION_RELATIONSHIP('','',#831,#10) 
REPRESENTATION_RELATIONSHIP_WITH_TRANSFORMATION(#1323) 
SHAPE_REPRESENTATION_RELATIONSHIP() );
#1323 = ITEM_DEFINED_TRANSFORMATION('','',#11,#19);
#1324 = PRODUCT_DEFINITION_SHAPE('Placement','Placement of an item',
  #1325);
#1325 = NEXT_ASSEMBLY_USAGE_OCCURRENCE('29','WARNING Icon','',#5,#826,$
  );
#1326 = PRODUCT_RELATED_PRODUCT_CATEGORY('part',$,(#828));
#1327 = SHAPE_DEFINITION_REPRESENTATION(#1328,#1334);
#1328 = PRODUCT_DEFINITION_SHAPE('','',#1329);
#1329 = PRODUCT_DEFINITION('design','',#1330,#1333);
#1330 = PRODUCT_DEFINITION_FORMATION('','',#1331);
#1331 = PRODUCT('WARNING Icon 2','WARNING Icon 2','',(#1332));
#1332 = PRODUCT_CONTEXT('',#2,'mechanical');
#1333 = PRODUCT_DEFINITION_CONTEXT('part definition',#2,'design');
#1334 = ADVANCED_BREP_SHAPE_REPRESENTATION('',(#11,#1335),#1819);
#1335 = MANIFOLD_SOLID_BREP('',#1336);
#1336 = CLOSED_SHELL('',(#1337,#1377,#1408,#1430,#1470,#1501,#1532,#1563
    ,#1594,#1625,#1656,#1687,#1718,#1749,#1771,#1795));
#1337 = ADVANCED_FACE('',(#1338),#1372,.F.);
#1338 = FACE_BOUND('',#1339,.F.);
#1339 = EDGE_LOOP('',(#1340,#1350,#1358,#1366));
#1340 = ORIENTED_EDGE('',*,*,#1341,.T.);
#1341 = EDGE_CURVE('',#1342,#1344,#1346,.T.);
#1342 = VERTEX_POINT('',#1343);
#1343 = CARTESIAN_POINT('',(36.062177826492,38.500000000002,9.));
#1344 = VERTEX_POINT('',#1345);
#1345 = CARTESIAN_POINT('',(36.062177826492,38.500000000002,10.));
#1346 = LINE('',#1347,#1348);
#1347 = CARTESIAN_POINT('',(36.062177826492,38.500000000002,9.));
#1348 = VECTOR('',#1349,1.);
#1349 = DIRECTION('',(0.,0.,1.));
#1350 = ORIENTED_EDGE('',*,*,#1351,.T.);
#1351 = EDGE_CURVE('',#1344,#1352,#1354,.T.);
#1352 = VERTEX_POINT('',#1353);
#1353 = CARTESIAN_POINT('',(30.,28.,10.));
#1354 = LINE('',#1355,#1356);
#1355 = CARTESIAN_POINT('',(36.062177826492,38.500000000002,10.));
#1356 = VECTOR('',#1357,1.);
#1357 = DIRECTION('',(-0.5,-0.866025403784,0.));
#1358 = ORIENTED_EDGE('',*,*,#1359,.F.);
#1359 = EDGE_CURVE('',#1360,#1352,#1362,.T.);
#1360 = VERTEX_POINT('',#1361);
#1361 = CARTESIAN_POINT('',(30.,28.,9.));
#1362 = LINE('',#1363,#1364);
#1363 = CARTESIAN_POINT('',(30.,28.,9.));
#1364 = VECTOR('',#1365,1.);
#1365 = DIRECTION('',(0.,0.,1.));
#1366 = ORIENTED_EDGE('',*,*,#1367,.F.);
#1367 = EDGE_CURVE('',#1342,#1360,#1368,.T.);
#1368 = LINE('',#1369,#1370);
#1369 = CARTESIAN_POINT('',(36.062177826492,38.500000000002,9.));
#1370 = VECTOR('',#1371,1.);
#1371 = DIRECTION('',(-0.5,-0.866025403784,0.));
#1372 = PLANE('',#1373);
#1373 = AXIS2_PLACEMENT_3D('',#1374,#1375,#1376);
#1374 = CARTESIAN_POINT('',(36.062177826492,38.500000000002,9.));
#1375 = DIRECTION('',(0.866025403784,-0.5,0.));
#1376 = DIRECTION('',(-0.5,-0.866025403784,0.));
#1377 = ADVANCED_FACE('',(#1378),#1403,.F.);
#1378 = FACE_BOUND('',#1379,.F.);
#1379 = EDGE_LOOP('',(#1380,#1381,#1389,#1397));
#1380 = ORIENTED_EDGE('',*,*,#1359,.T.);
#1381 = ORIENTED_EDGE('',*,*,#1382,.T.);
#1382 = EDGE_CURVE('',#1352,#1383,#1385,.T.);
#1383 = VERTEX_POINT('',#1384);
#1384 = CARTESIAN_POINT('',(42.124355652983,28.,10.));
#1385 = LINE('',#1386,#1387);
#1386 = CARTESIAN_POINT('',(30.,28.,10.));
#1387 = VECTOR('',#1388,1.);
#1388 = DIRECTION('',(1.,0.,0.));
#1389 = ORIENTED_EDGE('',*,*,#1390,.F.);
#1390 = EDGE_CURVE('',#1391,#1383,#1393,.T.);
#1391 = VERTEX_POINT('',#1392);
#1392 = CARTESIAN_POINT('',(42.124355652983,28.,9.));
#1393 = LINE('',#1394,#1395);
#1394 = CARTESIAN_POINT('',(42.124355652983,28.,9.));
#1395 = VECTOR('',#1396,1.);
#1396 = DIRECTION('',(0.,0.,1.));
#1397 = ORIENTED_EDGE('',*,*,#1398,.F.);
#1398 = EDGE_CURVE('',#1360,#1391,#1399,.T.);
#1399 = LINE('',#1400,#1401);
#1400 = CARTESIAN_POINT('',(30.,28.,9.));
#1401 = VECTOR('',#1402,1.);
#1402 = DIRECTION('',(1.,0.,0.));
#1403 = PLANE('',#1404);
#1404 = AXIS2_PLACEMENT_3D('',#1405,#1406,#1407);
#1405 = CARTESIAN_POINT('',(30.,28.,9.));
#1406 = DIRECTION('',(0.,1.,0.));
#1407 = DIRECTION('',(1.,0.,0.));
#1408 = ADVANCED_FACE('',(#1409),#1425,.F.);
#1409 = FACE_BOUND('',#1410,.F.);
#1410 = EDGE_LOOP('',(#1411,#1412,#1418,#1419));
#1411 = ORIENTED_EDGE('',*,*,#1390,.T.);
#1412 = ORIENTED_EDGE('',*,*,#1413,.T.);
#1413 = EDGE_CURVE('',#1383,#1344,#1414,.T.);
#1414 = LINE('',#1415,#1416);
#1415 = CARTESIAN_POINT('',(42.124355652983,28.,10.));
#1416 = VECTOR('',#1417,1.);
#1417 = DIRECTION('',(-0.5,0.866025403784,0.));
#1418 = ORIENTED_EDGE('',*,*,#1341,.F.);
#1419 = ORIENTED_EDGE('',*,*,#1420,.F.);
#1420 = EDGE_CURVE('',#1391,#1342,#1421,.T.);
#1421 = LINE('',#1422,#1423);
#1422 = CARTESIAN_POINT('',(42.124355652983,28.,9.));
#1423 = VECTOR('',#1424,1.);
#1424 = DIRECTION('',(-0.5,0.866025403784,0.));
#1425 = PLANE('',#1426);
#1426 = AXIS2_PLACEMENT_3D('',#1427,#1428,#1429);
#1427 = CARTESIAN_POINT('',(42.124355652983,28.,9.));
#1428 = DIRECTION('',(-0.866025403784,-0.5,0.));
#1429 = DIRECTION('',(-0.5,0.866025403784,0.));
#1430 = ADVANCED_FACE('',(#1431),#1465,.T.);
#1431 = FACE_BOUND('',#1432,.T.);
#1432 = EDGE_LOOP('',(#1433,#1443,#1451,#1459));
#1433 = ORIENTED_EDGE('',*,*,#1434,.T.);
#1434 = EDGE_CURVE('',#1435,#1437,#1439,.T.);
#1435 = VERTEX_POINT('',#1436);
#1436 = CARTESIAN_POINT('',(35.627195049458,32.797997556401,9.));
#1437 = VERTEX_POINT('',#1438);
#1438 = CARTESIAN_POINT('',(35.627195049458,32.797997556401,10.));
#1439 = LINE('',#1440,#1441);
#1440 = CARTESIAN_POINT('',(35.627195049458,32.797997556401,9.));
#1441 = VECTOR('',#1442,1.);
#1442 = DIRECTION('',(0.,0.,1.));
#1443 = ORIENTED_EDGE('',*,*,#1444,.T.);
#1444 = EDGE_CURVE('',#1437,#1445,#1447,.T.);
#1445 = VERTEX_POINT('',#1446);
#1446 = CARTESIAN_POINT('',(36.898036630068,35.388389776172,10.));
#1447 = LINE('',#1448,#1449);
#1448 = CARTESIAN_POINT('',(35.627195049458,32.797997556401,10.));
#1449 = VECTOR('',#1450,1.);
#1450 = DIRECTION('',(0.440448216959,0.897778017206,0.));
#1451 = ORIENTED_EDGE('',*,*,#1452,.F.);
#1452 = EDGE_CURVE('',#1453,#1445,#1455,.T.);
#1453 = VERTEX_POINT('',#1454);
#1454 = CARTESIAN_POINT('',(36.898036630068,35.388389776172,9.));
#1455 = LINE('',#1456,#1457);
#1456 = CARTESIAN_POINT('',(36.898036630068,35.388389776172,9.));
#1457 = VECTOR('',#1458,1.);
#1458 = DIRECTION('',(0.,0.,1.));
#1459 = ORIENTED_EDGE('',*,*,#1460,.F.);
#1460 = EDGE_CURVE('',#1435,#1453,#1461,.T.);
#1461 = LINE('',#1462,#1463);
#1462 = CARTESIAN_POINT('',(35.627195049458,32.797997556401,9.));
#1463 = VECTOR('',#1464,1.);
#1464 = DIRECTION('',(0.440448216959,0.897778017206,0.));
#1465 = PLANE('',#1466);
#1466 = AXIS2_PLACEMENT_3D('',#1467,#1468,#1469);
#1467 = CARTESIAN_POINT('',(35.627195049458,32.797997556401,9.));
#1468 = DIRECTION('',(-0.897778017206,0.440448216959,0.));
#1469 = DIRECTION('',(0.440448216959,0.897778017206,0.));
#1470 = ADVANCED_FACE('',(#1471),#1496,.F.);
#1471 = FACE_BOUND('',#1472,.F.);
#1472 = EDGE_LOOP('',(#1473,#1483,#1489,#1490));
#1473 = ORIENTED_EDGE('',*,*,#1474,.T.);
#1474 = EDGE_CURVE('',#1475,#1477,#1479,.T.);
#1475 = VERTEX_POINT('',#1476);
#1476 = CARTESIAN_POINT('',(36.024336993726,35.619760759398,9.));
#1477 = VERTEX_POINT('',#1478);
#1478 = CARTESIAN_POINT('',(36.024336993726,35.619760759398,10.));
#1479 = LINE('',#1480,#1481);
#1480 = CARTESIAN_POINT('',(36.024336993726,35.619760759398,9.));
#1481 = VECTOR('',#1482,1.);
#1482 = DIRECTION('',(0.,0.,1.));
#1483 = ORIENTED_EDGE('',*,*,#1484,.T.);
#1484 = EDGE_CURVE('',#1477,#1445,#1485,.T.);
#1485 = LINE('',#1486,#1487);
#1486 = CARTESIAN_POINT('',(36.024336993726,35.619760759398,10.));
#1487 = VECTOR('',#1488,1.);
#1488 = DIRECTION('',(0.966678523337,-0.255993422802,0.));
#1489 = ORIENTED_EDGE('',*,*,#1452,.F.);
#1490 = ORIENTED_EDGE('',*,*,#1491,.F.);
#1491 = EDGE_CURVE('',#1475,#1453,#1492,.T.);
#1492 = LINE('',#1493,#1494);
#1493 = CARTESIAN_POINT('',(36.024336993726,35.619760759398,9.));
#1494 = VECTOR('',#1495,1.);
#1495 = DIRECTION('',(0.966678523337,-0.255993422802,0.));
#1496 = PLANE('',#1497);
#1497 = AXIS2_PLACEMENT_3D('',#1498,#1499,#1500);
#1498 = CARTESIAN_POINT('',(36.024336993726,35.619760759398,9.));
#1499 = DIRECTION('',(0.255993422802,0.966678523337,0.));
#1500 = DIRECTION('',(0.966678523337,-0.255993422802,0.));
#1501 = ADVANCED_FACE('',(#1502),#1527,.T.);
#1502 = FACE_BOUND('',#1503,.T.);
#1503 = EDGE_LOOP('',(#1504,#1505,#1513,#1521));
#1504 = ORIENTED_EDGE('',*,*,#1474,.T.);
#1505 = ORIENTED_EDGE('',*,*,#1506,.T.);
#1506 = EDGE_CURVE('',#1477,#1507,#1509,.T.);
#1507 = VERTEX_POINT('',#1508);
#1508 = CARTESIAN_POINT('',(34.098036630068,31.919760759398,10.));
#1509 = LINE('',#1510,#1511);
#1510 = CARTESIAN_POINT('',(36.024336993726,35.619760759398,10.));
#1511 = VECTOR('',#1512,1.);
#1512 = DIRECTION('',(-0.461786765133,-0.886990971515,0.));
#1513 = ORIENTED_EDGE('',*,*,#1514,.F.);
#1514 = EDGE_CURVE('',#1515,#1507,#1517,.T.);
#1515 = VERTEX_POINT('',#1516);
#1516 = CARTESIAN_POINT('',(34.098036630068,31.919760759398,9.));
#1517 = LINE('',#1518,#1519);
#1518 = CARTESIAN_POINT('',(34.098036630068,31.919760759398,9.));
#1519 = VECTOR('',#1520,1.);
#1520 = DIRECTION('',(0.,0.,1.));
#1521 = ORIENTED_EDGE('',*,*,#1522,.F.);
#1522 = EDGE_CURVE('',#1475,#1515,#1523,.T.);
#1523 = LINE('',#1524,#1525);
#1524 = CARTESIAN_POINT('',(36.024336993726,35.619760759398,9.));
#1525 = VECTOR('',#1526,1.);
#1526 = DIRECTION('',(-0.461786765133,-0.886990971515,0.));
#1527 = PLANE('',#1528);
#1528 = AXIS2_PLACEMENT_3D('',#1529,#1530,#1531);
#1529 = CARTESIAN_POINT('',(36.024336993726,35.619760759398,9.));
#1530 = DIRECTION('',(0.886990971515,-0.461786765133,0.));
#1531 = DIRECTION('',(-0.461786765133,-0.886990971515,0.));
#1532 = ADVANCED_FACE('',(#1533),#1558,.T.);
#1533 = FACE_BOUND('',#1534,.T.);
#1534 = EDGE_LOOP('',(#1535,#1536,#1544,#1552));
#1535 = ORIENTED_EDGE('',*,*,#1514,.T.);
#1536 = ORIENTED_EDGE('',*,*,#1537,.T.);
#1537 = EDGE_CURVE('',#1507,#1538,#1540,.T.);
#1538 = VERTEX_POINT('',#1539);
#1539 = CARTESIAN_POINT('',(35.912828905821,32.158925338182,10.));
#1540 = LINE('',#1541,#1542);
#1541 = CARTESIAN_POINT('',(34.098036630068,31.919760759398,10.));
#1542 = VECTOR('',#1543,1.);
#1543 = DIRECTION('',(0.991427698699,0.130656489518,0.));
#1544 = ORIENTED_EDGE('',*,*,#1545,.F.);
#1545 = EDGE_CURVE('',#1546,#1538,#1548,.T.);
#1546 = VERTEX_POINT('',#1547);
#1547 = CARTESIAN_POINT('',(35.912828905821,32.158925338182,9.));
#1548 = LINE('',#1549,#1550);
#1549 = CARTESIAN_POINT('',(35.912828905821,32.158925338182,9.));
#1550 = VECTOR('',#1551,1.);
#1551 = DIRECTION('',(0.,0.,1.));
#1552 = ORIENTED_EDGE('',*,*,#1553,.F.);
#1553 = EDGE_CURVE('',#1515,#1546,#1554,.T.);
#1554 = LINE('',#1555,#1556);
#1555 = CARTESIAN_POINT('',(34.098036630068,31.919760759398,9.));
#1556 = VECTOR('',#1557,1.);
#1557 = DIRECTION('',(0.991427698699,0.130656489518,0.));
#1558 = PLANE('',#1559);
#1559 = AXIS2_PLACEMENT_3D('',#1560,#1561,#1562);
#1560 = CARTESIAN_POINT('',(34.098036630068,31.919760759398,9.));
#1561 = DIRECTION('',(-0.130656489518,0.991427698699,0.));
#1562 = DIRECTION('',(0.991427698699,0.130656489518,0.));
#1563 = ADVANCED_FACE('',(#1564),#1589,.T.);
#1564 = FACE_BOUND('',#1565,.T.);
#1565 = EDGE_LOOP('',(#1566,#1567,#1575,#1583));
#1566 = ORIENTED_EDGE('',*,*,#1545,.T.);
#1567 = ORIENTED_EDGE('',*,*,#1568,.T.);
#1568 = EDGE_CURVE('',#1538,#1569,#1571,.T.);
#1569 = VERTEX_POINT('',#1570);
#1570 = CARTESIAN_POINT('',(35.274535462723,30.168779242917,10.));
#1571 = LINE('',#1572,#1573);
#1572 = CARTESIAN_POINT('',(35.912828905821,32.158925338182,10.));
#1573 = VECTOR('',#1574,1.);
#1574 = DIRECTION('',(-0.305403561291,-0.952223012088,0.));
#1575 = ORIENTED_EDGE('',*,*,#1576,.F.);
#1576 = EDGE_CURVE('',#1577,#1569,#1579,.T.);
#1577 = VERTEX_POINT('',#1578);
#1578 = CARTESIAN_POINT('',(35.274535462723,30.168779242917,9.));
#1579 = LINE('',#1580,#1581);
#1580 = CARTESIAN_POINT('',(35.274535462723,30.168779242917,9.));
#1581 = VECTOR('',#1582,1.);
#1582 = DIRECTION('',(0.,0.,1.));
#1583 = ORIENTED_EDGE('',*,*,#1584,.F.);
#1584 = EDGE_CURVE('',#1546,#1577,#1585,.T.);
#1585 = LINE('',#1586,#1587);
#1586 = CARTESIAN_POINT('',(35.912828905821,32.158925338182,9.));
#1587 = VECTOR('',#1588,1.);
#1588 = DIRECTION('',(-0.305403561291,-0.952223012088,0.));
#1589 = PLANE('',#1590);
#1590 = AXIS2_PLACEMENT_3D('',#1591,#1592,#1593);
#1591 = CARTESIAN_POINT('',(35.912828905821,32.158925338182,9.));
#1592 = DIRECTION('',(0.952223012088,-0.305403561291,0.));
#1593 = DIRECTION('',(-0.305403561291,-0.952223012088,0.));
#1594 = ADVANCED_FACE('',(#1595),#1620,.T.);
#1595 = FACE_BOUND('',#1596,.T.);
#1596 = EDGE_LOOP('',(#1597,#1598,#1606,#1614));
#1597 = ORIENTED_EDGE('',*,*,#1576,.T.);
#1598 = ORIENTED_EDGE('',*,*,#1599,.T.);
#1599 = EDGE_CURVE('',#1569,#1600,#1602,.T.);
#1600 = VERTEX_POINT('',#1601);
#1601 = CARTESIAN_POINT('',(34.654535462723,30.908779242917,10.));
#1602 = LINE('',#1603,#1604);
#1603 = CARTESIAN_POINT('',(35.274535462723,30.168779242917,10.));
#1604 = VECTOR('',#1605,1.);
#1605 = DIRECTION('',(-0.64221986261,0.76652048118,0.));
#1606 = ORIENTED_EDGE('',*,*,#1607,.F.);
#1607 = EDGE_CURVE('',#1608,#1600,#1610,.T.);
#1608 = VERTEX_POINT('',#1609);
#1609 = CARTESIAN_POINT('',(34.654535462723,30.908779242917,9.));
#1610 = LINE('',#1611,#1612);
#1611 = CARTESIAN_POINT('',(34.654535462723,30.908779242917,9.));
#1612 = VECTOR('',#1613,1.);
#1613 = DIRECTION('',(0.,0.,1.));
#1614 = ORIENTED_EDGE('',*,*,#1615,.F.);
#1615 = EDGE_CURVE('',#1577,#1608,#1616,.T.);
#1616 = LINE('',#1617,#1618);
#1617 = CARTESIAN_POINT('',(35.274535462723,30.168779242917,9.));
#1618 = VECTOR('',#1619,1.);
#1619 = DIRECTION('',(-0.64221986261,0.76652048118,0.));
#1620 = PLANE('',#1621);
#1621 = AXIS2_PLACEMENT_3D('',#1622,#1623,#1624);
#1622 = CARTESIAN_POINT('',(35.274535462723,30.168779242917,9.));
#1623 = DIRECTION('',(-0.76652048118,-0.64221986261,0.));
#1624 = DIRECTION('',(-0.64221986261,0.76652048118,0.));
#1625 = ADVANCED_FACE('',(#1626),#1651,.T.);
#1626 = FACE_BOUND('',#1627,.T.);
#1627 = EDGE_LOOP('',(#1628,#1629,#1637,#1645));
#1628 = ORIENTED_EDGE('',*,*,#1607,.T.);
#1629 = ORIENTED_EDGE('',*,*,#1630,.T.);
#1630 = EDGE_CURVE('',#1600,#1631,#1633,.T.);
#1631 = VERTEX_POINT('',#1632);
#1632 = CARTESIAN_POINT('',(35.253827137351,28.808779242917,10.));
#1633 = LINE('',#1634,#1635);
#1634 = CARTESIAN_POINT('',(34.654535462723,30.908779242917,10.));
#1635 = VECTOR('',#1636,1.);
#1636 = DIRECTION('',(0.2744212449,-0.96160957792,0.));
#1637 = ORIENTED_EDGE('',*,*,#1638,.F.);
#1638 = EDGE_CURVE('',#1639,#1631,#1641,.T.);
#1639 = VERTEX_POINT('',#1640);
#1640 = CARTESIAN_POINT('',(35.253827137351,28.808779242917,9.));
#1641 = LINE('',#1642,#1643);
#1642 = CARTESIAN_POINT('',(35.253827137351,28.808779242917,9.));
#1643 = VECTOR('',#1644,1.);
#1644 = DIRECTION('',(0.,0.,1.));
#1645 = ORIENTED_EDGE('',*,*,#1646,.F.);
#1646 = EDGE_CURVE('',#1608,#1639,#1647,.T.);
#1647 = LINE('',#1648,#1649);
#1648 = CARTESIAN_POINT('',(34.654535462723,30.908779242917,9.));
#1649 = VECTOR('',#1650,1.);
#1650 = DIRECTION('',(0.2744212449,-0.96160957792,0.));
#1651 = PLANE('',#1652);
#1652 = AXIS2_PLACEMENT_3D('',#1653,#1654,#1655);
#1653 = CARTESIAN_POINT('',(34.654535462723,30.908779242917,9.));
#1654 = DIRECTION('',(0.96160957792,0.2744212449,0.));
#1655 = DIRECTION('',(0.2744212449,-0.96160957792,0.));
#1656 = ADVANCED_FACE('',(#1657),#1682,.T.);
#1657 = FACE_BOUND('',#1658,.T.);
#1658 = EDGE_LOOP('',(#1659,#1660,#1668,#1676));
#1659 = ORIENTED_EDGE('',*,*,#1638,.T.);
#1660 = ORIENTED_EDGE('',*,*,#1661,.T.);
#1661 = EDGE_CURVE('',#1631,#1662,#1664,.T.);
#1662 = VERTEX_POINT('',#1663);
#1663 = CARTESIAN_POINT('',(37.107761475268,30.220100422058,10.));
#1664 = LINE('',#1665,#1666);
#1665 = CARTESIAN_POINT('',(35.253827137351,28.808779242917,10.));
#1666 = VECTOR('',#1667,1.);
#1667 = DIRECTION('',(0.795679973355,0.605717244267,0.));
#1668 = ORIENTED_EDGE('',*,*,#1669,.F.);
#1669 = EDGE_CURVE('',#1670,#1662,#1672,.T.);
#1670 = VERTEX_POINT('',#1671);
#1671 = CARTESIAN_POINT('',(37.107761475268,30.220100422058,9.));
#1672 = LINE('',#1673,#1674);
#1673 = CARTESIAN_POINT('',(37.107761475268,30.220100422058,9.));
#1674 = VECTOR('',#1675,1.);
#1675 = DIRECTION('',(0.,0.,1.));
#1676 = ORIENTED_EDGE('',*,*,#1677,.F.);
#1677 = EDGE_CURVE('',#1639,#1670,#1678,.T.);
#1678 = LINE('',#1679,#1680);
#1679 = CARTESIAN_POINT('',(35.253827137351,28.808779242917,9.));
#1680 = VECTOR('',#1681,1.);
#1681 = DIRECTION('',(0.795679973355,0.605717244267,0.));
#1682 = PLANE('',#1683);
#1683 = AXIS2_PLACEMENT_3D('',#1684,#1685,#1686);
#1684 = CARTESIAN_POINT('',(35.253827137351,28.808779242917,9.));
#1685 = DIRECTION('',(-0.605717244267,0.795679973355,0.));
#1686 = DIRECTION('',(0.795679973355,0.605717244267,0.));
#1687 = ADVANCED_FACE('',(#1688),#1713,.T.);
#1688 = FACE_BOUND('',#1689,.T.);
#1689 = EDGE_LOOP('',(#1690,#1691,#1699,#1707));
#1690 = ORIENTED_EDGE('',*,*,#1669,.T.);
#1691 = ORIENTED_EDGE('',*,*,#1692,.T.);
#1692 = EDGE_CURVE('',#1662,#1693,#1695,.T.);
#1693 = VERTEX_POINT('',#1694);
#1694 = CARTESIAN_POINT('',(35.987761475268,29.953742293686,10.));
#1695 = LINE('',#1696,#1697);
#1696 = CARTESIAN_POINT('',(37.107761475268,30.220100422058,10.));
#1697 = VECTOR('',#1698,1.);
#1698 = DIRECTION('',(-0.972866569215,-0.231366891546,0.));
#1699 = ORIENTED_EDGE('',*,*,#1700,.F.);
#1700 = EDGE_CURVE('',#1701,#1693,#1703,.T.);
#1701 = VERTEX_POINT('',#1702);
#1702 = CARTESIAN_POINT('',(35.987761475268,29.953742293686,9.));
#1703 = LINE('',#1704,#1705);
#1704 = CARTESIAN_POINT('',(35.987761475268,29.953742293686,9.));
#1705 = VECTOR('',#1706,1.);
#1706 = DIRECTION('',(0.,0.,1.));
#1707 = ORIENTED_EDGE('',*,*,#1708,.F.);
#1708 = EDGE_CURVE('',#1670,#1701,#1709,.T.);
#1709 = LINE('',#1710,#1711);
#1710 = CARTESIAN_POINT('',(37.107761475268,30.220100422058,9.));
#1711 = VECTOR('',#1712,1.);
#1712 = DIRECTION('',(-0.972866569215,-0.231366891546,0.));
#1713 = PLANE('',#1714);
#1714 = AXIS2_PLACEMENT_3D('',#1715,#1716,#1717);
#1715 = CARTESIAN_POINT('',(37.107761475268,30.220100422058,9.));
#1716 = DIRECTION('',(0.231366891546,-0.972866569215,0.));
#1717 = DIRECTION('',(-0.972866569215,-0.231366891546,0.));
#1718 = ADVANCED_FACE('',(#1719),#1744,.T.);
#1719 = FACE_BOUND('',#1720,.T.);
#1720 = EDGE_LOOP('',(#1721,#1722,#1730,#1738));
#1721 = ORIENTED_EDGE('',*,*,#1700,.T.);
#1722 = ORIENTED_EDGE('',*,*,#1723,.T.);
#1723 = EDGE_CURVE('',#1693,#1724,#1726,.T.);
#1724 = VERTEX_POINT('',#1725);
#1725 = CARTESIAN_POINT('',(37.087414336549,33.168779242917,10.));
#1726 = LINE('',#1727,#1728);
#1727 = CARTESIAN_POINT('',(35.987761475268,29.953742293686,10.));
#1728 = VECTOR('',#1729,1.);
#1729 = DIRECTION('',(0.323627555649,0.946184551356,0.));
#1730 = ORIENTED_EDGE('',*,*,#1731,.F.);
#1731 = EDGE_CURVE('',#1732,#1724,#1734,.T.);
#1732 = VERTEX_POINT('',#1733);
#1733 = CARTESIAN_POINT('',(37.087414336549,33.168779242917,9.));
#1734 = LINE('',#1735,#1736);
#1735 = CARTESIAN_POINT('',(37.087414336549,33.168779242917,9.));
#1736 = VECTOR('',#1737,1.);
#1737 = DIRECTION('',(0.,0.,1.));
#1738 = ORIENTED_EDGE('',*,*,#1739,.F.);
#1739 = EDGE_CURVE('',#1701,#1732,#1740,.T.);
#1740 = LINE('',#1741,#1742);
#1741 = CARTESIAN_POINT('',(35.987761475268,29.953742293686,9.));
#1742 = VECTOR('',#1743,1.);
#1743 = DIRECTION('',(0.323627555649,0.946184551356,0.));
#1744 = PLANE('',#1745);
#1745 = AXIS2_PLACEMENT_3D('',#1746,#1747,#1748);
#1746 = CARTESIAN_POINT('',(35.987761475268,29.953742293686,9.));
#1747 = DIRECTION('',(-0.946184551356,0.323627555649,0.));
#1748 = DIRECTION('',(0.323627555649,0.946184551356,0.));
#1749 = ADVANCED_FACE('',(#1750),#1766,.F.);
#1750 = FACE_BOUND('',#1751,.F.);
#1751 = EDGE_LOOP('',(#1752,#1753,#1759,#1760));
#1752 = ORIENTED_EDGE('',*,*,#1434,.T.);
#1753 = ORIENTED_EDGE('',*,*,#1754,.T.);
#1754 = EDGE_CURVE('',#1437,#1724,#1755,.T.);
#1755 = LINE('',#1756,#1757);
#1756 = CARTESIAN_POINT('',(35.627195049458,32.797997556401,10.));
#1757 = VECTOR('',#1758,1.);
#1758 = DIRECTION('',(0.96924148241,0.246111659164,0.));
#1759 = ORIENTED_EDGE('',*,*,#1731,.F.);
#1760 = ORIENTED_EDGE('',*,*,#1761,.F.);
#1761 = EDGE_CURVE('',#1435,#1732,#1762,.T.);
#1762 = LINE('',#1763,#1764);
#1763 = CARTESIAN_POINT('',(35.627195049458,32.797997556401,9.));
#1764 = VECTOR('',#1765,1.);
#1765 = DIRECTION('',(0.96924148241,0.246111659164,0.));
#1766 = PLANE('',#1767);
#1767 = AXIS2_PLACEMENT_3D('',#1768,#1769,#1770);
#1768 = CARTESIAN_POINT('',(35.627195049458,32.797997556401,9.));
#1769 = DIRECTION('',(-0.246111659164,0.96924148241,0.));
#1770 = DIRECTION('',(0.96924148241,0.246111659164,0.));
#1771 = ADVANCED_FACE('',(#1772,#1777),#1790,.F.);
#1772 = FACE_BOUND('',#1773,.F.);
#1773 = EDGE_LOOP('',(#1774,#1775,#1776));
#1774 = ORIENTED_EDGE('',*,*,#1367,.T.);
#1775 = ORIENTED_EDGE('',*,*,#1398,.T.);
#1776 = ORIENTED_EDGE('',*,*,#1420,.T.);
#1777 = FACE_BOUND('',#1778,.T.);
#1778 = EDGE_LOOP('',(#1779,#1780,#1781,#1782,#1783,#1784,#1785,#1786,
    #1787,#1788,#1789));
#1779 = ORIENTED_EDGE('',*,*,#1460,.T.);
#1780 = ORIENTED_EDGE('',*,*,#1491,.F.);
#1781 = ORIENTED_EDGE('',*,*,#1522,.T.);
#1782 = ORIENTED_EDGE('',*,*,#1553,.T.);
#1783 = ORIENTED_EDGE('',*,*,#1584,.T.);
#1784 = ORIENTED_EDGE('',*,*,#1615,.T.);
#1785 = ORIENTED_EDGE('',*,*,#1646,.T.);
#1786 = ORIENTED_EDGE('',*,*,#1677,.T.);
#1787 = ORIENTED_EDGE('',*,*,#1708,.T.);
#1788 = ORIENTED_EDGE('',*,*,#1739,.T.);
#1789 = ORIENTED_EDGE('',*,*,#1761,.F.);
#1790 = PLANE('',#1791);
#1791 = AXIS2_PLACEMENT_3D('',#1792,#1793,#1794);
#1792 = CARTESIAN_POINT('',(35.949548130207,31.709598467035,9.));
#1793 = DIRECTION('',(0.,0.,1.));
#1794 = DIRECTION('',(1.,0.,0.));
#1795 = ADVANCED_FACE('',(#1796,#1801),#1814,.T.);
#1796 = FACE_BOUND('',#1797,.T.);
#1797 = EDGE_LOOP('',(#1798,#1799,#1800));
#1798 = ORIENTED_EDGE('',*,*,#1351,.T.);
#1799 = ORIENTED_EDGE('',*,*,#1382,.T.);
#1800 = ORIENTED_EDGE('',*,*,#1413,.T.);
#1801 = FACE_BOUND('',#1802,.F.);
#1802 = EDGE_LOOP('',(#1803,#1804,#1805,#1806,#1807,#1808,#1809,#1810,
    #1811,#1812,#1813));
#1803 = ORIENTED_EDGE('',*,*,#1444,.T.);
#1804 = ORIENTED_EDGE('',*,*,#1484,.F.);
#1805 = ORIENTED_EDGE('',*,*,#1506,.T.);
#1806 = ORIENTED_EDGE('',*,*,#1537,.T.);
#1807 = ORIENTED_EDGE('',*,*,#1568,.T.);
#1808 = ORIENTED_EDGE('',*,*,#1599,.T.);
#1809 = ORIENTED_EDGE('',*,*,#1630,.T.);
#1810 = ORIENTED_EDGE('',*,*,#1661,.T.);
#1811 = ORIENTED_EDGE('',*,*,#1692,.T.);
#1812 = ORIENTED_EDGE('',*,*,#1723,.T.);
#1813 = ORIENTED_EDGE('',*,*,#1754,.F.);
#1814 = PLANE('',#1815);
#1815 = AXIS2_PLACEMENT_3D('',#1816,#1817,#1818);
#1816 = CARTESIAN_POINT('',(35.949548130207,31.709598467035,10.));
#1817 = DIRECTION('',(0.,0.,1.));
#1818 = DIRECTION('',(1.,0.,0.));
#1819 = ( GEOMETRIC_REPRESENTATION_CONTEXT(3) 
GLOBAL_UNCERTAINTY_ASSIGNED_CONTEXT((#1823)) 
GLOBAL_UNIT_ASSIGNED_CONTEXT((#1820,#1821,#1822)) REPRESENTATION_CONTEXT
('Context #1','3D Context with UNIT and UNCERTAINTY') );
#1820 = ( LENGTH_UNIT() NAMED_UNIT(*) SI_UNIT(.MILLI.,.METRE.) );
#1821 = ( NAMED_UNIT(*) PLANE_ANGLE_UNIT() SI_UNIT($,.RADIAN.) );
#1822 = ( NAMED_UNIT(*) SI_UNIT($,.STERADIAN.) SOLID_ANGLE_UNIT() );
#1823 = UNCERTAINTY_MEASURE_WITH_UNIT(LENGTH_MEASURE(1.E-07),#1820,
  'distance_accuracy_value','confusion accuracy');
#1824 = CONTEXT_DEPENDENT_SHAPE_REPRESENTATION(#1825,#1827);
#1825 = ( REPRESENTATION_RELATIONSHIP('','',#1334,#10) 
REPRESENTATION_RELATIONSHIP_WITH_TRANSFORMATION(#1826) 
SHAPE_REPRESENTATION_RELATIONSHIP() );
#1826 = ITEM_DEFINED_TRANSFORMATION('','',#11,#23);
#1827 = PRODUCT_DEFINITION_SHAPE('Placement','Placement of an item',
  #1828);
#1828 = NEXT_ASSEMBLY_USAGE_OCCURRENCE('30','WARNING Icon 2','',#5,#1329
  ,$);
#1829 = PRODUCT_RELATED_PRODUCT_CATEGORY('part',$,(#1331));
#1830 = SHAPE_DEFINITION_REPRESENTATION(#1831,#1837);
#1831 = PRODUCT_DEFINITION_SHAPE('','',#1832);
#1832 = PRODUCT_DEFINITION('design','',#1833,#1836);
#1833 = PRODUCT_DEFINITION_FORMATION('','',#1834);
#1834 = PRODUCT('Extrude','Extrude','',(#1835));
#1835 = PRODUCT_CONTEXT('',#2,'mechanical');
#1836 = PRODUCT_DEFINITION_CONTEXT('part definition',#2,'design');
#1837 = SHAPE_REPRESENTATION('',(#11,#1838,#2252,#2402,#3178,#3592,#3841
    ,#4423,#4639,#4921,#5306,#6082),#6496);
#1838 = MANIFOLD_SOLID_BREP('',#1839);
#1839 = CLOSED_SHELL('',(#1840,#1880,#1911,#1942,#1973,#2004,#2035,#2066
    ,#2097,#2128,#2159,#2190,#2212,#2232));
#1840 = ADVANCED_FACE('',(#1841),#1875,.T.);
#1841 = FACE_BOUND('',#1842,.T.);
#1842 = EDGE_LOOP('',(#1843,#1853,#1861,#1869));
#1843 = ORIENTED_EDGE('',*,*,#1844,.T.);
#1844 = EDGE_CURVE('',#1845,#1847,#1849,.T.);
#1845 = VERTEX_POINT('',#1846);
#1846 = CARTESIAN_POINT('',(-30.62,-28.28,9.));
#1847 = VERTEX_POINT('',#1848);
#1848 = CARTESIAN_POINT('',(-30.62,-28.28,10.));
#1849 = LINE('',#1850,#1851);
#1850 = CARTESIAN_POINT('',(-30.62,-28.28,9.));
#1851 = VECTOR('',#1852,1.);
#1852 = DIRECTION('',(0.,0.,1.));
#1853 = ORIENTED_EDGE('',*,*,#1854,.T.);
#1854 = EDGE_CURVE('',#1847,#1855,#1857,.T.);
#1855 = VERTEX_POINT('',#1856);
#1856 = CARTESIAN_POINT('',(-28.8153125,-28.28,10.));
#1857 = LINE('',#1858,#1859);
#1858 = CARTESIAN_POINT('',(-30.62,-28.28,10.));
#1859 = VECTOR('',#1860,1.);
#1860 = DIRECTION('',(1.,0.,0.));
#1861 = ORIENTED_EDGE('',*,*,#1862,.F.);
#1862 = EDGE_CURVE('',#1863,#1855,#1865,.T.);
#1863 = VERTEX_POINT('',#1864);
#1864 = CARTESIAN_POINT('',(-28.8153125,-28.28,9.));
#1865 = LINE('',#1866,#1867);
#1866 = CARTESIAN_POINT('',(-28.8153125,-28.28,9.));
#1867 = VECTOR('',#1868,1.);
#1868 = DIRECTION('',(0.,0.,1.));
#1869 = ORIENTED_EDGE('',*,*,#1870,.F.);
#1870 = EDGE_CURVE('',#1845,#1863,#1871,.T.);
#1871 = LINE('',#1872,#1873);
#1872 = CARTESIAN_POINT('',(-30.62,-28.28,9.));
#1873 = VECTOR('',#1874,1.);
#1874 = DIRECTION('',(1.,0.,0.));
#1875 = PLANE('',#1876);
#1876 = AXIS2_PLACEMENT_3D('',#1877,#1878,#1879);
#1877 = CARTESIAN_POINT('',(-30.62,-28.28,9.));
#1878 = DIRECTION('',(0.,1.,0.));
#1879 = DIRECTION('',(1.,0.,0.));
#1880 = ADVANCED_FACE('',(#1881),#1906,.T.);
#1881 = FACE_BOUND('',#1882,.T.);
#1882 = EDGE_LOOP('',(#1883,#1893,#1899,#1900));
#1883 = ORIENTED_EDGE('',*,*,#1884,.T.);
#1884 = EDGE_CURVE('',#1885,#1887,#1889,.T.);
#1885 = VERTEX_POINT('',#1886);
#1886 = CARTESIAN_POINT('',(-30.62,-35.28,9.));
#1887 = VERTEX_POINT('',#1888);
#1888 = CARTESIAN_POINT('',(-30.62,-35.28,10.));
#1889 = LINE('',#1890,#1891);
#1890 = CARTESIAN_POINT('',(-30.62,-35.28,9.));
#1891 = VECTOR('',#1892,1.);
#1892 = DIRECTION('',(0.,0.,1.));
#1893 = ORIENTED_EDGE('',*,*,#1894,.T.);
#1894 = EDGE_CURVE('',#1887,#1847,#1895,.T.);
#1895 = LINE('',#1896,#1897);
#1896 = CARTESIAN_POINT('',(-30.62,-35.28,10.));
#1897 = VECTOR('',#1898,1.);
#1898 = DIRECTION('',(0.,1.,0.));
#1899 = ORIENTED_EDGE('',*,*,#1844,.F.);
#1900 = ORIENTED_EDGE('',*,*,#1901,.F.);
#1901 = EDGE_CURVE('',#1885,#1845,#1902,.T.);
#1902 = LINE('',#1903,#1904);
#1903 = CARTESIAN_POINT('',(-30.62,-35.28,9.));
#1904 = VECTOR('',#1905,1.);
#1905 = DIRECTION('',(0.,1.,0.));
#1906 = PLANE('',#1907);
#1907 = AXIS2_PLACEMENT_3D('',#1908,#1909,#1910);
#1908 = CARTESIAN_POINT('',(-30.62,-35.28,9.));
#1909 = DIRECTION('',(-1.,0.,0.));
#1910 = DIRECTION('',(0.,1.,0.));
#1911 = ADVANCED_FACE('',(#1912),#1937,.T.);
#1912 = FACE_BOUND('',#1913,.T.);
#1913 = EDGE_LOOP('',(#1914,#1924,#1930,#1931));
#1914 = ORIENTED_EDGE('',*,*,#1915,.T.);
#1915 = EDGE_CURVE('',#1916,#1918,#1920,.T.);
#1916 = VERTEX_POINT('',#1917);
#1917 = CARTESIAN_POINT('',(-28.8153125,-35.28,9.));
#1918 = VERTEX_POINT('',#1919);
#1919 = CARTESIAN_POINT('',(-28.8153125,-35.28,10.));
#1920 = LINE('',#1921,#1922);
#1921 = CARTESIAN_POINT('',(-28.8153125,-35.28,9.));
#1922 = VECTOR('',#1923,1.);
#1923 = DIRECTION('',(0.,0.,1.));
#1924 = ORIENTED_EDGE('',*,*,#1925,.T.);
#1925 = EDGE_CURVE('',#1918,#1887,#1926,.T.);
#1926 = LINE('',#1927,#1928);
#1927 = CARTESIAN_POINT('',(-28.8153125,-35.28,10.));
#1928 = VECTOR('',#1929,1.);
#1929 = DIRECTION('',(-1.,0.,0.));
#1930 = ORIENTED_EDGE('',*,*,#1884,.F.);
#1931 = ORIENTED_EDGE('',*,*,#1932,.F.);
#1932 = EDGE_CURVE('',#1916,#1885,#1933,.T.);
#1933 = LINE('',#1934,#1935);
#1934 = CARTESIAN_POINT('',(-28.8153125,-35.28,9.));
#1935 = VECTOR('',#1936,1.);
#1936 = DIRECTION('',(-1.,0.,0.));
#1937 = PLANE('',#1938);
#1938 = AXIS2_PLACEMENT_3D('',#1939,#1940,#1941);
#1939 = CARTESIAN_POINT('',(-28.8153125,-35.28,9.));
#1940 = DIRECTION('',(0.,-1.,0.));
#1941 = DIRECTION('',(-1.,0.,0.));
#1942 = ADVANCED_FACE('',(#1943),#1968,.T.);
#1943 = FACE_BOUND('',#1944,.T.);
#1944 = EDGE_LOOP('',(#1945,#1955,#1961,#1962));
#1945 = ORIENTED_EDGE('',*,*,#1946,.T.);
#1946 = EDGE_CURVE('',#1947,#1949,#1951,.T.);
#1947 = VERTEX_POINT('',#1948);
#1948 = CARTESIAN_POINT('',(-28.8153125,-32.32,9.));
#1949 = VERTEX_POINT('',#1950);
#1950 = CARTESIAN_POINT('',(-28.8153125,-32.32,10.));
#1951 = LINE('',#1952,#1953);
#1952 = CARTESIAN_POINT('',(-28.8153125,-32.32,9.));
#1953 = VECTOR('',#1954,1.);
#1954 = DIRECTION('',(0.,0.,1.));
#1955 = ORIENTED_EDGE('',*,*,#1956,.T.);
#1956 = EDGE_CURVE('',#1949,#1918,#1957,.T.);
#1957 = LINE('',#1958,#1959);
#1958 = CARTESIAN_POINT('',(-28.8153125,-32.32,10.));
#1959 = VECTOR('',#1960,1.);
#1960 = DIRECTION('',(0.,-1.,0.));
#1961 = ORIENTED_EDGE('',*,*,#1915,.F.);
#1962 = ORIENTED_EDGE('',*,*,#1963,.F.);
#1963 = EDGE_CURVE('',#1947,#1916,#1964,.T.);
#1964 = LINE('',#1965,#1966);
#1965 = CARTESIAN_POINT('',(-28.8153125,-32.32,9.));
#1966 = VECTOR('',#1967,1.);
#1967 = DIRECTION('',(0.,-1.,0.));
#1968 = PLANE('',#1969);
#1969 = AXIS2_PLACEMENT_3D('',#1970,#1971,#1972);
#1970 = CARTESIAN_POINT('',(-28.8153125,-32.32,9.));
#1971 = DIRECTION('',(1.,0.,-0.));
#1972 = DIRECTION('',(0.,-1.,0.));
#1973 = ADVANCED_FACE('',(#1974),#1999,.T.);
#1974 = FACE_BOUND('',#1975,.T.);
#1975 = EDGE_LOOP('',(#1976,#1986,#1992,#1993));
#1976 = ORIENTED_EDGE('',*,*,#1977,.T.);
#1977 = EDGE_CURVE('',#1978,#1980,#1982,.T.);
#1978 = VERTEX_POINT('',#1979);
#1979 = CARTESIAN_POINT('',(-26.1528125,-32.32,9.));
#1980 = VERTEX_POINT('',#1981);
#1981 = CARTESIAN_POINT('',(-26.1528125,-32.32,10.));
#1982 = LINE('',#1983,#1984);
#1983 = CARTESIAN_POINT('',(-26.1528125,-32.32,9.));
#1984 = VECTOR('',#1985,1.);
#1985 = DIRECTION('',(0.,0.,1.));
#1986 = ORIENTED_EDGE('',*,*,#1987,.T.);
#1987 = EDGE_CURVE('',#1980,#1949,#1988,.T.);
#1988 = LINE('',#1989,#1990);
#1989 = CARTESIAN_POINT('',(-26.1528125,-32.32,10.));
#1990 = VECTOR('',#1991,1.);
#1991 = DIRECTION('',(-1.,0.,0.));
#1992 = ORIENTED_EDGE('',*,*,#1946,.F.);
#1993 = ORIENTED_EDGE('',*,*,#1994,.F.);
#1994 = EDGE_CURVE('',#1978,#1947,#1995,.T.);
#1995 = LINE('',#1996,#1997);
#1996 = CARTESIAN_POINT('',(-26.1528125,-32.32,9.));
#1997 = VECTOR('',#1998,1.);
#1998 = DIRECTION('',(-1.,0.,0.));
#1999 = PLANE('',#2000);
#2000 = AXIS2_PLACEMENT_3D('',#2001,#2002,#2003);
#2001 = CARTESIAN_POINT('',(-26.1528125,-32.32,9.));
#2002 = DIRECTION('',(0.,-1.,0.));
#2003 = DIRECTION('',(-1.,0.,0.));
#2004 = ADVANCED_FACE('',(#2005),#2030,.T.);
#2005 = FACE_BOUND('',#2006,.T.);
#2006 = EDGE_LOOP('',(#2007,#2017,#2023,#2024));
#2007 = ORIENTED_EDGE('',*,*,#2008,.T.);
#2008 = EDGE_CURVE('',#2009,#2011,#2013,.T.);
#2009 = VERTEX_POINT('',#2010);
#2010 = CARTESIAN_POINT('',(-26.1528125,-35.28,9.));
#2011 = VERTEX_POINT('',#2012);
#2012 = CARTESIAN_POINT('',(-26.1528125,-35.28,10.));
#2013 = LINE('',#2014,#2015);
#2014 = CARTESIAN_POINT('',(-26.1528125,-35.28,9.));
#2015 = VECTOR('',#2016,1.);
#2016 = DIRECTION('',(0.,0.,1.));
#2017 = ORIENTED_EDGE('',*,*,#2018,.T.);
#2018 = EDGE_CURVE('',#2011,#1980,#2019,.T.);
#2019 = LINE('',#2020,#2021);
#2020 = CARTESIAN_POINT('',(-26.1528125,-35.28,10.));
#2021 = VECTOR('',#2022,1.);
#2022 = DIRECTION('',(0.,1.,0.));
#2023 = ORIENTED_EDGE('',*,*,#1977,.F.);
#2024 = ORIENTED_EDGE('',*,*,#2025,.F.);
#2025 = EDGE_CURVE('',#2009,#1978,#2026,.T.);
#2026 = LINE('',#2027,#2028);
#2027 = CARTESIAN_POINT('',(-26.1528125,-35.28,9.));
#2028 = VECTOR('',#2029,1.);
#2029 = DIRECTION('',(0.,1.,0.));
#2030 = PLANE('',#2031);
#2031 = AXIS2_PLACEMENT_3D('',#2032,#2033,#2034);
#2032 = CARTESIAN_POINT('',(-26.1528125,-35.28,9.));
#2033 = DIRECTION('',(-1.,0.,0.));
#2034 = DIRECTION('',(0.,1.,0.));
#2035 = ADVANCED_FACE('',(#2036),#2061,.T.);
#2036 = FACE_BOUND('',#2037,.T.);
#2037 = EDGE_LOOP('',(#2038,#2048,#2054,#2055));
#2038 = ORIENTED_EDGE('',*,*,#2039,.T.);
#2039 = EDGE_CURVE('',#2040,#2042,#2044,.T.);
#2040 = VERTEX_POINT('',#2041);
#2041 = CARTESIAN_POINT('',(-24.348125,-35.28,9.));
#2042 = VERTEX_POINT('',#2043);
#2043 = CARTESIAN_POINT('',(-24.348125,-35.28,10.));
#2044 = LINE('',#2045,#2046);
#2045 = CARTESIAN_POINT('',(-24.348125,-35.28,9.));
#2046 = VECTOR('',#2047,1.);
#2047 = DIRECTION('',(0.,0.,1.));
#2048 = ORIENTED_EDGE('',*,*,#2049,.T.);
#2049 = EDGE_CURVE('',#2042,#2011,#2050,.T.);
#2050 = LINE('',#2051,#2052);
#2051 = CARTESIAN_POINT('',(-24.348125,-35.28,10.));
#2052 = VECTOR('',#2053,1.);
#2053 = DIRECTION('',(-1.,0.,0.));
#2054 = ORIENTED_EDGE('',*,*,#2008,.F.);
#2055 = ORIENTED_EDGE('',*,*,#2056,.F.);
#2056 = EDGE_CURVE('',#2040,#2009,#2057,.T.);
#2057 = LINE('',#2058,#2059);
#2058 = CARTESIAN_POINT('',(-24.348125,-35.28,9.));
#2059 = VECTOR('',#2060,1.);
#2060 = DIRECTION('',(-1.,0.,0.));
#2061 = PLANE('',#2062);
#2062 = AXIS2_PLACEMENT_3D('',#2063,#2064,#2065);
#2063 = CARTESIAN_POINT('',(-24.348125,-35.28,9.));
#2064 = DIRECTION('',(0.,-1.,0.));
#2065 = DIRECTION('',(-1.,0.,0.));
#2066 = ADVANCED_FACE('',(#2067),#2092,.T.);
#2067 = FACE_BOUND('',#2068,.T.);
#2068 = EDGE_LOOP('',(#2069,#2079,#2085,#2086));
#2069 = ORIENTED_EDGE('',*,*,#2070,.T.);
#2070 = EDGE_CURVE('',#2071,#2073,#2075,.T.);
#2071 = VERTEX_POINT('',#2072);
#2072 = CARTESIAN_POINT('',(-24.348125,-28.28,9.));
#2073 = VERTEX_POINT('',#2074);
#2074 = CARTESIAN_POINT('',(-24.348125,-28.28,10.));
#2075 = LINE('',#2076,#2077);
#2076 = CARTESIAN_POINT('',(-24.348125,-28.28,9.));
#2077 = VECTOR('',#2078,1.);
#2078 = DIRECTION('',(0.,0.,1.));
#2079 = ORIENTED_EDGE('',*,*,#2080,.T.);
#2080 = EDGE_CURVE('',#2073,#2042,#2081,.T.);
#2081 = LINE('',#2082,#2083);
#2082 = CARTESIAN_POINT('',(-24.348125,-28.28,10.));
#2083 = VECTOR('',#2084,1.);
#2084 = DIRECTION('',(0.,-1.,0.));
#2085 = ORIENTED_EDGE('',*,*,#2039,.F.);
#2086 = ORIENTED_EDGE('',*,*,#2087,.F.);
#2087 = EDGE_CURVE('',#2071,#2040,#2088,.T.);
#2088 = LINE('',#2089,#2090);
#2089 = CARTESIAN_POINT('',(-24.348125,-28.28,9.));
#2090 = VECTOR('',#2091,1.);
#2091 = DIRECTION('',(0.,-1.,0.));
#2092 = PLANE('',#2093);
#2093 = AXIS2_PLACEMENT_3D('',#2094,#2095,#2096);
#2094 = CARTESIAN_POINT('',(-24.348125,-28.28,9.));
#2095 = DIRECTION('',(1.,0.,-0.));
#2096 = DIRECTION('',(0.,-1.,0.));
#2097 = ADVANCED_FACE('',(#2098),#2123,.T.);
#2098 = FACE_BOUND('',#2099,.T.);
#2099 = EDGE_LOOP('',(#2100,#2110,#2116,#2117));
#2100 = ORIENTED_EDGE('',*,*,#2101,.T.);
#2101 = EDGE_CURVE('',#2102,#2104,#2106,.T.);
#2102 = VERTEX_POINT('',#2103);
#2103 = CARTESIAN_POINT('',(-26.1528125,-28.28,9.));
#2104 = VERTEX_POINT('',#2105);
#2105 = CARTESIAN_POINT('',(-26.1528125,-28.28,10.));
#2106 = LINE('',#2107,#2108);
#2107 = CARTESIAN_POINT('',(-26.1528125,-28.28,9.));
#2108 = VECTOR('',#2109,1.);
#2109 = DIRECTION('',(0.,0.,1.));
#2110 = ORIENTED_EDGE('',*,*,#2111,.T.);
#2111 = EDGE_CURVE('',#2104,#2073,#2112,.T.);
#2112 = LINE('',#2113,#2114);
#2113 = CARTESIAN_POINT('',(-26.1528125,-28.28,10.));
#2114 = VECTOR('',#2115,1.);
#2115 = DIRECTION('',(1.,0.,0.));
#2116 = ORIENTED_EDGE('',*,*,#2070,.F.);
#2117 = ORIENTED_EDGE('',*,*,#2118,.F.);
#2118 = EDGE_CURVE('',#2102,#2071,#2119,.T.);
#2119 = LINE('',#2120,#2121);
#2120 = CARTESIAN_POINT('',(-26.1528125,-28.28,9.));
#2121 = VECTOR('',#2122,1.);
#2122 = DIRECTION('',(1.,0.,0.));
#2123 = PLANE('',#2124);
#2124 = AXIS2_PLACEMENT_3D('',#2125,#2126,#2127);
#2125 = CARTESIAN_POINT('',(-26.1528125,-28.28,9.));
#2126 = DIRECTION('',(0.,1.,0.));
#2127 = DIRECTION('',(1.,0.,0.));
#2128 = ADVANCED_FACE('',(#2129),#2154,.T.);
#2129 = FACE_BOUND('',#2130,.T.);
#2130 = EDGE_LOOP('',(#2131,#2141,#2147,#2148));
#2131 = ORIENTED_EDGE('',*,*,#2132,.T.);
#2132 = EDGE_CURVE('',#2133,#2135,#2137,.T.);
#2133 = VERTEX_POINT('',#2134);
#2134 = CARTESIAN_POINT('',(-26.1528125,-30.96,9.));
#2135 = VERTEX_POINT('',#2136);
#2136 = CARTESIAN_POINT('',(-26.1528125,-30.96,10.));
#2137 = LINE('',#2138,#2139);
#2138 = CARTESIAN_POINT('',(-26.1528125,-30.96,9.));
#2139 = VECTOR('',#2140,1.);
#2140 = DIRECTION('',(0.,0.,1.));
#2141 = ORIENTED_EDGE('',*,*,#2142,.T.);
#2142 = EDGE_CURVE('',#2135,#2104,#2143,.T.);
#2143 = LINE('',#2144,#2145);
#2144 = CARTESIAN_POINT('',(-26.1528125,-30.96,10.));
#2145 = VECTOR('',#2146,1.);
#2146 = DIRECTION('',(0.,1.,0.));
#2147 = ORIENTED_EDGE('',*,*,#2101,.F.);
#2148 = ORIENTED_EDGE('',*,*,#2149,.F.);
#2149 = EDGE_CURVE('',#2133,#2102,#2150,.T.);
#2150 = LINE('',#2151,#2152);
#2151 = CARTESIAN_POINT('',(-26.1528125,-30.96,9.));
#2152 = VECTOR('',#2153,1.);
#2153 = DIRECTION('',(0.,1.,0.));
#2154 = PLANE('',#2155);
#2155 = AXIS2_PLACEMENT_3D('',#2156,#2157,#2158);
#2156 = CARTESIAN_POINT('',(-26.1528125,-30.96,9.));
#2157 = DIRECTION('',(-1.,0.,0.));
#2158 = DIRECTION('',(0.,1.,0.));
#2159 = ADVANCED_FACE('',(#2160),#2185,.T.);
#2160 = FACE_BOUND('',#2161,.T.);
#2161 = EDGE_LOOP('',(#2162,#2172,#2178,#2179));
#2162 = ORIENTED_EDGE('',*,*,#2163,.T.);
#2163 = EDGE_CURVE('',#2164,#2166,#2168,.T.);
#2164 = VERTEX_POINT('',#2165);
#2165 = CARTESIAN_POINT('',(-28.8153125,-30.96,9.));
#2166 = VERTEX_POINT('',#2167);
#2167 = CARTESIAN_POINT('',(-28.8153125,-30.96,10.));
#2168 = LINE('',#2169,#2170);
#2169 = CARTESIAN_POINT('',(-28.8153125,-30.96,9.));
#2170 = VECTOR('',#2171,1.);
#2171 = DIRECTION('',(0.,0.,1.));
#2172 = ORIENTED_EDGE('',*,*,#2173,.T.);
#2173 = EDGE_CURVE('',#2166,#2135,#2174,.T.);
#2174 = LINE('',#2175,#2176);
#2175 = CARTESIAN_POINT('',(-28.8153125,-30.96,10.));
#2176 = VECTOR('',#2177,1.);
#2177 = DIRECTION('',(1.,0.,0.));
#2178 = ORIENTED_EDGE('',*,*,#2132,.F.);
#2179 = ORIENTED_EDGE('',*,*,#2180,.F.);
#2180 = EDGE_CURVE('',#2164,#2133,#2181,.T.);
#2181 = LINE('',#2182,#2183);
#2182 = CARTESIAN_POINT('',(-28.8153125,-30.96,9.));
#2183 = VECTOR('',#2184,1.);
#2184 = DIRECTION('',(1.,0.,0.));
#2185 = PLANE('',#2186);
#2186 = AXIS2_PLACEMENT_3D('',#2187,#2188,#2189);
#2187 = CARTESIAN_POINT('',(-28.8153125,-30.96,9.));
#2188 = DIRECTION('',(0.,1.,0.));
#2189 = DIRECTION('',(1.,0.,0.));
#2190 = ADVANCED_FACE('',(#2191),#2207,.T.);
#2191 = FACE_BOUND('',#2192,.T.);
#2192 = EDGE_LOOP('',(#2193,#2194,#2200,#2201));
#2193 = ORIENTED_EDGE('',*,*,#1862,.T.);
#2194 = ORIENTED_EDGE('',*,*,#2195,.T.);
#2195 = EDGE_CURVE('',#1855,#2166,#2196,.T.);
#2196 = LINE('',#2197,#2198);
#2197 = CARTESIAN_POINT('',(-28.8153125,-28.28,10.));
#2198 = VECTOR('',#2199,1.);
#2199 = DIRECTION('',(0.,-1.,0.));
#2200 = ORIENTED_EDGE('',*,*,#2163,.F.);
#2201 = ORIENTED_EDGE('',*,*,#2202,.F.);
#2202 = EDGE_CURVE('',#1863,#2164,#2203,.T.);
#2203 = LINE('',#2204,#2205);
#2204 = CARTESIAN_POINT('',(-28.8153125,-28.28,9.));
#2205 = VECTOR('',#2206,1.);
#2206 = DIRECTION('',(0.,-1.,0.));
#2207 = PLANE('',#2208);
#2208 = AXIS2_PLACEMENT_3D('',#2209,#2210,#2211);
#2209 = CARTESIAN_POINT('',(-28.8153125,-28.28,9.));
#2210 = DIRECTION('',(1.,0.,-0.));
#2211 = DIRECTION('',(0.,-1.,0.));
#2212 = ADVANCED_FACE('',(#2213),#2227,.F.);
#2213 = FACE_BOUND('',#2214,.F.);
#2214 = EDGE_LOOP('',(#2215,#2216,#2217,#2218,#2219,#2220,#2221,#2222,
    #2223,#2224,#2225,#2226));
#2215 = ORIENTED_EDGE('',*,*,#1870,.F.);
#2216 = ORIENTED_EDGE('',*,*,#1901,.F.);
#2217 = ORIENTED_EDGE('',*,*,#1932,.F.);
#2218 = ORIENTED_EDGE('',*,*,#1963,.F.);
#2219 = ORIENTED_EDGE('',*,*,#1994,.F.);
#2220 = ORIENTED_EDGE('',*,*,#2025,.F.);
#2221 = ORIENTED_EDGE('',*,*,#2056,.F.);
#2222 = ORIENTED_EDGE('',*,*,#2087,.F.);
#2223 = ORIENTED_EDGE('',*,*,#2118,.F.);
#2224 = ORIENTED_EDGE('',*,*,#2149,.F.);
#2225 = ORIENTED_EDGE('',*,*,#2180,.F.);
#2226 = ORIENTED_EDGE('',*,*,#2202,.F.);
#2227 = PLANE('',#2228);
#2228 = AXIS2_PLACEMENT_3D('',#2229,#2230,#2231);
#2229 = CARTESIAN_POINT('',(-27.4840625,-31.77035791004,9.));
#2230 = DIRECTION('',(0.,0.,1.));
#2231 = DIRECTION('',(1.,0.,0.));
#2232 = ADVANCED_FACE('',(#2233),#2247,.T.);
#2233 = FACE_BOUND('',#2234,.T.);
#2234 = EDGE_LOOP('',(#2235,#2236,#2237,#2238,#2239,#2240,#2241,#2242,
    #2243,#2244,#2245,#2246));
#2235 = ORIENTED_EDGE('',*,*,#1854,.F.);
#2236 = ORIENTED_EDGE('',*,*,#1894,.F.);
#2237 = ORIENTED_EDGE('',*,*,#1925,.F.);
#2238 = ORIENTED_EDGE('',*,*,#1956,.F.);
#2239 = ORIENTED_EDGE('',*,*,#1987,.F.);
#2240 = ORIENTED_EDGE('',*,*,#2018,.F.);
#2241 = ORIENTED_EDGE('',*,*,#2049,.F.);
#2242 = ORIENTED_EDGE('',*,*,#2080,.F.);
#2243 = ORIENTED_EDGE('',*,*,#2111,.F.);
#2244 = ORIENTED_EDGE('',*,*,#2142,.F.);
#2245 = ORIENTED_EDGE('',*,*,#2173,.F.);
#2246 = ORIENTED_EDGE('',*,*,#2195,.F.);
#2247 = PLANE('',#2248);
#2248 = AXIS2_PLACEMENT_3D('',#2249,#2250,#2251);
#2249 = CARTESIAN_POINT('',(-27.4840625,-31.77035791004,10.));
#2250 = DIRECTION('',(0.,0.,1.));
#2251 = DIRECTION('',(1.,0.,0.));
#2252 = MANIFOLD_SOLID_BREP('',#2253);
#2253 = CLOSED_SHELL('',(#2254,#2294,#2325,#2356,#2378,#2390));
#2254 = ADVANCED_FACE('',(#2255),#2289,.T.);
#2255 = FACE_BOUND('',#2256,.T.);
#2256 = EDGE_LOOP('',(#2257,#2267,#2275,#2283));
#2257 = ORIENTED_EDGE('',*,*,#2258,.T.);
#2258 = EDGE_CURVE('',#2259,#2261,#2263,.T.);
#2259 = VERTEX_POINT('',#2260);
#2260 = CARTESIAN_POINT('',(-22.58,-28.28,9.));
#2261 = VERTEX_POINT('',#2262);
#2262 = CARTESIAN_POINT('',(-22.58,-28.28,10.));
#2263 = LINE('',#2264,#2265);
#2264 = CARTESIAN_POINT('',(-22.58,-28.28,9.));
#2265 = VECTOR('',#2266,1.);
#2266 = DIRECTION('',(0.,0.,1.));
#2267 = ORIENTED_EDGE('',*,*,#2268,.T.);
#2268 = EDGE_CURVE('',#2261,#2269,#2271,.T.);
#2269 = VERTEX_POINT('',#2270);
#2270 = CARTESIAN_POINT('',(-20.7753125,-28.28,10.));
#2271 = LINE('',#2272,#2273);
#2272 = CARTESIAN_POINT('',(-22.58,-28.28,10.));
#2273 = VECTOR('',#2274,1.);
#2274 = DIRECTION('',(1.,0.,0.));
#2275 = ORIENTED_EDGE('',*,*,#2276,.F.);
#2276 = EDGE_CURVE('',#2277,#2269,#2279,.T.);
#2277 = VERTEX_POINT('',#2278);
#2278 = CARTESIAN_POINT('',(-20.7753125,-28.28,9.));
#2279 = LINE('',#2280,#2281);
#2280 = CARTESIAN_POINT('',(-20.7753125,-28.28,9.));
#2281 = VECTOR('',#2282,1.);
#2282 = DIRECTION('',(0.,0.,1.));
#2283 = ORIENTED_EDGE('',*,*,#2284,.F.);
#2284 = EDGE_CURVE('',#2259,#2277,#2285,.T.);
#2285 = LINE('',#2286,#2287);
#2286 = CARTESIAN_POINT('',(-22.58,-28.28,9.));
#2287 = VECTOR('',#2288,1.);
#2288 = DIRECTION('',(1.,0.,0.));
#2289 = PLANE('',#2290);
#2290 = AXIS2_PLACEMENT_3D('',#2291,#2292,#2293);
#2291 = CARTESIAN_POINT('',(-22.58,-28.28,9.));
#2292 = DIRECTION('',(0.,1.,0.));
#2293 = DIRECTION('',(1.,0.,0.));
#2294 = ADVANCED_FACE('',(#2295),#2320,.T.);
#2295 = FACE_BOUND('',#2296,.T.);
#2296 = EDGE_LOOP('',(#2297,#2307,#2313,#2314));
#2297 = ORIENTED_EDGE('',*,*,#2298,.T.);
#2298 = EDGE_CURVE('',#2299,#2301,#2303,.T.);
#2299 = VERTEX_POINT('',#2300);
#2300 = CARTESIAN_POINT('',(-22.58,-35.28,9.));
#2301 = VERTEX_POINT('',#2302);
#2302 = CARTESIAN_POINT('',(-22.58,-35.28,10.));
#2303 = LINE('',#2304,#2305);
#2304 = CARTESIAN_POINT('',(-22.58,-35.28,9.));
#2305 = VECTOR('',#2306,1.);
#2306 = DIRECTION('',(0.,0.,1.));
#2307 = ORIENTED_EDGE('',*,*,#2308,.T.);
#2308 = EDGE_CURVE('',#2301,#2261,#2309,.T.);
#2309 = LINE('',#2310,#2311);
#2310 = CARTESIAN_POINT('',(-22.58,-35.28,10.));
#2311 = VECTOR('',#2312,1.);
#2312 = DIRECTION('',(0.,1.,0.));
#2313 = ORIENTED_EDGE('',*,*,#2258,.F.);
#2314 = ORIENTED_EDGE('',*,*,#2315,.F.);
#2315 = EDGE_CURVE('',#2299,#2259,#2316,.T.);
#2316 = LINE('',#2317,#2318);
#2317 = CARTESIAN_POINT('',(-22.58,-35.28,9.));
#2318 = VECTOR('',#2319,1.);
#2319 = DIRECTION('',(0.,1.,0.));
#2320 = PLANE('',#2321);
#2321 = AXIS2_PLACEMENT_3D('',#2322,#2323,#2324);
#2322 = CARTESIAN_POINT('',(-22.58,-35.28,9.));
#2323 = DIRECTION('',(-1.,0.,0.));
#2324 = DIRECTION('',(0.,1.,0.));
#2325 = ADVANCED_FACE('',(#2326),#2351,.T.);
#2326 = FACE_BOUND('',#2327,.T.);
#2327 = EDGE_LOOP('',(#2328,#2338,#2344,#2345));
#2328 = ORIENTED_EDGE('',*,*,#2329,.T.);
#2329 = EDGE_CURVE('',#2330,#2332,#2334,.T.);
#2330 = VERTEX_POINT('',#2331);
#2331 = CARTESIAN_POINT('',(-20.7753125,-35.28,9.));
#2332 = VERTEX_POINT('',#2333);
#2333 = CARTESIAN_POINT('',(-20.7753125,-35.28,10.));
#2334 = LINE('',#2335,#2336);
#2335 = CARTESIAN_POINT('',(-20.7753125,-35.28,9.));
#2336 = VECTOR('',#2337,1.);
#2337 = DIRECTION('',(0.,0.,1.));
#2338 = ORIENTED_EDGE('',*,*,#2339,.T.);
#2339 = EDGE_CURVE('',#2332,#2301,#2340,.T.);
#2340 = LINE('',#2341,#2342);
#2341 = CARTESIAN_POINT('',(-20.7753125,-35.28,10.));
#2342 = VECTOR('',#2343,1.);
#2343 = DIRECTION('',(-1.,0.,0.));
#2344 = ORIENTED_EDGE('',*,*,#2298,.F.);
#2345 = ORIENTED_EDGE('',*,*,#2346,.F.);
#2346 = EDGE_CURVE('',#2330,#2299,#2347,.T.);
#2347 = LINE('',#2348,#2349);
#2348 = CARTESIAN_POINT('',(-20.7753125,-35.28,9.));
#2349 = VECTOR('',#2350,1.);
#2350 = DIRECTION('',(-1.,0.,0.));
#2351 = PLANE('',#2352);
#2352 = AXIS2_PLACEMENT_3D('',#2353,#2354,#2355);
#2353 = CARTESIAN_POINT('',(-20.7753125,-35.28,9.));
#2354 = DIRECTION('',(0.,-1.,0.));
#2355 = DIRECTION('',(-1.,0.,0.));
#2356 = ADVANCED_FACE('',(#2357),#2373,.T.);
#2357 = FACE_BOUND('',#2358,.T.);
#2358 = EDGE_LOOP('',(#2359,#2360,#2366,#2367));
#2359 = ORIENTED_EDGE('',*,*,#2276,.T.);
#2360 = ORIENTED_EDGE('',*,*,#2361,.T.);
#2361 = EDGE_CURVE('',#2269,#2332,#2362,.T.);
#2362 = LINE('',#2363,#2364);
#2363 = CARTESIAN_POINT('',(-20.7753125,-28.28,10.));
#2364 = VECTOR('',#2365,1.);
#2365 = DIRECTION('',(0.,-1.,0.));
#2366 = ORIENTED_EDGE('',*,*,#2329,.F.);
#2367 = ORIENTED_EDGE('',*,*,#2368,.F.);
#2368 = EDGE_CURVE('',#2277,#2330,#2369,.T.);
#2369 = LINE('',#2370,#2371);
#2370 = CARTESIAN_POINT('',(-20.7753125,-28.28,9.));
#2371 = VECTOR('',#2372,1.);
#2372 = DIRECTION('',(0.,-1.,0.));
#2373 = PLANE('',#2374);
#2374 = AXIS2_PLACEMENT_3D('',#2375,#2376,#2377);
#2375 = CARTESIAN_POINT('',(-20.7753125,-28.28,9.));
#2376 = DIRECTION('',(1.,0.,-0.));
#2377 = DIRECTION('',(0.,-1.,0.));
#2378 = ADVANCED_FACE('',(#2379),#2385,.F.);
#2379 = FACE_BOUND('',#2380,.F.);
#2380 = EDGE_LOOP('',(#2381,#2382,#2383,#2384));
#2381 = ORIENTED_EDGE('',*,*,#2284,.F.);
#2382 = ORIENTED_EDGE('',*,*,#2315,.F.);
#2383 = ORIENTED_EDGE('',*,*,#2346,.F.);
#2384 = ORIENTED_EDGE('',*,*,#2368,.F.);
#2385 = PLANE('',#2386);
#2386 = AXIS2_PLACEMENT_3D('',#2387,#2388,#2389);
#2387 = CARTESIAN_POINT('',(-21.67765625,-31.78,9.));
#2388 = DIRECTION('',(0.,0.,1.));
#2389 = DIRECTION('',(1.,0.,0.));
#2390 = ADVANCED_FACE('',(#2391),#2397,.T.);
#2391 = FACE_BOUND('',#2392,.T.);
#2392 = EDGE_LOOP('',(#2393,#2394,#2395,#2396));
#2393 = ORIENTED_EDGE('',*,*,#2268,.F.);
#2394 = ORIENTED_EDGE('',*,*,#2308,.F.);
#2395 = ORIENTED_EDGE('',*,*,#2339,.F.);
#2396 = ORIENTED_EDGE('',*,*,#2361,.F.);
#2397 = PLANE('',#2398);
#2398 = AXIS2_PLACEMENT_3D('',#2399,#2400,#2401);
#2399 = CARTESIAN_POINT('',(-21.67765625,-31.78,10.));
#2400 = DIRECTION('',(0.,0.,1.));
#2401 = DIRECTION('',(1.,0.,0.));
#2402 = MANIFOLD_SOLID_BREP('',#2403);
#2403 = CLOSED_SHELL('',(#2404,#2446,#2477,#2508,#2539,#2570,#2601,#2634
    ,#2667,#2700,#2733,#2766,#2799,#2832,#2865,#2896,#2929,#2962,#2995,
    #3028,#3061,#3094,#3118,#3148));
#2404 = ADVANCED_FACE('',(#2405),#2439,.T.);
#2405 = FACE_BOUND('',#2406,.T.);
#2406 = EDGE_LOOP('',(#2407,#2417,#2425,#2433));
#2407 = ORIENTED_EDGE('',*,*,#2408,.T.);
#2408 = EDGE_CURVE('',#2409,#2411,#2413,.T.);
#2409 = VERTEX_POINT('',#2410);
#2410 = CARTESIAN_POINT('',(-12.709375,-34.7678125,9.));
#2411 = VERTEX_POINT('',#2412);
#2412 = CARTESIAN_POINT('',(-12.709375,-34.7678125,10.));
#2413 = LINE('',#2414,#2415);
#2414 = CARTESIAN_POINT('',(-12.709375,-34.7678125,9.));
#2415 = VECTOR('',#2416,1.);
#2416 = DIRECTION('',(0.,0.,1.));
#2417 = ORIENTED_EDGE('',*,*,#2418,.T.);
#2418 = EDGE_CURVE('',#2411,#2419,#2421,.T.);
#2419 = VERTEX_POINT('',#2420);
#2420 = CARTESIAN_POINT('',(-14.1109375,-35.256875,10.));
#2421 = B_SPLINE_CURVE_WITH_KNOTS('',2,(#2422,#2423,#2424),
  .UNSPECIFIED.,.F.,.F.,(3,3),(0.,1.),.PIECEWISE_BEZIER_KNOTS.);
#2422 = CARTESIAN_POINT('',(-12.709375,-34.7678125,10.));
#2423 = CARTESIAN_POINT('',(-13.384375,-35.09375,10.));
#2424 = CARTESIAN_POINT('',(-14.1109375,-35.256875,10.));
#2425 = ORIENTED_EDGE('',*,*,#2426,.F.);
#2426 = EDGE_CURVE('',#2427,#2419,#2429,.T.);
#2427 = VERTEX_POINT('',#2428);
#2428 = CARTESIAN_POINT('',(-14.1109375,-35.256875,9.));
#2429 = LINE('',#2430,#2431);
#2430 = CARTESIAN_POINT('',(-14.1109375,-35.256875,9.));
#2431 = VECTOR('',#2432,1.);
#2432 = DIRECTION('',(0.,0.,1.));
#2433 = ORIENTED_EDGE('',*,*,#2434,.F.);
#2434 = EDGE_CURVE('',#2409,#2427,#2435,.T.);
#2435 = B_SPLINE_CURVE_WITH_KNOTS('',2,(#2436,#2437,#2438),
  .UNSPECIFIED.,.F.,.F.,(3,3),(0.,1.),.PIECEWISE_BEZIER_KNOTS.);
#2436 = CARTESIAN_POINT('',(-12.709375,-34.7678125,9.));
#2437 = CARTESIAN_POINT('',(-13.384375,-35.09375,9.));
#2438 = CARTESIAN_POINT('',(-14.1109375,-35.256875,9.));
#2439 = SURFACE_OF_LINEAR_EXTRUSION('',#2440,#2444);
#2440 = B_SPLINE_CURVE_WITH_KNOTS('',2,(#2441,#2442,#2443),
  .UNSPECIFIED.,.F.,.F.,(3,3),(0.,1.),.PIECEWISE_BEZIER_KNOTS.);
#2441 = CARTESIAN_POINT('',(-12.709375,-34.7678125,9.));
#2442 = CARTESIAN_POINT('',(-13.384375,-35.09375,9.));
#2443 = CARTESIAN_POINT('',(-14.1109375,-35.256875,9.));
#2444 = VECTOR('',#2445,1.);
#2445 = DIRECTION('',(-0.,-0.,-1.));
#2446 = ADVANCED_FACE('',(#2447),#2472,.T.);
#2447 = FACE_BOUND('',#2448,.T.);
#2448 = EDGE_LOOP('',(#2449,#2459,#2465,#2466));
#2449 = ORIENTED_EDGE('',*,*,#2450,.T.);
#2450 = EDGE_CURVE('',#2451,#2453,#2455,.T.);
#2451 = VERTEX_POINT('',#2452);
#2452 = CARTESIAN_POINT('',(-12.709375,-31.4,9.));
#2453 = VERTEX_POINT('',#2454);
#2454 = CARTESIAN_POINT('',(-12.709375,-31.4,10.));
#2455 = LINE('',#2456,#2457);
#2456 = CARTESIAN_POINT('',(-12.709375,-31.4,9.));
#2457 = VECTOR('',#2458,1.);
#2458 = DIRECTION('',(0.,0.,1.));
#2459 = ORIENTED_EDGE('',*,*,#2460,.T.);
#2460 = EDGE_CURVE('',#2453,#2411,#2461,.T.);
#2461 = LINE('',#2462,#2463);
#2462 = CARTESIAN_POINT('',(-12.709375,-31.4,10.));
#2463 = VECTOR('',#2464,1.);
#2464 = DIRECTION('',(0.,-1.,0.));
#2465 = ORIENTED_EDGE('',*,*,#2408,.F.);
#2466 = ORIENTED_EDGE('',*,*,#2467,.F.);
#2467 = EDGE_CURVE('',#2451,#2409,#2468,.T.);
#2468 = LINE('',#2469,#2470);
#2469 = CARTESIAN_POINT('',(-12.709375,-31.4,9.));
#2470 = VECTOR('',#2471,1.);
#2471 = DIRECTION('',(0.,-1.,0.));
#2472 = PLANE('',#2473);
#2473 = AXIS2_PLACEMENT_3D('',#2474,#2475,#2476);
#2474 = CARTESIAN_POINT('',(-12.709375,-31.4,9.));
#2475 = DIRECTION('',(1.,0.,-0.));
#2476 = DIRECTION('',(0.,-1.,0.));
#2477 = ADVANCED_FACE('',(#2478),#2503,.T.);
#2478 = FACE_BOUND('',#2479,.T.);
#2479 = EDGE_LOOP('',(#2480,#2490,#2496,#2497));
#2480 = ORIENTED_EDGE('',*,*,#2481,.T.);
#2481 = EDGE_CURVE('',#2482,#2484,#2486,.T.);
#2482 = VERTEX_POINT('',#2483);
#2483 = CARTESIAN_POINT('',(-15.521875,-31.4,9.));
#2484 = VERTEX_POINT('',#2485);
#2485 = CARTESIAN_POINT('',(-15.521875,-31.4,10.));
#2486 = LINE('',#2487,#2488);
#2487 = CARTESIAN_POINT('',(-15.521875,-31.4,9.));
#2488 = VECTOR('',#2489,1.);
#2489 = DIRECTION('',(0.,0.,1.));
#2490 = ORIENTED_EDGE('',*,*,#2491,.T.);
#2491 = EDGE_CURVE('',#2484,#2453,#2492,.T.);
#2492 = LINE('',#2493,#2494);
#2493 = CARTESIAN_POINT('',(-15.521875,-31.4,10.));
#2494 = VECTOR('',#2495,1.);
#2495 = DIRECTION('',(1.,0.,0.));
#2496 = ORIENTED_EDGE('',*,*,#2450,.F.);
#2497 = ORIENTED_EDGE('',*,*,#2498,.F.);
#2498 = EDGE_CURVE('',#2482,#2451,#2499,.T.);
#2499 = LINE('',#2500,#2501);
#2500 = CARTESIAN_POINT('',(-15.521875,-31.4,9.));
#2501 = VECTOR('',#2502,1.);
#2502 = DIRECTION('',(1.,0.,0.));
#2503 = PLANE('',#2504);
#2504 = AXIS2_PLACEMENT_3D('',#2505,#2506,#2507);
#2505 = CARTESIAN_POINT('',(-15.521875,-31.4,9.));
#2506 = DIRECTION('',(0.,1.,0.));
#2507 = DIRECTION('',(1.,0.,0.));
#2508 = ADVANCED_FACE('',(#2509),#2534,.T.);
#2509 = FACE_BOUND('',#2510,.T.);
#2510 = EDGE_LOOP('',(#2511,#2521,#2527,#2528));
#2511 = ORIENTED_EDGE('',*,*,#2512,.T.);
#2512 = EDGE_CURVE('',#2513,#2515,#2517,.T.);
#2513 = VERTEX_POINT('',#2514);
#2514 = CARTESIAN_POINT('',(-15.521875,-32.6,9.));
#2515 = VERTEX_POINT('',#2516);
#2516 = CARTESIAN_POINT('',(-15.521875,-32.6,10.));
#2517 = LINE('',#2518,#2519);
#2518 = CARTESIAN_POINT('',(-15.521875,-32.6,9.));
#2519 = VECTOR('',#2520,1.);
#2520 = DIRECTION('',(0.,0.,1.));
#2521 = ORIENTED_EDGE('',*,*,#2522,.T.);
#2522 = EDGE_CURVE('',#2515,#2484,#2523,.T.);
#2523 = LINE('',#2524,#2525);
#2524 = CARTESIAN_POINT('',(-15.521875,-32.6,10.));
#2525 = VECTOR('',#2526,1.);
#2526 = DIRECTION('',(0.,1.,0.));
#2527 = ORIENTED_EDGE('',*,*,#2481,.F.);
#2528 = ORIENTED_EDGE('',*,*,#2529,.F.);
#2529 = EDGE_CURVE('',#2513,#2482,#2530,.T.);
#2530 = LINE('',#2531,#2532);
#2531 = CARTESIAN_POINT('',(-15.521875,-32.6,9.));
#2532 = VECTOR('',#2533,1.);
#2533 = DIRECTION('',(0.,1.,0.));
#2534 = PLANE('',#2535);
#2535 = AXIS2_PLACEMENT_3D('',#2536,#2537,#2538);
#2536 = CARTESIAN_POINT('',(-15.521875,-32.6,9.));
#2537 = DIRECTION('',(-1.,0.,0.));
#2538 = DIRECTION('',(0.,1.,0.));
#2539 = ADVANCED_FACE('',(#2540),#2565,.T.);
#2540 = FACE_BOUND('',#2541,.T.);
#2541 = EDGE_LOOP('',(#2542,#2552,#2558,#2559));
#2542 = ORIENTED_EDGE('',*,*,#2543,.T.);
#2543 = EDGE_CURVE('',#2544,#2546,#2548,.T.);
#2544 = VERTEX_POINT('',#2545);
#2545 = CARTESIAN_POINT('',(-14.4203125,-32.6,9.));
#2546 = VERTEX_POINT('',#2547);
#2547 = CARTESIAN_POINT('',(-14.4203125,-32.6,10.));
#2548 = LINE('',#2549,#2550);
#2549 = CARTESIAN_POINT('',(-14.4203125,-32.6,9.));
#2550 = VECTOR('',#2551,1.);
#2551 = DIRECTION('',(0.,0.,1.));
#2552 = ORIENTED_EDGE('',*,*,#2553,.T.);
#2553 = EDGE_CURVE('',#2546,#2515,#2554,.T.);
#2554 = LINE('',#2555,#2556);
#2555 = CARTESIAN_POINT('',(-14.4203125,-32.6,10.));
#2556 = VECTOR('',#2557,1.);
#2557 = DIRECTION('',(-1.,0.,0.));
#2558 = ORIENTED_EDGE('',*,*,#2512,.F.);
#2559 = ORIENTED_EDGE('',*,*,#2560,.F.);
#2560 = EDGE_CURVE('',#2544,#2513,#2561,.T.);
#2561 = LINE('',#2562,#2563);
#2562 = CARTESIAN_POINT('',(-14.4203125,-32.6,9.));
#2563 = VECTOR('',#2564,1.);
#2564 = DIRECTION('',(-1.,0.,0.));
#2565 = PLANE('',#2566);
#2566 = AXIS2_PLACEMENT_3D('',#2567,#2568,#2569);
#2567 = CARTESIAN_POINT('',(-14.4203125,-32.6,9.));
#2568 = DIRECTION('',(0.,-1.,0.));
#2569 = DIRECTION('',(-1.,0.,0.));
#2570 = ADVANCED_FACE('',(#2571),#2596,.T.);
#2571 = FACE_BOUND('',#2572,.T.);
#2572 = EDGE_LOOP('',(#2573,#2583,#2589,#2590));
#2573 = ORIENTED_EDGE('',*,*,#2574,.T.);
#2574 = EDGE_CURVE('',#2575,#2577,#2579,.T.);
#2575 = VERTEX_POINT('',#2576);
#2576 = CARTESIAN_POINT('',(-14.4203125,-33.973125,9.));
#2577 = VERTEX_POINT('',#2578);
#2578 = CARTESIAN_POINT('',(-14.4203125,-33.973125,10.));
#2579 = LINE('',#2580,#2581);
#2580 = CARTESIAN_POINT('',(-14.4203125,-33.973125,9.));
#2581 = VECTOR('',#2582,1.);
#2582 = DIRECTION('',(0.,0.,1.));
#2583 = ORIENTED_EDGE('',*,*,#2584,.T.);
#2584 = EDGE_CURVE('',#2577,#2546,#2585,.T.);
#2585 = LINE('',#2586,#2587);
#2586 = CARTESIAN_POINT('',(-14.4203125,-33.973125,10.));
#2587 = VECTOR('',#2588,1.);
#2588 = DIRECTION('',(0.,1.,0.));
#2589 = ORIENTED_EDGE('',*,*,#2543,.F.);
#2590 = ORIENTED_EDGE('',*,*,#2591,.F.);
#2591 = EDGE_CURVE('',#2575,#2544,#2592,.T.);
#2592 = LINE('',#2593,#2594);
#2593 = CARTESIAN_POINT('',(-14.4203125,-33.973125,9.));
#2594 = VECTOR('',#2595,1.);
#2595 = DIRECTION('',(0.,1.,0.));
#2596 = PLANE('',#2597);
#2597 = AXIS2_PLACEMENT_3D('',#2598,#2599,#2600);
#2598 = CARTESIAN_POINT('',(-14.4203125,-33.973125,9.));
#2599 = DIRECTION('',(-1.,0.,0.));
#2600 = DIRECTION('',(0.,1.,0.));
#2601 = ADVANCED_FACE('',(#2602),#2627,.T.);
#2602 = FACE_BOUND('',#2603,.T.);
#2603 = EDGE_LOOP('',(#2604,#2614,#2620,#2621));
#2604 = ORIENTED_EDGE('',*,*,#2605,.T.);
#2605 = EDGE_CURVE('',#2606,#2608,#2610,.T.);
#2606 = VERTEX_POINT('',#2607);
#2607 = CARTESIAN_POINT('',(-14.8540625,-34.0846875,9.));
#2608 = VERTEX_POINT('',#2609);
#2609 = CARTESIAN_POINT('',(-14.8540625,-34.0846875,10.));
#2610 = LINE('',#2611,#2612);
#2611 = CARTESIAN_POINT('',(-14.8540625,-34.0846875,9.));
#2612 = VECTOR('',#2613,1.);
#2613 = DIRECTION('',(0.,0.,1.));
#2614 = ORIENTED_EDGE('',*,*,#2615,.T.);
#2615 = EDGE_CURVE('',#2608,#2577,#2616,.T.);
#2616 = B_SPLINE_CURVE_WITH_KNOTS('',2,(#2617,#2618,#2619),
  .UNSPECIFIED.,.F.,.F.,(3,3),(0.,1.),.PIECEWISE_BEZIER_KNOTS.);
#2617 = CARTESIAN_POINT('',(-14.8540625,-34.0846875,10.));
#2618 = CARTESIAN_POINT('',(-14.6125,-34.0490625,10.));
#2619 = CARTESIAN_POINT('',(-14.4203125,-33.973125,10.));
#2620 = ORIENTED_EDGE('',*,*,#2574,.F.);
#2621 = ORIENTED_EDGE('',*,*,#2622,.F.);
#2622 = EDGE_CURVE('',#2606,#2575,#2623,.T.);
#2623 = B_SPLINE_CURVE_WITH_KNOTS('',2,(#2624,#2625,#2626),
  .UNSPECIFIED.,.F.,.F.,(3,3),(0.,1.),.PIECEWISE_BEZIER_KNOTS.);
#2624 = CARTESIAN_POINT('',(-14.8540625,-34.0846875,9.));
#2625 = CARTESIAN_POINT('',(-14.6125,-34.0490625,9.));
#2626 = CARTESIAN_POINT('',(-14.4203125,-33.973125,9.));
#2627 = SURFACE_OF_LINEAR_EXTRUSION('',#2628,#2632);
#2628 = B_SPLINE_CURVE_WITH_KNOTS('',2,(#2629,#2630,#2631),
  .UNSPECIFIED.,.F.,.F.,(3,3),(0.,1.),.PIECEWISE_BEZIER_KNOTS.);
#2629 = CARTESIAN_POINT('',(-14.8540625,-34.0846875,9.));
#2630 = CARTESIAN_POINT('',(-14.6125,-34.0490625,9.));
#2631 = CARTESIAN_POINT('',(-14.4203125,-33.973125,9.));
#2632 = VECTOR('',#2633,1.);
#2633 = DIRECTION('',(-0.,-0.,-1.));
#2634 = ADVANCED_FACE('',(#2635),#2660,.T.);
#2635 = FACE_BOUND('',#2636,.T.);
#2636 = EDGE_LOOP('',(#2637,#2647,#2653,#2654));
#2637 = ORIENTED_EDGE('',*,*,#2638,.T.);
#2638 = EDGE_CURVE('',#2639,#2641,#2643,.T.);
#2639 = VERTEX_POINT('',#2640);
#2640 = CARTESIAN_POINT('',(-15.3765625,-34.12,9.));
#2641 = VERTEX_POINT('',#2642);
#2642 = CARTESIAN_POINT('',(-15.3765625,-34.12,10.));
#2643 = LINE('',#2644,#2645);
#2644 = CARTESIAN_POINT('',(-15.3765625,-34.12,9.));
#2645 = VECTOR('',#2646,1.);
#2646 = DIRECTION('',(0.,0.,1.));
#2647 = ORIENTED_EDGE('',*,*,#2648,.T.);
#2648 = EDGE_CURVE('',#2641,#2608,#2649,.T.);
#2649 = B_SPLINE_CURVE_WITH_KNOTS('',2,(#2650,#2651,#2652),
  .UNSPECIFIED.,.F.,.F.,(3,3),(0.,1.),.PIECEWISE_BEZIER_KNOTS.);
#2650 = CARTESIAN_POINT('',(-15.3765625,-34.12,10.));
#2651 = CARTESIAN_POINT('',(-15.0953125,-34.12,10.));
#2652 = CARTESIAN_POINT('',(-14.8540625,-34.0846875,10.));
#2653 = ORIENTED_EDGE('',*,*,#2605,.F.);
#2654 = ORIENTED_EDGE('',*,*,#2655,.F.);
#2655 = EDGE_CURVE('',#2639,#2606,#2656,.T.);
#2656 = B_SPLINE_CURVE_WITH_KNOTS('',2,(#2657,#2658,#2659),
  .UNSPECIFIED.,.F.,.F.,(3,3),(0.,1.),.PIECEWISE_BEZIER_KNOTS.);
#2657 = CARTESIAN_POINT('',(-15.3765625,-34.12,9.));
#2658 = CARTESIAN_POINT('',(-15.0953125,-34.12,9.));
#2659 = CARTESIAN_POINT('',(-14.8540625,-34.0846875,9.));
#2660 = SURFACE_OF_LINEAR_EXTRUSION('',#2661,#2665);
#2661 = B_SPLINE_CURVE_WITH_KNOTS('',2,(#2662,#2663,#2664),
  .UNSPECIFIED.,.F.,.F.,(3,3),(0.,1.),.PIECEWISE_BEZIER_KNOTS.);
#2662 = CARTESIAN_POINT('',(-15.3765625,-34.12,9.));
#2663 = CARTESIAN_POINT('',(-15.0953125,-34.12,9.));
#2664 = CARTESIAN_POINT('',(-14.8540625,-34.0846875,9.));
#2665 = VECTOR('',#2666,1.);
#2666 = DIRECTION('',(-0.,-0.,-1.));
#2667 = ADVANCED_FACE('',(#2668),#2693,.T.);
#2668 = FACE_BOUND('',#2669,.T.);
#2669 = EDGE_LOOP('',(#2670,#2680,#2686,#2687));
#2670 = ORIENTED_EDGE('',*,*,#2671,.T.);
#2671 = EDGE_CURVE('',#2672,#2674,#2676,.T.);
#2672 = VERTEX_POINT('',#2673);
#2673 = CARTESIAN_POINT('',(-16.975,-33.5134375,9.));
#2674 = VERTEX_POINT('',#2675);
#2675 = CARTESIAN_POINT('',(-16.975,-33.5134375,10.));
#2676 = LINE('',#2677,#2678);
#2677 = CARTESIAN_POINT('',(-16.975,-33.5134375,9.));
#2678 = VECTOR('',#2679,1.);
#2679 = DIRECTION('',(0.,0.,1.));
#2680 = ORIENTED_EDGE('',*,*,#2681,.T.);
#2681 = EDGE_CURVE('',#2674,#2641,#2682,.T.);
#2682 = B_SPLINE_CURVE_WITH_KNOTS('',2,(#2683,#2684,#2685),
  .UNSPECIFIED.,.F.,.F.,(3,3),(0.,1.),.PIECEWISE_BEZIER_KNOTS.);
#2683 = CARTESIAN_POINT('',(-16.975,-33.5134375,10.));
#2684 = CARTESIAN_POINT('',(-16.4125,-34.12,10.));
#2685 = CARTESIAN_POINT('',(-15.3765625,-34.12,10.));
#2686 = ORIENTED_EDGE('',*,*,#2638,.F.);
#2687 = ORIENTED_EDGE('',*,*,#2688,.F.);
#2688 = EDGE_CURVE('',#2672,#2639,#2689,.T.);
#2689 = B_SPLINE_CURVE_WITH_KNOTS('',2,(#2690,#2691,#2692),
  .UNSPECIFIED.,.F.,.F.,(3,3),(0.,1.),.PIECEWISE_BEZIER_KNOTS.);
#2690 = CARTESIAN_POINT('',(-16.975,-33.5134375,9.));
#2691 = CARTESIAN_POINT('',(-16.4125,-34.12,9.));
#2692 = CARTESIAN_POINT('',(-15.3765625,-34.12,9.));
#2693 = SURFACE_OF_LINEAR_EXTRUSION('',#2694,#2698);
#2694 = B_SPLINE_CURVE_WITH_KNOTS('',2,(#2695,#2696,#2697),
  .UNSPECIFIED.,.F.,.F.,(3,3),(0.,1.),.PIECEWISE_BEZIER_KNOTS.);
#2695 = CARTESIAN_POINT('',(-16.975,-33.5134375,9.));
#2696 = CARTESIAN_POINT('',(-16.4125,-34.12,9.));
#2697 = CARTESIAN_POINT('',(-15.3765625,-34.12,9.));
#2698 = VECTOR('',#2699,1.);
#2699 = DIRECTION('',(-0.,-0.,-1.));
#2700 = ADVANCED_FACE('',(#2701),#2726,.T.);
#2701 = FACE_BOUND('',#2702,.T.);
#2702 = EDGE_LOOP('',(#2703,#2713,#2719,#2720));
#2703 = ORIENTED_EDGE('',*,*,#2704,.T.);
#2704 = EDGE_CURVE('',#2705,#2707,#2709,.T.);
#2705 = VERTEX_POINT('',#2706);
#2706 = CARTESIAN_POINT('',(-17.5375,-31.7925,9.));
#2707 = VERTEX_POINT('',#2708);
#2708 = CARTESIAN_POINT('',(-17.5375,-31.7925,10.));
#2709 = LINE('',#2710,#2711);
#2710 = CARTESIAN_POINT('',(-17.5375,-31.7925,9.));
#2711 = VECTOR('',#2712,1.);
#2712 = DIRECTION('',(0.,0.,1.));
#2713 = ORIENTED_EDGE('',*,*,#2714,.T.);
#2714 = EDGE_CURVE('',#2707,#2674,#2715,.T.);
#2715 = B_SPLINE_CURVE_WITH_KNOTS('',2,(#2716,#2717,#2718),
  .UNSPECIFIED.,.F.,.F.,(3,3),(0.,1.),.PIECEWISE_BEZIER_KNOTS.);
#2716 = CARTESIAN_POINT('',(-17.5375,-31.7925,10.));
#2717 = CARTESIAN_POINT('',(-17.5375,-32.906875,10.));
#2718 = CARTESIAN_POINT('',(-16.975,-33.5134375,10.));
#2719 = ORIENTED_EDGE('',*,*,#2671,.F.);
#2720 = ORIENTED_EDGE('',*,*,#2721,.F.);
#2721 = EDGE_CURVE('',#2705,#2672,#2722,.T.);
#2722 = B_SPLINE_CURVE_WITH_KNOTS('',2,(#2723,#2724,#2725),
  .UNSPECIFIED.,.F.,.F.,(3,3),(0.,1.),.PIECEWISE_BEZIER_KNOTS.);
#2723 = CARTESIAN_POINT('',(-17.5375,-31.7925,9.));
#2724 = CARTESIAN_POINT('',(-17.5375,-32.906875,9.));
#2725 = CARTESIAN_POINT('',(-16.975,-33.5134375,9.));
#2726 = SURFACE_OF_LINEAR_EXTRUSION('',#2727,#2731);
#2727 = B_SPLINE_CURVE_WITH_KNOTS('',2,(#2728,#2729,#2730),
  .UNSPECIFIED.,.F.,.F.,(3,3),(0.,1.),.PIECEWISE_BEZIER_KNOTS.);
#2728 = CARTESIAN_POINT('',(-17.5375,-31.7925,9.));
#2729 = CARTESIAN_POINT('',(-17.5375,-32.906875,9.));
#2730 = CARTESIAN_POINT('',(-16.975,-33.5134375,9.));
#2731 = VECTOR('',#2732,1.);
#2732 = DIRECTION('',(-0.,-0.,-1.));
#2733 = ADVANCED_FACE('',(#2734),#2759,.T.);
#2734 = FACE_BOUND('',#2735,.T.);
#2735 = EDGE_LOOP('',(#2736,#2746,#2752,#2753));
#2736 = ORIENTED_EDGE('',*,*,#2737,.T.);
#2737 = EDGE_CURVE('',#2738,#2740,#2742,.T.);
#2738 = VERTEX_POINT('',#2739);
#2739 = CARTESIAN_POINT('',(-16.9540625,-30.064375,9.));
#2740 = VERTEX_POINT('',#2741);
#2741 = CARTESIAN_POINT('',(-16.9540625,-30.064375,10.));
#2742 = LINE('',#2743,#2744);
#2743 = CARTESIAN_POINT('',(-16.9540625,-30.064375,9.));
#2744 = VECTOR('',#2745,1.);
#2745 = DIRECTION('',(0.,0.,1.));
#2746 = ORIENTED_EDGE('',*,*,#2747,.T.);
#2747 = EDGE_CURVE('',#2740,#2707,#2748,.T.);
#2748 = B_SPLINE_CURVE_WITH_KNOTS('',2,(#2749,#2750,#2751),
  .UNSPECIFIED.,.F.,.F.,(3,3),(0.,1.),.PIECEWISE_BEZIER_KNOTS.);
#2749 = CARTESIAN_POINT('',(-16.9540625,-30.064375,10.));
#2750 = CARTESIAN_POINT('',(-17.5375,-30.6684375,10.));
#2751 = CARTESIAN_POINT('',(-17.5375,-31.7925,10.));
#2752 = ORIENTED_EDGE('',*,*,#2704,.F.);
#2753 = ORIENTED_EDGE('',*,*,#2754,.F.);
#2754 = EDGE_CURVE('',#2738,#2705,#2755,.T.);
#2755 = B_SPLINE_CURVE_WITH_KNOTS('',2,(#2756,#2757,#2758),
  .UNSPECIFIED.,.F.,.F.,(3,3),(0.,1.),.PIECEWISE_BEZIER_KNOTS.);
#2756 = CARTESIAN_POINT('',(-16.9540625,-30.064375,9.));
#2757 = CARTESIAN_POINT('',(-17.5375,-30.6684375,9.));
#2758 = CARTESIAN_POINT('',(-17.5375,-31.7925,9.));
#2759 = SURFACE_OF_LINEAR_EXTRUSION('',#2760,#2764);
#2760 = B_SPLINE_CURVE_WITH_KNOTS('',2,(#2761,#2762,#2763),
  .UNSPECIFIED.,.F.,.F.,(3,3),(0.,1.),.PIECEWISE_BEZIER_KNOTS.);
#2761 = CARTESIAN_POINT('',(-16.9540625,-30.064375,9.));
#2762 = CARTESIAN_POINT('',(-17.5375,-30.6684375,9.));
#2763 = CARTESIAN_POINT('',(-17.5375,-31.7925,9.));
#2764 = VECTOR('',#2765,1.);
#2765 = DIRECTION('',(-0.,-0.,-1.));
#2766 = ADVANCED_FACE('',(#2767),#2792,.T.);
#2767 = FACE_BOUND('',#2768,.T.);
#2768 = EDGE_LOOP('',(#2769,#2779,#2785,#2786));
#2769 = ORIENTED_EDGE('',*,*,#2770,.T.);
#2770 = EDGE_CURVE('',#2771,#2773,#2775,.T.);
#2771 = VERTEX_POINT('',#2772);
#2772 = CARTESIAN_POINT('',(-15.2921875,-29.46,9.));
#2773 = VERTEX_POINT('',#2774);
#2774 = CARTESIAN_POINT('',(-15.2921875,-29.46,10.));
#2775 = LINE('',#2776,#2777);
#2776 = CARTESIAN_POINT('',(-15.2921875,-29.46,9.));
#2777 = VECTOR('',#2778,1.);
#2778 = DIRECTION('',(0.,0.,1.));
#2779 = ORIENTED_EDGE('',*,*,#2780,.T.);
#2780 = EDGE_CURVE('',#2773,#2740,#2781,.T.);
#2781 = B_SPLINE_CURVE_WITH_KNOTS('',2,(#2782,#2783,#2784),
  .UNSPECIFIED.,.F.,.F.,(3,3),(0.,1.),.PIECEWISE_BEZIER_KNOTS.);
#2782 = CARTESIAN_POINT('',(-15.2921875,-29.46,10.));
#2783 = CARTESIAN_POINT('',(-16.3703125,-29.46,10.));
#2784 = CARTESIAN_POINT('',(-16.9540625,-30.064375,10.));
#2785 = ORIENTED_EDGE('',*,*,#2737,.F.);
#2786 = ORIENTED_EDGE('',*,*,#2787,.F.);
#2787 = EDGE_CURVE('',#2771,#2738,#2788,.T.);
#2788 = B_SPLINE_CURVE_WITH_KNOTS('',2,(#2789,#2790,#2791),
  .UNSPECIFIED.,.F.,.F.,(3,3),(0.,1.),.PIECEWISE_BEZIER_KNOTS.);
#2789 = CARTESIAN_POINT('',(-15.2921875,-29.46,9.));
#2790 = CARTESIAN_POINT('',(-16.3703125,-29.46,9.));
#2791 = CARTESIAN_POINT('',(-16.9540625,-30.064375,9.));
#2792 = SURFACE_OF_LINEAR_EXTRUSION('',#2793,#2797);
#2793 = B_SPLINE_CURVE_WITH_KNOTS('',2,(#2794,#2795,#2796),
  .UNSPECIFIED.,.F.,.F.,(3,3),(0.,1.),.PIECEWISE_BEZIER_KNOTS.);
#2794 = CARTESIAN_POINT('',(-15.2921875,-29.46,9.));
#2795 = CARTESIAN_POINT('',(-16.3703125,-29.46,9.));
#2796 = CARTESIAN_POINT('',(-16.9540625,-30.064375,9.));
#2797 = VECTOR('',#2798,1.);
#2798 = DIRECTION('',(-0.,-0.,-1.));
#2799 = ADVANCED_FACE('',(#2800),#2825,.T.);
#2800 = FACE_BOUND('',#2801,.T.);
#2801 = EDGE_LOOP('',(#2802,#2812,#2818,#2819));
#2802 = ORIENTED_EDGE('',*,*,#2803,.T.);
#2803 = EDGE_CURVE('',#2804,#2806,#2808,.T.);
#2804 = VERTEX_POINT('',#2805);
#2805 = CARTESIAN_POINT('',(-14.1321875,-29.6240625,9.));
#2806 = VERTEX_POINT('',#2807);
#2807 = CARTESIAN_POINT('',(-14.1321875,-29.6240625,10.));
#2808 = LINE('',#2809,#2810);
#2809 = CARTESIAN_POINT('',(-14.1321875,-29.6240625,9.));
#2810 = VECTOR('',#2811,1.);
#2811 = DIRECTION('',(0.,0.,1.));
#2812 = ORIENTED_EDGE('',*,*,#2813,.T.);
#2813 = EDGE_CURVE('',#2806,#2773,#2814,.T.);
#2814 = B_SPLINE_CURVE_WITH_KNOTS('',2,(#2815,#2816,#2817),
  .UNSPECIFIED.,.F.,.F.,(3,3),(0.,1.),.PIECEWISE_BEZIER_KNOTS.);
#2815 = CARTESIAN_POINT('',(-14.1321875,-29.6240625,10.));
#2816 = CARTESIAN_POINT('',(-14.7109375,-29.46,10.));
#2817 = CARTESIAN_POINT('',(-15.2921875,-29.46,10.));
#2818 = ORIENTED_EDGE('',*,*,#2770,.F.);
#2819 = ORIENTED_EDGE('',*,*,#2820,.F.);
#2820 = EDGE_CURVE('',#2804,#2771,#2821,.T.);
#2821 = B_SPLINE_CURVE_WITH_KNOTS('',2,(#2822,#2823,#2824),
  .UNSPECIFIED.,.F.,.F.,(3,3),(0.,1.),.PIECEWISE_BEZIER_KNOTS.);
#2822 = CARTESIAN_POINT('',(-14.1321875,-29.6240625,9.));
#2823 = CARTESIAN_POINT('',(-14.7109375,-29.46,9.));
#2824 = CARTESIAN_POINT('',(-15.2921875,-29.46,9.));
#2825 = SURFACE_OF_LINEAR_EXTRUSION('',#2826,#2830);
#2826 = B_SPLINE_CURVE_WITH_KNOTS('',2,(#2827,#2828,#2829),
  .UNSPECIFIED.,.F.,.F.,(3,3),(0.,1.),.PIECEWISE_BEZIER_KNOTS.);
#2827 = CARTESIAN_POINT('',(-14.1321875,-29.6240625,9.));
#2828 = CARTESIAN_POINT('',(-14.7109375,-29.46,9.));
#2829 = CARTESIAN_POINT('',(-15.2921875,-29.46,9.));
#2830 = VECTOR('',#2831,1.);
#2831 = DIRECTION('',(-0.,-0.,-1.));
#2832 = ADVANCED_FACE('',(#2833),#2858,.T.);
#2833 = FACE_BOUND('',#2834,.T.);
#2834 = EDGE_LOOP('',(#2835,#2845,#2851,#2852));
#2835 = ORIENTED_EDGE('',*,*,#2836,.T.);
#2836 = EDGE_CURVE('',#2837,#2839,#2841,.T.);
#2837 = VERTEX_POINT('',#2838);
#2838 = CARTESIAN_POINT('',(-12.9671875,-30.12,9.));
#2839 = VERTEX_POINT('',#2840);
#2840 = CARTESIAN_POINT('',(-12.9671875,-30.12,10.));
#2841 = LINE('',#2842,#2843);
#2842 = CARTESIAN_POINT('',(-12.9671875,-30.12,9.));
#2843 = VECTOR('',#2844,1.);
#2844 = DIRECTION('',(0.,0.,1.));
#2845 = ORIENTED_EDGE('',*,*,#2846,.T.);
#2846 = EDGE_CURVE('',#2839,#2806,#2847,.T.);
#2847 = B_SPLINE_CURVE_WITH_KNOTS('',2,(#2848,#2849,#2850),
  .UNSPECIFIED.,.F.,.F.,(3,3),(0.,1.),.PIECEWISE_BEZIER_KNOTS.);
#2848 = CARTESIAN_POINT('',(-12.9671875,-30.12,10.));
#2849 = CARTESIAN_POINT('',(-13.553125,-29.7878125,10.));
#2850 = CARTESIAN_POINT('',(-14.1321875,-29.6240625,10.));
#2851 = ORIENTED_EDGE('',*,*,#2803,.F.);
#2852 = ORIENTED_EDGE('',*,*,#2853,.F.);
#2853 = EDGE_CURVE('',#2837,#2804,#2854,.T.);
#2854 = B_SPLINE_CURVE_WITH_KNOTS('',2,(#2855,#2856,#2857),
  .UNSPECIFIED.,.F.,.F.,(3,3),(0.,1.),.PIECEWISE_BEZIER_KNOTS.);
#2855 = CARTESIAN_POINT('',(-12.9671875,-30.12,9.));
#2856 = CARTESIAN_POINT('',(-13.553125,-29.7878125,9.));
#2857 = CARTESIAN_POINT('',(-14.1321875,-29.6240625,9.));
#2858 = SURFACE_OF_LINEAR_EXTRUSION('',#2859,#2863);
#2859 = B_SPLINE_CURVE_WITH_KNOTS('',2,(#2860,#2861,#2862),
  .UNSPECIFIED.,.F.,.F.,(3,3),(0.,1.),.PIECEWISE_BEZIER_KNOTS.);
#2860 = CARTESIAN_POINT('',(-12.9671875,-30.12,9.));
#2861 = CARTESIAN_POINT('',(-13.553125,-29.7878125,9.));
#2862 = CARTESIAN_POINT('',(-14.1321875,-29.6240625,9.));
#2863 = VECTOR('',#2864,1.);
#2864 = DIRECTION('',(-0.,-0.,-1.));
#2865 = ADVANCED_FACE('',(#2866),#2891,.T.);
#2866 = FACE_BOUND('',#2867,.T.);
#2867 = EDGE_LOOP('',(#2868,#2878,#2884,#2885));
#2868 = ORIENTED_EDGE('',*,*,#2869,.T.);
#2869 = EDGE_CURVE('',#2870,#2872,#2874,.T.);
#2870 = VERTEX_POINT('',#2871);
#2871 = CARTESIAN_POINT('',(-12.9671875,-28.6771875,9.));
#2872 = VERTEX_POINT('',#2873);
#2873 = CARTESIAN_POINT('',(-12.9671875,-28.6771875,10.));
#2874 = LINE('',#2875,#2876);
#2875 = CARTESIAN_POINT('',(-12.9671875,-28.6771875,9.));
#2876 = VECTOR('',#2877,1.);
#2877 = DIRECTION('',(0.,0.,1.));
#2878 = ORIENTED_EDGE('',*,*,#2879,.T.);
#2879 = EDGE_CURVE('',#2872,#2839,#2880,.T.);
#2880 = LINE('',#2881,#2882);
#2881 = CARTESIAN_POINT('',(-12.9671875,-28.6771875,10.));
#2882 = VECTOR('',#2883,1.);
#2883 = DIRECTION('',(0.,-1.,0.));
#2884 = ORIENTED_EDGE('',*,*,#2836,.F.);
#2885 = ORIENTED_EDGE('',*,*,#2886,.F.);
#2886 = EDGE_CURVE('',#2870,#2837,#2887,.T.);
#2887 = LINE('',#2888,#2889);
#2888 = CARTESIAN_POINT('',(-12.9671875,-28.6771875,9.));
#2889 = VECTOR('',#2890,1.);
#2890 = DIRECTION('',(0.,-1.,0.));
#2891 = PLANE('',#2892);
#2892 = AXIS2_PLACEMENT_3D('',#2893,#2894,#2895);
#2893 = CARTESIAN_POINT('',(-12.9671875,-28.6771875,9.));
#2894 = DIRECTION('',(1.,0.,-0.));
#2895 = DIRECTION('',(0.,-1.,0.));
#2896 = ADVANCED_FACE('',(#2897),#2922,.T.);
#2897 = FACE_BOUND('',#2898,.T.);
#2898 = EDGE_LOOP('',(#2899,#2909,#2915,#2916));
#2899 = ORIENTED_EDGE('',*,*,#2900,.T.);
#2900 = EDGE_CURVE('',#2901,#2903,#2905,.T.);
#2901 = VERTEX_POINT('',#2902);
#2902 = CARTESIAN_POINT('',(-14.174375,-28.290625,9.));
#2903 = VERTEX_POINT('',#2904);
#2904 = CARTESIAN_POINT('',(-14.174375,-28.290625,10.));
#2905 = LINE('',#2906,#2907);
#2906 = CARTESIAN_POINT('',(-14.174375,-28.290625,9.));
#2907 = VECTOR('',#2908,1.);
#2908 = DIRECTION('',(0.,0.,1.));
#2909 = ORIENTED_EDGE('',*,*,#2910,.T.);
#2910 = EDGE_CURVE('',#2903,#2872,#2911,.T.);
#2911 = B_SPLINE_CURVE_WITH_KNOTS('',2,(#2912,#2913,#2914),
  .UNSPECIFIED.,.F.,.F.,(3,3),(0.,1.),.PIECEWISE_BEZIER_KNOTS.);
#2912 = CARTESIAN_POINT('',(-14.174375,-28.290625,10.));
#2913 = CARTESIAN_POINT('',(-13.534375,-28.4209375,10.));
#2914 = CARTESIAN_POINT('',(-12.9671875,-28.6771875,10.));
#2915 = ORIENTED_EDGE('',*,*,#2869,.F.);
#2916 = ORIENTED_EDGE('',*,*,#2917,.F.);
#2917 = EDGE_CURVE('',#2901,#2870,#2918,.T.);
#2918 = B_SPLINE_CURVE_WITH_KNOTS('',2,(#2919,#2920,#2921),
  .UNSPECIFIED.,.F.,.F.,(3,3),(0.,1.),.PIECEWISE_BEZIER_KNOTS.);
#2919 = CARTESIAN_POINT('',(-14.174375,-28.290625,9.));
#2920 = CARTESIAN_POINT('',(-13.534375,-28.4209375,9.));
#2921 = CARTESIAN_POINT('',(-12.9671875,-28.6771875,9.));
#2922 = SURFACE_OF_LINEAR_EXTRUSION('',#2923,#2927);
#2923 = B_SPLINE_CURVE_WITH_KNOTS('',2,(#2924,#2925,#2926),
  .UNSPECIFIED.,.F.,.F.,(3,3),(0.,1.),.PIECEWISE_BEZIER_KNOTS.);
#2924 = CARTESIAN_POINT('',(-14.174375,-28.290625,9.));
#2925 = CARTESIAN_POINT('',(-13.534375,-28.4209375,9.));
#2926 = CARTESIAN_POINT('',(-12.9671875,-28.6771875,9.));
#2927 = VECTOR('',#2928,1.);
#2928 = DIRECTION('',(-0.,-0.,-1.));
#2929 = ADVANCED_FACE('',(#2930),#2955,.T.);
#2930 = FACE_BOUND('',#2931,.T.);
#2931 = EDGE_LOOP('',(#2932,#2942,#2948,#2949));
#2932 = ORIENTED_EDGE('',*,*,#2933,.T.);
#2933 = EDGE_CURVE('',#2934,#2936,#2938,.T.);
#2934 = VERTEX_POINT('',#2935);
#2935 = CARTESIAN_POINT('',(-15.5125,-28.16,9.));
#2936 = VERTEX_POINT('',#2937);
#2937 = CARTESIAN_POINT('',(-15.5125,-28.16,10.));
#2938 = LINE('',#2939,#2940);
#2939 = CARTESIAN_POINT('',(-15.5125,-28.16,9.));
#2940 = VECTOR('',#2941,1.);
#2941 = DIRECTION('',(0.,0.,1.));
#2942 = ORIENTED_EDGE('',*,*,#2943,.T.);
#2943 = EDGE_CURVE('',#2936,#2903,#2944,.T.);
#2944 = B_SPLINE_CURVE_WITH_KNOTS('',2,(#2945,#2946,#2947),
  .UNSPECIFIED.,.F.,.F.,(3,3),(0.,1.),.PIECEWISE_BEZIER_KNOTS.);
#2945 = CARTESIAN_POINT('',(-15.5125,-28.16,10.));
#2946 = CARTESIAN_POINT('',(-14.8140625,-28.16,10.));
#2947 = CARTESIAN_POINT('',(-14.174375,-28.290625,10.));
#2948 = ORIENTED_EDGE('',*,*,#2900,.F.);
#2949 = ORIENTED_EDGE('',*,*,#2950,.F.);
#2950 = EDGE_CURVE('',#2934,#2901,#2951,.T.);
#2951 = B_SPLINE_CURVE_WITH_KNOTS('',2,(#2952,#2953,#2954),
  .UNSPECIFIED.,.F.,.F.,(3,3),(0.,1.),.PIECEWISE_BEZIER_KNOTS.);
#2952 = CARTESIAN_POINT('',(-15.5125,-28.16,9.));
#2953 = CARTESIAN_POINT('',(-14.8140625,-28.16,9.));
#2954 = CARTESIAN_POINT('',(-14.174375,-28.290625,9.));
#2955 = SURFACE_OF_LINEAR_EXTRUSION('',#2956,#2960);
#2956 = B_SPLINE_CURVE_WITH_KNOTS('',2,(#2957,#2958,#2959),
  .UNSPECIFIED.,.F.,.F.,(3,3),(0.,1.),.PIECEWISE_BEZIER_KNOTS.);
#2957 = CARTESIAN_POINT('',(-15.5125,-28.16,9.));
#2958 = CARTESIAN_POINT('',(-14.8140625,-28.16,9.));
#2959 = CARTESIAN_POINT('',(-14.174375,-28.290625,9.));
#2960 = VECTOR('',#2961,1.);
#2961 = DIRECTION('',(-0.,-0.,-1.));
#2962 = ADVANCED_FACE('',(#2963),#2988,.T.);
#2963 = FACE_BOUND('',#2964,.T.);
#2964 = EDGE_LOOP('',(#2965,#2975,#2981,#2982));
#2965 = ORIENTED_EDGE('',*,*,#2966,.T.);
#2966 = EDGE_CURVE('',#2967,#2969,#2971,.T.);
#2967 = VERTEX_POINT('',#2968);
#2968 = CARTESIAN_POINT('',(-18.3625,-29.1303125,9.));
#2969 = VERTEX_POINT('',#2970);
#2970 = CARTESIAN_POINT('',(-18.3625,-29.1303125,10.));
#2971 = LINE('',#2972,#2973);
#2972 = CARTESIAN_POINT('',(-18.3625,-29.1303125,9.));
#2973 = VECTOR('',#2974,1.);
#2974 = DIRECTION('',(0.,0.,1.));
#2975 = ORIENTED_EDGE('',*,*,#2976,.T.);
#2976 = EDGE_CURVE('',#2969,#2936,#2977,.T.);
#2977 = B_SPLINE_CURVE_WITH_KNOTS('',2,(#2978,#2979,#2980),
  .UNSPECIFIED.,.F.,.F.,(3,3),(0.,1.),.PIECEWISE_BEZIER_KNOTS.);
#2978 = CARTESIAN_POINT('',(-18.3625,-29.1303125,10.));
#2979 = CARTESIAN_POINT('',(-17.321875,-28.16,10.));
#2980 = CARTESIAN_POINT('',(-15.5125,-28.16,10.));
#2981 = ORIENTED_EDGE('',*,*,#2933,.F.);
#2982 = ORIENTED_EDGE('',*,*,#2983,.F.);
#2983 = EDGE_CURVE('',#2967,#2934,#2984,.T.);
#2984 = B_SPLINE_CURVE_WITH_KNOTS('',2,(#2985,#2986,#2987),
  .UNSPECIFIED.,.F.,.F.,(3,3),(0.,1.),.PIECEWISE_BEZIER_KNOTS.);
#2985 = CARTESIAN_POINT('',(-18.3625,-29.1303125,9.));
#2986 = CARTESIAN_POINT('',(-17.321875,-28.16,9.));
#2987 = CARTESIAN_POINT('',(-15.5125,-28.16,9.));
#2988 = SURFACE_OF_LINEAR_EXTRUSION('',#2989,#2993);
#2989 = B_SPLINE_CURVE_WITH_KNOTS('',2,(#2990,#2991,#2992),
  .UNSPECIFIED.,.F.,.F.,(3,3),(0.,1.),.PIECEWISE_BEZIER_KNOTS.);
#2990 = CARTESIAN_POINT('',(-18.3625,-29.1303125,9.));
#2991 = CARTESIAN_POINT('',(-17.321875,-28.16,9.));
#2992 = CARTESIAN_POINT('',(-15.5125,-28.16,9.));
#2993 = VECTOR('',#2994,1.);
#2994 = DIRECTION('',(-0.,-0.,-1.));
#2995 = ADVANCED_FACE('',(#2996),#3021,.T.);
#2996 = FACE_BOUND('',#2997,.T.);
#2997 = EDGE_LOOP('',(#2998,#3008,#3014,#3015));
#2998 = ORIENTED_EDGE('',*,*,#2999,.T.);
#2999 = EDGE_CURVE('',#3000,#3002,#3004,.T.);
#3000 = VERTEX_POINT('',#3001);
#3001 = CARTESIAN_POINT('',(-19.403125,-31.7921875,9.));
#3002 = VERTEX_POINT('',#3003);
#3003 = CARTESIAN_POINT('',(-19.403125,-31.7921875,10.));
#3004 = LINE('',#3005,#3006);
#3005 = CARTESIAN_POINT('',(-19.403125,-31.7921875,9.));
#3006 = VECTOR('',#3007,1.);
#3007 = DIRECTION('',(0.,0.,1.));
#3008 = ORIENTED_EDGE('',*,*,#3009,.T.);
#3009 = EDGE_CURVE('',#3002,#2969,#3010,.T.);
#3010 = B_SPLINE_CURVE_WITH_KNOTS('',2,(#3011,#3012,#3013),
  .UNSPECIFIED.,.F.,.F.,(3,3),(0.,1.),.PIECEWISE_BEZIER_KNOTS.);
#3011 = CARTESIAN_POINT('',(-19.403125,-31.7921875,10.));
#3012 = CARTESIAN_POINT('',(-19.403125,-30.1003125,10.));
#3013 = CARTESIAN_POINT('',(-18.3625,-29.1303125,10.));
#3014 = ORIENTED_EDGE('',*,*,#2966,.F.);
#3015 = ORIENTED_EDGE('',*,*,#3016,.F.);
#3016 = EDGE_CURVE('',#3000,#2967,#3017,.T.);
#3017 = B_SPLINE_CURVE_WITH_KNOTS('',2,(#3018,#3019,#3020),
  .UNSPECIFIED.,.F.,.F.,(3,3),(0.,1.),.PIECEWISE_BEZIER_KNOTS.);
#3018 = CARTESIAN_POINT('',(-19.403125,-31.7921875,9.));
#3019 = CARTESIAN_POINT('',(-19.403125,-30.1003125,9.));
#3020 = CARTESIAN_POINT('',(-18.3625,-29.1303125,9.));
#3021 = SURFACE_OF_LINEAR_EXTRUSION('',#3022,#3026);
#3022 = B_SPLINE_CURVE_WITH_KNOTS('',2,(#3023,#3024,#3025),
  .UNSPECIFIED.,.F.,.F.,(3,3),(0.,1.),.PIECEWISE_BEZIER_KNOTS.);
#3023 = CARTESIAN_POINT('',(-19.403125,-31.7921875,9.));
#3024 = CARTESIAN_POINT('',(-19.403125,-30.1003125,9.));
#3025 = CARTESIAN_POINT('',(-18.3625,-29.1303125,9.));
#3026 = VECTOR('',#3027,1.);
#3027 = DIRECTION('',(-0.,-0.,-1.));
#3028 = ADVANCED_FACE('',(#3029),#3054,.T.);
#3029 = FACE_BOUND('',#3030,.T.);
#3030 = EDGE_LOOP('',(#3031,#3041,#3047,#3048));
#3031 = ORIENTED_EDGE('',*,*,#3032,.T.);
#3032 = EDGE_CURVE('',#3033,#3035,#3037,.T.);
#3033 = VERTEX_POINT('',#3034);
#3034 = CARTESIAN_POINT('',(-18.38125,-34.4428125,9.));
#3035 = VERTEX_POINT('',#3036);
#3036 = CARTESIAN_POINT('',(-18.38125,-34.4428125,10.));
#3037 = LINE('',#3038,#3039);
#3038 = CARTESIAN_POINT('',(-18.38125,-34.4428125,9.));
#3039 = VECTOR('',#3040,1.);
#3040 = DIRECTION('',(0.,0.,1.));
#3041 = ORIENTED_EDGE('',*,*,#3042,.T.);
#3042 = EDGE_CURVE('',#3035,#3002,#3043,.T.);
#3043 = B_SPLINE_CURVE_WITH_KNOTS('',2,(#3044,#3045,#3046),
  .UNSPECIFIED.,.F.,.F.,(3,3),(0.,1.),.PIECEWISE_BEZIER_KNOTS.);
#3044 = CARTESIAN_POINT('',(-18.38125,-34.4428125,10.));
#3045 = CARTESIAN_POINT('',(-19.403125,-33.465625,10.));
#3046 = CARTESIAN_POINT('',(-19.403125,-31.7921875,10.));
#3047 = ORIENTED_EDGE('',*,*,#2999,.F.);
#3048 = ORIENTED_EDGE('',*,*,#3049,.F.);
#3049 = EDGE_CURVE('',#3033,#3000,#3050,.T.);
#3050 = B_SPLINE_CURVE_WITH_KNOTS('',2,(#3051,#3052,#3053),
  .UNSPECIFIED.,.F.,.F.,(3,3),(0.,1.),.PIECEWISE_BEZIER_KNOTS.);
#3051 = CARTESIAN_POINT('',(-18.38125,-34.4428125,9.));
#3052 = CARTESIAN_POINT('',(-19.403125,-33.465625,9.));
#3053 = CARTESIAN_POINT('',(-19.403125,-31.7921875,9.));
#3054 = SURFACE_OF_LINEAR_EXTRUSION('',#3055,#3059);
#3055 = B_SPLINE_CURVE_WITH_KNOTS('',2,(#3056,#3057,#3058),
  .UNSPECIFIED.,.F.,.F.,(3,3),(0.,1.),.PIECEWISE_BEZIER_KNOTS.);
#3056 = CARTESIAN_POINT('',(-18.38125,-34.4428125,9.));
#3057 = CARTESIAN_POINT('',(-19.403125,-33.465625,9.));
#3058 = CARTESIAN_POINT('',(-19.403125,-31.7921875,9.));
#3059 = VECTOR('',#3060,1.);
#3060 = DIRECTION('',(-0.,-0.,-1.));
#3061 = ADVANCED_FACE('',(#3062),#3087,.T.);
#3062 = FACE_BOUND('',#3063,.T.);
#3063 = EDGE_LOOP('',(#3064,#3074,#3080,#3081));
#3064 = ORIENTED_EDGE('',*,*,#3065,.T.);
#3065 = EDGE_CURVE('',#3066,#3068,#3070,.T.);
#3066 = VERTEX_POINT('',#3067);
#3067 = CARTESIAN_POINT('',(-15.6109375,-35.42,9.));
#3068 = VERTEX_POINT('',#3069);
#3069 = CARTESIAN_POINT('',(-15.6109375,-35.42,10.));
#3070 = LINE('',#3071,#3072);
#3071 = CARTESIAN_POINT('',(-15.6109375,-35.42,9.));
#3072 = VECTOR('',#3073,1.);
#3073 = DIRECTION('',(0.,0.,1.));
#3074 = ORIENTED_EDGE('',*,*,#3075,.T.);
#3075 = EDGE_CURVE('',#3068,#3035,#3076,.T.);
#3076 = B_SPLINE_CURVE_WITH_KNOTS('',2,(#3077,#3078,#3079),
  .UNSPECIFIED.,.F.,.F.,(3,3),(0.,1.),.PIECEWISE_BEZIER_KNOTS.);
#3077 = CARTESIAN_POINT('',(-15.6109375,-35.42,10.));
#3078 = CARTESIAN_POINT('',(-17.359375,-35.42,10.));
#3079 = CARTESIAN_POINT('',(-18.38125,-34.4428125,10.));
#3080 = ORIENTED_EDGE('',*,*,#3032,.F.);
#3081 = ORIENTED_EDGE('',*,*,#3082,.F.);
#3082 = EDGE_CURVE('',#3066,#3033,#3083,.T.);
#3083 = B_SPLINE_CURVE_WITH_KNOTS('',2,(#3084,#3085,#3086),
  .UNSPECIFIED.,.F.,.F.,(3,3),(0.,1.),.PIECEWISE_BEZIER_KNOTS.);
#3084 = CARTESIAN_POINT('',(-15.6109375,-35.42,9.));
#3085 = CARTESIAN_POINT('',(-17.359375,-35.42,9.));
#3086 = CARTESIAN_POINT('',(-18.38125,-34.4428125,9.));
#3087 = SURFACE_OF_LINEAR_EXTRUSION('',#3088,#3092);
#3088 = B_SPLINE_CURVE_WITH_KNOTS('',2,(#3089,#3090,#3091),
  .UNSPECIFIED.,.F.,.F.,(3,3),(0.,1.),.PIECEWISE_BEZIER_KNOTS.);
#3089 = CARTESIAN_POINT('',(-15.6109375,-35.42,9.));
#3090 = CARTESIAN_POINT('',(-17.359375,-35.42,9.));
#3091 = CARTESIAN_POINT('',(-18.38125,-34.4428125,9.));
#3092 = VECTOR('',#3093,1.);
#3093 = DIRECTION('',(-0.,-0.,-1.));
#3094 = ADVANCED_FACE('',(#3095),#3111,.T.);
#3095 = FACE_BOUND('',#3096,.T.);
#3096 = EDGE_LOOP('',(#3097,#3098,#3104,#3105));
#3097 = ORIENTED_EDGE('',*,*,#2426,.T.);
#3098 = ORIENTED_EDGE('',*,*,#3099,.T.);
#3099 = EDGE_CURVE('',#2419,#3068,#3100,.T.);
#3100 = B_SPLINE_CURVE_WITH_KNOTS('',2,(#3101,#3102,#3103),
  .UNSPECIFIED.,.F.,.F.,(3,3),(0.,1.),.PIECEWISE_BEZIER_KNOTS.);
#3101 = CARTESIAN_POINT('',(-14.1109375,-35.256875,10.));
#3102 = CARTESIAN_POINT('',(-14.8375,-35.42,10.));
#3103 = CARTESIAN_POINT('',(-15.6109375,-35.42,10.));
#3104 = ORIENTED_EDGE('',*,*,#3065,.F.);
#3105 = ORIENTED_EDGE('',*,*,#3106,.F.);
#3106 = EDGE_CURVE('',#2427,#3066,#3107,.T.);
#3107 = B_SPLINE_CURVE_WITH_KNOTS('',2,(#3108,#3109,#3110),
  .UNSPECIFIED.,.F.,.F.,(3,3),(0.,1.),.PIECEWISE_BEZIER_KNOTS.);
#3108 = CARTESIAN_POINT('',(-14.1109375,-35.256875,9.));
#3109 = CARTESIAN_POINT('',(-14.8375,-35.42,9.));
#3110 = CARTESIAN_POINT('',(-15.6109375,-35.42,9.));
#3111 = SURFACE_OF_LINEAR_EXTRUSION('',#3112,#3116);
#3112 = B_SPLINE_CURVE_WITH_KNOTS('',2,(#3113,#3114,#3115),
  .UNSPECIFIED.,.F.,.F.,(3,3),(0.,1.),.PIECEWISE_BEZIER_KNOTS.);
#3113 = CARTESIAN_POINT('',(-14.1109375,-35.256875,9.));
#3114 = CARTESIAN_POINT('',(-14.8375,-35.42,9.));
#3115 = CARTESIAN_POINT('',(-15.6109375,-35.42,9.));
#3116 = VECTOR('',#3117,1.);
#3117 = DIRECTION('',(-0.,-0.,-1.));
#3118 = ADVANCED_FACE('',(#3119),#3143,.F.);
#3119 = FACE_BOUND('',#3120,.F.);
#3120 = EDGE_LOOP('',(#3121,#3122,#3123,#3124,#3125,#3126,#3127,#3128,
    #3129,#3130,#3131,#3132,#3133,#3134,#3135,#3136,#3137,#3138,#3139,
    #3140,#3141,#3142));
#3121 = ORIENTED_EDGE('',*,*,#2434,.F.);
#3122 = ORIENTED_EDGE('',*,*,#2467,.F.);
#3123 = ORIENTED_EDGE('',*,*,#2498,.F.);
#3124 = ORIENTED_EDGE('',*,*,#2529,.F.);
#3125 = ORIENTED_EDGE('',*,*,#2560,.F.);
#3126 = ORIENTED_EDGE('',*,*,#2591,.F.);
#3127 = ORIENTED_EDGE('',*,*,#2622,.F.);
#3128 = ORIENTED_EDGE('',*,*,#2655,.F.);
#3129 = ORIENTED_EDGE('',*,*,#2688,.F.);
#3130 = ORIENTED_EDGE('',*,*,#2721,.F.);
#3131 = ORIENTED_EDGE('',*,*,#2754,.F.);
#3132 = ORIENTED_EDGE('',*,*,#2787,.F.);
#3133 = ORIENTED_EDGE('',*,*,#2820,.F.);
#3134 = ORIENTED_EDGE('',*,*,#2853,.F.);
#3135 = ORIENTED_EDGE('',*,*,#2886,.F.);
#3136 = ORIENTED_EDGE('',*,*,#2917,.F.);
#3137 = ORIENTED_EDGE('',*,*,#2950,.F.);
#3138 = ORIENTED_EDGE('',*,*,#2983,.F.);
#3139 = ORIENTED_EDGE('',*,*,#3016,.F.);
#3140 = ORIENTED_EDGE('',*,*,#3049,.F.);
#3141 = ORIENTED_EDGE('',*,*,#3082,.F.);
#3142 = ORIENTED_EDGE('',*,*,#3106,.F.);
#3143 = PLANE('',#3144);
#3144 = AXIS2_PLACEMENT_3D('',#3145,#3146,#3147);
#3145 = CARTESIAN_POINT('',(-15.71674841703,-31.81180461523,9.));
#3146 = DIRECTION('',(0.,0.,1.));
#3147 = DIRECTION('',(1.,0.,0.));
#3148 = ADVANCED_FACE('',(#3149),#3173,.T.);
#3149 = FACE_BOUND('',#3150,.T.);
#3150 = EDGE_LOOP('',(#3151,#3152,#3153,#3154,#3155,#3156,#3157,#3158,
    #3159,#3160,#3161,#3162,#3163,#3164,#3165,#3166,#3167,#3168,#3169,
    #3170,#3171,#3172));
#3151 = ORIENTED_EDGE('',*,*,#2418,.F.);
#3152 = ORIENTED_EDGE('',*,*,#2460,.F.);
#3153 = ORIENTED_EDGE('',*,*,#2491,.F.);
#3154 = ORIENTED_EDGE('',*,*,#2522,.F.);
#3155 = ORIENTED_EDGE('',*,*,#2553,.F.);
#3156 = ORIENTED_EDGE('',*,*,#2584,.F.);
#3157 = ORIENTED_EDGE('',*,*,#2615,.F.);
#3158 = ORIENTED_EDGE('',*,*,#2648,.F.);
#3159 = ORIENTED_EDGE('',*,*,#2681,.F.);
#3160 = ORIENTED_EDGE('',*,*,#2714,.F.);
#3161 = ORIENTED_EDGE('',*,*,#2747,.F.);
#3162 = ORIENTED_EDGE('',*,*,#2780,.F.);
#3163 = ORIENTED_EDGE('',*,*,#2813,.F.);
#3164 = ORIENTED_EDGE('',*,*,#2846,.F.);
#3165 = ORIENTED_EDGE('',*,*,#2879,.F.);
#3166 = ORIENTED_EDGE('',*,*,#2910,.F.);
#3167 = ORIENTED_EDGE('',*,*,#2943,.F.);
#3168 = ORIENTED_EDGE('',*,*,#2976,.F.);
#3169 = ORIENTED_EDGE('',*,*,#3009,.F.);
#3170 = ORIENTED_EDGE('',*,*,#3042,.F.);
#3171 = ORIENTED_EDGE('',*,*,#3075,.F.);
#3172 = ORIENTED_EDGE('',*,*,#3099,.F.);
#3173 = PLANE('',#3174);
#3174 = AXIS2_PLACEMENT_3D('',#3175,#3176,#3177);
#3175 = CARTESIAN_POINT('',(-15.71674841703,-31.81180461523,10.));
#3176 = DIRECTION('',(0.,0.,1.));
#3177 = DIRECTION('',(1.,0.,0.));
#3178 = MANIFOLD_SOLID_BREP('',#3179);
#3179 = CLOSED_SHELL('',(#3180,#3220,#3251,#3282,#3313,#3344,#3375,#3406
    ,#3437,#3468,#3499,#3530,#3552,#3572));
#3180 = ADVANCED_FACE('',(#3181),#3215,.T.);
#3181 = FACE_BOUND('',#3182,.T.);
#3182 = EDGE_LOOP('',(#3183,#3193,#3201,#3209));
#3183 = ORIENTED_EDGE('',*,*,#3184,.T.);
#3184 = EDGE_CURVE('',#3185,#3187,#3189,.T.);
#3185 = VERTEX_POINT('',#3186);
#3186 = CARTESIAN_POINT('',(-11.12,-28.28,9.));
#3187 = VERTEX_POINT('',#3188);
#3188 = CARTESIAN_POINT('',(-11.12,-28.28,10.));
#3189 = LINE('',#3190,#3191);
#3190 = CARTESIAN_POINT('',(-11.12,-28.28,9.));
#3191 = VECTOR('',#3192,1.);
#3192 = DIRECTION('',(0.,0.,1.));
#3193 = ORIENTED_EDGE('',*,*,#3194,.T.);
#3194 = EDGE_CURVE('',#3187,#3195,#3197,.T.);
#3195 = VERTEX_POINT('',#3196);
#3196 = CARTESIAN_POINT('',(-9.3153125,-28.28,10.));
#3197 = LINE('',#3198,#3199);
#3198 = CARTESIAN_POINT('',(-11.12,-28.28,10.));
#3199 = VECTOR('',#3200,1.);
#3200 = DIRECTION('',(1.,0.,0.));
#3201 = ORIENTED_EDGE('',*,*,#3202,.F.);
#3202 = EDGE_CURVE('',#3203,#3195,#3205,.T.);
#3203 = VERTEX_POINT('',#3204);
#3204 = CARTESIAN_POINT('',(-9.3153125,-28.28,9.));
#3205 = LINE('',#3206,#3207);
#3206 = CARTESIAN_POINT('',(-9.3153125,-28.28,9.));
#3207 = VECTOR('',#3208,1.);
#3208 = DIRECTION('',(0.,0.,1.));
#3209 = ORIENTED_EDGE('',*,*,#3210,.F.);
#3210 = EDGE_CURVE('',#3185,#3203,#3211,.T.);
#3211 = LINE('',#3212,#3213);
#3212 = CARTESIAN_POINT('',(-11.12,-28.28,9.));
#3213 = VECTOR('',#3214,1.);
#3214 = DIRECTION('',(1.,0.,0.));
#3215 = PLANE('',#3216);
#3216 = AXIS2_PLACEMENT_3D('',#3217,#3218,#3219);
#3217 = CARTESIAN_POINT('',(-11.12,-28.28,9.));
#3218 = DIRECTION('',(0.,1.,0.));
#3219 = DIRECTION('',(1.,0.,0.));
#3220 = ADVANCED_FACE('',(#3221),#3246,.T.);
#3221 = FACE_BOUND('',#3222,.T.);
#3222 = EDGE_LOOP('',(#3223,#3233,#3239,#3240));
#3223 = ORIENTED_EDGE('',*,*,#3224,.T.);
#3224 = EDGE_CURVE('',#3225,#3227,#3229,.T.);
#3225 = VERTEX_POINT('',#3226);
#3226 = CARTESIAN_POINT('',(-11.12,-35.28,9.));
#3227 = VERTEX_POINT('',#3228);
#3228 = CARTESIAN_POINT('',(-11.12,-35.28,10.));
#3229 = LINE('',#3230,#3231);
#3230 = CARTESIAN_POINT('',(-11.12,-35.28,9.));
#3231 = VECTOR('',#3232,1.);
#3232 = DIRECTION('',(0.,0.,1.));
#3233 = ORIENTED_EDGE('',*,*,#3234,.T.);
#3234 = EDGE_CURVE('',#3227,#3187,#3235,.T.);
#3235 = LINE('',#3236,#3237);
#3236 = CARTESIAN_POINT('',(-11.12,-35.28,10.));
#3237 = VECTOR('',#3238,1.);
#3238 = DIRECTION('',(0.,1.,0.));
#3239 = ORIENTED_EDGE('',*,*,#3184,.F.);
#3240 = ORIENTED_EDGE('',*,*,#3241,.F.);
#3241 = EDGE_CURVE('',#3225,#3185,#3242,.T.);
#3242 = LINE('',#3243,#3244);
#3243 = CARTESIAN_POINT('',(-11.12,-35.28,9.));
#3244 = VECTOR('',#3245,1.);
#3245 = DIRECTION('',(0.,1.,0.));
#3246 = PLANE('',#3247);
#3247 = AXIS2_PLACEMENT_3D('',#3248,#3249,#3250);
#3248 = CARTESIAN_POINT('',(-11.12,-35.28,9.));
#3249 = DIRECTION('',(-1.,0.,0.));
#3250 = DIRECTION('',(0.,1.,0.));
#3251 = ADVANCED_FACE('',(#3252),#3277,.T.);
#3252 = FACE_BOUND('',#3253,.T.);
#3253 = EDGE_LOOP('',(#3254,#3264,#3270,#3271));
#3254 = ORIENTED_EDGE('',*,*,#3255,.T.);
#3255 = EDGE_CURVE('',#3256,#3258,#3260,.T.);
#3256 = VERTEX_POINT('',#3257);
#3257 = CARTESIAN_POINT('',(-9.3153125,-35.28,9.));
#3258 = VERTEX_POINT('',#3259);
#3259 = CARTESIAN_POINT('',(-9.3153125,-35.28,10.));
#3260 = LINE('',#3261,#3262);
#3261 = CARTESIAN_POINT('',(-9.3153125,-35.28,9.));
#3262 = VECTOR('',#3263,1.);
#3263 = DIRECTION('',(0.,0.,1.));
#3264 = ORIENTED_EDGE('',*,*,#3265,.T.);
#3265 = EDGE_CURVE('',#3258,#3227,#3266,.T.);
#3266 = LINE('',#3267,#3268);
#3267 = CARTESIAN_POINT('',(-9.3153125,-35.28,10.));
#3268 = VECTOR('',#3269,1.);
#3269 = DIRECTION('',(-1.,0.,0.));
#3270 = ORIENTED_EDGE('',*,*,#3224,.F.);
#3271 = ORIENTED_EDGE('',*,*,#3272,.F.);
#3272 = EDGE_CURVE('',#3256,#3225,#3273,.T.);
#3273 = LINE('',#3274,#3275);
#3274 = CARTESIAN_POINT('',(-9.3153125,-35.28,9.));
#3275 = VECTOR('',#3276,1.);
#3276 = DIRECTION('',(-1.,0.,0.));
#3277 = PLANE('',#3278);
#3278 = AXIS2_PLACEMENT_3D('',#3279,#3280,#3281);
#3279 = CARTESIAN_POINT('',(-9.3153125,-35.28,9.));
#3280 = DIRECTION('',(0.,-1.,0.));
#3281 = DIRECTION('',(-1.,0.,0.));
#3282 = ADVANCED_FACE('',(#3283),#3308,.T.);
#3283 = FACE_BOUND('',#3284,.T.);
#3284 = EDGE_LOOP('',(#3285,#3295,#3301,#3302));
#3285 = ORIENTED_EDGE('',*,*,#3286,.T.);
#3286 = EDGE_CURVE('',#3287,#3289,#3291,.T.);
#3287 = VERTEX_POINT('',#3288);
#3288 = CARTESIAN_POINT('',(-9.3153125,-32.32,9.));
#3289 = VERTEX_POINT('',#3290);
#3290 = CARTESIAN_POINT('',(-9.3153125,-32.32,10.));
#3291 = LINE('',#3292,#3293);
#3292 = CARTESIAN_POINT('',(-9.3153125,-32.32,9.));
#3293 = VECTOR('',#3294,1.);
#3294 = DIRECTION('',(0.,0.,1.));
#3295 = ORIENTED_EDGE('',*,*,#3296,.T.);
#3296 = EDGE_CURVE('',#3289,#3258,#3297,.T.);
#3297 = LINE('',#3298,#3299);
#3298 = CARTESIAN_POINT('',(-9.3153125,-32.32,10.));
#3299 = VECTOR('',#3300,1.);
#3300 = DIRECTION('',(0.,-1.,0.));
#3301 = ORIENTED_EDGE('',*,*,#3255,.F.);
#3302 = ORIENTED_EDGE('',*,*,#3303,.F.);
#3303 = EDGE_CURVE('',#3287,#3256,#3304,.T.);
#3304 = LINE('',#3305,#3306);
#3305 = CARTESIAN_POINT('',(-9.3153125,-32.32,9.));
#3306 = VECTOR('',#3307,1.);
#3307 = DIRECTION('',(0.,-1.,0.));
#3308 = PLANE('',#3309);
#3309 = AXIS2_PLACEMENT_3D('',#3310,#3311,#3312);
#3310 = CARTESIAN_POINT('',(-9.3153125,-32.32,9.));
#3311 = DIRECTION('',(1.,0.,-0.));
#3312 = DIRECTION('',(0.,-1.,0.));
#3313 = ADVANCED_FACE('',(#3314),#3339,.T.);
#3314 = FACE_BOUND('',#3315,.T.);
#3315 = EDGE_LOOP('',(#3316,#3326,#3332,#3333));
#3316 = ORIENTED_EDGE('',*,*,#3317,.T.);
#3317 = EDGE_CURVE('',#3318,#3320,#3322,.T.);
#3318 = VERTEX_POINT('',#3319);
#3319 = CARTESIAN_POINT('',(-6.6528125,-32.32,9.));
#3320 = VERTEX_POINT('',#3321);
#3321 = CARTESIAN_POINT('',(-6.6528125,-32.32,10.));
#3322 = LINE('',#3323,#3324);
#3323 = CARTESIAN_POINT('',(-6.6528125,-32.32,9.));
#3324 = VECTOR('',#3325,1.);
#3325 = DIRECTION('',(0.,0.,1.));
#3326 = ORIENTED_EDGE('',*,*,#3327,.T.);
#3327 = EDGE_CURVE('',#3320,#3289,#3328,.T.);
#3328 = LINE('',#3329,#3330);
#3329 = CARTESIAN_POINT('',(-6.6528125,-32.32,10.));
#3330 = VECTOR('',#3331,1.);
#3331 = DIRECTION('',(-1.,0.,0.));
#3332 = ORIENTED_EDGE('',*,*,#3286,.F.);
#3333 = ORIENTED_EDGE('',*,*,#3334,.F.);
#3334 = EDGE_CURVE('',#3318,#3287,#3335,.T.);
#3335 = LINE('',#3336,#3337);
#3336 = CARTESIAN_POINT('',(-6.6528125,-32.32,9.));
#3337 = VECTOR('',#3338,1.);
#3338 = DIRECTION('',(-1.,0.,0.));
#3339 = PLANE('',#3340);
#3340 = AXIS2_PLACEMENT_3D('',#3341,#3342,#3343);
#3341 = CARTESIAN_POINT('',(-6.6528125,-32.32,9.));
#3342 = DIRECTION('',(0.,-1.,0.));
#3343 = DIRECTION('',(-1.,0.,0.));
#3344 = ADVANCED_FACE('',(#3345),#3370,.T.);
#3345 = FACE_BOUND('',#3346,.T.);
#3346 = EDGE_LOOP('',(#3347,#3357,#3363,#3364));
#3347 = ORIENTED_EDGE('',*,*,#3348,.T.);
#3348 = EDGE_CURVE('',#3349,#3351,#3353,.T.);
#3349 = VERTEX_POINT('',#3350);
#3350 = CARTESIAN_POINT('',(-6.6528125,-35.28,9.));
#3351 = VERTEX_POINT('',#3352);
#3352 = CARTESIAN_POINT('',(-6.6528125,-35.28,10.));
#3353 = LINE('',#3354,#3355);
#3354 = CARTESIAN_POINT('',(-6.6528125,-35.28,9.));
#3355 = VECTOR('',#3356,1.);
#3356 = DIRECTION('',(0.,0.,1.));
#3357 = ORIENTED_EDGE('',*,*,#3358,.T.);
#3358 = EDGE_CURVE('',#3351,#3320,#3359,.T.);
#3359 = LINE('',#3360,#3361);
#3360 = CARTESIAN_POINT('',(-6.6528125,-35.28,10.));
#3361 = VECTOR('',#3362,1.);
#3362 = DIRECTION('',(0.,1.,0.));
#3363 = ORIENTED_EDGE('',*,*,#3317,.F.);
#3364 = ORIENTED_EDGE('',*,*,#3365,.F.);
#3365 = EDGE_CURVE('',#3349,#3318,#3366,.T.);
#3366 = LINE('',#3367,#3368);
#3367 = CARTESIAN_POINT('',(-6.6528125,-35.28,9.));
#3368 = VECTOR('',#3369,1.);
#3369 = DIRECTION('',(0.,1.,0.));
#3370 = PLANE('',#3371);
#3371 = AXIS2_PLACEMENT_3D('',#3372,#3373,#3374);
#3372 = CARTESIAN_POINT('',(-6.6528125,-35.28,9.));
#3373 = DIRECTION('',(-1.,0.,0.));
#3374 = DIRECTION('',(0.,1.,0.));
#3375 = ADVANCED_FACE('',(#3376),#3401,.T.);
#3376 = FACE_BOUND('',#3377,.T.);
#3377 = EDGE_LOOP('',(#3378,#3388,#3394,#3395));
#3378 = ORIENTED_EDGE('',*,*,#3379,.T.);
#3379 = EDGE_CURVE('',#3380,#3382,#3384,.T.);
#3380 = VERTEX_POINT('',#3381);
#3381 = CARTESIAN_POINT('',(-4.848125,-35.28,9.));
#3382 = VERTEX_POINT('',#3383);
#3383 = CARTESIAN_POINT('',(-4.848125,-35.28,10.));
#3384 = LINE('',#3385,#3386);
#3385 = CARTESIAN_POINT('',(-4.848125,-35.28,9.));
#3386 = VECTOR('',#3387,1.);
#3387 = DIRECTION('',(0.,0.,1.));
#3388 = ORIENTED_EDGE('',*,*,#3389,.T.);
#3389 = EDGE_CURVE('',#3382,#3351,#3390,.T.);
#3390 = LINE('',#3391,#3392);
#3391 = CARTESIAN_POINT('',(-4.848125,-35.28,10.));
#3392 = VECTOR('',#3393,1.);
#3393 = DIRECTION('',(-1.,0.,0.));
#3394 = ORIENTED_EDGE('',*,*,#3348,.F.);
#3395 = ORIENTED_EDGE('',*,*,#3396,.F.);
#3396 = EDGE_CURVE('',#3380,#3349,#3397,.T.);
#3397 = LINE('',#3398,#3399);
#3398 = CARTESIAN_POINT('',(-4.848125,-35.28,9.));
#3399 = VECTOR('',#3400,1.);
#3400 = DIRECTION('',(-1.,0.,0.));
#3401 = PLANE('',#3402);
#3402 = AXIS2_PLACEMENT_3D('',#3403,#3404,#3405);
#3403 = CARTESIAN_POINT('',(-4.848125,-35.28,9.));
#3404 = DIRECTION('',(0.,-1.,0.));
#3405 = DIRECTION('',(-1.,0.,0.));
#3406 = ADVANCED_FACE('',(#3407),#3432,.T.);
#3407 = FACE_BOUND('',#3408,.T.);
#3408 = EDGE_LOOP('',(#3409,#3419,#3425,#3426));
#3409 = ORIENTED_EDGE('',*,*,#3410,.T.);
#3410 = EDGE_CURVE('',#3411,#3413,#3415,.T.);
#3411 = VERTEX_POINT('',#3412);
#3412 = CARTESIAN_POINT('',(-4.848125,-28.28,9.));
#3413 = VERTEX_POINT('',#3414);
#3414 = CARTESIAN_POINT('',(-4.848125,-28.28,10.));
#3415 = LINE('',#3416,#3417);
#3416 = CARTESIAN_POINT('',(-4.848125,-28.28,9.));
#3417 = VECTOR('',#3418,1.);
#3418 = DIRECTION('',(0.,0.,1.));
#3419 = ORIENTED_EDGE('',*,*,#3420,.T.);
#3420 = EDGE_CURVE('',#3413,#3382,#3421,.T.);
#3421 = LINE('',#3422,#3423);
#3422 = CARTESIAN_POINT('',(-4.848125,-28.28,10.));
#3423 = VECTOR('',#3424,1.);
#3424 = DIRECTION('',(0.,-1.,0.));
#3425 = ORIENTED_EDGE('',*,*,#3379,.F.);
#3426 = ORIENTED_EDGE('',*,*,#3427,.F.);
#3427 = EDGE_CURVE('',#3411,#3380,#3428,.T.);
#3428 = LINE('',#3429,#3430);
#3429 = CARTESIAN_POINT('',(-4.848125,-28.28,9.));
#3430 = VECTOR('',#3431,1.);
#3431 = DIRECTION('',(0.,-1.,0.));
#3432 = PLANE('',#3433);
#3433 = AXIS2_PLACEMENT_3D('',#3434,#3435,#3436);
#3434 = CARTESIAN_POINT('',(-4.848125,-28.28,9.));
#3435 = DIRECTION('',(1.,0.,-0.));
#3436 = DIRECTION('',(0.,-1.,0.));
#3437 = ADVANCED_FACE('',(#3438),#3463,.T.);
#3438 = FACE_BOUND('',#3439,.T.);
#3439 = EDGE_LOOP('',(#3440,#3450,#3456,#3457));
#3440 = ORIENTED_EDGE('',*,*,#3441,.T.);
#3441 = EDGE_CURVE('',#3442,#3444,#3446,.T.);
#3442 = VERTEX_POINT('',#3443);
#3443 = CARTESIAN_POINT('',(-6.6528125,-28.28,9.));
#3444 = VERTEX_POINT('',#3445);
#3445 = CARTESIAN_POINT('',(-6.6528125,-28.28,10.));
#3446 = LINE('',#3447,#3448);
#3447 = CARTESIAN_POINT('',(-6.6528125,-28.28,9.));
#3448 = VECTOR('',#3449,1.);
#3449 = DIRECTION('',(0.,0.,1.));
#3450 = ORIENTED_EDGE('',*,*,#3451,.T.);
#3451 = EDGE_CURVE('',#3444,#3413,#3452,.T.);
#3452 = LINE('',#3453,#3454);
#3453 = CARTESIAN_POINT('',(-6.6528125,-28.28,10.));
#3454 = VECTOR('',#3455,1.);
#3455 = DIRECTION('',(1.,0.,0.));
#3456 = ORIENTED_EDGE('',*,*,#3410,.F.);
#3457 = ORIENTED_EDGE('',*,*,#3458,.F.);
#3458 = EDGE_CURVE('',#3442,#3411,#3459,.T.);
#3459 = LINE('',#3460,#3461);
#3460 = CARTESIAN_POINT('',(-6.6528125,-28.28,9.));
#3461 = VECTOR('',#3462,1.);
#3462 = DIRECTION('',(1.,0.,0.));
#3463 = PLANE('',#3464);
#3464 = AXIS2_PLACEMENT_3D('',#3465,#3466,#3467);
#3465 = CARTESIAN_POINT('',(-6.6528125,-28.28,9.));
#3466 = DIRECTION('',(0.,1.,0.));
#3467 = DIRECTION('',(1.,0.,0.));
#3468 = ADVANCED_FACE('',(#3469),#3494,.T.);
#3469 = FACE_BOUND('',#3470,.T.);
#3470 = EDGE_LOOP('',(#3471,#3481,#3487,#3488));
#3471 = ORIENTED_EDGE('',*,*,#3472,.T.);
#3472 = EDGE_CURVE('',#3473,#3475,#3477,.T.);
#3473 = VERTEX_POINT('',#3474);
#3474 = CARTESIAN_POINT('',(-6.6528125,-30.96,9.));
#3475 = VERTEX_POINT('',#3476);
#3476 = CARTESIAN_POINT('',(-6.6528125,-30.96,10.));
#3477 = LINE('',#3478,#3479);
#3478 = CARTESIAN_POINT('',(-6.6528125,-30.96,9.));
#3479 = VECTOR('',#3480,1.);
#3480 = DIRECTION('',(0.,0.,1.));
#3481 = ORIENTED_EDGE('',*,*,#3482,.T.);
#3482 = EDGE_CURVE('',#3475,#3444,#3483,.T.);
#3483 = LINE('',#3484,#3485);
#3484 = CARTESIAN_POINT('',(-6.6528125,-30.96,10.));
#3485 = VECTOR('',#3486,1.);
#3486 = DIRECTION('',(0.,1.,0.));
#3487 = ORIENTED_EDGE('',*,*,#3441,.F.);
#3488 = ORIENTED_EDGE('',*,*,#3489,.F.);
#3489 = EDGE_CURVE('',#3473,#3442,#3490,.T.);
#3490 = LINE('',#3491,#3492);
#3491 = CARTESIAN_POINT('',(-6.6528125,-30.96,9.));
#3492 = VECTOR('',#3493,1.);
#3493 = DIRECTION('',(0.,1.,0.));
#3494 = PLANE('',#3495);
#3495 = AXIS2_PLACEMENT_3D('',#3496,#3497,#3498);
#3496 = CARTESIAN_POINT('',(-6.6528125,-30.96,9.));
#3497 = DIRECTION('',(-1.,0.,0.));
#3498 = DIRECTION('',(0.,1.,0.));
#3499 = ADVANCED_FACE('',(#3500),#3525,.T.);
#3500 = FACE_BOUND('',#3501,.T.);
#3501 = EDGE_LOOP('',(#3502,#3512,#3518,#3519));
#3502 = ORIENTED_EDGE('',*,*,#3503,.T.);
#3503 = EDGE_CURVE('',#3504,#3506,#3508,.T.);
#3504 = VERTEX_POINT('',#3505);
#3505 = CARTESIAN_POINT('',(-9.3153125,-30.96,9.));
#3506 = VERTEX_POINT('',#3507);
#3507 = CARTESIAN_POINT('',(-9.3153125,-30.96,10.));
#3508 = LINE('',#3509,#3510);
#3509 = CARTESIAN_POINT('',(-9.3153125,-30.96,9.));
#3510 = VECTOR('',#3511,1.);
#3511 = DIRECTION('',(0.,0.,1.));
#3512 = ORIENTED_EDGE('',*,*,#3513,.T.);
#3513 = EDGE_CURVE('',#3506,#3475,#3514,.T.);
#3514 = LINE('',#3515,#3516);
#3515 = CARTESIAN_POINT('',(-9.3153125,-30.96,10.));
#3516 = VECTOR('',#3517,1.);
#3517 = DIRECTION('',(1.,0.,0.));
#3518 = ORIENTED_EDGE('',*,*,#3472,.F.);
#3519 = ORIENTED_EDGE('',*,*,#3520,.F.);
#3520 = EDGE_CURVE('',#3504,#3473,#3521,.T.);
#3521 = LINE('',#3522,#3523);
#3522 = CARTESIAN_POINT('',(-9.3153125,-30.96,9.));
#3523 = VECTOR('',#3524,1.);
#3524 = DIRECTION('',(1.,0.,0.));
#3525 = PLANE('',#3526);
#3526 = AXIS2_PLACEMENT_3D('',#3527,#3528,#3529);
#3527 = CARTESIAN_POINT('',(-9.3153125,-30.96,9.));
#3528 = DIRECTION('',(0.,1.,0.));
#3529 = DIRECTION('',(1.,0.,0.));
#3530 = ADVANCED_FACE('',(#3531),#3547,.T.);
#3531 = FACE_BOUND('',#3532,.T.);
#3532 = EDGE_LOOP('',(#3533,#3534,#3540,#3541));
#3533 = ORIENTED_EDGE('',*,*,#3202,.T.);
#3534 = ORIENTED_EDGE('',*,*,#3535,.T.);
#3535 = EDGE_CURVE('',#3195,#3506,#3536,.T.);
#3536 = LINE('',#3537,#3538);
#3537 = CARTESIAN_POINT('',(-9.3153125,-28.28,10.));
#3538 = VECTOR('',#3539,1.);
#3539 = DIRECTION('',(0.,-1.,0.));
#3540 = ORIENTED_EDGE('',*,*,#3503,.F.);
#3541 = ORIENTED_EDGE('',*,*,#3542,.F.);
#3542 = EDGE_CURVE('',#3203,#3504,#3543,.T.);
#3543 = LINE('',#3544,#3545);
#3544 = CARTESIAN_POINT('',(-9.3153125,-28.28,9.));
#3545 = VECTOR('',#3546,1.);
#3546 = DIRECTION('',(0.,-1.,0.));
#3547 = PLANE('',#3548);
#3548 = AXIS2_PLACEMENT_3D('',#3549,#3550,#3551);
#3549 = CARTESIAN_POINT('',(-9.3153125,-28.28,9.));
#3550 = DIRECTION('',(1.,0.,-0.));
#3551 = DIRECTION('',(0.,-1.,0.));
#3552 = ADVANCED_FACE('',(#3553),#3567,.F.);
#3553 = FACE_BOUND('',#3554,.F.);
#3554 = EDGE_LOOP('',(#3555,#3556,#3557,#3558,#3559,#3560,#3561,#3562,
    #3563,#3564,#3565,#3566));
#3555 = ORIENTED_EDGE('',*,*,#3210,.F.);
#3556 = ORIENTED_EDGE('',*,*,#3241,.F.);
#3557 = ORIENTED_EDGE('',*,*,#3272,.F.);
#3558 = ORIENTED_EDGE('',*,*,#3303,.F.);
#3559 = ORIENTED_EDGE('',*,*,#3334,.F.);
#3560 = ORIENTED_EDGE('',*,*,#3365,.F.);
#3561 = ORIENTED_EDGE('',*,*,#3396,.F.);
#3562 = ORIENTED_EDGE('',*,*,#3427,.F.);
#3563 = ORIENTED_EDGE('',*,*,#3458,.F.);
#3564 = ORIENTED_EDGE('',*,*,#3489,.F.);
#3565 = ORIENTED_EDGE('',*,*,#3520,.F.);
#3566 = ORIENTED_EDGE('',*,*,#3542,.F.);
#3567 = PLANE('',#3568);
#3568 = AXIS2_PLACEMENT_3D('',#3569,#3570,#3571);
#3569 = CARTESIAN_POINT('',(-7.9840625,-31.77035791004,9.));
#3570 = DIRECTION('',(0.,0.,1.));
#3571 = DIRECTION('',(1.,0.,0.));
#3572 = ADVANCED_FACE('',(#3573),#3587,.T.);
#3573 = FACE_BOUND('',#3574,.T.);
#3574 = EDGE_LOOP('',(#3575,#3576,#3577,#3578,#3579,#3580,#3581,#3582,
    #3583,#3584,#3585,#3586));
#3575 = ORIENTED_EDGE('',*,*,#3194,.F.);
#3576 = ORIENTED_EDGE('',*,*,#3234,.F.);
#3577 = ORIENTED_EDGE('',*,*,#3265,.F.);
#3578 = ORIENTED_EDGE('',*,*,#3296,.F.);
#3579 = ORIENTED_EDGE('',*,*,#3327,.F.);
#3580 = ORIENTED_EDGE('',*,*,#3358,.F.);
#3581 = ORIENTED_EDGE('',*,*,#3389,.F.);
#3582 = ORIENTED_EDGE('',*,*,#3420,.F.);
#3583 = ORIENTED_EDGE('',*,*,#3451,.F.);
#3584 = ORIENTED_EDGE('',*,*,#3482,.F.);
#3585 = ORIENTED_EDGE('',*,*,#3513,.F.);
#3586 = ORIENTED_EDGE('',*,*,#3535,.F.);
#3587 = PLANE('',#3588);
#3588 = AXIS2_PLACEMENT_3D('',#3589,#3590,#3591);
#3589 = CARTESIAN_POINT('',(-7.9840625,-31.77035791004,10.));
#3590 = DIRECTION('',(0.,0.,1.));
#3591 = DIRECTION('',(1.,0.,0.));
#3592 = MANIFOLD_SOLID_BREP('',#3593);
#3593 = CLOSED_SHELL('',(#3594,#3634,#3665,#3696,#3727,#3758,#3789,#3811
    ,#3826));
#3594 = ADVANCED_FACE('',(#3595),#3629,.T.);
#3595 = FACE_BOUND('',#3596,.T.);
#3596 = EDGE_LOOP('',(#3597,#3607,#3615,#3623));
#3597 = ORIENTED_EDGE('',*,*,#3598,.T.);
#3598 = EDGE_CURVE('',#3599,#3601,#3603,.T.);
#3599 = VERTEX_POINT('',#3600);
#3600 = CARTESIAN_POINT('',(-0.574375,-28.28,9.));
#3601 = VERTEX_POINT('',#3602);
#3602 = CARTESIAN_POINT('',(-0.574375,-28.28,10.));
#3603 = LINE('',#3604,#3605);
#3604 = CARTESIAN_POINT('',(-0.574375,-28.28,9.));
#3605 = VECTOR('',#3606,1.);
#3606 = DIRECTION('',(0.,0.,1.));
#3607 = ORIENTED_EDGE('',*,*,#3608,.T.);
#3608 = EDGE_CURVE('',#3601,#3609,#3611,.T.);
#3609 = VERTEX_POINT('',#3610);
#3610 = CARTESIAN_POINT('',(1.2396875,-28.28,10.));
#3611 = LINE('',#3612,#3613);
#3612 = CARTESIAN_POINT('',(-0.574375,-28.28,10.));
#3613 = VECTOR('',#3614,1.);
#3614 = DIRECTION('',(1.,0.,0.));
#3615 = ORIENTED_EDGE('',*,*,#3616,.F.);
#3616 = EDGE_CURVE('',#3617,#3609,#3619,.T.);
#3617 = VERTEX_POINT('',#3618);
#3618 = CARTESIAN_POINT('',(1.2396875,-28.28,9.));
#3619 = LINE('',#3620,#3621);
#3620 = CARTESIAN_POINT('',(1.2396875,-28.28,9.));
#3621 = VECTOR('',#3622,1.);
#3622 = DIRECTION('',(0.,0.,1.));
#3623 = ORIENTED_EDGE('',*,*,#3624,.F.);
#3624 = EDGE_CURVE('',#3599,#3617,#3625,.T.);
#3625 = LINE('',#3626,#3627);
#3626 = CARTESIAN_POINT('',(-0.574375,-28.28,9.));
#3627 = VECTOR('',#3628,1.);
#3628 = DIRECTION('',(1.,0.,0.));
#3629 = PLANE('',#3630);
#3630 = AXIS2_PLACEMENT_3D('',#3631,#3632,#3633);
#3631 = CARTESIAN_POINT('',(-0.574375,-28.28,9.));
#3632 = DIRECTION('',(0.,1.,0.));
#3633 = DIRECTION('',(1.,0.,0.));
#3634 = ADVANCED_FACE('',(#3635),#3660,.T.);
#3635 = FACE_BOUND('',#3636,.T.);
#3636 = EDGE_LOOP('',(#3637,#3647,#3653,#3654));
#3637 = ORIENTED_EDGE('',*,*,#3638,.T.);
#3638 = EDGE_CURVE('',#3639,#3641,#3643,.T.);
#3639 = VERTEX_POINT('',#3640);
#3640 = CARTESIAN_POINT('',(2.0178125,-35.28,9.));
#3641 = VERTEX_POINT('',#3642);
#3642 = CARTESIAN_POINT('',(2.0178125,-35.28,10.));
#3643 = LINE('',#3644,#3645);
#3644 = CARTESIAN_POINT('',(2.0178125,-35.28,9.));
#3645 = VECTOR('',#3646,1.);
#3646 = DIRECTION('',(0.,0.,1.));
#3647 = ORIENTED_EDGE('',*,*,#3648,.T.);
#3648 = EDGE_CURVE('',#3641,#3601,#3649,.T.);
#3649 = LINE('',#3650,#3651);
#3650 = CARTESIAN_POINT('',(2.0178125,-35.28,10.));
#3651 = VECTOR('',#3652,1.);
#3652 = DIRECTION('',(-0.347266632791,0.93776643454,0.));
#3653 = ORIENTED_EDGE('',*,*,#3598,.F.);
#3654 = ORIENTED_EDGE('',*,*,#3655,.F.);
#3655 = EDGE_CURVE('',#3639,#3599,#3656,.T.);
#3656 = LINE('',#3657,#3658);
#3657 = CARTESIAN_POINT('',(2.0178125,-35.28,9.));
#3658 = VECTOR('',#3659,1.);
#3659 = DIRECTION('',(-0.347266632791,0.93776643454,0.));
#3660 = PLANE('',#3661);
#3661 = AXIS2_PLACEMENT_3D('',#3662,#3663,#3664);
#3662 = CARTESIAN_POINT('',(2.0178125,-35.28,9.));
#3663 = DIRECTION('',(-0.93776643454,-0.347266632791,0.));
#3664 = DIRECTION('',(-0.347266632791,0.93776643454,0.));
#3665 = ADVANCED_FACE('',(#3666),#3691,.T.);
#3666 = FACE_BOUND('',#3667,.T.);
#3667 = EDGE_LOOP('',(#3668,#3678,#3684,#3685));
#3668 = ORIENTED_EDGE('',*,*,#3669,.T.);
#3669 = EDGE_CURVE('',#3670,#3672,#3674,.T.);
#3670 = VERTEX_POINT('',#3671);
#3671 = CARTESIAN_POINT('',(4.169375,-35.28,9.));
#3672 = VERTEX_POINT('',#3673);
#3673 = CARTESIAN_POINT('',(4.169375,-35.28,10.));
#3674 = LINE('',#3675,#3676);
#3675 = CARTESIAN_POINT('',(4.169375,-35.28,9.));
#3676 = VECTOR('',#3677,1.);
#3677 = DIRECTION('',(0.,0.,1.));
#3678 = ORIENTED_EDGE('',*,*,#3679,.T.);
#3679 = EDGE_CURVE('',#3672,#3641,#3680,.T.);
#3680 = LINE('',#3681,#3682);
#3681 = CARTESIAN_POINT('',(4.169375,-35.28,10.));
#3682 = VECTOR('',#3683,1.);
#3683 = DIRECTION('',(-1.,0.,0.));
#3684 = ORIENTED_EDGE('',*,*,#3638,.F.);
#3685 = ORIENTED_EDGE('',*,*,#3686,.F.);
#3686 = EDGE_CURVE('',#3670,#3639,#3687,.T.);
#3687 = LINE('',#3688,#3689);
#3688 = CARTESIAN_POINT('',(4.169375,-35.28,9.));
#3689 = VECTOR('',#3690,1.);
#3690 = DIRECTION('',(-1.,0.,0.));
#3691 = PLANE('',#3692);
#3692 = AXIS2_PLACEMENT_3D('',#3693,#3694,#3695);
#3693 = CARTESIAN_POINT('',(4.169375,-35.28,9.));
#3694 = DIRECTION('',(0.,-1.,0.));
#3695 = DIRECTION('',(-1.,0.,0.));
#3696 = ADVANCED_FACE('',(#3697),#3722,.T.);
#3697 = FACE_BOUND('',#3698,.T.);
#3698 = EDGE_LOOP('',(#3699,#3709,#3715,#3716));
#3699 = ORIENTED_EDGE('',*,*,#3700,.T.);
#3700 = EDGE_CURVE('',#3701,#3703,#3705,.T.);
#3701 = VERTEX_POINT('',#3702);
#3702 = CARTESIAN_POINT('',(6.7615625,-28.28,9.));
#3703 = VERTEX_POINT('',#3704);
#3704 = CARTESIAN_POINT('',(6.7615625,-28.28,10.));
#3705 = LINE('',#3706,#3707);
#3706 = CARTESIAN_POINT('',(6.7615625,-28.28,9.));
#3707 = VECTOR('',#3708,1.);
#3708 = DIRECTION('',(0.,0.,1.));
#3709 = ORIENTED_EDGE('',*,*,#3710,.T.);
#3710 = EDGE_CURVE('',#3703,#3672,#3711,.T.);
#3711 = LINE('',#3712,#3713);
#3712 = CARTESIAN_POINT('',(6.7615625,-28.28,10.));
#3713 = VECTOR('',#3714,1.);
#3714 = DIRECTION('',(-0.347266632791,-0.93776643454,0.));
#3715 = ORIENTED_EDGE('',*,*,#3669,.F.);
#3716 = ORIENTED_EDGE('',*,*,#3717,.F.);
#3717 = EDGE_CURVE('',#3701,#3670,#3718,.T.);
#3718 = LINE('',#3719,#3720);
#3719 = CARTESIAN_POINT('',(6.7615625,-28.28,9.));
#3720 = VECTOR('',#3721,1.);
#3721 = DIRECTION('',(-0.347266632791,-0.93776643454,0.));
#3722 = PLANE('',#3723);
#3723 = AXIS2_PLACEMENT_3D('',#3724,#3725,#3726);
#3724 = CARTESIAN_POINT('',(6.7615625,-28.28,9.));
#3725 = DIRECTION('',(0.93776643454,-0.347266632791,0.));
#3726 = DIRECTION('',(-0.347266632791,-0.93776643454,0.));
#3727 = ADVANCED_FACE('',(#3728),#3753,.T.);
#3728 = FACE_BOUND('',#3729,.T.);
#3729 = EDGE_LOOP('',(#3730,#3740,#3746,#3747));
#3730 = ORIENTED_EDGE('',*,*,#3731,.T.);
#3731 = EDGE_CURVE('',#3732,#3734,#3736,.T.);
#3732 = VERTEX_POINT('',#3733);
#3733 = CARTESIAN_POINT('',(4.9475,-28.28,9.));
#3734 = VERTEX_POINT('',#3735);
#3735 = CARTESIAN_POINT('',(4.9475,-28.28,10.));
#3736 = LINE('',#3737,#3738);
#3737 = CARTESIAN_POINT('',(4.9475,-28.28,9.));
#3738 = VECTOR('',#3739,1.);
#3739 = DIRECTION('',(0.,0.,1.));
#3740 = ORIENTED_EDGE('',*,*,#3741,.T.);
#3741 = EDGE_CURVE('',#3734,#3703,#3742,.T.);
#3742 = LINE('',#3743,#3744);
#3743 = CARTESIAN_POINT('',(4.9475,-28.28,10.));
#3744 = VECTOR('',#3745,1.);
#3745 = DIRECTION('',(1.,0.,0.));
#3746 = ORIENTED_EDGE('',*,*,#3700,.F.);
#3747 = ORIENTED_EDGE('',*,*,#3748,.F.);
#3748 = EDGE_CURVE('',#3732,#3701,#3749,.T.);
#3749 = LINE('',#3750,#3751);
#3750 = CARTESIAN_POINT('',(4.9475,-28.28,9.));
#3751 = VECTOR('',#3752,1.);
#3752 = DIRECTION('',(1.,0.,0.));
#3753 = PLANE('',#3754);
#3754 = AXIS2_PLACEMENT_3D('',#3755,#3756,#3757);
#3755 = CARTESIAN_POINT('',(4.9475,-28.28,9.));
#3756 = DIRECTION('',(0.,1.,0.));
#3757 = DIRECTION('',(1.,0.,0.));
#3758 = ADVANCED_FACE('',(#3759),#3784,.T.);
#3759 = FACE_BOUND('',#3760,.T.);
#3760 = EDGE_LOOP('',(#3761,#3771,#3777,#3778));
#3761 = ORIENTED_EDGE('',*,*,#3762,.T.);
#3762 = EDGE_CURVE('',#3763,#3765,#3767,.T.);
#3763 = VERTEX_POINT('',#3764);
#3764 = CARTESIAN_POINT('',(3.0959375,-33.446875,9.));
#3765 = VERTEX_POINT('',#3766);
#3766 = CARTESIAN_POINT('',(3.0959375,-33.446875,10.));
#3767 = LINE('',#3768,#3769);
#3768 = CARTESIAN_POINT('',(3.0959375,-33.446875,9.));
#3769 = VECTOR('',#3770,1.);
#3770 = DIRECTION('',(0.,0.,1.));
#3771 = ORIENTED_EDGE('',*,*,#3772,.T.);
#3772 = EDGE_CURVE('',#3765,#3734,#3773,.T.);
#3773 = LINE('',#3774,#3775);
#3774 = CARTESIAN_POINT('',(3.0959375,-33.446875,10.));
#3775 = VECTOR('',#3776,1.);
#3776 = DIRECTION('',(0.337346110053,0.941380689218,0.));
#3777 = ORIENTED_EDGE('',*,*,#3731,.F.);
#3778 = ORIENTED_EDGE('',*,*,#3779,.F.);
#3779 = EDGE_CURVE('',#3763,#3732,#3780,.T.);
#3780 = LINE('',#3781,#3782);
#3781 = CARTESIAN_POINT('',(3.0959375,-33.446875,9.));
#3782 = VECTOR('',#3783,1.);
#3783 = DIRECTION('',(0.337346110053,0.941380689218,0.));
#3784 = PLANE('',#3785);
#3785 = AXIS2_PLACEMENT_3D('',#3786,#3787,#3788);
#3786 = CARTESIAN_POINT('',(3.0959375,-33.446875,9.));
#3787 = DIRECTION('',(-0.941380689218,0.337346110053,0.));
#3788 = DIRECTION('',(0.337346110053,0.941380689218,0.));
#3789 = ADVANCED_FACE('',(#3790),#3806,.T.);
#3790 = FACE_BOUND('',#3791,.T.);
#3791 = EDGE_LOOP('',(#3792,#3793,#3799,#3800));
#3792 = ORIENTED_EDGE('',*,*,#3616,.T.);
#3793 = ORIENTED_EDGE('',*,*,#3794,.T.);
#3794 = EDGE_CURVE('',#3609,#3765,#3795,.T.);
#3795 = LINE('',#3796,#3797);
#3796 = CARTESIAN_POINT('',(1.2396875,-28.28,10.));
#3797 = VECTOR('',#3798,1.);
#3798 = DIRECTION('',(0.338102631749,-0.94110924467,0.));
#3799 = ORIENTED_EDGE('',*,*,#3762,.F.);
#3800 = ORIENTED_EDGE('',*,*,#3801,.F.);
#3801 = EDGE_CURVE('',#3617,#3763,#3802,.T.);
#3802 = LINE('',#3803,#3804);
#3803 = CARTESIAN_POINT('',(1.2396875,-28.28,9.));
#3804 = VECTOR('',#3805,1.);
#3805 = DIRECTION('',(0.338102631749,-0.94110924467,0.));
#3806 = PLANE('',#3807);
#3807 = AXIS2_PLACEMENT_3D('',#3808,#3809,#3810);
#3808 = CARTESIAN_POINT('',(1.2396875,-28.28,9.));
#3809 = DIRECTION('',(0.94110924467,0.338102631749,-0.));
#3810 = DIRECTION('',(0.338102631749,-0.94110924467,0.));
#3811 = ADVANCED_FACE('',(#3812),#3821,.F.);
#3812 = FACE_BOUND('',#3813,.F.);
#3813 = EDGE_LOOP('',(#3814,#3815,#3816,#3817,#3818,#3819,#3820));
#3814 = ORIENTED_EDGE('',*,*,#3624,.F.);
#3815 = ORIENTED_EDGE('',*,*,#3655,.F.);
#3816 = ORIENTED_EDGE('',*,*,#3686,.F.);
#3817 = ORIENTED_EDGE('',*,*,#3717,.F.);
#3818 = ORIENTED_EDGE('',*,*,#3748,.F.);
#3819 = ORIENTED_EDGE('',*,*,#3779,.F.);
#3820 = ORIENTED_EDGE('',*,*,#3801,.F.);
#3821 = PLANE('',#3822);
#3822 = AXIS2_PLACEMENT_3D('',#3823,#3824,#3825);
#3823 = CARTESIAN_POINT('',(3.093953460227,-31.29934699056,9.));
#3824 = DIRECTION('',(0.,0.,1.));
#3825 = DIRECTION('',(1.,0.,0.));
#3826 = ADVANCED_FACE('',(#3827),#3836,.T.);
#3827 = FACE_BOUND('',#3828,.T.);
#3828 = EDGE_LOOP('',(#3829,#3830,#3831,#3832,#3833,#3834,#3835));
#3829 = ORIENTED_EDGE('',*,*,#3608,.F.);
#3830 = ORIENTED_EDGE('',*,*,#3648,.F.);
#3831 = ORIENTED_EDGE('',*,*,#3679,.F.);
#3832 = ORIENTED_EDGE('',*,*,#3710,.F.);
#3833 = ORIENTED_EDGE('',*,*,#3741,.F.);
#3834 = ORIENTED_EDGE('',*,*,#3772,.F.);
#3835 = ORIENTED_EDGE('',*,*,#3794,.F.);
#3836 = PLANE('',#3837);
#3837 = AXIS2_PLACEMENT_3D('',#3838,#3839,#3840);
#3838 = CARTESIAN_POINT('',(3.093953460227,-31.29934699056,10.));
#3839 = DIRECTION('',(0.,0.,1.));
#3840 = DIRECTION('',(1.,0.,0.));
#3841 = MANIFOLD_SOLID_BREP('',#3842);
#3842 = CLOSED_SHELL('',(#3843,#3885,#3918,#3951,#3984,#4017,#4050,#4083
    ,#4107,#4149,#4182,#4215,#4248,#4281,#4314,#4347,#4371,#4397));
#3843 = ADVANCED_FACE('',(#3844),#3878,.T.);
#3844 = FACE_BOUND('',#3845,.T.);
#3845 = EDGE_LOOP('',(#3846,#3856,#3864,#3872));
#3846 = ORIENTED_EDGE('',*,*,#3847,.T.);
#3847 = EDGE_CURVE('',#3848,#3850,#3852,.T.);
#3848 = VERTEX_POINT('',#3849);
#3849 = CARTESIAN_POINT('',(10.716875,-28.16,9.));
#3850 = VERTEX_POINT('',#3851);
#3851 = CARTESIAN_POINT('',(10.716875,-28.16,10.));
#3852 = LINE('',#3853,#3854);
#3853 = CARTESIAN_POINT('',(10.716875,-28.16,9.));
#3854 = VECTOR('',#3855,1.);
#3855 = DIRECTION('',(0.,0.,1.));
#3856 = ORIENTED_EDGE('',*,*,#3857,.T.);
#3857 = EDGE_CURVE('',#3850,#3858,#3860,.T.);
#3858 = VERTEX_POINT('',#3859);
#3859 = CARTESIAN_POINT('',(13.360625,-29.125625,10.));
#3860 = B_SPLINE_CURVE_WITH_KNOTS('',2,(#3861,#3862,#3863),
  .UNSPECIFIED.,.F.,.F.,(3,3),(0.,1.),.PIECEWISE_BEZIER_KNOTS.);
#3861 = CARTESIAN_POINT('',(10.716875,-28.16,10.));
#3862 = CARTESIAN_POINT('',(12.404375,-28.16,10.));
#3863 = CARTESIAN_POINT('',(13.360625,-29.125625,10.));
#3864 = ORIENTED_EDGE('',*,*,#3865,.F.);
#3865 = EDGE_CURVE('',#3866,#3858,#3868,.T.);
#3866 = VERTEX_POINT('',#3867);
#3867 = CARTESIAN_POINT('',(13.360625,-29.125625,9.));
#3868 = LINE('',#3869,#3870);
#3869 = CARTESIAN_POINT('',(13.360625,-29.125625,9.));
#3870 = VECTOR('',#3871,1.);
#3871 = DIRECTION('',(0.,0.,1.));
#3872 = ORIENTED_EDGE('',*,*,#3873,.F.);
#3873 = EDGE_CURVE('',#3848,#3866,#3874,.T.);
#3874 = B_SPLINE_CURVE_WITH_KNOTS('',2,(#3875,#3876,#3877),
  .UNSPECIFIED.,.F.,.F.,(3,3),(0.,1.),.PIECEWISE_BEZIER_KNOTS.);
#3875 = CARTESIAN_POINT('',(10.716875,-28.16,9.));
#3876 = CARTESIAN_POINT('',(12.404375,-28.16,9.));
#3877 = CARTESIAN_POINT('',(13.360625,-29.125625,9.));
#3878 = SURFACE_OF_LINEAR_EXTRUSION('',#3879,#3883);
#3879 = B_SPLINE_CURVE_WITH_KNOTS('',2,(#3880,#3881,#3882),
  .UNSPECIFIED.,.F.,.F.,(3,3),(0.,1.),.PIECEWISE_BEZIER_KNOTS.);
#3880 = CARTESIAN_POINT('',(10.716875,-28.16,9.));
#3881 = CARTESIAN_POINT('',(12.404375,-28.16,9.));
#3882 = CARTESIAN_POINT('',(13.360625,-29.125625,9.));
#3883 = VECTOR('',#3884,1.);
#3884 = DIRECTION('',(-0.,-0.,-1.));
#3885 = ADVANCED_FACE('',(#3886),#3911,.T.);
#3886 = FACE_BOUND('',#3887,.T.);
#3887 = EDGE_LOOP('',(#3888,#3898,#3904,#3905));
#3888 = ORIENTED_EDGE('',*,*,#3889,.T.);
#3889 = EDGE_CURVE('',#3890,#3892,#3894,.T.);
#3890 = VERTEX_POINT('',#3891);
#3891 = CARTESIAN_POINT('',(8.0753125,-29.125625,9.));
#3892 = VERTEX_POINT('',#3893);
#3893 = CARTESIAN_POINT('',(8.0753125,-29.125625,10.));
#3894 = LINE('',#3895,#3896);
#3895 = CARTESIAN_POINT('',(8.0753125,-29.125625,9.));
#3896 = VECTOR('',#3897,1.);
#3897 = DIRECTION('',(0.,0.,1.));
#3898 = ORIENTED_EDGE('',*,*,#3899,.T.);
#3899 = EDGE_CURVE('',#3892,#3850,#3900,.T.);
#3900 = B_SPLINE_CURVE_WITH_KNOTS('',2,(#3901,#3902,#3903),
  .UNSPECIFIED.,.F.,.F.,(3,3),(0.,1.),.PIECEWISE_BEZIER_KNOTS.);
#3901 = CARTESIAN_POINT('',(8.0753125,-29.125625,10.));
#3902 = CARTESIAN_POINT('',(9.0340625,-28.16,10.));
#3903 = CARTESIAN_POINT('',(10.716875,-28.16,10.));
#3904 = ORIENTED_EDGE('',*,*,#3847,.F.);
#3905 = ORIENTED_EDGE('',*,*,#3906,.F.);
#3906 = EDGE_CURVE('',#3890,#3848,#3907,.T.);
#3907 = B_SPLINE_CURVE_WITH_KNOTS('',2,(#3908,#3909,#3910),
  .UNSPECIFIED.,.F.,.F.,(3,3),(0.,1.),.PIECEWISE_BEZIER_KNOTS.);
#3908 = CARTESIAN_POINT('',(8.0753125,-29.125625,9.));
#3909 = CARTESIAN_POINT('',(9.0340625,-28.16,9.));
#3910 = CARTESIAN_POINT('',(10.716875,-28.16,9.));
#3911 = SURFACE_OF_LINEAR_EXTRUSION('',#3912,#3916);
#3912 = B_SPLINE_CURVE_WITH_KNOTS('',2,(#3913,#3914,#3915),
  .UNSPECIFIED.,.F.,.F.,(3,3),(0.,1.),.PIECEWISE_BEZIER_KNOTS.);
#3913 = CARTESIAN_POINT('',(8.0753125,-29.125625,9.));
#3914 = CARTESIAN_POINT('',(9.0340625,-28.16,9.));
#3915 = CARTESIAN_POINT('',(10.716875,-28.16,9.));
#3916 = VECTOR('',#3917,1.);
#3917 = DIRECTION('',(-0.,-0.,-1.));
#3918 = ADVANCED_FACE('',(#3919),#3944,.T.);
#3919 = FACE_BOUND('',#3920,.T.);
#3920 = EDGE_LOOP('',(#3921,#3931,#3937,#3938));
#3921 = ORIENTED_EDGE('',*,*,#3922,.T.);
#3922 = EDGE_CURVE('',#3923,#3925,#3927,.T.);
#3923 = VERTEX_POINT('',#3924);
#3924 = CARTESIAN_POINT('',(7.116875,-31.7921875,9.));
#3925 = VERTEX_POINT('',#3926);
#3926 = CARTESIAN_POINT('',(7.116875,-31.7921875,10.));
#3927 = LINE('',#3928,#3929);
#3928 = CARTESIAN_POINT('',(7.116875,-31.7921875,9.));
#3929 = VECTOR('',#3930,1.);
#3930 = DIRECTION('',(0.,0.,1.));
#3931 = ORIENTED_EDGE('',*,*,#3932,.T.);
#3932 = EDGE_CURVE('',#3925,#3892,#3933,.T.);
#3933 = B_SPLINE_CURVE_WITH_KNOTS('',2,(#3934,#3935,#3936),
  .UNSPECIFIED.,.F.,.F.,(3,3),(0.,1.),.PIECEWISE_BEZIER_KNOTS.);
#3934 = CARTESIAN_POINT('',(7.116875,-31.7921875,10.));
#3935 = CARTESIAN_POINT('',(7.116875,-30.0909375,10.));
#3936 = CARTESIAN_POINT('',(8.0753125,-29.125625,10.));
#3937 = ORIENTED_EDGE('',*,*,#3889,.F.);
#3938 = ORIENTED_EDGE('',*,*,#3939,.F.);
#3939 = EDGE_CURVE('',#3923,#3890,#3940,.T.);
#3940 = B_SPLINE_CURVE_WITH_KNOTS('',2,(#3941,#3942,#3943),
  .UNSPECIFIED.,.F.,.F.,(3,3),(0.,1.),.PIECEWISE_BEZIER_KNOTS.);
#3941 = CARTESIAN_POINT('',(7.116875,-31.7921875,9.));
#3942 = CARTESIAN_POINT('',(7.116875,-30.0909375,9.));
#3943 = CARTESIAN_POINT('',(8.0753125,-29.125625,9.));
#3944 = SURFACE_OF_LINEAR_EXTRUSION('',#3945,#3949);
#3945 = B_SPLINE_CURVE_WITH_KNOTS('',2,(#3946,#3947,#3948),
  .UNSPECIFIED.,.F.,.F.,(3,3),(0.,1.),.PIECEWISE_BEZIER_KNOTS.);
#3946 = CARTESIAN_POINT('',(7.116875,-31.7921875,9.));
#3947 = CARTESIAN_POINT('',(7.116875,-30.0909375,9.));
#3948 = CARTESIAN_POINT('',(8.0753125,-29.125625,9.));
#3949 = VECTOR('',#3950,1.);
#3950 = DIRECTION('',(-0.,-0.,-1.));
#3951 = ADVANCED_FACE('',(#3952),#3977,.T.);
#3952 = FACE_BOUND('',#3953,.T.);
#3953 = EDGE_LOOP('',(#3954,#3964,#3970,#3971));
#3954 = ORIENTED_EDGE('',*,*,#3955,.T.);
#3955 = EDGE_CURVE('',#3956,#3958,#3960,.T.);
#3956 = VERTEX_POINT('',#3957);
#3957 = CARTESIAN_POINT('',(8.0753125,-34.4546875,9.));
#3958 = VERTEX_POINT('',#3959);
#3959 = CARTESIAN_POINT('',(8.0753125,-34.4546875,10.));
#3960 = LINE('',#3961,#3962);
#3961 = CARTESIAN_POINT('',(8.0753125,-34.4546875,9.));
#3962 = VECTOR('',#3963,1.);
#3963 = DIRECTION('',(0.,0.,1.));
#3964 = ORIENTED_EDGE('',*,*,#3965,.T.);
#3965 = EDGE_CURVE('',#3958,#3925,#3966,.T.);
#3966 = B_SPLINE_CURVE_WITH_KNOTS('',2,(#3967,#3968,#3969),
  .UNSPECIFIED.,.F.,.F.,(3,3),(0.,1.),.PIECEWISE_BEZIER_KNOTS.);
#3967 = CARTESIAN_POINT('',(8.0753125,-34.4546875,10.));
#3968 = CARTESIAN_POINT('',(7.116875,-33.4890625,10.));
#3969 = CARTESIAN_POINT('',(7.116875,-31.7921875,10.));
#3970 = ORIENTED_EDGE('',*,*,#3922,.F.);
#3971 = ORIENTED_EDGE('',*,*,#3972,.F.);
#3972 = EDGE_CURVE('',#3956,#3923,#3973,.T.);
#3973 = B_SPLINE_CURVE_WITH_KNOTS('',2,(#3974,#3975,#3976),
  .UNSPECIFIED.,.F.,.F.,(3,3),(0.,1.),.PIECEWISE_BEZIER_KNOTS.);
#3974 = CARTESIAN_POINT('',(8.0753125,-34.4546875,9.));
#3975 = CARTESIAN_POINT('',(7.116875,-33.4890625,9.));
#3976 = CARTESIAN_POINT('',(7.116875,-31.7921875,9.));
#3977 = SURFACE_OF_LINEAR_EXTRUSION('',#3978,#3982);
#3978 = B_SPLINE_CURVE_WITH_KNOTS('',2,(#3979,#3980,#3981),
  .UNSPECIFIED.,.F.,.F.,(3,3),(0.,1.),.PIECEWISE_BEZIER_KNOTS.);
#3979 = CARTESIAN_POINT('',(8.0753125,-34.4546875,9.));
#3980 = CARTESIAN_POINT('',(7.116875,-33.4890625,9.));
#3981 = CARTESIAN_POINT('',(7.116875,-31.7921875,9.));
#3982 = VECTOR('',#3983,1.);
#3983 = DIRECTION('',(-0.,-0.,-1.));
#3984 = ADVANCED_FACE('',(#3985),#4010,.T.);
#3985 = FACE_BOUND('',#3986,.T.);
#3986 = EDGE_LOOP('',(#3987,#3997,#4003,#4004));
#3987 = ORIENTED_EDGE('',*,*,#3988,.T.);
#3988 = EDGE_CURVE('',#3989,#3991,#3993,.T.);
#3989 = VERTEX_POINT('',#3990);
#3990 = CARTESIAN_POINT('',(10.716875,-35.42,9.));
#3991 = VERTEX_POINT('',#3992);
#3992 = CARTESIAN_POINT('',(10.716875,-35.42,10.));
#3993 = LINE('',#3994,#3995);
#3994 = CARTESIAN_POINT('',(10.716875,-35.42,9.));
#3995 = VECTOR('',#3996,1.);
#3996 = DIRECTION('',(0.,0.,1.));
#3997 = ORIENTED_EDGE('',*,*,#3998,.T.);
#3998 = EDGE_CURVE('',#3991,#3958,#3999,.T.);
#3999 = B_SPLINE_CURVE_WITH_KNOTS('',2,(#4000,#4001,#4002),
  .UNSPECIFIED.,.F.,.F.,(3,3),(0.,1.),.PIECEWISE_BEZIER_KNOTS.);
#4000 = CARTESIAN_POINT('',(10.716875,-35.42,10.));
#4001 = CARTESIAN_POINT('',(9.0340625,-35.42,10.));
#4002 = CARTESIAN_POINT('',(8.0753125,-34.4546875,10.));
#4003 = ORIENTED_EDGE('',*,*,#3955,.F.);
#4004 = ORIENTED_EDGE('',*,*,#4005,.F.);
#4005 = EDGE_CURVE('',#3989,#3956,#4006,.T.);
#4006 = B_SPLINE_CURVE_WITH_KNOTS('',2,(#4007,#4008,#4009),
  .UNSPECIFIED.,.F.,.F.,(3,3),(0.,1.),.PIECEWISE_BEZIER_KNOTS.);
#4007 = CARTESIAN_POINT('',(10.716875,-35.42,9.));
#4008 = CARTESIAN_POINT('',(9.0340625,-35.42,9.));
#4009 = CARTESIAN_POINT('',(8.0753125,-34.4546875,9.));
#4010 = SURFACE_OF_LINEAR_EXTRUSION('',#4011,#4015);
#4011 = B_SPLINE_CURVE_WITH_KNOTS('',2,(#4012,#4013,#4014),
  .UNSPECIFIED.,.F.,.F.,(3,3),(0.,1.),.PIECEWISE_BEZIER_KNOTS.);
#4012 = CARTESIAN_POINT('',(10.716875,-35.42,9.));
#4013 = CARTESIAN_POINT('',(9.0340625,-35.42,9.));
#4014 = CARTESIAN_POINT('',(8.0753125,-34.4546875,9.));
#4015 = VECTOR('',#4016,1.);
#4016 = DIRECTION('',(-0.,-0.,-1.));
#4017 = ADVANCED_FACE('',(#4018),#4043,.T.);
#4018 = FACE_BOUND('',#4019,.T.);
#4019 = EDGE_LOOP('',(#4020,#4030,#4036,#4037));
#4020 = ORIENTED_EDGE('',*,*,#4021,.T.);
#4021 = EDGE_CURVE('',#4022,#4024,#4026,.T.);
#4022 = VERTEX_POINT('',#4023);
#4023 = CARTESIAN_POINT('',(13.360625,-34.4546875,9.));
#4024 = VERTEX_POINT('',#4025);
#4025 = CARTESIAN_POINT('',(13.360625,-34.4546875,10.));
#4026 = LINE('',#4027,#4028);
#4027 = CARTESIAN_POINT('',(13.360625,-34.4546875,9.));
#4028 = VECTOR('',#4029,1.);
#4029 = DIRECTION('',(0.,0.,1.));
#4030 = ORIENTED_EDGE('',*,*,#4031,.T.);
#4031 = EDGE_CURVE('',#4024,#3991,#4032,.T.);
#4032 = B_SPLINE_CURVE_WITH_KNOTS('',2,(#4033,#4034,#4035),
  .UNSPECIFIED.,.F.,.F.,(3,3),(0.,1.),.PIECEWISE_BEZIER_KNOTS.);
#4033 = CARTESIAN_POINT('',(13.360625,-34.4546875,10.));
#4034 = CARTESIAN_POINT('',(12.404375,-35.42,10.));
#4035 = CARTESIAN_POINT('',(10.716875,-35.42,10.));
#4036 = ORIENTED_EDGE('',*,*,#3988,.F.);
#4037 = ORIENTED_EDGE('',*,*,#4038,.F.);
#4038 = EDGE_CURVE('',#4022,#3989,#4039,.T.);
#4039 = B_SPLINE_CURVE_WITH_KNOTS('',2,(#4040,#4041,#4042),
  .UNSPECIFIED.,.F.,.F.,(3,3),(0.,1.),.PIECEWISE_BEZIER_KNOTS.);
#4040 = CARTESIAN_POINT('',(13.360625,-34.4546875,9.));
#4041 = CARTESIAN_POINT('',(12.404375,-35.42,9.));
#4042 = CARTESIAN_POINT('',(10.716875,-35.42,9.));
#4043 = SURFACE_OF_LINEAR_EXTRUSION('',#4044,#4048);
#4044 = B_SPLINE_CURVE_WITH_KNOTS('',2,(#4045,#4046,#4047),
  .UNSPECIFIED.,.F.,.F.,(3,3),(0.,1.),.PIECEWISE_BEZIER_KNOTS.);
#4045 = CARTESIAN_POINT('',(13.360625,-34.4546875,9.));
#4046 = CARTESIAN_POINT('',(12.404375,-35.42,9.));
#4047 = CARTESIAN_POINT('',(10.716875,-35.42,9.));
#4048 = VECTOR('',#4049,1.);
#4049 = DIRECTION('',(-0.,-0.,-1.));
#4050 = ADVANCED_FACE('',(#4051),#4076,.T.);
#4051 = FACE_BOUND('',#4052,.T.);
#4052 = EDGE_LOOP('',(#4053,#4063,#4069,#4070));
#4053 = ORIENTED_EDGE('',*,*,#4054,.T.);
#4054 = EDGE_CURVE('',#4055,#4057,#4059,.T.);
#4055 = VERTEX_POINT('',#4056);
#4056 = CARTESIAN_POINT('',(14.316875,-31.7921875,9.));
#4057 = VERTEX_POINT('',#4058);
#4058 = CARTESIAN_POINT('',(14.316875,-31.7921875,10.));
#4059 = LINE('',#4060,#4061);
#4060 = CARTESIAN_POINT('',(14.316875,-31.7921875,9.));
#4061 = VECTOR('',#4062,1.);
#4062 = DIRECTION('',(0.,0.,1.));
#4063 = ORIENTED_EDGE('',*,*,#4064,.T.);
#4064 = EDGE_CURVE('',#4057,#4024,#4065,.T.);
#4065 = B_SPLINE_CURVE_WITH_KNOTS('',2,(#4066,#4067,#4068),
  .UNSPECIFIED.,.F.,.F.,(3,3),(0.,1.),.PIECEWISE_BEZIER_KNOTS.);
#4066 = CARTESIAN_POINT('',(14.316875,-31.7921875,10.));
#4067 = CARTESIAN_POINT('',(14.316875,-33.4890625,10.));
#4068 = CARTESIAN_POINT('',(13.360625,-34.4546875,10.));
#4069 = ORIENTED_EDGE('',*,*,#4021,.F.);
#4070 = ORIENTED_EDGE('',*,*,#4071,.F.);
#4071 = EDGE_CURVE('',#4055,#4022,#4072,.T.);
#4072 = B_SPLINE_CURVE_WITH_KNOTS('',2,(#4073,#4074,#4075),
  .UNSPECIFIED.,.F.,.F.,(3,3),(0.,1.),.PIECEWISE_BEZIER_KNOTS.);
#4073 = CARTESIAN_POINT('',(14.316875,-31.7921875,9.));
#4074 = CARTESIAN_POINT('',(14.316875,-33.4890625,9.));
#4075 = CARTESIAN_POINT('',(13.360625,-34.4546875,9.));
#4076 = SURFACE_OF_LINEAR_EXTRUSION('',#4077,#4081);
#4077 = B_SPLINE_CURVE_WITH_KNOTS('',2,(#4078,#4079,#4080),
  .UNSPECIFIED.,.F.,.F.,(3,3),(0.,1.),.PIECEWISE_BEZIER_KNOTS.);
#4078 = CARTESIAN_POINT('',(14.316875,-31.7921875,9.));
#4079 = CARTESIAN_POINT('',(14.316875,-33.4890625,9.));
#4080 = CARTESIAN_POINT('',(13.360625,-34.4546875,9.));
#4081 = VECTOR('',#4082,1.);
#4082 = DIRECTION('',(-0.,-0.,-1.));
#4083 = ADVANCED_FACE('',(#4084),#4100,.T.);
#4084 = FACE_BOUND('',#4085,.T.);
#4085 = EDGE_LOOP('',(#4086,#4087,#4093,#4094));
#4086 = ORIENTED_EDGE('',*,*,#3865,.T.);
#4087 = ORIENTED_EDGE('',*,*,#4088,.T.);
#4088 = EDGE_CURVE('',#3858,#4057,#4089,.T.);
#4089 = B_SPLINE_CURVE_WITH_KNOTS('',2,(#4090,#4091,#4092),
  .UNSPECIFIED.,.F.,.F.,(3,3),(0.,1.),.PIECEWISE_BEZIER_KNOTS.);
#4090 = CARTESIAN_POINT('',(13.360625,-29.125625,10.));
#4091 = CARTESIAN_POINT('',(14.316875,-30.0909375,10.));
#4092 = CARTESIAN_POINT('',(14.316875,-31.7921875,10.));
#4093 = ORIENTED_EDGE('',*,*,#4054,.F.);
#4094 = ORIENTED_EDGE('',*,*,#4095,.F.);
#4095 = EDGE_CURVE('',#3866,#4055,#4096,.T.);
#4096 = B_SPLINE_CURVE_WITH_KNOTS('',2,(#4097,#4098,#4099),
  .UNSPECIFIED.,.F.,.F.,(3,3),(0.,1.),.PIECEWISE_BEZIER_KNOTS.);
#4097 = CARTESIAN_POINT('',(13.360625,-29.125625,9.));
#4098 = CARTESIAN_POINT('',(14.316875,-30.0909375,9.));
#4099 = CARTESIAN_POINT('',(14.316875,-31.7921875,9.));
#4100 = SURFACE_OF_LINEAR_EXTRUSION('',#4101,#4105);
#4101 = B_SPLINE_CURVE_WITH_KNOTS('',2,(#4102,#4103,#4104),
  .UNSPECIFIED.,.F.,.F.,(3,3),(0.,1.),.PIECEWISE_BEZIER_KNOTS.);
#4102 = CARTESIAN_POINT('',(13.360625,-29.125625,9.));
#4103 = CARTESIAN_POINT('',(14.316875,-30.0909375,9.));
#4104 = CARTESIAN_POINT('',(14.316875,-31.7921875,9.));
#4105 = VECTOR('',#4106,1.);
#4106 = DIRECTION('',(-0.,-0.,-1.));
#4107 = ADVANCED_FACE('',(#4108),#4142,.T.);
#4108 = FACE_BOUND('',#4109,.T.);
#4109 = EDGE_LOOP('',(#4110,#4120,#4128,#4136));
#4110 = ORIENTED_EDGE('',*,*,#4111,.T.);
#4111 = EDGE_CURVE('',#4112,#4114,#4116,.T.);
#4112 = VERTEX_POINT('',#4113);
#4113 = CARTESIAN_POINT('',(10.716875,-29.46,9.));
#4114 = VERTEX_POINT('',#4115);
#4115 = CARTESIAN_POINT('',(10.716875,-29.46,10.));
#4116 = LINE('',#4117,#4118);
#4117 = CARTESIAN_POINT('',(10.716875,-29.46,9.));
#4118 = VECTOR('',#4119,1.);
#4119 = DIRECTION('',(0.,0.,1.));
#4120 = ORIENTED_EDGE('',*,*,#4121,.T.);
#4121 = EDGE_CURVE('',#4114,#4122,#4124,.T.);
#4122 = VERTEX_POINT('',#4123);
#4123 = CARTESIAN_POINT('',(9.4371875,-30.07125,10.));
#4124 = B_SPLINE_CURVE_WITH_KNOTS('',2,(#4125,#4126,#4127),
  .UNSPECIFIED.,.F.,.F.,(3,3),(0.,1.),.PIECEWISE_BEZIER_KNOTS.);
#4125 = CARTESIAN_POINT('',(10.716875,-29.46,10.));
#4126 = CARTESIAN_POINT('',(9.891875,-29.46,10.));
#4127 = CARTESIAN_POINT('',(9.4371875,-30.07125,10.));
#4128 = ORIENTED_EDGE('',*,*,#4129,.F.);
#4129 = EDGE_CURVE('',#4130,#4122,#4132,.T.);
#4130 = VERTEX_POINT('',#4131);
#4131 = CARTESIAN_POINT('',(9.4371875,-30.07125,9.));
#4132 = LINE('',#4133,#4134);
#4133 = CARTESIAN_POINT('',(9.4371875,-30.07125,9.));
#4134 = VECTOR('',#4135,1.);
#4135 = DIRECTION('',(0.,0.,1.));
#4136 = ORIENTED_EDGE('',*,*,#4137,.F.);
#4137 = EDGE_CURVE('',#4112,#4130,#4138,.T.);
#4138 = B_SPLINE_CURVE_WITH_KNOTS('',2,(#4139,#4140,#4141),
  .UNSPECIFIED.,.F.,.F.,(3,3),(0.,1.),.PIECEWISE_BEZIER_KNOTS.);
#4139 = CARTESIAN_POINT('',(10.716875,-29.46,9.));
#4140 = CARTESIAN_POINT('',(9.891875,-29.46,9.));
#4141 = CARTESIAN_POINT('',(9.4371875,-30.07125,9.));
#4142 = SURFACE_OF_LINEAR_EXTRUSION('',#4143,#4147);
#4143 = B_SPLINE_CURVE_WITH_KNOTS('',2,(#4144,#4145,#4146),
  .UNSPECIFIED.,.F.,.F.,(3,3),(0.,1.),.PIECEWISE_BEZIER_KNOTS.);
#4144 = CARTESIAN_POINT('',(10.716875,-29.46,9.));
#4145 = CARTESIAN_POINT('',(9.891875,-29.46,9.));
#4146 = CARTESIAN_POINT('',(9.4371875,-30.07125,9.));
#4147 = VECTOR('',#4148,1.);
#4148 = DIRECTION('',(-0.,-0.,-1.));
#4149 = ADVANCED_FACE('',(#4150),#4175,.T.);
#4150 = FACE_BOUND('',#4151,.T.);
#4151 = EDGE_LOOP('',(#4152,#4162,#4168,#4169));
#4152 = ORIENTED_EDGE('',*,*,#4153,.T.);
#4153 = EDGE_CURVE('',#4154,#4156,#4158,.T.);
#4154 = VERTEX_POINT('',#4155);
#4155 = CARTESIAN_POINT('',(12.00125,-30.07125,9.));
#4156 = VERTEX_POINT('',#4157);
#4157 = CARTESIAN_POINT('',(12.00125,-30.07125,10.));
#4158 = LINE('',#4159,#4160);
#4159 = CARTESIAN_POINT('',(12.00125,-30.07125,9.));
#4160 = VECTOR('',#4161,1.);
#4161 = DIRECTION('',(0.,0.,1.));
#4162 = ORIENTED_EDGE('',*,*,#4163,.T.);
#4163 = EDGE_CURVE('',#4156,#4114,#4164,.T.);
#4164 = B_SPLINE_CURVE_WITH_KNOTS('',2,(#4165,#4166,#4167),
  .UNSPECIFIED.,.F.,.F.,(3,3),(0.,1.),.PIECEWISE_BEZIER_KNOTS.);
#4165 = CARTESIAN_POINT('',(12.00125,-30.07125,10.));
#4166 = CARTESIAN_POINT('',(11.5465625,-29.46,10.));
#4167 = CARTESIAN_POINT('',(10.716875,-29.46,10.));
#4168 = ORIENTED_EDGE('',*,*,#4111,.F.);
#4169 = ORIENTED_EDGE('',*,*,#4170,.F.);
#4170 = EDGE_CURVE('',#4154,#4112,#4171,.T.);
#4171 = B_SPLINE_CURVE_WITH_KNOTS('',2,(#4172,#4173,#4174),
  .UNSPECIFIED.,.F.,.F.,(3,3),(0.,1.),.PIECEWISE_BEZIER_KNOTS.);
#4172 = CARTESIAN_POINT('',(12.00125,-30.07125,9.));
#4173 = CARTESIAN_POINT('',(11.5465625,-29.46,9.));
#4174 = CARTESIAN_POINT('',(10.716875,-29.46,9.));
#4175 = SURFACE_OF_LINEAR_EXTRUSION('',#4176,#4180);
#4176 = B_SPLINE_CURVE_WITH_KNOTS('',2,(#4177,#4178,#4179),
  .UNSPECIFIED.,.F.,.F.,(3,3),(0.,1.),.PIECEWISE_BEZIER_KNOTS.);
#4177 = CARTESIAN_POINT('',(12.00125,-30.07125,9.));
#4178 = CARTESIAN_POINT('',(11.5465625,-29.46,9.));
#4179 = CARTESIAN_POINT('',(10.716875,-29.46,9.));
#4180 = VECTOR('',#4181,1.);
#4181 = DIRECTION('',(-0.,-0.,-1.));
#4182 = ADVANCED_FACE('',(#4183),#4208,.T.);
#4183 = FACE_BOUND('',#4184,.T.);
#4184 = EDGE_LOOP('',(#4185,#4195,#4201,#4202));
#4185 = ORIENTED_EDGE('',*,*,#4186,.T.);
#4186 = EDGE_CURVE('',#4187,#4189,#4191,.T.);
#4187 = VERTEX_POINT('',#4188);
#4188 = CARTESIAN_POINT('',(12.4559375,-31.7925,9.));
#4189 = VERTEX_POINT('',#4190);
#4190 = CARTESIAN_POINT('',(12.4559375,-31.7925,10.));
#4191 = LINE('',#4192,#4193);
#4192 = CARTESIAN_POINT('',(12.4559375,-31.7925,9.));
#4193 = VECTOR('',#4194,1.);
#4194 = DIRECTION('',(0.,0.,1.));
#4195 = ORIENTED_EDGE('',*,*,#4196,.T.);
#4196 = EDGE_CURVE('',#4189,#4156,#4197,.T.);
#4197 = B_SPLINE_CURVE_WITH_KNOTS('',2,(#4198,#4199,#4200),
  .UNSPECIFIED.,.F.,.F.,(3,3),(0.,1.),.PIECEWISE_BEZIER_KNOTS.);
#4198 = CARTESIAN_POINT('',(12.4559375,-31.7925,10.));
#4199 = CARTESIAN_POINT('',(12.4559375,-30.6825,10.));
#4200 = CARTESIAN_POINT('',(12.00125,-30.07125,10.));
#4201 = ORIENTED_EDGE('',*,*,#4153,.F.);
#4202 = ORIENTED_EDGE('',*,*,#4203,.F.);
#4203 = EDGE_CURVE('',#4187,#4154,#4204,.T.);
#4204 = B_SPLINE_CURVE_WITH_KNOTS('',2,(#4205,#4206,#4207),
  .UNSPECIFIED.,.F.,.F.,(3,3),(0.,1.),.PIECEWISE_BEZIER_KNOTS.);
#4205 = CARTESIAN_POINT('',(12.4559375,-31.7925,9.));
#4206 = CARTESIAN_POINT('',(12.4559375,-30.6825,9.));
#4207 = CARTESIAN_POINT('',(12.00125,-30.07125,9.));
#4208 = SURFACE_OF_LINEAR_EXTRUSION('',#4209,#4213);
#4209 = B_SPLINE_CURVE_WITH_KNOTS('',2,(#4210,#4211,#4212),
  .UNSPECIFIED.,.F.,.F.,(3,3),(0.,1.),.PIECEWISE_BEZIER_KNOTS.);
#4210 = CARTESIAN_POINT('',(12.4559375,-31.7925,9.));
#4211 = CARTESIAN_POINT('',(12.4559375,-30.6825,9.));
#4212 = CARTESIAN_POINT('',(12.00125,-30.07125,9.));
#4213 = VECTOR('',#4214,1.);
#4214 = DIRECTION('',(-0.,-0.,-1.));
#4215 = ADVANCED_FACE('',(#4216),#4241,.T.);
#4216 = FACE_BOUND('',#4217,.T.);
#4217 = EDGE_LOOP('',(#4218,#4228,#4234,#4235));
#4218 = ORIENTED_EDGE('',*,*,#4219,.T.);
#4219 = EDGE_CURVE('',#4220,#4222,#4224,.T.);
#4220 = VERTEX_POINT('',#4221);
#4221 = CARTESIAN_POINT('',(12.00125,-33.50875,9.));
#4222 = VERTEX_POINT('',#4223);
#4223 = CARTESIAN_POINT('',(12.00125,-33.50875,10.));
#4224 = LINE('',#4225,#4226);
#4225 = CARTESIAN_POINT('',(12.00125,-33.50875,9.));
#4226 = VECTOR('',#4227,1.);
#4227 = DIRECTION('',(0.,0.,1.));
#4228 = ORIENTED_EDGE('',*,*,#4229,.T.);
#4229 = EDGE_CURVE('',#4222,#4189,#4230,.T.);
#4230 = B_SPLINE_CURVE_WITH_KNOTS('',2,(#4231,#4232,#4233),
  .UNSPECIFIED.,.F.,.F.,(3,3),(0.,1.),.PIECEWISE_BEZIER_KNOTS.);
#4231 = CARTESIAN_POINT('',(12.00125,-33.50875,10.));
#4232 = CARTESIAN_POINT('',(12.4559375,-32.8975,10.));
#4233 = CARTESIAN_POINT('',(12.4559375,-31.7925,10.));
#4234 = ORIENTED_EDGE('',*,*,#4186,.F.);
#4235 = ORIENTED_EDGE('',*,*,#4236,.F.);
#4236 = EDGE_CURVE('',#4220,#4187,#4237,.T.);
#4237 = B_SPLINE_CURVE_WITH_KNOTS('',2,(#4238,#4239,#4240),
  .UNSPECIFIED.,.F.,.F.,(3,3),(0.,1.),.PIECEWISE_BEZIER_KNOTS.);
#4238 = CARTESIAN_POINT('',(12.00125,-33.50875,9.));
#4239 = CARTESIAN_POINT('',(12.4559375,-32.8975,9.));
#4240 = CARTESIAN_POINT('',(12.4559375,-31.7925,9.));
#4241 = SURFACE_OF_LINEAR_EXTRUSION('',#4242,#4246);
#4242 = B_SPLINE_CURVE_WITH_KNOTS('',2,(#4243,#4244,#4245),
  .UNSPECIFIED.,.F.,.F.,(3,3),(0.,1.),.PIECEWISE_BEZIER_KNOTS.);
#4243 = CARTESIAN_POINT('',(12.00125,-33.50875,9.));
#4244 = CARTESIAN_POINT('',(12.4559375,-32.8975,9.));
#4245 = CARTESIAN_POINT('',(12.4559375,-31.7925,9.));
#4246 = VECTOR('',#4247,1.);
#4247 = DIRECTION('',(-0.,-0.,-1.));
#4248 = ADVANCED_FACE('',(#4249),#4274,.T.);
#4249 = FACE_BOUND('',#4250,.T.);
#4250 = EDGE_LOOP('',(#4251,#4261,#4267,#4268));
#4251 = ORIENTED_EDGE('',*,*,#4252,.T.);
#4252 = EDGE_CURVE('',#4253,#4255,#4257,.T.);
#4253 = VERTEX_POINT('',#4254);
#4254 = CARTESIAN_POINT('',(10.716875,-34.12,9.));
#4255 = VERTEX_POINT('',#4256);
#4256 = CARTESIAN_POINT('',(10.716875,-34.12,10.));
#4257 = LINE('',#4258,#4259);
#4258 = CARTESIAN_POINT('',(10.716875,-34.12,9.));
#4259 = VECTOR('',#4260,1.);
#4260 = DIRECTION('',(0.,0.,1.));
#4261 = ORIENTED_EDGE('',*,*,#4262,.T.);
#4262 = EDGE_CURVE('',#4255,#4222,#4263,.T.);
#4263 = B_SPLINE_CURVE_WITH_KNOTS('',2,(#4264,#4265,#4266),
  .UNSPECIFIED.,.F.,.F.,(3,3),(0.,1.),.PIECEWISE_BEZIER_KNOTS.);
#4264 = CARTESIAN_POINT('',(10.716875,-34.12,10.));
#4265 = CARTESIAN_POINT('',(11.5465625,-34.12,10.));
#4266 = CARTESIAN_POINT('',(12.00125,-33.50875,10.));
#4267 = ORIENTED_EDGE('',*,*,#4219,.F.);
#4268 = ORIENTED_EDGE('',*,*,#4269,.F.);
#4269 = EDGE_CURVE('',#4253,#4220,#4270,.T.);
#4270 = B_SPLINE_CURVE_WITH_KNOTS('',2,(#4271,#4272,#4273),
  .UNSPECIFIED.,.F.,.F.,(3,3),(0.,1.),.PIECEWISE_BEZIER_KNOTS.);
#4271 = CARTESIAN_POINT('',(10.716875,-34.12,9.));
#4272 = CARTESIAN_POINT('',(11.5465625,-34.12,9.));
#4273 = CARTESIAN_POINT('',(12.00125,-33.50875,9.));
#4274 = SURFACE_OF_LINEAR_EXTRUSION('',#4275,#4279);
#4275 = B_SPLINE_CURVE_WITH_KNOTS('',2,(#4276,#4277,#4278),
  .UNSPECIFIED.,.F.,.F.,(3,3),(0.,1.),.PIECEWISE_BEZIER_KNOTS.);
#4276 = CARTESIAN_POINT('',(10.716875,-34.12,9.));
#4277 = CARTESIAN_POINT('',(11.5465625,-34.12,9.));
#4278 = CARTESIAN_POINT('',(12.00125,-33.50875,9.));
#4279 = VECTOR('',#4280,1.);
#4280 = DIRECTION('',(-0.,-0.,-1.));
#4281 = ADVANCED_FACE('',(#4282),#4307,.T.);
#4282 = FACE_BOUND('',#4283,.T.);
#4283 = EDGE_LOOP('',(#4284,#4294,#4300,#4301));
#4284 = ORIENTED_EDGE('',*,*,#4285,.T.);
#4285 = EDGE_CURVE('',#4286,#4288,#4290,.T.);
#4286 = VERTEX_POINT('',#4287);
#4287 = CARTESIAN_POINT('',(9.4371875,-33.50875,9.));
#4288 = VERTEX_POINT('',#4289);
#4289 = CARTESIAN_POINT('',(9.4371875,-33.50875,10.));
#4290 = LINE('',#4291,#4292);
#4291 = CARTESIAN_POINT('',(9.4371875,-33.50875,9.));
#4292 = VECTOR('',#4293,1.);
#4293 = DIRECTION('',(0.,0.,1.));
#4294 = ORIENTED_EDGE('',*,*,#4295,.T.);
#4295 = EDGE_CURVE('',#4288,#4255,#4296,.T.);
#4296 = B_SPLINE_CURVE_WITH_KNOTS('',2,(#4297,#4298,#4299),
  .UNSPECIFIED.,.F.,.F.,(3,3),(0.,1.),.PIECEWISE_BEZIER_KNOTS.);
#4297 = CARTESIAN_POINT('',(9.4371875,-33.50875,10.));
#4298 = CARTESIAN_POINT('',(9.891875,-34.12,10.));
#4299 = CARTESIAN_POINT('',(10.716875,-34.12,10.));
#4300 = ORIENTED_EDGE('',*,*,#4252,.F.);
#4301 = ORIENTED_EDGE('',*,*,#4302,.F.);
#4302 = EDGE_CURVE('',#4286,#4253,#4303,.T.);
#4303 = B_SPLINE_CURVE_WITH_KNOTS('',2,(#4304,#4305,#4306),
  .UNSPECIFIED.,.F.,.F.,(3,3),(0.,1.),.PIECEWISE_BEZIER_KNOTS.);
#4304 = CARTESIAN_POINT('',(9.4371875,-33.50875,9.));
#4305 = CARTESIAN_POINT('',(9.891875,-34.12,9.));
#4306 = CARTESIAN_POINT('',(10.716875,-34.12,9.));
#4307 = SURFACE_OF_LINEAR_EXTRUSION('',#4308,#4312);
#4308 = B_SPLINE_CURVE_WITH_KNOTS('',2,(#4309,#4310,#4311),
  .UNSPECIFIED.,.F.,.F.,(3,3),(0.,1.),.PIECEWISE_BEZIER_KNOTS.);
#4309 = CARTESIAN_POINT('',(9.4371875,-33.50875,9.));
#4310 = CARTESIAN_POINT('',(9.891875,-34.12,9.));
#4311 = CARTESIAN_POINT('',(10.716875,-34.12,9.));
#4312 = VECTOR('',#4313,1.);
#4313 = DIRECTION('',(-0.,-0.,-1.));
#4314 = ADVANCED_FACE('',(#4315),#4340,.T.);
#4315 = FACE_BOUND('',#4316,.T.);
#4316 = EDGE_LOOP('',(#4317,#4327,#4333,#4334));
#4317 = ORIENTED_EDGE('',*,*,#4318,.T.);
#4318 = EDGE_CURVE('',#4319,#4321,#4323,.T.);
#4319 = VERTEX_POINT('',#4320);
#4320 = CARTESIAN_POINT('',(8.9825,-31.7925,9.));
#4321 = VERTEX_POINT('',#4322);
#4322 = CARTESIAN_POINT('',(8.9825,-31.7925,10.));
#4323 = LINE('',#4324,#4325);
#4324 = CARTESIAN_POINT('',(8.9825,-31.7925,9.));
#4325 = VECTOR('',#4326,1.);
#4326 = DIRECTION('',(0.,0.,1.));
#4327 = ORIENTED_EDGE('',*,*,#4328,.T.);
#4328 = EDGE_CURVE('',#4321,#4288,#4329,.T.);
#4329 = B_SPLINE_CURVE_WITH_KNOTS('',2,(#4330,#4331,#4332),
  .UNSPECIFIED.,.F.,.F.,(3,3),(0.,1.),.PIECEWISE_BEZIER_KNOTS.);
#4330 = CARTESIAN_POINT('',(8.9825,-31.7925,10.));
#4331 = CARTESIAN_POINT('',(8.9825,-32.8975,10.));
#4332 = CARTESIAN_POINT('',(9.4371875,-33.50875,10.));
#4333 = ORIENTED_EDGE('',*,*,#4285,.F.);
#4334 = ORIENTED_EDGE('',*,*,#4335,.F.);
#4335 = EDGE_CURVE('',#4319,#4286,#4336,.T.);
#4336 = B_SPLINE_CURVE_WITH_KNOTS('',2,(#4337,#4338,#4339),
  .UNSPECIFIED.,.F.,.F.,(3,3),(0.,1.),.PIECEWISE_BEZIER_KNOTS.);
#4337 = CARTESIAN_POINT('',(8.9825,-31.7925,9.));
#4338 = CARTESIAN_POINT('',(8.9825,-32.8975,9.));
#4339 = CARTESIAN_POINT('',(9.4371875,-33.50875,9.));
#4340 = SURFACE_OF_LINEAR_EXTRUSION('',#4341,#4345);
#4341 = B_SPLINE_CURVE_WITH_KNOTS('',2,(#4342,#4343,#4344),
  .UNSPECIFIED.,.F.,.F.,(3,3),(0.,1.),.PIECEWISE_BEZIER_KNOTS.);
#4342 = CARTESIAN_POINT('',(8.9825,-31.7925,9.));
#4343 = CARTESIAN_POINT('',(8.9825,-32.8975,9.));
#4344 = CARTESIAN_POINT('',(9.4371875,-33.50875,9.));
#4345 = VECTOR('',#4346,1.);
#4346 = DIRECTION('',(-0.,-0.,-1.));
#4347 = ADVANCED_FACE('',(#4348),#4364,.T.);
#4348 = FACE_BOUND('',#4349,.T.);
#4349 = EDGE_LOOP('',(#4350,#4351,#4357,#4358));
#4350 = ORIENTED_EDGE('',*,*,#4129,.T.);
#4351 = ORIENTED_EDGE('',*,*,#4352,.T.);
#4352 = EDGE_CURVE('',#4122,#4321,#4353,.T.);
#4353 = B_SPLINE_CURVE_WITH_KNOTS('',2,(#4354,#4355,#4356),
  .UNSPECIFIED.,.F.,.F.,(3,3),(0.,1.),.PIECEWISE_BEZIER_KNOTS.);
#4354 = CARTESIAN_POINT('',(9.4371875,-30.07125,10.));
#4355 = CARTESIAN_POINT('',(8.9825,-30.6825,10.));
#4356 = CARTESIAN_POINT('',(8.9825,-31.7925,10.));
#4357 = ORIENTED_EDGE('',*,*,#4318,.F.);
#4358 = ORIENTED_EDGE('',*,*,#4359,.F.);
#4359 = EDGE_CURVE('',#4130,#4319,#4360,.T.);
#4360 = B_SPLINE_CURVE_WITH_KNOTS('',2,(#4361,#4362,#4363),
  .UNSPECIFIED.,.F.,.F.,(3,3),(0.,1.),.PIECEWISE_BEZIER_KNOTS.);
#4361 = CARTESIAN_POINT('',(9.4371875,-30.07125,9.));
#4362 = CARTESIAN_POINT('',(8.9825,-30.6825,9.));
#4363 = CARTESIAN_POINT('',(8.9825,-31.7925,9.));
#4364 = SURFACE_OF_LINEAR_EXTRUSION('',#4365,#4369);
#4365 = B_SPLINE_CURVE_WITH_KNOTS('',2,(#4366,#4367,#4368),
  .UNSPECIFIED.,.F.,.F.,(3,3),(0.,1.),.PIECEWISE_BEZIER_KNOTS.);
#4366 = CARTESIAN_POINT('',(9.4371875,-30.07125,9.));
#4367 = CARTESIAN_POINT('',(8.9825,-30.6825,9.));
#4368 = CARTESIAN_POINT('',(8.9825,-31.7925,9.));
#4369 = VECTOR('',#4370,1.);
#4370 = DIRECTION('',(-0.,-0.,-1.));
#4371 = ADVANCED_FACE('',(#4372,#4382),#4392,.F.);
#4372 = FACE_BOUND('',#4373,.F.);
#4373 = EDGE_LOOP('',(#4374,#4375,#4376,#4377,#4378,#4379,#4380,#4381));
#4374 = ORIENTED_EDGE('',*,*,#3873,.F.);
#4375 = ORIENTED_EDGE('',*,*,#3906,.F.);
#4376 = ORIENTED_EDGE('',*,*,#3939,.F.);
#4377 = ORIENTED_EDGE('',*,*,#3972,.F.);
#4378 = ORIENTED_EDGE('',*,*,#4005,.F.);
#4379 = ORIENTED_EDGE('',*,*,#4038,.F.);
#4380 = ORIENTED_EDGE('',*,*,#4071,.F.);
#4381 = ORIENTED_EDGE('',*,*,#4095,.F.);
#4382 = FACE_BOUND('',#4383,.F.);
#4383 = EDGE_LOOP('',(#4384,#4385,#4386,#4387,#4388,#4389,#4390,#4391));
#4384 = ORIENTED_EDGE('',*,*,#4137,.F.);
#4385 = ORIENTED_EDGE('',*,*,#4170,.F.);
#4386 = ORIENTED_EDGE('',*,*,#4203,.F.);
#4387 = ORIENTED_EDGE('',*,*,#4236,.F.);
#4388 = ORIENTED_EDGE('',*,*,#4269,.F.);
#4389 = ORIENTED_EDGE('',*,*,#4302,.F.);
#4390 = ORIENTED_EDGE('',*,*,#4335,.F.);
#4391 = ORIENTED_EDGE('',*,*,#4359,.F.);
#4392 = PLANE('',#4393);
#4393 = AXIS2_PLACEMENT_3D('',#4394,#4395,#4396);
#4394 = CARTESIAN_POINT('',(10.718025271427,-31.79008175491,9.));
#4395 = DIRECTION('',(0.,0.,1.));
#4396 = DIRECTION('',(1.,0.,0.));
#4397 = ADVANCED_FACE('',(#4398,#4408),#4418,.T.);
#4398 = FACE_BOUND('',#4399,.T.);
#4399 = EDGE_LOOP('',(#4400,#4401,#4402,#4403,#4404,#4405,#4406,#4407));
#4400 = ORIENTED_EDGE('',*,*,#3857,.F.);
#4401 = ORIENTED_EDGE('',*,*,#3899,.F.);
#4402 = ORIENTED_EDGE('',*,*,#3932,.F.);
#4403 = ORIENTED_EDGE('',*,*,#3965,.F.);
#4404 = ORIENTED_EDGE('',*,*,#3998,.F.);
#4405 = ORIENTED_EDGE('',*,*,#4031,.F.);
#4406 = ORIENTED_EDGE('',*,*,#4064,.F.);
#4407 = ORIENTED_EDGE('',*,*,#4088,.F.);
#4408 = FACE_BOUND('',#4409,.T.);
#4409 = EDGE_LOOP('',(#4410,#4411,#4412,#4413,#4414,#4415,#4416,#4417));
#4410 = ORIENTED_EDGE('',*,*,#4121,.F.);
#4411 = ORIENTED_EDGE('',*,*,#4163,.F.);
#4412 = ORIENTED_EDGE('',*,*,#4196,.F.);
#4413 = ORIENTED_EDGE('',*,*,#4229,.F.);
#4414 = ORIENTED_EDGE('',*,*,#4262,.F.);
#4415 = ORIENTED_EDGE('',*,*,#4295,.F.);
#4416 = ORIENTED_EDGE('',*,*,#4328,.F.);
#4417 = ORIENTED_EDGE('',*,*,#4352,.F.);
#4418 = PLANE('',#4419);
#4419 = AXIS2_PLACEMENT_3D('',#4420,#4421,#4422);
#4420 = CARTESIAN_POINT('',(10.718025271427,-31.79008175491,10.));
#4421 = DIRECTION('',(0.,0.,1.));
#4422 = DIRECTION('',(1.,0.,0.));
#4423 = MANIFOLD_SOLID_BREP('',#4424);
#4424 = CLOSED_SHELL('',(#4425,#4465,#4496,#4527,#4558,#4589,#4611,#4625
    ));
#4425 = ADVANCED_FACE('',(#4426),#4460,.T.);
#4426 = FACE_BOUND('',#4427,.T.);
#4427 = EDGE_LOOP('',(#4428,#4438,#4446,#4454));
#4428 = ORIENTED_EDGE('',*,*,#4429,.T.);
#4429 = EDGE_CURVE('',#4430,#4432,#4434,.T.);
#4430 = VERTEX_POINT('',#4431);
#4431 = CARTESIAN_POINT('',(15.68,-28.28,9.));
#4432 = VERTEX_POINT('',#4433);
#4433 = CARTESIAN_POINT('',(15.68,-28.28,10.));
#4434 = LINE('',#4435,#4436);
#4435 = CARTESIAN_POINT('',(15.68,-28.28,9.));
#4436 = VECTOR('',#4437,1.);
#4437 = DIRECTION('',(0.,0.,1.));
#4438 = ORIENTED_EDGE('',*,*,#4439,.T.);
#4439 = EDGE_CURVE('',#4432,#4440,#4442,.T.);
#4440 = VERTEX_POINT('',#4441);
#4441 = CARTESIAN_POINT('',(17.4846875,-28.28,10.));
#4442 = LINE('',#4443,#4444);
#4443 = CARTESIAN_POINT('',(15.68,-28.28,10.));
#4444 = VECTOR('',#4445,1.);
#4445 = DIRECTION('',(1.,0.,0.));
#4446 = ORIENTED_EDGE('',*,*,#4447,.F.);
#4447 = EDGE_CURVE('',#4448,#4440,#4450,.T.);
#4448 = VERTEX_POINT('',#4449);
#4449 = CARTESIAN_POINT('',(17.4846875,-28.28,9.));
#4450 = LINE('',#4451,#4452);
#4451 = CARTESIAN_POINT('',(17.4846875,-28.28,9.));
#4452 = VECTOR('',#4453,1.);
#4453 = DIRECTION('',(0.,0.,1.));
#4454 = ORIENTED_EDGE('',*,*,#4455,.F.);
#4455 = EDGE_CURVE('',#4430,#4448,#4456,.T.);
#4456 = LINE('',#4457,#4458);
#4457 = CARTESIAN_POINT('',(15.68,-28.28,9.));
#4458 = VECTOR('',#4459,1.);
#4459 = DIRECTION('',(1.,0.,0.));
#4460 = PLANE('',#4461);
#4461 = AXIS2_PLACEMENT_3D('',#4462,#4463,#4464);
#4462 = CARTESIAN_POINT('',(15.68,-28.28,9.));
#4463 = DIRECTION('',(0.,1.,0.));
#4464 = DIRECTION('',(1.,0.,0.));
#4465 = ADVANCED_FACE('',(#4466),#4491,.T.);
#4466 = FACE_BOUND('',#4467,.T.);
#4467 = EDGE_LOOP('',(#4468,#4478,#4484,#4485));
#4468 = ORIENTED_EDGE('',*,*,#4469,.T.);
#4469 = EDGE_CURVE('',#4470,#4472,#4474,.T.);
#4470 = VERTEX_POINT('',#4471);
#4471 = CARTESIAN_POINT('',(15.68,-35.28,9.));
#4472 = VERTEX_POINT('',#4473);
#4473 = CARTESIAN_POINT('',(15.68,-35.28,10.));
#4474 = LINE('',#4475,#4476);
#4475 = CARTESIAN_POINT('',(15.68,-35.28,9.));
#4476 = VECTOR('',#4477,1.);
#4477 = DIRECTION('',(0.,0.,1.));
#4478 = ORIENTED_EDGE('',*,*,#4479,.T.);
#4479 = EDGE_CURVE('',#4472,#4432,#4480,.T.);
#4480 = LINE('',#4481,#4482);
#4481 = CARTESIAN_POINT('',(15.68,-35.28,10.));
#4482 = VECTOR('',#4483,1.);
#4483 = DIRECTION('',(0.,1.,0.));
#4484 = ORIENTED_EDGE('',*,*,#4429,.F.);
#4485 = ORIENTED_EDGE('',*,*,#4486,.F.);
#4486 = EDGE_CURVE('',#4470,#4430,#4487,.T.);
#4487 = LINE('',#4488,#4489);
#4488 = CARTESIAN_POINT('',(15.68,-35.28,9.));
#4489 = VECTOR('',#4490,1.);
#4490 = DIRECTION('',(0.,1.,0.));
#4491 = PLANE('',#4492);
#4492 = AXIS2_PLACEMENT_3D('',#4493,#4494,#4495);
#4493 = CARTESIAN_POINT('',(15.68,-35.28,9.));
#4494 = DIRECTION('',(-1.,0.,0.));
#4495 = DIRECTION('',(0.,1.,0.));
#4496 = ADVANCED_FACE('',(#4497),#4522,.T.);
#4497 = FACE_BOUND('',#4498,.T.);
#4498 = EDGE_LOOP('',(#4499,#4509,#4515,#4516));
#4499 = ORIENTED_EDGE('',*,*,#4500,.T.);
#4500 = EDGE_CURVE('',#4501,#4503,#4505,.T.);
#4501 = VERTEX_POINT('',#4502);
#4502 = CARTESIAN_POINT('',(20.6534375,-35.28,9.));
#4503 = VERTEX_POINT('',#4504);
#4504 = CARTESIAN_POINT('',(20.6534375,-35.28,10.));
#4505 = LINE('',#4506,#4507);
#4506 = CARTESIAN_POINT('',(20.6534375,-35.28,9.));
#4507 = VECTOR('',#4508,1.);
#4508 = DIRECTION('',(0.,0.,1.));
#4509 = ORIENTED_EDGE('',*,*,#4510,.T.);
#4510 = EDGE_CURVE('',#4503,#4472,#4511,.T.);
#4511 = LINE('',#4512,#4513);
#4512 = CARTESIAN_POINT('',(20.6534375,-35.28,10.));
#4513 = VECTOR('',#4514,1.);
#4514 = DIRECTION('',(-1.,0.,0.));
#4515 = ORIENTED_EDGE('',*,*,#4469,.F.);
#4516 = ORIENTED_EDGE('',*,*,#4517,.F.);
#4517 = EDGE_CURVE('',#4501,#4470,#4518,.T.);
#4518 = LINE('',#4519,#4520);
#4519 = CARTESIAN_POINT('',(20.6534375,-35.28,9.));
#4520 = VECTOR('',#4521,1.);
#4521 = DIRECTION('',(-1.,0.,0.));
#4522 = PLANE('',#4523);
#4523 = AXIS2_PLACEMENT_3D('',#4524,#4525,#4526);
#4524 = CARTESIAN_POINT('',(20.6534375,-35.28,9.));
#4525 = DIRECTION('',(0.,-1.,0.));
#4526 = DIRECTION('',(-1.,0.,0.));
#4527 = ADVANCED_FACE('',(#4528),#4553,.T.);
#4528 = FACE_BOUND('',#4529,.T.);
#4529 = EDGE_LOOP('',(#4530,#4540,#4546,#4547));
#4530 = ORIENTED_EDGE('',*,*,#4531,.T.);
#4531 = EDGE_CURVE('',#4532,#4534,#4536,.T.);
#4532 = VERTEX_POINT('',#4533);
#4533 = CARTESIAN_POINT('',(20.6534375,-33.92,9.));
#4534 = VERTEX_POINT('',#4535);
#4535 = CARTESIAN_POINT('',(20.6534375,-33.92,10.));
#4536 = LINE('',#4537,#4538);
#4537 = CARTESIAN_POINT('',(20.6534375,-33.92,9.));
#4538 = VECTOR('',#4539,1.);
#4539 = DIRECTION('',(0.,0.,1.));
#4540 = ORIENTED_EDGE('',*,*,#4541,.T.);
#4541 = EDGE_CURVE('',#4534,#4503,#4542,.T.);
#4542 = LINE('',#4543,#4544);
#4543 = CARTESIAN_POINT('',(20.6534375,-33.92,10.));
#4544 = VECTOR('',#4545,1.);
#4545 = DIRECTION('',(0.,-1.,0.));
#4546 = ORIENTED_EDGE('',*,*,#4500,.F.);
#4547 = ORIENTED_EDGE('',*,*,#4548,.F.);
#4548 = EDGE_CURVE('',#4532,#4501,#4549,.T.);
#4549 = LINE('',#4550,#4551);
#4550 = CARTESIAN_POINT('',(20.6534375,-33.92,9.));
#4551 = VECTOR('',#4552,1.);
#4552 = DIRECTION('',(0.,-1.,0.));
#4553 = PLANE('',#4554);
#4554 = AXIS2_PLACEMENT_3D('',#4555,#4556,#4557);
#4555 = CARTESIAN_POINT('',(20.6534375,-33.92,9.));
#4556 = DIRECTION('',(1.,0.,-0.));
#4557 = DIRECTION('',(0.,-1.,0.));
#4558 = ADVANCED_FACE('',(#4559),#4584,.T.);
#4559 = FACE_BOUND('',#4560,.T.);
#4560 = EDGE_LOOP('',(#4561,#4571,#4577,#4578));
#4561 = ORIENTED_EDGE('',*,*,#4562,.T.);
#4562 = EDGE_CURVE('',#4563,#4565,#4567,.T.);
#4563 = VERTEX_POINT('',#4564);
#4564 = CARTESIAN_POINT('',(17.4846875,-33.92,9.));
#4565 = VERTEX_POINT('',#4566);
#4566 = CARTESIAN_POINT('',(17.4846875,-33.92,10.));
#4567 = LINE('',#4568,#4569);
#4568 = CARTESIAN_POINT('',(17.4846875,-33.92,9.));
#4569 = VECTOR('',#4570,1.);
#4570 = DIRECTION('',(0.,0.,1.));
#4571 = ORIENTED_EDGE('',*,*,#4572,.T.);
#4572 = EDGE_CURVE('',#4565,#4534,#4573,.T.);
#4573 = LINE('',#4574,#4575);
#4574 = CARTESIAN_POINT('',(17.4846875,-33.92,10.));
#4575 = VECTOR('',#4576,1.);
#4576 = DIRECTION('',(1.,0.,0.));
#4577 = ORIENTED_EDGE('',*,*,#4531,.F.);
#4578 = ORIENTED_EDGE('',*,*,#4579,.F.);
#4579 = EDGE_CURVE('',#4563,#4532,#4580,.T.);
#4580 = LINE('',#4581,#4582);
#4581 = CARTESIAN_POINT('',(17.4846875,-33.92,9.));
#4582 = VECTOR('',#4583,1.);
#4583 = DIRECTION('',(1.,0.,0.));
#4584 = PLANE('',#4585);
#4585 = AXIS2_PLACEMENT_3D('',#4586,#4587,#4588);
#4586 = CARTESIAN_POINT('',(17.4846875,-33.92,9.));
#4587 = DIRECTION('',(0.,1.,0.));
#4588 = DIRECTION('',(1.,0.,0.));
#4589 = ADVANCED_FACE('',(#4590),#4606,.T.);
#4590 = FACE_BOUND('',#4591,.T.);
#4591 = EDGE_LOOP('',(#4592,#4593,#4599,#4600));
#4592 = ORIENTED_EDGE('',*,*,#4447,.T.);
#4593 = ORIENTED_EDGE('',*,*,#4594,.T.);
#4594 = EDGE_CURVE('',#4440,#4565,#4595,.T.);
#4595 = LINE('',#4596,#4597);
#4596 = CARTESIAN_POINT('',(17.4846875,-28.28,10.));
#4597 = VECTOR('',#4598,1.);
#4598 = DIRECTION('',(0.,-1.,0.));
#4599 = ORIENTED_EDGE('',*,*,#4562,.F.);
#4600 = ORIENTED_EDGE('',*,*,#4601,.F.);
#4601 = EDGE_CURVE('',#4448,#4563,#4602,.T.);
#4602 = LINE('',#4603,#4604);
#4603 = CARTESIAN_POINT('',(17.4846875,-28.28,9.));
#4604 = VECTOR('',#4605,1.);
#4605 = DIRECTION('',(0.,-1.,0.));
#4606 = PLANE('',#4607);
#4607 = AXIS2_PLACEMENT_3D('',#4608,#4609,#4610);
#4608 = CARTESIAN_POINT('',(17.4846875,-28.28,9.));
#4609 = DIRECTION('',(1.,0.,-0.));
#4610 = DIRECTION('',(0.,-1.,0.));
#4611 = ADVANCED_FACE('',(#4612),#4620,.F.);
#4612 = FACE_BOUND('',#4613,.F.);
#4613 = EDGE_LOOP('',(#4614,#4615,#4616,#4617,#4618,#4619));
#4614 = ORIENTED_EDGE('',*,*,#4455,.F.);
#4615 = ORIENTED_EDGE('',*,*,#4486,.F.);
#4616 = ORIENTED_EDGE('',*,*,#4517,.F.);
#4617 = ORIENTED_EDGE('',*,*,#4548,.F.);
#4618 = ORIENTED_EDGE('',*,*,#4579,.F.);
#4619 = ORIENTED_EDGE('',*,*,#4601,.F.);
#4620 = PLANE('',#4621);
#4621 = AXIS2_PLACEMENT_3D('',#4622,#4623,#4624);
#4622 = CARTESIAN_POINT('',(17.420410515627,-32.52630823437,9.));
#4623 = DIRECTION('',(0.,0.,1.));
#4624 = DIRECTION('',(1.,0.,0.));
#4625 = ADVANCED_FACE('',(#4626),#4634,.T.);
#4626 = FACE_BOUND('',#4627,.T.);
#4627 = EDGE_LOOP('',(#4628,#4629,#4630,#4631,#4632,#4633));
#4628 = ORIENTED_EDGE('',*,*,#4439,.F.);
#4629 = ORIENTED_EDGE('',*,*,#4479,.F.);
#4630 = ORIENTED_EDGE('',*,*,#4510,.F.);
#4631 = ORIENTED_EDGE('',*,*,#4541,.F.);
#4632 = ORIENTED_EDGE('',*,*,#4572,.F.);
#4633 = ORIENTED_EDGE('',*,*,#4594,.F.);
#4634 = PLANE('',#4635);
#4635 = AXIS2_PLACEMENT_3D('',#4636,#4637,#4638);
#4636 = CARTESIAN_POINT('',(17.420410515627,-32.52630823437,10.));
#4637 = DIRECTION('',(0.,0.,1.));
#4638 = DIRECTION('',(1.,0.,0.));
#4639 = MANIFOLD_SOLID_BREP('',#4640);
#4640 = CLOSED_SHELL('',(#4641,#4681,#4712,#4743,#4774,#4805,#4836,#4867
    ,#4889,#4905));
#4641 = ADVANCED_FACE('',(#4642),#4676,.T.);
#4642 = FACE_BOUND('',#4643,.T.);
#4643 = EDGE_LOOP('',(#4644,#4654,#4662,#4670));
#4644 = ORIENTED_EDGE('',*,*,#4645,.T.);
#4645 = EDGE_CURVE('',#4646,#4648,#4650,.T.);
#4646 = VERTEX_POINT('',#4647);
#4647 = CARTESIAN_POINT('',(19.385625,-28.28,9.));
#4648 = VERTEX_POINT('',#4649);
#4649 = CARTESIAN_POINT('',(19.385625,-28.28,10.));
#4650 = LINE('',#4651,#4652);
#4651 = CARTESIAN_POINT('',(19.385625,-28.28,9.));
#4652 = VECTOR('',#4653,1.);
#4653 = DIRECTION('',(0.,0.,1.));
#4654 = ORIENTED_EDGE('',*,*,#4655,.T.);
#4655 = EDGE_CURVE('',#4648,#4656,#4658,.T.);
#4656 = VERTEX_POINT('',#4657);
#4657 = CARTESIAN_POINT('',(25.835625,-28.28,10.));
#4658 = LINE('',#4659,#4660);
#4659 = CARTESIAN_POINT('',(19.385625,-28.28,10.));
#4660 = VECTOR('',#4661,1.);
#4661 = DIRECTION('',(1.,0.,0.));
#4662 = ORIENTED_EDGE('',*,*,#4663,.F.);
#4663 = EDGE_CURVE('',#4664,#4656,#4666,.T.);
#4664 = VERTEX_POINT('',#4665);
#4665 = CARTESIAN_POINT('',(25.835625,-28.28,9.));
#4666 = LINE('',#4667,#4668);
#4667 = CARTESIAN_POINT('',(25.835625,-28.28,9.));
#4668 = VECTOR('',#4669,1.);
#4669 = DIRECTION('',(0.,0.,1.));
#4670 = ORIENTED_EDGE('',*,*,#4671,.F.);
#4671 = EDGE_CURVE('',#4646,#4664,#4672,.T.);
#4672 = LINE('',#4673,#4674);
#4673 = CARTESIAN_POINT('',(19.385625,-28.28,9.));
#4674 = VECTOR('',#4675,1.);
#4675 = DIRECTION('',(1.,0.,0.));
#4676 = PLANE('',#4677);
#4677 = AXIS2_PLACEMENT_3D('',#4678,#4679,#4680);
#4678 = CARTESIAN_POINT('',(19.385625,-28.28,9.));
#4679 = DIRECTION('',(0.,1.,0.));
#4680 = DIRECTION('',(1.,0.,0.));
#4681 = ADVANCED_FACE('',(#4682),#4707,.T.);
#4682 = FACE_BOUND('',#4683,.T.);
#4683 = EDGE_LOOP('',(#4684,#4694,#4700,#4701));
#4684 = ORIENTED_EDGE('',*,*,#4685,.T.);
#4685 = EDGE_CURVE('',#4686,#4688,#4690,.T.);
#4686 = VERTEX_POINT('',#4687);
#4687 = CARTESIAN_POINT('',(19.385625,-29.64,9.));
#4688 = VERTEX_POINT('',#4689);
#4689 = CARTESIAN_POINT('',(19.385625,-29.64,10.));
#4690 = LINE('',#4691,#4692);
#4691 = CARTESIAN_POINT('',(19.385625,-29.64,9.));
#4692 = VECTOR('',#4693,1.);
#4693 = DIRECTION('',(0.,0.,1.));
#4694 = ORIENTED_EDGE('',*,*,#4695,.T.);
#4695 = EDGE_CURVE('',#4688,#4648,#4696,.T.);
#4696 = LINE('',#4697,#4698);
#4697 = CARTESIAN_POINT('',(19.385625,-29.64,10.));
#4698 = VECTOR('',#4699,1.);
#4699 = DIRECTION('',(0.,1.,0.));
#4700 = ORIENTED_EDGE('',*,*,#4645,.F.);
#4701 = ORIENTED_EDGE('',*,*,#4702,.F.);
#4702 = EDGE_CURVE('',#4686,#4646,#4703,.T.);
#4703 = LINE('',#4704,#4705);
#4704 = CARTESIAN_POINT('',(19.385625,-29.64,9.));
#4705 = VECTOR('',#4706,1.);
#4706 = DIRECTION('',(0.,1.,0.));
#4707 = PLANE('',#4708);
#4708 = AXIS2_PLACEMENT_3D('',#4709,#4710,#4711);
#4709 = CARTESIAN_POINT('',(19.385625,-29.64,9.));
#4710 = DIRECTION('',(-1.,0.,0.));
#4711 = DIRECTION('',(0.,1.,0.));
#4712 = ADVANCED_FACE('',(#4713),#4738,.T.);
#4713 = FACE_BOUND('',#4714,.T.);
#4714 = EDGE_LOOP('',(#4715,#4725,#4731,#4732));
#4715 = ORIENTED_EDGE('',*,*,#4716,.T.);
#4716 = EDGE_CURVE('',#4717,#4719,#4721,.T.);
#4717 = VERTEX_POINT('',#4718);
#4718 = CARTESIAN_POINT('',(21.710625,-29.64,9.));
#4719 = VERTEX_POINT('',#4720);
#4720 = CARTESIAN_POINT('',(21.710625,-29.64,10.));
#4721 = LINE('',#4722,#4723);
#4722 = CARTESIAN_POINT('',(21.710625,-29.64,9.));
#4723 = VECTOR('',#4724,1.);
#4724 = DIRECTION('',(0.,0.,1.));
#4725 = ORIENTED_EDGE('',*,*,#4726,.T.);
#4726 = EDGE_CURVE('',#4719,#4688,#4727,.T.);
#4727 = LINE('',#4728,#4729);
#4728 = CARTESIAN_POINT('',(21.710625,-29.64,10.));
#4729 = VECTOR('',#4730,1.);
#4730 = DIRECTION('',(-1.,0.,0.));
#4731 = ORIENTED_EDGE('',*,*,#4685,.F.);
#4732 = ORIENTED_EDGE('',*,*,#4733,.F.);
#4733 = EDGE_CURVE('',#4717,#4686,#4734,.T.);
#4734 = LINE('',#4735,#4736);
#4735 = CARTESIAN_POINT('',(21.710625,-29.64,9.));
#4736 = VECTOR('',#4737,1.);
#4737 = DIRECTION('',(-1.,0.,0.));
#4738 = PLANE('',#4739);
#4739 = AXIS2_PLACEMENT_3D('',#4740,#4741,#4742);
#4740 = CARTESIAN_POINT('',(21.710625,-29.64,9.));
#4741 = DIRECTION('',(0.,-1.,0.));
#4742 = DIRECTION('',(-1.,0.,0.));
#4743 = ADVANCED_FACE('',(#4744),#4769,.T.);
#4744 = FACE_BOUND('',#4745,.T.);
#4745 = EDGE_LOOP('',(#4746,#4756,#4762,#4763));
#4746 = ORIENTED_EDGE('',*,*,#4747,.T.);
#4747 = EDGE_CURVE('',#4748,#4750,#4752,.T.);
#4748 = VERTEX_POINT('',#4749);
#4749 = CARTESIAN_POINT('',(21.710625,-35.28,9.));
#4750 = VERTEX_POINT('',#4751);
#4751 = CARTESIAN_POINT('',(21.710625,-35.28,10.));
#4752 = LINE('',#4753,#4754);
#4753 = CARTESIAN_POINT('',(21.710625,-35.28,9.));
#4754 = VECTOR('',#4755,1.);
#4755 = DIRECTION('',(0.,0.,1.));
#4756 = ORIENTED_EDGE('',*,*,#4757,.T.);
#4757 = EDGE_CURVE('',#4750,#4719,#4758,.T.);
#4758 = LINE('',#4759,#4760);
#4759 = CARTESIAN_POINT('',(21.710625,-35.28,10.));
#4760 = VECTOR('',#4761,1.);
#4761 = DIRECTION('',(0.,1.,0.));
#4762 = ORIENTED_EDGE('',*,*,#4716,.F.);
#4763 = ORIENTED_EDGE('',*,*,#4764,.F.);
#4764 = EDGE_CURVE('',#4748,#4717,#4765,.T.);
#4765 = LINE('',#4766,#4767);
#4766 = CARTESIAN_POINT('',(21.710625,-35.28,9.));
#4767 = VECTOR('',#4768,1.);
#4768 = DIRECTION('',(0.,1.,0.));
#4769 = PLANE('',#4770);
#4770 = AXIS2_PLACEMENT_3D('',#4771,#4772,#4773);
#4771 = CARTESIAN_POINT('',(21.710625,-35.28,9.));
#4772 = DIRECTION('',(-1.,0.,0.));
#4773 = DIRECTION('',(0.,1.,0.));
#4774 = ADVANCED_FACE('',(#4775),#4800,.T.);
#4775 = FACE_BOUND('',#4776,.T.);
#4776 = EDGE_LOOP('',(#4777,#4787,#4793,#4794));
#4777 = ORIENTED_EDGE('',*,*,#4778,.T.);
#4778 = EDGE_CURVE('',#4779,#4781,#4783,.T.);
#4779 = VERTEX_POINT('',#4780);
#4780 = CARTESIAN_POINT('',(23.5153125,-35.28,9.));
#4781 = VERTEX_POINT('',#4782);
#4782 = CARTESIAN_POINT('',(23.5153125,-35.28,10.));
#4783 = LINE('',#4784,#4785);
#4784 = CARTESIAN_POINT('',(23.5153125,-35.28,9.));
#4785 = VECTOR('',#4786,1.);
#4786 = DIRECTION('',(0.,0.,1.));
#4787 = ORIENTED_EDGE('',*,*,#4788,.T.);
#4788 = EDGE_CURVE('',#4781,#4750,#4789,.T.);
#4789 = LINE('',#4790,#4791);
#4790 = CARTESIAN_POINT('',(23.5153125,-35.28,10.));
#4791 = VECTOR('',#4792,1.);
#4792 = DIRECTION('',(-1.,0.,0.));
#4793 = ORIENTED_EDGE('',*,*,#4747,.F.);
#4794 = ORIENTED_EDGE('',*,*,#4795,.F.);
#4795 = EDGE_CURVE('',#4779,#4748,#4796,.T.);
#4796 = LINE('',#4797,#4798);
#4797 = CARTESIAN_POINT('',(23.5153125,-35.28,9.));
#4798 = VECTOR('',#4799,1.);
#4799 = DIRECTION('',(-1.,0.,0.));
#4800 = PLANE('',#4801);
#4801 = AXIS2_PLACEMENT_3D('',#4802,#4803,#4804);
#4802 = CARTESIAN_POINT('',(23.5153125,-35.28,9.));
#4803 = DIRECTION('',(0.,-1.,0.));
#4804 = DIRECTION('',(-1.,0.,0.));
#4805 = ADVANCED_FACE('',(#4806),#4831,.T.);
#4806 = FACE_BOUND('',#4807,.T.);
#4807 = EDGE_LOOP('',(#4808,#4818,#4824,#4825));
#4808 = ORIENTED_EDGE('',*,*,#4809,.T.);
#4809 = EDGE_CURVE('',#4810,#4812,#4814,.T.);
#4810 = VERTEX_POINT('',#4811);
#4811 = CARTESIAN_POINT('',(23.5153125,-29.64,9.));
#4812 = VERTEX_POINT('',#4813);
#4813 = CARTESIAN_POINT('',(23.5153125,-29.64,10.));
#4814 = LINE('',#4815,#4816);
#4815 = CARTESIAN_POINT('',(23.5153125,-29.64,9.));
#4816 = VECTOR('',#4817,1.);
#4817 = DIRECTION('',(0.,0.,1.));
#4818 = ORIENTED_EDGE('',*,*,#4819,.T.);
#4819 = EDGE_CURVE('',#4812,#4781,#4820,.T.);
#4820 = LINE('',#4821,#4822);
#4821 = CARTESIAN_POINT('',(23.5153125,-29.64,10.));
#4822 = VECTOR('',#4823,1.);
#4823 = DIRECTION('',(0.,-1.,0.));
#4824 = ORIENTED_EDGE('',*,*,#4778,.F.);
#4825 = ORIENTED_EDGE('',*,*,#4826,.F.);
#4826 = EDGE_CURVE('',#4810,#4779,#4827,.T.);
#4827 = LINE('',#4828,#4829);
#4828 = CARTESIAN_POINT('',(23.5153125,-29.64,9.));
#4829 = VECTOR('',#4830,1.);
#4830 = DIRECTION('',(0.,-1.,0.));
#4831 = PLANE('',#4832);
#4832 = AXIS2_PLACEMENT_3D('',#4833,#4834,#4835);
#4833 = CARTESIAN_POINT('',(23.5153125,-29.64,9.));
#4834 = DIRECTION('',(1.,0.,-0.));
#4835 = DIRECTION('',(0.,-1.,0.));
#4836 = ADVANCED_FACE('',(#4837),#4862,.T.);
#4837 = FACE_BOUND('',#4838,.T.);
#4838 = EDGE_LOOP('',(#4839,#4849,#4855,#4856));
#4839 = ORIENTED_EDGE('',*,*,#4840,.T.);
#4840 = EDGE_CURVE('',#4841,#4843,#4845,.T.);
#4841 = VERTEX_POINT('',#4842);
#4842 = CARTESIAN_POINT('',(25.835625,-29.64,9.));
#4843 = VERTEX_POINT('',#4844);
#4844 = CARTESIAN_POINT('',(25.835625,-29.64,10.));
#4845 = LINE('',#4846,#4847);
#4846 = CARTESIAN_POINT('',(25.835625,-29.64,9.));
#4847 = VECTOR('',#4848,1.);
#4848 = DIRECTION('',(0.,0.,1.));
#4849 = ORIENTED_EDGE('',*,*,#4850,.T.);
#4850 = EDGE_CURVE('',#4843,#4812,#4851,.T.);
#4851 = LINE('',#4852,#4853);
#4852 = CARTESIAN_POINT('',(25.835625,-29.64,10.));
#4853 = VECTOR('',#4854,1.);
#4854 = DIRECTION('',(-1.,0.,0.));
#4855 = ORIENTED_EDGE('',*,*,#4809,.F.);
#4856 = ORIENTED_EDGE('',*,*,#4857,.F.);
#4857 = EDGE_CURVE('',#4841,#4810,#4858,.T.);
#4858 = LINE('',#4859,#4860);
#4859 = CARTESIAN_POINT('',(25.835625,-29.64,9.));
#4860 = VECTOR('',#4861,1.);
#4861 = DIRECTION('',(-1.,0.,0.));
#4862 = PLANE('',#4863);
#4863 = AXIS2_PLACEMENT_3D('',#4864,#4865,#4866);
#4864 = CARTESIAN_POINT('',(25.835625,-29.64,9.));
#4865 = DIRECTION('',(0.,-1.,0.));
#4866 = DIRECTION('',(-1.,0.,0.));
#4867 = ADVANCED_FACE('',(#4868),#4884,.T.);
#4868 = FACE_BOUND('',#4869,.T.);
#4869 = EDGE_LOOP('',(#4870,#4871,#4877,#4878));
#4870 = ORIENTED_EDGE('',*,*,#4663,.T.);
#4871 = ORIENTED_EDGE('',*,*,#4872,.T.);
#4872 = EDGE_CURVE('',#4656,#4843,#4873,.T.);
#4873 = LINE('',#4874,#4875);
#4874 = CARTESIAN_POINT('',(25.835625,-28.28,10.));
#4875 = VECTOR('',#4876,1.);
#4876 = DIRECTION('',(0.,-1.,0.));
#4877 = ORIENTED_EDGE('',*,*,#4840,.F.);
#4878 = ORIENTED_EDGE('',*,*,#4879,.F.);
#4879 = EDGE_CURVE('',#4664,#4841,#4880,.T.);
#4880 = LINE('',#4881,#4882);
#4881 = CARTESIAN_POINT('',(25.835625,-28.28,9.));
#4882 = VECTOR('',#4883,1.);
#4883 = DIRECTION('',(0.,-1.,0.));
#4884 = PLANE('',#4885);
#4885 = AXIS2_PLACEMENT_3D('',#4886,#4887,#4888);
#4886 = CARTESIAN_POINT('',(25.835625,-28.28,9.));
#4887 = DIRECTION('',(1.,0.,-0.));
#4888 = DIRECTION('',(0.,-1.,0.));
#4889 = ADVANCED_FACE('',(#4890),#4900,.F.);
#4890 = FACE_BOUND('',#4891,.F.);
#4891 = EDGE_LOOP('',(#4892,#4893,#4894,#4895,#4896,#4897,#4898,#4899));
#4892 = ORIENTED_EDGE('',*,*,#4671,.F.);
#4893 = ORIENTED_EDGE('',*,*,#4702,.F.);
#4894 = ORIENTED_EDGE('',*,*,#4733,.F.);
#4895 = ORIENTED_EDGE('',*,*,#4764,.F.);
#4896 = ORIENTED_EDGE('',*,*,#4795,.F.);
#4897 = ORIENTED_EDGE('',*,*,#4826,.F.);
#4898 = ORIENTED_EDGE('',*,*,#4857,.F.);
#4899 = ORIENTED_EDGE('',*,*,#4879,.F.);
#4900 = PLANE('',#4901);
#4901 = AXIS2_PLACEMENT_3D('',#4902,#4903,#4904);
#4902 = CARTESIAN_POINT('',(22.611607806691,-30.80603856877,9.));
#4903 = DIRECTION('',(0.,0.,1.));
#4904 = DIRECTION('',(1.,0.,0.));
#4905 = ADVANCED_FACE('',(#4906),#4916,.T.);
#4906 = FACE_BOUND('',#4907,.T.);
#4907 = EDGE_LOOP('',(#4908,#4909,#4910,#4911,#4912,#4913,#4914,#4915));
#4908 = ORIENTED_EDGE('',*,*,#4655,.F.);
#4909 = ORIENTED_EDGE('',*,*,#4695,.F.);
#4910 = ORIENTED_EDGE('',*,*,#4726,.F.);
#4911 = ORIENTED_EDGE('',*,*,#4757,.F.);
#4912 = ORIENTED_EDGE('',*,*,#4788,.F.);
#4913 = ORIENTED_EDGE('',*,*,#4819,.F.);
#4914 = ORIENTED_EDGE('',*,*,#4850,.F.);
#4915 = ORIENTED_EDGE('',*,*,#4872,.F.);
#4916 = PLANE('',#4917);
#4917 = AXIS2_PLACEMENT_3D('',#4918,#4919,#4920);
#4918 = CARTESIAN_POINT('',(22.611607806691,-30.80603856877,10.));
#4919 = DIRECTION('',(0.,0.,1.));
#4920 = DIRECTION('',(1.,0.,0.));
#4921 = MANIFOLD_SOLID_BREP('',#4922);
#4922 = CLOSED_SHELL('',(#4923,#4963,#4994,#5025,#5056,#5087,#5118,#5149
    ,#5171,#5211,#5242,#5264,#5285));
#4923 = ADVANCED_FACE('',(#4924),#4958,.T.);
#4924 = FACE_BOUND('',#4925,.T.);
#4925 = EDGE_LOOP('',(#4926,#4936,#4944,#4952));
#4926 = ORIENTED_EDGE('',*,*,#4927,.T.);
#4927 = EDGE_CURVE('',#4928,#4930,#4932,.T.);
#4928 = VERTEX_POINT('',#4929);
#4929 = CARTESIAN_POINT('',(30.266875,-34.,9.));
#4930 = VERTEX_POINT('',#4931);
#4931 = CARTESIAN_POINT('',(30.266875,-34.,10.));
#4932 = LINE('',#4933,#4934);
#4933 = CARTESIAN_POINT('',(30.266875,-34.,9.));
#4934 = VECTOR('',#4935,1.);
#4935 = DIRECTION('',(0.,0.,1.));
#4936 = ORIENTED_EDGE('',*,*,#4937,.T.);
#4937 = EDGE_CURVE('',#4930,#4938,#4940,.T.);
#4938 = VERTEX_POINT('',#4939);
#4939 = CARTESIAN_POINT('',(27.445,-34.,10.));
#4940 = LINE('',#4941,#4942);
#4941 = CARTESIAN_POINT('',(30.266875,-34.,10.));
#4942 = VECTOR('',#4943,1.);
#4943 = DIRECTION('',(-1.,0.,0.));
#4944 = ORIENTED_EDGE('',*,*,#4945,.F.);
#4945 = EDGE_CURVE('',#4946,#4938,#4948,.T.);
#4946 = VERTEX_POINT('',#4947);
#4947 = CARTESIAN_POINT('',(27.445,-34.,9.));
#4948 = LINE('',#4949,#4950);
#4949 = CARTESIAN_POINT('',(27.445,-34.,9.));
#4950 = VECTOR('',#4951,1.);
#4951 = DIRECTION('',(0.,0.,1.));
#4952 = ORIENTED_EDGE('',*,*,#4953,.F.);
#4953 = EDGE_CURVE('',#4928,#4946,#4954,.T.);
#4954 = LINE('',#4955,#4956);
#4955 = CARTESIAN_POINT('',(30.266875,-34.,9.));
#4956 = VECTOR('',#4957,1.);
#4957 = DIRECTION('',(-1.,0.,0.));
#4958 = PLANE('',#4959);
#4959 = AXIS2_PLACEMENT_3D('',#4960,#4961,#4962);
#4960 = CARTESIAN_POINT('',(30.266875,-34.,9.));
#4961 = DIRECTION('',(0.,-1.,0.));
#4962 = DIRECTION('',(-1.,0.,0.));
#4963 = ADVANCED_FACE('',(#4964),#4989,.T.);
#4964 = FACE_BOUND('',#4965,.T.);
#4965 = EDGE_LOOP('',(#4966,#4976,#4982,#4983));
#4966 = ORIENTED_EDGE('',*,*,#4967,.T.);
#4967 = EDGE_CURVE('',#4968,#4970,#4972,.T.);
#4968 = VERTEX_POINT('',#4969);
#4969 = CARTESIAN_POINT('',(30.7075,-35.28,9.));
#4970 = VERTEX_POINT('',#4971);
#4971 = CARTESIAN_POINT('',(30.7075,-35.28,10.));
#4972 = LINE('',#4973,#4974);
#4973 = CARTESIAN_POINT('',(30.7075,-35.28,9.));
#4974 = VECTOR('',#4975,1.);
#4975 = DIRECTION('',(0.,0.,1.));
#4976 = ORIENTED_EDGE('',*,*,#4977,.T.);
#4977 = EDGE_CURVE('',#4970,#4930,#4978,.T.);
#4978 = LINE('',#4979,#4980);
#4979 = CARTESIAN_POINT('',(30.7075,-35.28,10.));
#4980 = VECTOR('',#4981,1.);
#4981 = DIRECTION('',(-0.325492639086,0.945544574254,0.));
#4982 = ORIENTED_EDGE('',*,*,#4927,.F.);
#4983 = ORIENTED_EDGE('',*,*,#4984,.F.);
#4984 = EDGE_CURVE('',#4968,#4928,#4985,.T.);
#4985 = LINE('',#4986,#4987);
#4986 = CARTESIAN_POINT('',(30.7075,-35.28,9.));
#4987 = VECTOR('',#4988,1.);
#4988 = DIRECTION('',(-0.325492639086,0.945544574254,0.));
#4989 = PLANE('',#4990);
#4990 = AXIS2_PLACEMENT_3D('',#4991,#4992,#4993);
#4991 = CARTESIAN_POINT('',(30.7075,-35.28,9.));
#4992 = DIRECTION('',(-0.945544574254,-0.325492639086,0.));
#4993 = DIRECTION('',(-0.325492639086,0.945544574254,0.));
#4994 = ADVANCED_FACE('',(#4995),#5020,.T.);
#4995 = FACE_BOUND('',#4996,.T.);
#4996 = EDGE_LOOP('',(#4997,#5007,#5013,#5014));
#4997 = ORIENTED_EDGE('',*,*,#4998,.T.);
#4998 = EDGE_CURVE('',#4999,#5001,#5003,.T.);
#4999 = VERTEX_POINT('',#5000);
#5000 = CARTESIAN_POINT('',(32.5215625,-35.28,9.));
#5001 = VERTEX_POINT('',#5002);
#5002 = CARTESIAN_POINT('',(32.5215625,-35.28,10.));
#5003 = LINE('',#5004,#5005);
#5004 = CARTESIAN_POINT('',(32.5215625,-35.28,9.));
#5005 = VECTOR('',#5006,1.);
#5006 = DIRECTION('',(0.,0.,1.));
#5007 = ORIENTED_EDGE('',*,*,#5008,.T.);
#5008 = EDGE_CURVE('',#5001,#4970,#5009,.T.);
#5009 = LINE('',#5010,#5011);
#5010 = CARTESIAN_POINT('',(32.5215625,-35.28,10.));
#5011 = VECTOR('',#5012,1.);
#5012 = DIRECTION('',(-1.,0.,0.));
#5013 = ORIENTED_EDGE('',*,*,#4967,.F.);
#5014 = ORIENTED_EDGE('',*,*,#5015,.F.);
#5015 = EDGE_CURVE('',#4999,#4968,#5016,.T.);
#5016 = LINE('',#5017,#5018);
#5017 = CARTESIAN_POINT('',(32.5215625,-35.28,9.));
#5018 = VECTOR('',#5019,1.);
#5019 = DIRECTION('',(-1.,0.,0.));
#5020 = PLANE('',#5021);
#5021 = AXIS2_PLACEMENT_3D('',#5022,#5023,#5024);
#5022 = CARTESIAN_POINT('',(32.5215625,-35.28,9.));
#5023 = DIRECTION('',(0.,-1.,0.));
#5024 = DIRECTION('',(-1.,0.,0.));
#5025 = ADVANCED_FACE('',(#5026),#5051,.T.);
#5026 = FACE_BOUND('',#5027,.T.);
#5027 = EDGE_LOOP('',(#5028,#5038,#5044,#5045));
#5028 = ORIENTED_EDGE('',*,*,#5029,.T.);
#5029 = EDGE_CURVE('',#5030,#5032,#5034,.T.);
#5030 = VERTEX_POINT('',#5031);
#5031 = CARTESIAN_POINT('',(29.929375,-28.28,9.));
#5032 = VERTEX_POINT('',#5033);
#5033 = CARTESIAN_POINT('',(29.929375,-28.28,10.));
#5034 = LINE('',#5035,#5036);
#5035 = CARTESIAN_POINT('',(29.929375,-28.28,9.));
#5036 = VECTOR('',#5037,1.);
#5037 = DIRECTION('',(0.,0.,1.));
#5038 = ORIENTED_EDGE('',*,*,#5039,.T.);
#5039 = EDGE_CURVE('',#5032,#5001,#5040,.T.);
#5040 = LINE('',#5041,#5042);
#5041 = CARTESIAN_POINT('',(29.929375,-28.28,10.));
#5042 = VECTOR('',#5043,1.);
#5043 = DIRECTION('',(0.347266632791,-0.93776643454,0.));
#5044 = ORIENTED_EDGE('',*,*,#4998,.F.);
#5045 = ORIENTED_EDGE('',*,*,#5046,.F.);
#5046 = EDGE_CURVE('',#5030,#4999,#5047,.T.);
#5047 = LINE('',#5048,#5049);
#5048 = CARTESIAN_POINT('',(29.929375,-28.28,9.));
#5049 = VECTOR('',#5050,1.);
#5050 = DIRECTION('',(0.347266632791,-0.93776643454,0.));
#5051 = PLANE('',#5052);
#5052 = AXIS2_PLACEMENT_3D('',#5053,#5054,#5055);
#5053 = CARTESIAN_POINT('',(29.929375,-28.28,9.));
#5054 = DIRECTION('',(0.93776643454,0.347266632791,-0.));
#5055 = DIRECTION('',(0.347266632791,-0.93776643454,0.));
#5056 = ADVANCED_FACE('',(#5057),#5082,.T.);
#5057 = FACE_BOUND('',#5058,.T.);
#5058 = EDGE_LOOP('',(#5059,#5069,#5075,#5076));
#5059 = ORIENTED_EDGE('',*,*,#5060,.T.);
#5060 = EDGE_CURVE('',#5061,#5063,#5065,.T.);
#5061 = VERTEX_POINT('',#5062);
#5062 = CARTESIAN_POINT('',(27.7778125,-28.28,9.));
#5063 = VERTEX_POINT('',#5064);
#5064 = CARTESIAN_POINT('',(27.7778125,-28.28,10.));
#5065 = LINE('',#5066,#5067);
#5066 = CARTESIAN_POINT('',(27.7778125,-28.28,9.));
#5067 = VECTOR('',#5068,1.);
#5068 = DIRECTION('',(0.,0.,1.));
#5069 = ORIENTED_EDGE('',*,*,#5070,.T.);
#5070 = EDGE_CURVE('',#5063,#5032,#5071,.T.);
#5071 = LINE('',#5072,#5073);
#5072 = CARTESIAN_POINT('',(27.7778125,-28.28,10.));
#5073 = VECTOR('',#5074,1.);
#5074 = DIRECTION('',(1.,0.,0.));
#5075 = ORIENTED_EDGE('',*,*,#5029,.F.);
#5076 = ORIENTED_EDGE('',*,*,#5077,.F.);
#5077 = EDGE_CURVE('',#5061,#5030,#5078,.T.);
#5078 = LINE('',#5079,#5080);
#5079 = CARTESIAN_POINT('',(27.7778125,-28.28,9.));
#5080 = VECTOR('',#5081,1.);
#5081 = DIRECTION('',(1.,0.,0.));
#5082 = PLANE('',#5083);
#5083 = AXIS2_PLACEMENT_3D('',#5084,#5085,#5086);
#5084 = CARTESIAN_POINT('',(27.7778125,-28.28,9.));
#5085 = DIRECTION('',(0.,1.,0.));
#5086 = DIRECTION('',(1.,0.,0.));
#5087 = ADVANCED_FACE('',(#5088),#5113,.T.);
#5088 = FACE_BOUND('',#5089,.T.);
#5089 = EDGE_LOOP('',(#5090,#5100,#5106,#5107));
#5090 = ORIENTED_EDGE('',*,*,#5091,.T.);
#5091 = EDGE_CURVE('',#5092,#5094,#5096,.T.);
#5092 = VERTEX_POINT('',#5093);
#5093 = CARTESIAN_POINT('',(25.185625,-35.28,9.));
#5094 = VERTEX_POINT('',#5095);
#5095 = CARTESIAN_POINT('',(25.185625,-35.28,10.));
#5096 = LINE('',#5097,#5098);
#5097 = CARTESIAN_POINT('',(25.185625,-35.28,9.));
#5098 = VECTOR('',#5099,1.);
#5099 = DIRECTION('',(0.,0.,1.));
#5100 = ORIENTED_EDGE('',*,*,#5101,.T.);
#5101 = EDGE_CURVE('',#5094,#5063,#5102,.T.);
#5102 = LINE('',#5103,#5104);
#5103 = CARTESIAN_POINT('',(25.185625,-35.28,10.));
#5104 = VECTOR('',#5105,1.);
#5105 = DIRECTION('',(0.347266632791,0.93776643454,0.));
#5106 = ORIENTED_EDGE('',*,*,#5060,.F.);
#5107 = ORIENTED_EDGE('',*,*,#5108,.F.);
#5108 = EDGE_CURVE('',#5092,#5061,#5109,.T.);
#5109 = LINE('',#5110,#5111);
#5110 = CARTESIAN_POINT('',(25.185625,-35.28,9.));
#5111 = VECTOR('',#5112,1.);
#5112 = DIRECTION('',(0.347266632791,0.93776643454,0.));
#5113 = PLANE('',#5114);
#5114 = AXIS2_PLACEMENT_3D('',#5115,#5116,#5117);
#5115 = CARTESIAN_POINT('',(25.185625,-35.28,9.));
#5116 = DIRECTION('',(-0.93776643454,0.347266632791,0.));
#5117 = DIRECTION('',(0.347266632791,0.93776643454,0.));
#5118 = ADVANCED_FACE('',(#5119),#5144,.T.);
#5119 = FACE_BOUND('',#5120,.T.);
#5120 = EDGE_LOOP('',(#5121,#5131,#5137,#5138));
#5121 = ORIENTED_EDGE('',*,*,#5122,.T.);
#5122 = EDGE_CURVE('',#5123,#5125,#5127,.T.);
#5123 = VERTEX_POINT('',#5124);
#5124 = CARTESIAN_POINT('',(26.9996875,-35.28,9.));
#5125 = VERTEX_POINT('',#5126);
#5126 = CARTESIAN_POINT('',(26.9996875,-35.28,10.));
#5127 = LINE('',#5128,#5129);
#5128 = CARTESIAN_POINT('',(26.9996875,-35.28,9.));
#5129 = VECTOR('',#5130,1.);
#5130 = DIRECTION('',(0.,0.,1.));
#5131 = ORIENTED_EDGE('',*,*,#5132,.T.);
#5132 = EDGE_CURVE('',#5125,#5094,#5133,.T.);
#5133 = LINE('',#5134,#5135);
#5134 = CARTESIAN_POINT('',(26.9996875,-35.28,10.));
#5135 = VECTOR('',#5136,1.);
#5136 = DIRECTION('',(-1.,0.,0.));
#5137 = ORIENTED_EDGE('',*,*,#5091,.F.);
#5138 = ORIENTED_EDGE('',*,*,#5139,.F.);
#5139 = EDGE_CURVE('',#5123,#5092,#5140,.T.);
#5140 = LINE('',#5141,#5142);
#5141 = CARTESIAN_POINT('',(26.9996875,-35.28,9.));
#5142 = VECTOR('',#5143,1.);
#5143 = DIRECTION('',(-1.,0.,0.));
#5144 = PLANE('',#5145);
#5145 = AXIS2_PLACEMENT_3D('',#5146,#5147,#5148);
#5146 = CARTESIAN_POINT('',(26.9996875,-35.28,9.));
#5147 = DIRECTION('',(0.,-1.,0.));
#5148 = DIRECTION('',(-1.,0.,0.));
#5149 = ADVANCED_FACE('',(#5150),#5166,.T.);
#5150 = FACE_BOUND('',#5151,.T.);
#5151 = EDGE_LOOP('',(#5152,#5153,#5159,#5160));
#5152 = ORIENTED_EDGE('',*,*,#4945,.T.);
#5153 = ORIENTED_EDGE('',*,*,#5154,.T.);
#5154 = EDGE_CURVE('',#4938,#5125,#5155,.T.);
#5155 = LINE('',#5156,#5157);
#5156 = CARTESIAN_POINT('',(27.445,-34.,10.));
#5157 = VECTOR('',#5158,1.);
#5158 = DIRECTION('',(-0.328583228166,-0.944475019346,0.));
#5159 = ORIENTED_EDGE('',*,*,#5122,.F.);
#5160 = ORIENTED_EDGE('',*,*,#5161,.F.);
#5161 = EDGE_CURVE('',#4946,#5123,#5162,.T.);
#5162 = LINE('',#5163,#5164);
#5163 = CARTESIAN_POINT('',(27.445,-34.,9.));
#5164 = VECTOR('',#5165,1.);
#5165 = DIRECTION('',(-0.328583228166,-0.944475019346,0.));
#5166 = PLANE('',#5167);
#5167 = AXIS2_PLACEMENT_3D('',#5168,#5169,#5170);
#5168 = CARTESIAN_POINT('',(27.445,-34.,9.));
#5169 = DIRECTION('',(0.944475019346,-0.328583228166,0.));
#5170 = DIRECTION('',(-0.328583228166,-0.944475019346,0.));
#5171 = ADVANCED_FACE('',(#5172),#5206,.T.);
#5172 = FACE_BOUND('',#5173,.T.);
#5173 = EDGE_LOOP('',(#5174,#5184,#5192,#5200));
#5174 = ORIENTED_EDGE('',*,*,#5175,.T.);
#5175 = EDGE_CURVE('',#5176,#5178,#5180,.T.);
#5176 = VERTEX_POINT('',#5177);
#5177 = CARTESIAN_POINT('',(27.895,-32.7,9.));
#5178 = VERTEX_POINT('',#5179);
#5179 = CARTESIAN_POINT('',(27.895,-32.7,10.));
#5180 = LINE('',#5181,#5182);
#5181 = CARTESIAN_POINT('',(27.895,-32.7,9.));
#5182 = VECTOR('',#5183,1.);
#5183 = DIRECTION('',(0.,0.,1.));
#5184 = ORIENTED_EDGE('',*,*,#5185,.T.);
#5185 = EDGE_CURVE('',#5178,#5186,#5188,.T.);
#5186 = VERTEX_POINT('',#5187);
#5187 = CARTESIAN_POINT('',(29.8121875,-32.7,10.));
#5188 = LINE('',#5189,#5190);
#5189 = CARTESIAN_POINT('',(27.895,-32.7,10.));
#5190 = VECTOR('',#5191,1.);
#5191 = DIRECTION('',(1.,0.,0.));
#5192 = ORIENTED_EDGE('',*,*,#5193,.F.);
#5193 = EDGE_CURVE('',#5194,#5186,#5196,.T.);
#5194 = VERTEX_POINT('',#5195);
#5195 = CARTESIAN_POINT('',(29.8121875,-32.7,9.));
#5196 = LINE('',#5197,#5198);
#5197 = CARTESIAN_POINT('',(29.8121875,-32.7,9.));
#5198 = VECTOR('',#5199,1.);
#5199 = DIRECTION('',(0.,0.,1.));
#5200 = ORIENTED_EDGE('',*,*,#5201,.F.);
#5201 = EDGE_CURVE('',#5176,#5194,#5202,.T.);
#5202 = LINE('',#5203,#5204);
#5203 = CARTESIAN_POINT('',(27.895,-32.7,9.));
#5204 = VECTOR('',#5205,1.);
#5205 = DIRECTION('',(1.,0.,0.));
#5206 = PLANE('',#5207);
#5207 = AXIS2_PLACEMENT_3D('',#5208,#5209,#5210);
#5208 = CARTESIAN_POINT('',(27.895,-32.7,9.));
#5209 = DIRECTION('',(0.,1.,0.));
#5210 = DIRECTION('',(1.,0.,0.));
#5211 = ADVANCED_FACE('',(#5212),#5237,.T.);
#5212 = FACE_BOUND('',#5213,.T.);
#5213 = EDGE_LOOP('',(#5214,#5224,#5230,#5231));
#5214 = ORIENTED_EDGE('',*,*,#5215,.T.);
#5215 = EDGE_CURVE('',#5216,#5218,#5220,.T.);
#5216 = VERTEX_POINT('',#5217);
#5217 = CARTESIAN_POINT('',(28.8559375,-29.91875,9.));
#5218 = VERTEX_POINT('',#5219);
#5219 = CARTESIAN_POINT('',(28.8559375,-29.91875,10.));
#5220 = LINE('',#5221,#5222);
#5221 = CARTESIAN_POINT('',(28.8559375,-29.91875,9.));
#5222 = VECTOR('',#5223,1.);
#5223 = DIRECTION('',(0.,0.,1.));
#5224 = ORIENTED_EDGE('',*,*,#5225,.T.);
#5225 = EDGE_CURVE('',#5218,#5178,#5226,.T.);
#5226 = LINE('',#5227,#5228);
#5227 = CARTESIAN_POINT('',(28.8559375,-29.91875,10.));
#5228 = VECTOR('',#5229,1.);
#5229 = DIRECTION('',(-0.326563378352,-0.945175306448,0.));
#5230 = ORIENTED_EDGE('',*,*,#5175,.F.);
#5231 = ORIENTED_EDGE('',*,*,#5232,.F.);
#5232 = EDGE_CURVE('',#5216,#5176,#5233,.T.);
#5233 = LINE('',#5234,#5235);
#5234 = CARTESIAN_POINT('',(28.8559375,-29.91875,9.));
#5235 = VECTOR('',#5236,1.);
#5236 = DIRECTION('',(-0.326563378352,-0.945175306448,0.));
#5237 = PLANE('',#5238);
#5238 = AXIS2_PLACEMENT_3D('',#5239,#5240,#5241);
#5239 = CARTESIAN_POINT('',(28.8559375,-29.91875,9.));
#5240 = DIRECTION('',(0.945175306448,-0.326563378352,0.));
#5241 = DIRECTION('',(-0.326563378352,-0.945175306448,0.));
#5242 = ADVANCED_FACE('',(#5243),#5259,.T.);
#5243 = FACE_BOUND('',#5244,.T.);
#5244 = EDGE_LOOP('',(#5245,#5246,#5252,#5253));
#5245 = ORIENTED_EDGE('',*,*,#5193,.T.);
#5246 = ORIENTED_EDGE('',*,*,#5247,.T.);
#5247 = EDGE_CURVE('',#5186,#5218,#5248,.T.);
#5248 = LINE('',#5249,#5250);
#5249 = CARTESIAN_POINT('',(29.8121875,-32.7,10.));
#5250 = VECTOR('',#5251,1.);
#5251 = DIRECTION('',(-0.325139159103,0.945666181704,0.));
#5252 = ORIENTED_EDGE('',*,*,#5215,.F.);
#5253 = ORIENTED_EDGE('',*,*,#5254,.F.);
#5254 = EDGE_CURVE('',#5194,#5216,#5255,.T.);
#5255 = LINE('',#5256,#5257);
#5256 = CARTESIAN_POINT('',(29.8121875,-32.7,9.));
#5257 = VECTOR('',#5258,1.);
#5258 = DIRECTION('',(-0.325139159103,0.945666181704,0.));
#5259 = PLANE('',#5260);
#5260 = AXIS2_PLACEMENT_3D('',#5261,#5262,#5263);
#5261 = CARTESIAN_POINT('',(29.8121875,-32.7,9.));
#5262 = DIRECTION('',(-0.945666181704,-0.325139159103,0.));
#5263 = DIRECTION('',(-0.325139159103,0.945666181704,0.));
#5264 = ADVANCED_FACE('',(#5265,#5275),#5280,.F.);
#5265 = FACE_BOUND('',#5266,.F.);
#5266 = EDGE_LOOP('',(#5267,#5268,#5269,#5270,#5271,#5272,#5273,#5274));
#5267 = ORIENTED_EDGE('',*,*,#4953,.F.);
#5268 = ORIENTED_EDGE('',*,*,#4984,.F.);
#5269 = ORIENTED_EDGE('',*,*,#5015,.F.);
#5270 = ORIENTED_EDGE('',*,*,#5046,.F.);
#5271 = ORIENTED_EDGE('',*,*,#5077,.F.);
#5272 = ORIENTED_EDGE('',*,*,#5108,.F.);
#5273 = ORIENTED_EDGE('',*,*,#5139,.F.);
#5274 = ORIENTED_EDGE('',*,*,#5161,.F.);
#5275 = FACE_BOUND('',#5276,.F.);
#5276 = EDGE_LOOP('',(#5277,#5278,#5279));
#5277 = ORIENTED_EDGE('',*,*,#5201,.F.);
#5278 = ORIENTED_EDGE('',*,*,#5232,.F.);
#5279 = ORIENTED_EDGE('',*,*,#5254,.F.);
#5280 = PLANE('',#5281);
#5281 = AXIS2_PLACEMENT_3D('',#5282,#5283,#5284);
#5282 = CARTESIAN_POINT('',(28.853988828048,-32.31392418795,9.));
#5283 = DIRECTION('',(0.,0.,1.));
#5284 = DIRECTION('',(1.,0.,0.));
#5285 = ADVANCED_FACE('',(#5286,#5296),#5301,.T.);
#5286 = FACE_BOUND('',#5287,.T.);
#5287 = EDGE_LOOP('',(#5288,#5289,#5290,#5291,#5292,#5293,#5294,#5295));
#5288 = ORIENTED_EDGE('',*,*,#4937,.F.);
#5289 = ORIENTED_EDGE('',*,*,#4977,.F.);
#5290 = ORIENTED_EDGE('',*,*,#5008,.F.);
#5291 = ORIENTED_EDGE('',*,*,#5039,.F.);
#5292 = ORIENTED_EDGE('',*,*,#5070,.F.);
#5293 = ORIENTED_EDGE('',*,*,#5101,.F.);
#5294 = ORIENTED_EDGE('',*,*,#5132,.F.);
#5295 = ORIENTED_EDGE('',*,*,#5154,.F.);
#5296 = FACE_BOUND('',#5297,.T.);
#5297 = EDGE_LOOP('',(#5298,#5299,#5300));
#5298 = ORIENTED_EDGE('',*,*,#5185,.F.);
#5299 = ORIENTED_EDGE('',*,*,#5225,.F.);
#5300 = ORIENTED_EDGE('',*,*,#5247,.F.);
#5301 = PLANE('',#5302);
#5302 = AXIS2_PLACEMENT_3D('',#5303,#5304,#5305);
#5303 = CARTESIAN_POINT('',(28.853988828048,-32.31392418795,10.));
#5304 = DIRECTION('',(0.,0.,1.));
#5305 = DIRECTION('',(1.,0.,0.));
#5306 = MANIFOLD_SOLID_BREP('',#5307);
#5307 = CLOSED_SHELL('',(#5308,#5350,#5381,#5412,#5443,#5474,#5505,#5538
    ,#5571,#5604,#5637,#5670,#5703,#5736,#5769,#5800,#5833,#5866,#5899,
    #5932,#5965,#5998,#6022,#6052));
#5308 = ADVANCED_FACE('',(#5309),#5343,.T.);
#5309 = FACE_BOUND('',#5310,.T.);
#5310 = EDGE_LOOP('',(#5311,#5321,#5329,#5337));
#5311 = ORIENTED_EDGE('',*,*,#5312,.T.);
#5312 = EDGE_CURVE('',#5313,#5315,#5317,.T.);
#5313 = VERTEX_POINT('',#5314);
#5314 = CARTESIAN_POINT('',(39.730625,-34.7678125,9.));
#5315 = VERTEX_POINT('',#5316);
#5316 = CARTESIAN_POINT('',(39.730625,-34.7678125,10.));
#5317 = LINE('',#5318,#5319);
#5318 = CARTESIAN_POINT('',(39.730625,-34.7678125,9.));
#5319 = VECTOR('',#5320,1.);
#5320 = DIRECTION('',(0.,0.,1.));
#5321 = ORIENTED_EDGE('',*,*,#5322,.T.);
#5322 = EDGE_CURVE('',#5315,#5323,#5325,.T.);
#5323 = VERTEX_POINT('',#5324);
#5324 = CARTESIAN_POINT('',(38.3290625,-35.256875,10.));
#5325 = B_SPLINE_CURVE_WITH_KNOTS('',2,(#5326,#5327,#5328),
  .UNSPECIFIED.,.F.,.F.,(3,3),(0.,1.),.PIECEWISE_BEZIER_KNOTS.);
#5326 = CARTESIAN_POINT('',(39.730625,-34.7678125,10.));
#5327 = CARTESIAN_POINT('',(39.055625,-35.09375,10.));
#5328 = CARTESIAN_POINT('',(38.3290625,-35.256875,10.));
#5329 = ORIENTED_EDGE('',*,*,#5330,.F.);
#5330 = EDGE_CURVE('',#5331,#5323,#5333,.T.);
#5331 = VERTEX_POINT('',#5332);
#5332 = CARTESIAN_POINT('',(38.3290625,-35.256875,9.));
#5333 = LINE('',#5334,#5335);
#5334 = CARTESIAN_POINT('',(38.3290625,-35.256875,9.));
#5335 = VECTOR('',#5336,1.);
#5336 = DIRECTION('',(0.,0.,1.));
#5337 = ORIENTED_EDGE('',*,*,#5338,.F.);
#5338 = EDGE_CURVE('',#5313,#5331,#5339,.T.);
#5339 = B_SPLINE_CURVE_WITH_KNOTS('',2,(#5340,#5341,#5342),
  .UNSPECIFIED.,.F.,.F.,(3,3),(0.,1.),.PIECEWISE_BEZIER_KNOTS.);
#5340 = CARTESIAN_POINT('',(39.730625,-34.7678125,9.));
#5341 = CARTESIAN_POINT('',(39.055625,-35.09375,9.));
#5342 = CARTESIAN_POINT('',(38.3290625,-35.256875,9.));
#5343 = SURFACE_OF_LINEAR_EXTRUSION('',#5344,#5348);
#5344 = B_SPLINE_CURVE_WITH_KNOTS('',2,(#5345,#5346,#5347),
  .UNSPECIFIED.,.F.,.F.,(3,3),(0.,1.),.PIECEWISE_BEZIER_KNOTS.);
#5345 = CARTESIAN_POINT('',(39.730625,-34.7678125,9.));
#5346 = CARTESIAN_POINT('',(39.055625,-35.09375,9.));
#5347 = CARTESIAN_POINT('',(38.3290625,-35.256875,9.));
#5348 = VECTOR('',#5349,1.);
#5349 = DIRECTION('',(-0.,-0.,-1.));
#5350 = ADVANCED_FACE('',(#5351),#5376,.T.);
#5351 = FACE_BOUND('',#5352,.T.);
#5352 = EDGE_LOOP('',(#5353,#5363,#5369,#5370));
#5353 = ORIENTED_EDGE('',*,*,#5354,.T.);
#5354 = EDGE_CURVE('',#5355,#5357,#5359,.T.);
#5355 = VERTEX_POINT('',#5356);
#5356 = CARTESIAN_POINT('',(39.730625,-31.4,9.));
#5357 = VERTEX_POINT('',#5358);
#5358 = CARTESIAN_POINT('',(39.730625,-31.4,10.));
#5359 = LINE('',#5360,#5361);
#5360 = CARTESIAN_POINT('',(39.730625,-31.4,9.));
#5361 = VECTOR('',#5362,1.);
#5362 = DIRECTION('',(0.,0.,1.));
#5363 = ORIENTED_EDGE('',*,*,#5364,.T.);
#5364 = EDGE_CURVE('',#5357,#5315,#5365,.T.);
#5365 = LINE('',#5366,#5367);
#5366 = CARTESIAN_POINT('',(39.730625,-31.4,10.));
#5367 = VECTOR('',#5368,1.);
#5368 = DIRECTION('',(0.,-1.,0.));
#5369 = ORIENTED_EDGE('',*,*,#5312,.F.);
#5370 = ORIENTED_EDGE('',*,*,#5371,.F.);
#5371 = EDGE_CURVE('',#5355,#5313,#5372,.T.);
#5372 = LINE('',#5373,#5374);
#5373 = CARTESIAN_POINT('',(39.730625,-31.4,9.));
#5374 = VECTOR('',#5375,1.);
#5375 = DIRECTION('',(0.,-1.,0.));
#5376 = PLANE('',#5377);
#5377 = AXIS2_PLACEMENT_3D('',#5378,#5379,#5380);
#5378 = CARTESIAN_POINT('',(39.730625,-31.4,9.));
#5379 = DIRECTION('',(1.,0.,-0.));
#5380 = DIRECTION('',(0.,-1.,0.));
#5381 = ADVANCED_FACE('',(#5382),#5407,.T.);
#5382 = FACE_BOUND('',#5383,.T.);
#5383 = EDGE_LOOP('',(#5384,#5394,#5400,#5401));
#5384 = ORIENTED_EDGE('',*,*,#5385,.T.);
#5385 = EDGE_CURVE('',#5386,#5388,#5390,.T.);
#5386 = VERTEX_POINT('',#5387);
#5387 = CARTESIAN_POINT('',(36.918125,-31.4,9.));
#5388 = VERTEX_POINT('',#5389);
#5389 = CARTESIAN_POINT('',(36.918125,-31.4,10.));
#5390 = LINE('',#5391,#5392);
#5391 = CARTESIAN_POINT('',(36.918125,-31.4,9.));
#5392 = VECTOR('',#5393,1.);
#5393 = DIRECTION('',(0.,0.,1.));
#5394 = ORIENTED_EDGE('',*,*,#5395,.T.);
#5395 = EDGE_CURVE('',#5388,#5357,#5396,.T.);
#5396 = LINE('',#5397,#5398);
#5397 = CARTESIAN_POINT('',(36.918125,-31.4,10.));
#5398 = VECTOR('',#5399,1.);
#5399 = DIRECTION('',(1.,0.,0.));
#5400 = ORIENTED_EDGE('',*,*,#5354,.F.);
#5401 = ORIENTED_EDGE('',*,*,#5402,.F.);
#5402 = EDGE_CURVE('',#5386,#5355,#5403,.T.);
#5403 = LINE('',#5404,#5405);
#5404 = CARTESIAN_POINT('',(36.918125,-31.4,9.));
#5405 = VECTOR('',#5406,1.);
#5406 = DIRECTION('',(1.,0.,0.));
#5407 = PLANE('',#5408);
#5408 = AXIS2_PLACEMENT_3D('',#5409,#5410,#5411);
#5409 = CARTESIAN_POINT('',(36.918125,-31.4,9.));
#5410 = DIRECTION('',(0.,1.,0.));
#5411 = DIRECTION('',(1.,0.,0.));
#5412 = ADVANCED_FACE('',(#5413),#5438,.T.);
#5413 = FACE_BOUND('',#5414,.T.);
#5414 = EDGE_LOOP('',(#5415,#5425,#5431,#5432));
#5415 = ORIENTED_EDGE('',*,*,#5416,.T.);
#5416 = EDGE_CURVE('',#5417,#5419,#5421,.T.);
#5417 = VERTEX_POINT('',#5418);
#5418 = CARTESIAN_POINT('',(36.918125,-32.6,9.));
#5419 = VERTEX_POINT('',#5420);
#5420 = CARTESIAN_POINT('',(36.918125,-32.6,10.));
#5421 = LINE('',#5422,#5423);
#5422 = CARTESIAN_POINT('',(36.918125,-32.6,9.));
#5423 = VECTOR('',#5424,1.);
#5424 = DIRECTION('',(0.,0.,1.));
#5425 = ORIENTED_EDGE('',*,*,#5426,.T.);
#5426 = EDGE_CURVE('',#5419,#5388,#5427,.T.);
#5427 = LINE('',#5428,#5429);
#5428 = CARTESIAN_POINT('',(36.918125,-32.6,10.));
#5429 = VECTOR('',#5430,1.);
#5430 = DIRECTION('',(0.,1.,0.));
#5431 = ORIENTED_EDGE('',*,*,#5385,.F.);
#5432 = ORIENTED_EDGE('',*,*,#5433,.F.);
#5433 = EDGE_CURVE('',#5417,#5386,#5434,.T.);
#5434 = LINE('',#5435,#5436);
#5435 = CARTESIAN_POINT('',(36.918125,-32.6,9.));
#5436 = VECTOR('',#5437,1.);
#5437 = DIRECTION('',(0.,1.,0.));
#5438 = PLANE('',#5439);
#5439 = AXIS2_PLACEMENT_3D('',#5440,#5441,#5442);
#5440 = CARTESIAN_POINT('',(36.918125,-32.6,9.));
#5441 = DIRECTION('',(-1.,0.,0.));
#5442 = DIRECTION('',(0.,1.,0.));
#5443 = ADVANCED_FACE('',(#5444),#5469,.T.);
#5444 = FACE_BOUND('',#5445,.T.);
#5445 = EDGE_LOOP('',(#5446,#5456,#5462,#5463));
#5446 = ORIENTED_EDGE('',*,*,#5447,.T.);
#5447 = EDGE_CURVE('',#5448,#5450,#5452,.T.);
#5448 = VERTEX_POINT('',#5449);
#5449 = CARTESIAN_POINT('',(38.0196875,-32.6,9.));
#5450 = VERTEX_POINT('',#5451);
#5451 = CARTESIAN_POINT('',(38.0196875,-32.6,10.));
#5452 = LINE('',#5453,#5454);
#5453 = CARTESIAN_POINT('',(38.0196875,-32.6,9.));
#5454 = VECTOR('',#5455,1.);
#5455 = DIRECTION('',(0.,0.,1.));
#5456 = ORIENTED_EDGE('',*,*,#5457,.T.);
#5457 = EDGE_CURVE('',#5450,#5419,#5458,.T.);
#5458 = LINE('',#5459,#5460);
#5459 = CARTESIAN_POINT('',(38.0196875,-32.6,10.));
#5460 = VECTOR('',#5461,1.);
#5461 = DIRECTION('',(-1.,0.,0.));
#5462 = ORIENTED_EDGE('',*,*,#5416,.F.);
#5463 = ORIENTED_EDGE('',*,*,#5464,.F.);
#5464 = EDGE_CURVE('',#5448,#5417,#5465,.T.);
#5465 = LINE('',#5466,#5467);
#5466 = CARTESIAN_POINT('',(38.0196875,-32.6,9.));
#5467 = VECTOR('',#5468,1.);
#5468 = DIRECTION('',(-1.,0.,0.));
#5469 = PLANE('',#5470);
#5470 = AXIS2_PLACEMENT_3D('',#5471,#5472,#5473);
#5471 = CARTESIAN_POINT('',(38.0196875,-32.6,9.));
#5472 = DIRECTION('',(0.,-1.,0.));
#5473 = DIRECTION('',(-1.,0.,0.));
#5474 = ADVANCED_FACE('',(#5475),#5500,.T.);
#5475 = FACE_BOUND('',#5476,.T.);
#5476 = EDGE_LOOP('',(#5477,#5487,#5493,#5494));
#5477 = ORIENTED_EDGE('',*,*,#5478,.T.);
#5478 = EDGE_CURVE('',#5479,#5481,#5483,.T.);
#5479 = VERTEX_POINT('',#5480);
#5480 = CARTESIAN_POINT('',(38.0196875,-33.973125,9.));
#5481 = VERTEX_POINT('',#5482);
#5482 = CARTESIAN_POINT('',(38.0196875,-33.973125,10.));
#5483 = LINE('',#5484,#5485);
#5484 = CARTESIAN_POINT('',(38.0196875,-33.973125,9.));
#5485 = VECTOR('',#5486,1.);
#5486 = DIRECTION('',(0.,0.,1.));
#5487 = ORIENTED_EDGE('',*,*,#5488,.T.);
#5488 = EDGE_CURVE('',#5481,#5450,#5489,.T.);
#5489 = LINE('',#5490,#5491);
#5490 = CARTESIAN_POINT('',(38.0196875,-33.973125,10.));
#5491 = VECTOR('',#5492,1.);
#5492 = DIRECTION('',(0.,1.,0.));
#5493 = ORIENTED_EDGE('',*,*,#5447,.F.);
#5494 = ORIENTED_EDGE('',*,*,#5495,.F.);
#5495 = EDGE_CURVE('',#5479,#5448,#5496,.T.);
#5496 = LINE('',#5497,#5498);
#5497 = CARTESIAN_POINT('',(38.0196875,-33.973125,9.));
#5498 = VECTOR('',#5499,1.);
#5499 = DIRECTION('',(0.,1.,0.));
#5500 = PLANE('',#5501);
#5501 = AXIS2_PLACEMENT_3D('',#5502,#5503,#5504);
#5502 = CARTESIAN_POINT('',(38.0196875,-33.973125,9.));
#5503 = DIRECTION('',(-1.,0.,0.));
#5504 = DIRECTION('',(0.,1.,0.));
#5505 = ADVANCED_FACE('',(#5506),#5531,.T.);
#5506 = FACE_BOUND('',#5507,.T.);
#5507 = EDGE_LOOP('',(#5508,#5518,#5524,#5525));
#5508 = ORIENTED_EDGE('',*,*,#5509,.T.);
#5509 = EDGE_CURVE('',#5510,#5512,#5514,.T.);
#5510 = VERTEX_POINT('',#5511);
#5511 = CARTESIAN_POINT('',(37.5859375,-34.0846875,9.));
#5512 = VERTEX_POINT('',#5513);
#5513 = CARTESIAN_POINT('',(37.5859375,-34.0846875,10.));
#5514 = LINE('',#5515,#5516);
#5515 = CARTESIAN_POINT('',(37.5859375,-34.0846875,9.));
#5516 = VECTOR('',#5517,1.);
#5517 = DIRECTION('',(0.,0.,1.));
#5518 = ORIENTED_EDGE('',*,*,#5519,.T.);
#5519 = EDGE_CURVE('',#5512,#5481,#5520,.T.);
#5520 = B_SPLINE_CURVE_WITH_KNOTS('',2,(#5521,#5522,#5523),
  .UNSPECIFIED.,.F.,.F.,(3,3),(0.,1.),.PIECEWISE_BEZIER_KNOTS.);
#5521 = CARTESIAN_POINT('',(37.5859375,-34.0846875,10.));
#5522 = CARTESIAN_POINT('',(37.8275,-34.0490625,10.));
#5523 = CARTESIAN_POINT('',(38.0196875,-33.973125,10.));
#5524 = ORIENTED_EDGE('',*,*,#5478,.F.);
#5525 = ORIENTED_EDGE('',*,*,#5526,.F.);
#5526 = EDGE_CURVE('',#5510,#5479,#5527,.T.);
#5527 = B_SPLINE_CURVE_WITH_KNOTS('',2,(#5528,#5529,#5530),
  .UNSPECIFIED.,.F.,.F.,(3,3),(0.,1.),.PIECEWISE_BEZIER_KNOTS.);
#5528 = CARTESIAN_POINT('',(37.5859375,-34.0846875,9.));
#5529 = CARTESIAN_POINT('',(37.8275,-34.0490625,9.));
#5530 = CARTESIAN_POINT('',(38.0196875,-33.973125,9.));
#5531 = SURFACE_OF_LINEAR_EXTRUSION('',#5532,#5536);
#5532 = B_SPLINE_CURVE_WITH_KNOTS('',2,(#5533,#5534,#5535),
  .UNSPECIFIED.,.F.,.F.,(3,3),(0.,1.),.PIECEWISE_BEZIER_KNOTS.);
#5533 = CARTESIAN_POINT('',(37.5859375,-34.0846875,9.));
#5534 = CARTESIAN_POINT('',(37.8275,-34.0490625,9.));
#5535 = CARTESIAN_POINT('',(38.0196875,-33.973125,9.));
#5536 = VECTOR('',#5537,1.);
#5537 = DIRECTION('',(-0.,-0.,-1.));
#5538 = ADVANCED_FACE('',(#5539),#5564,.T.);
#5539 = FACE_BOUND('',#5540,.T.);
#5540 = EDGE_LOOP('',(#5541,#5551,#5557,#5558));
#5541 = ORIENTED_EDGE('',*,*,#5542,.T.);
#5542 = EDGE_CURVE('',#5543,#5545,#5547,.T.);
#5543 = VERTEX_POINT('',#5544);
#5544 = CARTESIAN_POINT('',(37.0634375,-34.12,9.));
#5545 = VERTEX_POINT('',#5546);
#5546 = CARTESIAN_POINT('',(37.0634375,-34.12,10.));
#5547 = LINE('',#5548,#5549);
#5548 = CARTESIAN_POINT('',(37.0634375,-34.12,9.));
#5549 = VECTOR('',#5550,1.);
#5550 = DIRECTION('',(0.,0.,1.));
#5551 = ORIENTED_EDGE('',*,*,#5552,.T.);
#5552 = EDGE_CURVE('',#5545,#5512,#5553,.T.);
#5553 = B_SPLINE_CURVE_WITH_KNOTS('',2,(#5554,#5555,#5556),
  .UNSPECIFIED.,.F.,.F.,(3,3),(0.,1.),.PIECEWISE_BEZIER_KNOTS.);
#5554 = CARTESIAN_POINT('',(37.0634375,-34.12,10.));
#5555 = CARTESIAN_POINT('',(37.3446875,-34.12,10.));
#5556 = CARTESIAN_POINT('',(37.5859375,-34.0846875,10.));
#5557 = ORIENTED_EDGE('',*,*,#5509,.F.);
#5558 = ORIENTED_EDGE('',*,*,#5559,.F.);
#5559 = EDGE_CURVE('',#5543,#5510,#5560,.T.);
#5560 = B_SPLINE_CURVE_WITH_KNOTS('',2,(#5561,#5562,#5563),
  .UNSPECIFIED.,.F.,.F.,(3,3),(0.,1.),.PIECEWISE_BEZIER_KNOTS.);
#5561 = CARTESIAN_POINT('',(37.0634375,-34.12,9.));
#5562 = CARTESIAN_POINT('',(37.3446875,-34.12,9.));
#5563 = CARTESIAN_POINT('',(37.5859375,-34.0846875,9.));
#5564 = SURFACE_OF_LINEAR_EXTRUSION('',#5565,#5569);
#5565 = B_SPLINE_CURVE_WITH_KNOTS('',2,(#5566,#5567,#5568),
  .UNSPECIFIED.,.F.,.F.,(3,3),(0.,1.),.PIECEWISE_BEZIER_KNOTS.);
#5566 = CARTESIAN_POINT('',(37.0634375,-34.12,9.));
#5567 = CARTESIAN_POINT('',(37.3446875,-34.12,9.));
#5568 = CARTESIAN_POINT('',(37.5859375,-34.0846875,9.));
#5569 = VECTOR('',#5570,1.);
#5570 = DIRECTION('',(-0.,-0.,-1.));
#5571 = ADVANCED_FACE('',(#5572),#5597,.T.);
#5572 = FACE_BOUND('',#5573,.T.);
#5573 = EDGE_LOOP('',(#5574,#5584,#5590,#5591));
#5574 = ORIENTED_EDGE('',*,*,#5575,.T.);
#5575 = EDGE_CURVE('',#5576,#5578,#5580,.T.);
#5576 = VERTEX_POINT('',#5577);
#5577 = CARTESIAN_POINT('',(35.465,-33.5134375,9.));
#5578 = VERTEX_POINT('',#5579);
#5579 = CARTESIAN_POINT('',(35.465,-33.5134375,10.));
#5580 = LINE('',#5581,#5582);
#5581 = CARTESIAN_POINT('',(35.465,-33.5134375,9.));
#5582 = VECTOR('',#5583,1.);
#5583 = DIRECTION('',(0.,0.,1.));
#5584 = ORIENTED_EDGE('',*,*,#5585,.T.);
#5585 = EDGE_CURVE('',#5578,#5545,#5586,.T.);
#5586 = B_SPLINE_CURVE_WITH_KNOTS('',2,(#5587,#5588,#5589),
  .UNSPECIFIED.,.F.,.F.,(3,3),(0.,1.),.PIECEWISE_BEZIER_KNOTS.);
#5587 = CARTESIAN_POINT('',(35.465,-33.5134375,10.));
#5588 = CARTESIAN_POINT('',(36.0275,-34.12,10.));
#5589 = CARTESIAN_POINT('',(37.0634375,-34.12,10.));
#5590 = ORIENTED_EDGE('',*,*,#5542,.F.);
#5591 = ORIENTED_EDGE('',*,*,#5592,.F.);
#5592 = EDGE_CURVE('',#5576,#5543,#5593,.T.);
#5593 = B_SPLINE_CURVE_WITH_KNOTS('',2,(#5594,#5595,#5596),
  .UNSPECIFIED.,.F.,.F.,(3,3),(0.,1.),.PIECEWISE_BEZIER_KNOTS.);
#5594 = CARTESIAN_POINT('',(35.465,-33.5134375,9.));
#5595 = CARTESIAN_POINT('',(36.0275,-34.12,9.));
#5596 = CARTESIAN_POINT('',(37.0634375,-34.12,9.));
#5597 = SURFACE_OF_LINEAR_EXTRUSION('',#5598,#5602);
#5598 = B_SPLINE_CURVE_WITH_KNOTS('',2,(#5599,#5600,#5601),
  .UNSPECIFIED.,.F.,.F.,(3,3),(0.,1.),.PIECEWISE_BEZIER_KNOTS.);
#5599 = CARTESIAN_POINT('',(35.465,-33.5134375,9.));
#5600 = CARTESIAN_POINT('',(36.0275,-34.12,9.));
#5601 = CARTESIAN_POINT('',(37.0634375,-34.12,9.));
#5602 = VECTOR('',#5603,1.);
#5603 = DIRECTION('',(-0.,-0.,-1.));
#5604 = ADVANCED_FACE('',(#5605),#5630,.T.);
#5605 = FACE_BOUND('',#5606,.T.);
#5606 = EDGE_LOOP('',(#5607,#5617,#5623,#5624));
#5607 = ORIENTED_EDGE('',*,*,#5608,.T.);
#5608 = EDGE_CURVE('',#5609,#5611,#5613,.T.);
#5609 = VERTEX_POINT('',#5610);
#5610 = CARTESIAN_POINT('',(34.9025,-31.7925,9.));
#5611 = VERTEX_POINT('',#5612);
#5612 = CARTESIAN_POINT('',(34.9025,-31.7925,10.));
#5613 = LINE('',#5614,#5615);
#5614 = CARTESIAN_POINT('',(34.9025,-31.7925,9.));
#5615 = VECTOR('',#5616,1.);
#5616 = DIRECTION('',(0.,0.,1.));
#5617 = ORIENTED_EDGE('',*,*,#5618,.T.);
#5618 = EDGE_CURVE('',#5611,#5578,#5619,.T.);
#5619 = B_SPLINE_CURVE_WITH_KNOTS('',2,(#5620,#5621,#5622),
  .UNSPECIFIED.,.F.,.F.,(3,3),(0.,1.),.PIECEWISE_BEZIER_KNOTS.);
#5620 = CARTESIAN_POINT('',(34.9025,-31.7925,10.));
#5621 = CARTESIAN_POINT('',(34.9025,-32.906875,10.));
#5622 = CARTESIAN_POINT('',(35.465,-33.5134375,10.));
#5623 = ORIENTED_EDGE('',*,*,#5575,.F.);
#5624 = ORIENTED_EDGE('',*,*,#5625,.F.);
#5625 = EDGE_CURVE('',#5609,#5576,#5626,.T.);
#5626 = B_SPLINE_CURVE_WITH_KNOTS('',2,(#5627,#5628,#5629),
  .UNSPECIFIED.,.F.,.F.,(3,3),(0.,1.),.PIECEWISE_BEZIER_KNOTS.);
#5627 = CARTESIAN_POINT('',(34.9025,-31.7925,9.));
#5628 = CARTESIAN_POINT('',(34.9025,-32.906875,9.));
#5629 = CARTESIAN_POINT('',(35.465,-33.5134375,9.));
#5630 = SURFACE_OF_LINEAR_EXTRUSION('',#5631,#5635);
#5631 = B_SPLINE_CURVE_WITH_KNOTS('',2,(#5632,#5633,#5634),
  .UNSPECIFIED.,.F.,.F.,(3,3),(0.,1.),.PIECEWISE_BEZIER_KNOTS.);
#5632 = CARTESIAN_POINT('',(34.9025,-31.7925,9.));
#5633 = CARTESIAN_POINT('',(34.9025,-32.906875,9.));
#5634 = CARTESIAN_POINT('',(35.465,-33.5134375,9.));
#5635 = VECTOR('',#5636,1.);
#5636 = DIRECTION('',(-0.,-0.,-1.));
#5637 = ADVANCED_FACE('',(#5638),#5663,.T.);
#5638 = FACE_BOUND('',#5639,.T.);
#5639 = EDGE_LOOP('',(#5640,#5650,#5656,#5657));
#5640 = ORIENTED_EDGE('',*,*,#5641,.T.);
#5641 = EDGE_CURVE('',#5642,#5644,#5646,.T.);
#5642 = VERTEX_POINT('',#5643);
#5643 = CARTESIAN_POINT('',(35.4859375,-30.064375,9.));
#5644 = VERTEX_POINT('',#5645);
#5645 = CARTESIAN_POINT('',(35.4859375,-30.064375,10.));
#5646 = LINE('',#5647,#5648);
#5647 = CARTESIAN_POINT('',(35.4859375,-30.064375,9.));
#5648 = VECTOR('',#5649,1.);
#5649 = DIRECTION('',(0.,0.,1.));
#5650 = ORIENTED_EDGE('',*,*,#5651,.T.);
#5651 = EDGE_CURVE('',#5644,#5611,#5652,.T.);
#5652 = B_SPLINE_CURVE_WITH_KNOTS('',2,(#5653,#5654,#5655),
  .UNSPECIFIED.,.F.,.F.,(3,3),(0.,1.),.PIECEWISE_BEZIER_KNOTS.);
#5653 = CARTESIAN_POINT('',(35.4859375,-30.064375,10.));
#5654 = CARTESIAN_POINT('',(34.9025,-30.6684375,10.));
#5655 = CARTESIAN_POINT('',(34.9025,-31.7925,10.));
#5656 = ORIENTED_EDGE('',*,*,#5608,.F.);
#5657 = ORIENTED_EDGE('',*,*,#5658,.F.);
#5658 = EDGE_CURVE('',#5642,#5609,#5659,.T.);
#5659 = B_SPLINE_CURVE_WITH_KNOTS('',2,(#5660,#5661,#5662),
  .UNSPECIFIED.,.F.,.F.,(3,3),(0.,1.),.PIECEWISE_BEZIER_KNOTS.);
#5660 = CARTESIAN_POINT('',(35.4859375,-30.064375,9.));
#5661 = CARTESIAN_POINT('',(34.9025,-30.6684375,9.));
#5662 = CARTESIAN_POINT('',(34.9025,-31.7925,9.));
#5663 = SURFACE_OF_LINEAR_EXTRUSION('',#5664,#5668);
#5664 = B_SPLINE_CURVE_WITH_KNOTS('',2,(#5665,#5666,#5667),
  .UNSPECIFIED.,.F.,.F.,(3,3),(0.,1.),.PIECEWISE_BEZIER_KNOTS.);
#5665 = CARTESIAN_POINT('',(35.4859375,-30.064375,9.));
#5666 = CARTESIAN_POINT('',(34.9025,-30.6684375,9.));
#5667 = CARTESIAN_POINT('',(34.9025,-31.7925,9.));
#5668 = VECTOR('',#5669,1.);
#5669 = DIRECTION('',(-0.,-0.,-1.));
#5670 = ADVANCED_FACE('',(#5671),#5696,.T.);
#5671 = FACE_BOUND('',#5672,.T.);
#5672 = EDGE_LOOP('',(#5673,#5683,#5689,#5690));
#5673 = ORIENTED_EDGE('',*,*,#5674,.T.);
#5674 = EDGE_CURVE('',#5675,#5677,#5679,.T.);
#5675 = VERTEX_POINT('',#5676);
#5676 = CARTESIAN_POINT('',(37.1478125,-29.46,9.));
#5677 = VERTEX_POINT('',#5678);
#5678 = CARTESIAN_POINT('',(37.1478125,-29.46,10.));
#5679 = LINE('',#5680,#5681);
#5680 = CARTESIAN_POINT('',(37.1478125,-29.46,9.));
#5681 = VECTOR('',#5682,1.);
#5682 = DIRECTION('',(0.,0.,1.));
#5683 = ORIENTED_EDGE('',*,*,#5684,.T.);
#5684 = EDGE_CURVE('',#5677,#5644,#5685,.T.);
#5685 = B_SPLINE_CURVE_WITH_KNOTS('',2,(#5686,#5687,#5688),
  .UNSPECIFIED.,.F.,.F.,(3,3),(0.,1.),.PIECEWISE_BEZIER_KNOTS.);
#5686 = CARTESIAN_POINT('',(37.1478125,-29.46,10.));
#5687 = CARTESIAN_POINT('',(36.0696875,-29.46,10.));
#5688 = CARTESIAN_POINT('',(35.4859375,-30.064375,10.));
#5689 = ORIENTED_EDGE('',*,*,#5641,.F.);
#5690 = ORIENTED_EDGE('',*,*,#5691,.F.);
#5691 = EDGE_CURVE('',#5675,#5642,#5692,.T.);
#5692 = B_SPLINE_CURVE_WITH_KNOTS('',2,(#5693,#5694,#5695),
  .UNSPECIFIED.,.F.,.F.,(3,3),(0.,1.),.PIECEWISE_BEZIER_KNOTS.);
#5693 = CARTESIAN_POINT('',(37.1478125,-29.46,9.));
#5694 = CARTESIAN_POINT('',(36.0696875,-29.46,9.));
#5695 = CARTESIAN_POINT('',(35.4859375,-30.064375,9.));
#5696 = SURFACE_OF_LINEAR_EXTRUSION('',#5697,#5701);
#5697 = B_SPLINE_CURVE_WITH_KNOTS('',2,(#5698,#5699,#5700),
  .UNSPECIFIED.,.F.,.F.,(3,3),(0.,1.),.PIECEWISE_BEZIER_KNOTS.);
#5698 = CARTESIAN_POINT('',(37.1478125,-29.46,9.));
#5699 = CARTESIAN_POINT('',(36.0696875,-29.46,9.));
#5700 = CARTESIAN_POINT('',(35.4859375,-30.064375,9.));
#5701 = VECTOR('',#5702,1.);
#5702 = DIRECTION('',(-0.,-0.,-1.));
#5703 = ADVANCED_FACE('',(#5704),#5729,.T.);
#5704 = FACE_BOUND('',#5705,.T.);
#5705 = EDGE_LOOP('',(#5706,#5716,#5722,#5723));
#5706 = ORIENTED_EDGE('',*,*,#5707,.T.);
#5707 = EDGE_CURVE('',#5708,#5710,#5712,.T.);
#5708 = VERTEX_POINT('',#5709);
#5709 = CARTESIAN_POINT('',(38.3078125,-29.6240625,9.));
#5710 = VERTEX_POINT('',#5711);
#5711 = CARTESIAN_POINT('',(38.3078125,-29.6240625,10.));
#5712 = LINE('',#5713,#5714);
#5713 = CARTESIAN_POINT('',(38.3078125,-29.6240625,9.));
#5714 = VECTOR('',#5715,1.);
#5715 = DIRECTION('',(0.,0.,1.));
#5716 = ORIENTED_EDGE('',*,*,#5717,.T.);
#5717 = EDGE_CURVE('',#5710,#5677,#5718,.T.);
#5718 = B_SPLINE_CURVE_WITH_KNOTS('',2,(#5719,#5720,#5721),
  .UNSPECIFIED.,.F.,.F.,(3,3),(0.,1.),.PIECEWISE_BEZIER_KNOTS.);
#5719 = CARTESIAN_POINT('',(38.3078125,-29.6240625,10.));
#5720 = CARTESIAN_POINT('',(37.7290625,-29.46,10.));
#5721 = CARTESIAN_POINT('',(37.1478125,-29.46,10.));
#5722 = ORIENTED_EDGE('',*,*,#5674,.F.);
#5723 = ORIENTED_EDGE('',*,*,#5724,.F.);
#5724 = EDGE_CURVE('',#5708,#5675,#5725,.T.);
#5725 = B_SPLINE_CURVE_WITH_KNOTS('',2,(#5726,#5727,#5728),
  .UNSPECIFIED.,.F.,.F.,(3,3),(0.,1.),.PIECEWISE_BEZIER_KNOTS.);
#5726 = CARTESIAN_POINT('',(38.3078125,-29.6240625,9.));
#5727 = CARTESIAN_POINT('',(37.7290625,-29.46,9.));
#5728 = CARTESIAN_POINT('',(37.1478125,-29.46,9.));
#5729 = SURFACE_OF_LINEAR_EXTRUSION('',#5730,#5734);
#5730 = B_SPLINE_CURVE_WITH_KNOTS('',2,(#5731,#5732,#5733),
  .UNSPECIFIED.,.F.,.F.,(3,3),(0.,1.),.PIECEWISE_BEZIER_KNOTS.);
#5731 = CARTESIAN_POINT('',(38.3078125,-29.6240625,9.));
#5732 = CARTESIAN_POINT('',(37.7290625,-29.46,9.));
#5733 = CARTESIAN_POINT('',(37.1478125,-29.46,9.));
#5734 = VECTOR('',#5735,1.);
#5735 = DIRECTION('',(-0.,-0.,-1.));
#5736 = ADVANCED_FACE('',(#5737),#5762,.T.);
#5737 = FACE_BOUND('',#5738,.T.);
#5738 = EDGE_LOOP('',(#5739,#5749,#5755,#5756));
#5739 = ORIENTED_EDGE('',*,*,#5740,.T.);
#5740 = EDGE_CURVE('',#5741,#5743,#5745,.T.);
#5741 = VERTEX_POINT('',#5742);
#5742 = CARTESIAN_POINT('',(39.4728125,-30.12,9.));
#5743 = VERTEX_POINT('',#5744);
#5744 = CARTESIAN_POINT('',(39.4728125,-30.12,10.));
#5745 = LINE('',#5746,#5747);
#5746 = CARTESIAN_POINT('',(39.4728125,-30.12,9.));
#5747 = VECTOR('',#5748,1.);
#5748 = DIRECTION('',(0.,0.,1.));
#5749 = ORIENTED_EDGE('',*,*,#5750,.T.);
#5750 = EDGE_CURVE('',#5743,#5710,#5751,.T.);
#5751 = B_SPLINE_CURVE_WITH_KNOTS('',2,(#5752,#5753,#5754),
  .UNSPECIFIED.,.F.,.F.,(3,3),(0.,1.),.PIECEWISE_BEZIER_KNOTS.);
#5752 = CARTESIAN_POINT('',(39.4728125,-30.12,10.));
#5753 = CARTESIAN_POINT('',(38.886875,-29.7878125,10.));
#5754 = CARTESIAN_POINT('',(38.3078125,-29.6240625,10.));
#5755 = ORIENTED_EDGE('',*,*,#5707,.F.);
#5756 = ORIENTED_EDGE('',*,*,#5757,.F.);
#5757 = EDGE_CURVE('',#5741,#5708,#5758,.T.);
#5758 = B_SPLINE_CURVE_WITH_KNOTS('',2,(#5759,#5760,#5761),
  .UNSPECIFIED.,.F.,.F.,(3,3),(0.,1.),.PIECEWISE_BEZIER_KNOTS.);
#5759 = CARTESIAN_POINT('',(39.4728125,-30.12,9.));
#5760 = CARTESIAN_POINT('',(38.886875,-29.7878125,9.));
#5761 = CARTESIAN_POINT('',(38.3078125,-29.6240625,9.));
#5762 = SURFACE_OF_LINEAR_EXTRUSION('',#5763,#5767);
#5763 = B_SPLINE_CURVE_WITH_KNOTS('',2,(#5764,#5765,#5766),
  .UNSPECIFIED.,.F.,.F.,(3,3),(0.,1.),.PIECEWISE_BEZIER_KNOTS.);
#5764 = CARTESIAN_POINT('',(39.4728125,-30.12,9.));
#5765 = CARTESIAN_POINT('',(38.886875,-29.7878125,9.));
#5766 = CARTESIAN_POINT('',(38.3078125,-29.6240625,9.));
#5767 = VECTOR('',#5768,1.);
#5768 = DIRECTION('',(-0.,-0.,-1.));
#5769 = ADVANCED_FACE('',(#5770),#5795,.T.);
#5770 = FACE_BOUND('',#5771,.T.);
#5771 = EDGE_LOOP('',(#5772,#5782,#5788,#5789));
#5772 = ORIENTED_EDGE('',*,*,#5773,.T.);
#5773 = EDGE_CURVE('',#5774,#5776,#5778,.T.);
#5774 = VERTEX_POINT('',#5775);
#5775 = CARTESIAN_POINT('',(39.4728125,-28.6771875,9.));
#5776 = VERTEX_POINT('',#5777);
#5777 = CARTESIAN_POINT('',(39.4728125,-28.6771875,10.));
#5778 = LINE('',#5779,#5780);
#5779 = CARTESIAN_POINT('',(39.4728125,-28.6771875,9.));
#5780 = VECTOR('',#5781,1.);
#5781 = DIRECTION('',(0.,0.,1.));
#5782 = ORIENTED_EDGE('',*,*,#5783,.T.);
#5783 = EDGE_CURVE('',#5776,#5743,#5784,.T.);
#5784 = LINE('',#5785,#5786);
#5785 = CARTESIAN_POINT('',(39.4728125,-28.6771875,10.));
#5786 = VECTOR('',#5787,1.);
#5787 = DIRECTION('',(0.,-1.,0.));
#5788 = ORIENTED_EDGE('',*,*,#5740,.F.);
#5789 = ORIENTED_EDGE('',*,*,#5790,.F.);
#5790 = EDGE_CURVE('',#5774,#5741,#5791,.T.);
#5791 = LINE('',#5792,#5793);
#5792 = CARTESIAN_POINT('',(39.4728125,-28.6771875,9.));
#5793 = VECTOR('',#5794,1.);
#5794 = DIRECTION('',(0.,-1.,0.));
#5795 = PLANE('',#5796);
#5796 = AXIS2_PLACEMENT_3D('',#5797,#5798,#5799);
#5797 = CARTESIAN_POINT('',(39.4728125,-28.6771875,9.));
#5798 = DIRECTION('',(1.,0.,-0.));
#5799 = DIRECTION('',(0.,-1.,0.));
#5800 = ADVANCED_FACE('',(#5801),#5826,.T.);
#5801 = FACE_BOUND('',#5802,.T.);
#5802 = EDGE_LOOP('',(#5803,#5813,#5819,#5820));
#5803 = ORIENTED_EDGE('',*,*,#5804,.T.);
#5804 = EDGE_CURVE('',#5805,#5807,#5809,.T.);
#5805 = VERTEX_POINT('',#5806);
#5806 = CARTESIAN_POINT('',(38.265625,-28.290625,9.));
#5807 = VERTEX_POINT('',#5808);
#5808 = CARTESIAN_POINT('',(38.265625,-28.290625,10.));
#5809 = LINE('',#5810,#5811);
#5810 = CARTESIAN_POINT('',(38.265625,-28.290625,9.));
#5811 = VECTOR('',#5812,1.);
#5812 = DIRECTION('',(0.,0.,1.));
#5813 = ORIENTED_EDGE('',*,*,#5814,.T.);
#5814 = EDGE_CURVE('',#5807,#5776,#5815,.T.);
#5815 = B_SPLINE_CURVE_WITH_KNOTS('',2,(#5816,#5817,#5818),
  .UNSPECIFIED.,.F.,.F.,(3,3),(0.,1.),.PIECEWISE_BEZIER_KNOTS.);
#5816 = CARTESIAN_POINT('',(38.265625,-28.290625,10.));
#5817 = CARTESIAN_POINT('',(38.905625,-28.4209375,10.));
#5818 = CARTESIAN_POINT('',(39.4728125,-28.6771875,10.));
#5819 = ORIENTED_EDGE('',*,*,#5773,.F.);
#5820 = ORIENTED_EDGE('',*,*,#5821,.F.);
#5821 = EDGE_CURVE('',#5805,#5774,#5822,.T.);
#5822 = B_SPLINE_CURVE_WITH_KNOTS('',2,(#5823,#5824,#5825),
  .UNSPECIFIED.,.F.,.F.,(3,3),(0.,1.),.PIECEWISE_BEZIER_KNOTS.);
#5823 = CARTESIAN_POINT('',(38.265625,-28.290625,9.));
#5824 = CARTESIAN_POINT('',(38.905625,-28.4209375,9.));
#5825 = CARTESIAN_POINT('',(39.4728125,-28.6771875,9.));
#5826 = SURFACE_OF_LINEAR_EXTRUSION('',#5827,#5831);
#5827 = B_SPLINE_CURVE_WITH_KNOTS('',2,(#5828,#5829,#5830),
  .UNSPECIFIED.,.F.,.F.,(3,3),(0.,1.),.PIECEWISE_BEZIER_KNOTS.);
#5828 = CARTESIAN_POINT('',(38.265625,-28.290625,9.));
#5829 = CARTESIAN_POINT('',(38.905625,-28.4209375,9.));
#5830 = CARTESIAN_POINT('',(39.4728125,-28.6771875,9.));
#5831 = VECTOR('',#5832,1.);
#5832 = DIRECTION('',(-0.,-0.,-1.));
#5833 = ADVANCED_FACE('',(#5834),#5859,.T.);
#5834 = FACE_BOUND('',#5835,.T.);
#5835 = EDGE_LOOP('',(#5836,#5846,#5852,#5853));
#5836 = ORIENTED_EDGE('',*,*,#5837,.T.);
#5837 = EDGE_CURVE('',#5838,#5840,#5842,.T.);
#5838 = VERTEX_POINT('',#5839);
#5839 = CARTESIAN_POINT('',(36.9275,-28.16,9.));
#5840 = VERTEX_POINT('',#5841);
#5841 = CARTESIAN_POINT('',(36.9275,-28.16,10.));
#5842 = LINE('',#5843,#5844);
#5843 = CARTESIAN_POINT('',(36.9275,-28.16,9.));
#5844 = VECTOR('',#5845,1.);
#5845 = DIRECTION('',(0.,0.,1.));
#5846 = ORIENTED_EDGE('',*,*,#5847,.T.);
#5847 = EDGE_CURVE('',#5840,#5807,#5848,.T.);
#5848 = B_SPLINE_CURVE_WITH_KNOTS('',2,(#5849,#5850,#5851),
  .UNSPECIFIED.,.F.,.F.,(3,3),(0.,1.),.PIECEWISE_BEZIER_KNOTS.);
#5849 = CARTESIAN_POINT('',(36.9275,-28.16,10.));
#5850 = CARTESIAN_POINT('',(37.6259375,-28.16,10.));
#5851 = CARTESIAN_POINT('',(38.265625,-28.290625,10.));
#5852 = ORIENTED_EDGE('',*,*,#5804,.F.);
#5853 = ORIENTED_EDGE('',*,*,#5854,.F.);
#5854 = EDGE_CURVE('',#5838,#5805,#5855,.T.);
#5855 = B_SPLINE_CURVE_WITH_KNOTS('',2,(#5856,#5857,#5858),
  .UNSPECIFIED.,.F.,.F.,(3,3),(0.,1.),.PIECEWISE_BEZIER_KNOTS.);
#5856 = CARTESIAN_POINT('',(36.9275,-28.16,9.));
#5857 = CARTESIAN_POINT('',(37.6259375,-28.16,9.));
#5858 = CARTESIAN_POINT('',(38.265625,-28.290625,9.));
#5859 = SURFACE_OF_LINEAR_EXTRUSION('',#5860,#5864);
#5860 = B_SPLINE_CURVE_WITH_KNOTS('',2,(#5861,#5862,#5863),
  .UNSPECIFIED.,.F.,.F.,(3,3),(0.,1.),.PIECEWISE_BEZIER_KNOTS.);
#5861 = CARTESIAN_POINT('',(36.9275,-28.16,9.));
#5862 = CARTESIAN_POINT('',(37.6259375,-28.16,9.));
#5863 = CARTESIAN_POINT('',(38.265625,-28.290625,9.));
#5864 = VECTOR('',#5865,1.);
#5865 = DIRECTION('',(-0.,-0.,-1.));
#5866 = ADVANCED_FACE('',(#5867),#5892,.T.);
#5867 = FACE_BOUND('',#5868,.T.);
#5868 = EDGE_LOOP('',(#5869,#5879,#5885,#5886));
#5869 = ORIENTED_EDGE('',*,*,#5870,.T.);
#5870 = EDGE_CURVE('',#5871,#5873,#5875,.T.);
#5871 = VERTEX_POINT('',#5872);
#5872 = CARTESIAN_POINT('',(34.0775,-29.1303125,9.));
#5873 = VERTEX_POINT('',#5874);
#5874 = CARTESIAN_POINT('',(34.0775,-29.1303125,10.));
#5875 = LINE('',#5876,#5877);
#5876 = CARTESIAN_POINT('',(34.0775,-29.1303125,9.));
#5877 = VECTOR('',#5878,1.);
#5878 = DIRECTION('',(0.,0.,1.));
#5879 = ORIENTED_EDGE('',*,*,#5880,.T.);
#5880 = EDGE_CURVE('',#5873,#5840,#5881,.T.);
#5881 = B_SPLINE_CURVE_WITH_KNOTS('',2,(#5882,#5883,#5884),
  .UNSPECIFIED.,.F.,.F.,(3,3),(0.,1.),.PIECEWISE_BEZIER_KNOTS.);
#5882 = CARTESIAN_POINT('',(34.0775,-29.1303125,10.));
#5883 = CARTESIAN_POINT('',(35.118125,-28.16,10.));
#5884 = CARTESIAN_POINT('',(36.9275,-28.16,10.));
#5885 = ORIENTED_EDGE('',*,*,#5837,.F.);
#5886 = ORIENTED_EDGE('',*,*,#5887,.F.);
#5887 = EDGE_CURVE('',#5871,#5838,#5888,.T.);
#5888 = B_SPLINE_CURVE_WITH_KNOTS('',2,(#5889,#5890,#5891),
  .UNSPECIFIED.,.F.,.F.,(3,3),(0.,1.),.PIECEWISE_BEZIER_KNOTS.);
#5889 = CARTESIAN_POINT('',(34.0775,-29.1303125,9.));
#5890 = CARTESIAN_POINT('',(35.118125,-28.16,9.));
#5891 = CARTESIAN_POINT('',(36.9275,-28.16,9.));
#5892 = SURFACE_OF_LINEAR_EXTRUSION('',#5893,#5897);
#5893 = B_SPLINE_CURVE_WITH_KNOTS('',2,(#5894,#5895,#5896),
  .UNSPECIFIED.,.F.,.F.,(3,3),(0.,1.),.PIECEWISE_BEZIER_KNOTS.);
#5894 = CARTESIAN_POINT('',(34.0775,-29.1303125,9.));
#5895 = CARTESIAN_POINT('',(35.118125,-28.16,9.));
#5896 = CARTESIAN_POINT('',(36.9275,-28.16,9.));
#5897 = VECTOR('',#5898,1.);
#5898 = DIRECTION('',(-0.,-0.,-1.));
#5899 = ADVANCED_FACE('',(#5900),#5925,.T.);
#5900 = FACE_BOUND('',#5901,.T.);
#5901 = EDGE_LOOP('',(#5902,#5912,#5918,#5919));
#5902 = ORIENTED_EDGE('',*,*,#5903,.T.);
#5903 = EDGE_CURVE('',#5904,#5906,#5908,.T.);
#5904 = VERTEX_POINT('',#5905);
#5905 = CARTESIAN_POINT('',(33.036875,-31.7921875,9.));
#5906 = VERTEX_POINT('',#5907);
#5907 = CARTESIAN_POINT('',(33.036875,-31.7921875,10.));
#5908 = LINE('',#5909,#5910);
#5909 = CARTESIAN_POINT('',(33.036875,-31.7921875,9.));
#5910 = VECTOR('',#5911,1.);
#5911 = DIRECTION('',(0.,0.,1.));
#5912 = ORIENTED_EDGE('',*,*,#5913,.T.);
#5913 = EDGE_CURVE('',#5906,#5873,#5914,.T.);
#5914 = B_SPLINE_CURVE_WITH_KNOTS('',2,(#5915,#5916,#5917),
  .UNSPECIFIED.,.F.,.F.,(3,3),(0.,1.),.PIECEWISE_BEZIER_KNOTS.);
#5915 = CARTESIAN_POINT('',(33.036875,-31.7921875,10.));
#5916 = CARTESIAN_POINT('',(33.036875,-30.1003125,10.));
#5917 = CARTESIAN_POINT('',(34.0775,-29.1303125,10.));
#5918 = ORIENTED_EDGE('',*,*,#5870,.F.);
#5919 = ORIENTED_EDGE('',*,*,#5920,.F.);
#5920 = EDGE_CURVE('',#5904,#5871,#5921,.T.);
#5921 = B_SPLINE_CURVE_WITH_KNOTS('',2,(#5922,#5923,#5924),
  .UNSPECIFIED.,.F.,.F.,(3,3),(0.,1.),.PIECEWISE_BEZIER_KNOTS.);
#5922 = CARTESIAN_POINT('',(33.036875,-31.7921875,9.));
#5923 = CARTESIAN_POINT('',(33.036875,-30.1003125,9.));
#5924 = CARTESIAN_POINT('',(34.0775,-29.1303125,9.));
#5925 = SURFACE_OF_LINEAR_EXTRUSION('',#5926,#5930);
#5926 = B_SPLINE_CURVE_WITH_KNOTS('',2,(#5927,#5928,#5929),
  .UNSPECIFIED.,.F.,.F.,(3,3),(0.,1.),.PIECEWISE_BEZIER_KNOTS.);
#5927 = CARTESIAN_POINT('',(33.036875,-31.7921875,9.));
#5928 = CARTESIAN_POINT('',(33.036875,-30.1003125,9.));
#5929 = CARTESIAN_POINT('',(34.0775,-29.1303125,9.));
#5930 = VECTOR('',#5931,1.);
#5931 = DIRECTION('',(-0.,-0.,-1.));
#5932 = ADVANCED_FACE('',(#5933),#5958,.T.);
#5933 = FACE_BOUND('',#5934,.T.);
#5934 = EDGE_LOOP('',(#5935,#5945,#5951,#5952));
#5935 = ORIENTED_EDGE('',*,*,#5936,.T.);
#5936 = EDGE_CURVE('',#5937,#5939,#5941,.T.);
#5937 = VERTEX_POINT('',#5938);
#5938 = CARTESIAN_POINT('',(34.05875,-34.4428125,9.));
#5939 = VERTEX_POINT('',#5940);
#5940 = CARTESIAN_POINT('',(34.05875,-34.4428125,10.));
#5941 = LINE('',#5942,#5943);
#5942 = CARTESIAN_POINT('',(34.05875,-34.4428125,9.));
#5943 = VECTOR('',#5944,1.);
#5944 = DIRECTION('',(0.,0.,1.));
#5945 = ORIENTED_EDGE('',*,*,#5946,.T.);
#5946 = EDGE_CURVE('',#5939,#5906,#5947,.T.);
#5947 = B_SPLINE_CURVE_WITH_KNOTS('',2,(#5948,#5949,#5950),
  .UNSPECIFIED.,.F.,.F.,(3,3),(0.,1.),.PIECEWISE_BEZIER_KNOTS.);
#5948 = CARTESIAN_POINT('',(34.05875,-34.4428125,10.));
#5949 = CARTESIAN_POINT('',(33.036875,-33.465625,10.));
#5950 = CARTESIAN_POINT('',(33.036875,-31.7921875,10.));
#5951 = ORIENTED_EDGE('',*,*,#5903,.F.);
#5952 = ORIENTED_EDGE('',*,*,#5953,.F.);
#5953 = EDGE_CURVE('',#5937,#5904,#5954,.T.);
#5954 = B_SPLINE_CURVE_WITH_KNOTS('',2,(#5955,#5956,#5957),
  .UNSPECIFIED.,.F.,.F.,(3,3),(0.,1.),.PIECEWISE_BEZIER_KNOTS.);
#5955 = CARTESIAN_POINT('',(34.05875,-34.4428125,9.));
#5956 = CARTESIAN_POINT('',(33.036875,-33.465625,9.));
#5957 = CARTESIAN_POINT('',(33.036875,-31.7921875,9.));
#5958 = SURFACE_OF_LINEAR_EXTRUSION('',#5959,#5963);
#5959 = B_SPLINE_CURVE_WITH_KNOTS('',2,(#5960,#5961,#5962),
  .UNSPECIFIED.,.F.,.F.,(3,3),(0.,1.),.PIECEWISE_BEZIER_KNOTS.);
#5960 = CARTESIAN_POINT('',(34.05875,-34.4428125,9.));
#5961 = CARTESIAN_POINT('',(33.036875,-33.465625,9.));
#5962 = CARTESIAN_POINT('',(33.036875,-31.7921875,9.));
#5963 = VECTOR('',#5964,1.);
#5964 = DIRECTION('',(-0.,-0.,-1.));
#5965 = ADVANCED_FACE('',(#5966),#5991,.T.);
#5966 = FACE_BOUND('',#5967,.T.);
#5967 = EDGE_LOOP('',(#5968,#5978,#5984,#5985));
#5968 = ORIENTED_EDGE('',*,*,#5969,.T.);
#5969 = EDGE_CURVE('',#5970,#5972,#5974,.T.);
#5970 = VERTEX_POINT('',#5971);
#5971 = CARTESIAN_POINT('',(36.8290625,-35.42,9.));
#5972 = VERTEX_POINT('',#5973);
#5973 = CARTESIAN_POINT('',(36.8290625,-35.42,10.));
#5974 = LINE('',#5975,#5976);
#5975 = CARTESIAN_POINT('',(36.8290625,-35.42,9.));
#5976 = VECTOR('',#5977,1.);
#5977 = DIRECTION('',(0.,0.,1.));
#5978 = ORIENTED_EDGE('',*,*,#5979,.T.);
#5979 = EDGE_CURVE('',#5972,#5939,#5980,.T.);
#5980 = B_SPLINE_CURVE_WITH_KNOTS('',2,(#5981,#5982,#5983),
  .UNSPECIFIED.,.F.,.F.,(3,3),(0.,1.),.PIECEWISE_BEZIER_KNOTS.);
#5981 = CARTESIAN_POINT('',(36.8290625,-35.42,10.));
#5982 = CARTESIAN_POINT('',(35.080625,-35.42,10.));
#5983 = CARTESIAN_POINT('',(34.05875,-34.4428125,10.));
#5984 = ORIENTED_EDGE('',*,*,#5936,.F.);
#5985 = ORIENTED_EDGE('',*,*,#5986,.F.);
#5986 = EDGE_CURVE('',#5970,#5937,#5987,.T.);
#5987 = B_SPLINE_CURVE_WITH_KNOTS('',2,(#5988,#5989,#5990),
  .UNSPECIFIED.,.F.,.F.,(3,3),(0.,1.),.PIECEWISE_BEZIER_KNOTS.);
#5988 = CARTESIAN_POINT('',(36.8290625,-35.42,9.));
#5989 = CARTESIAN_POINT('',(35.080625,-35.42,9.));
#5990 = CARTESIAN_POINT('',(34.05875,-34.4428125,9.));
#5991 = SURFACE_OF_LINEAR_EXTRUSION('',#5992,#5996);
#5992 = B_SPLINE_CURVE_WITH_KNOTS('',2,(#5993,#5994,#5995),
  .UNSPECIFIED.,.F.,.F.,(3,3),(0.,1.),.PIECEWISE_BEZIER_KNOTS.);
#5993 = CARTESIAN_POINT('',(36.8290625,-35.42,9.));
#5994 = CARTESIAN_POINT('',(35.080625,-35.42,9.));
#5995 = CARTESIAN_POINT('',(34.05875,-34.4428125,9.));
#5996 = VECTOR('',#5997,1.);
#5997 = DIRECTION('',(-0.,-0.,-1.));
#5998 = ADVANCED_FACE('',(#5999),#6015,.T.);
#5999 = FACE_BOUND('',#6000,.T.);
#6000 = EDGE_LOOP('',(#6001,#6002,#6008,#6009));
#6001 = ORIENTED_EDGE('',*,*,#5330,.T.);
#6002 = ORIENTED_EDGE('',*,*,#6003,.T.);
#6003 = EDGE_CURVE('',#5323,#5972,#6004,.T.);
#6004 = B_SPLINE_CURVE_WITH_KNOTS('',2,(#6005,#6006,#6007),
  .UNSPECIFIED.,.F.,.F.,(3,3),(0.,1.),.PIECEWISE_BEZIER_KNOTS.);
#6005 = CARTESIAN_POINT('',(38.3290625,-35.256875,10.));
#6006 = CARTESIAN_POINT('',(37.6025,-35.42,10.));
#6007 = CARTESIAN_POINT('',(36.8290625,-35.42,10.));
#6008 = ORIENTED_EDGE('',*,*,#5969,.F.);
#6009 = ORIENTED_EDGE('',*,*,#6010,.F.);
#6010 = EDGE_CURVE('',#5331,#5970,#6011,.T.);
#6011 = B_SPLINE_CURVE_WITH_KNOTS('',2,(#6012,#6013,#6014),
  .UNSPECIFIED.,.F.,.F.,(3,3),(0.,1.),.PIECEWISE_BEZIER_KNOTS.);
#6012 = CARTESIAN_POINT('',(38.3290625,-35.256875,9.));
#6013 = CARTESIAN_POINT('',(37.6025,-35.42,9.));
#6014 = CARTESIAN_POINT('',(36.8290625,-35.42,9.));
#6015 = SURFACE_OF_LINEAR_EXTRUSION('',#6016,#6020);
#6016 = B_SPLINE_CURVE_WITH_KNOTS('',2,(#6017,#6018,#6019),
  .UNSPECIFIED.,.F.,.F.,(3,3),(0.,1.),.PIECEWISE_BEZIER_KNOTS.);
#6017 = CARTESIAN_POINT('',(38.3290625,-35.256875,9.));
#6018 = CARTESIAN_POINT('',(37.6025,-35.42,9.));
#6019 = CARTESIAN_POINT('',(36.8290625,-35.42,9.));
#6020 = VECTOR('',#6021,1.);
#6021 = DIRECTION('',(-0.,-0.,-1.));
#6022 = ADVANCED_FACE('',(#6023),#6047,.F.);
#6023 = FACE_BOUND('',#6024,.F.);
#6024 = EDGE_LOOP('',(#6025,#6026,#6027,#6028,#6029,#6030,#6031,#6032,
    #6033,#6034,#6035,#6036,#6037,#6038,#6039,#6040,#6041,#6042,#6043,
    #6044,#6045,#6046));
#6025 = ORIENTED_EDGE('',*,*,#5338,.F.);
#6026 = ORIENTED_EDGE('',*,*,#5371,.F.);
#6027 = ORIENTED_EDGE('',*,*,#5402,.F.);
#6028 = ORIENTED_EDGE('',*,*,#5433,.F.);
#6029 = ORIENTED_EDGE('',*,*,#5464,.F.);
#6030 = ORIENTED_EDGE('',*,*,#5495,.F.);
#6031 = ORIENTED_EDGE('',*,*,#5526,.F.);
#6032 = ORIENTED_EDGE('',*,*,#5559,.F.);
#6033 = ORIENTED_EDGE('',*,*,#5592,.F.);
#6034 = ORIENTED_EDGE('',*,*,#5625,.F.);
#6035 = ORIENTED_EDGE('',*,*,#5658,.F.);
#6036 = ORIENTED_EDGE('',*,*,#5691,.F.);
#6037 = ORIENTED_EDGE('',*,*,#5724,.F.);
#6038 = ORIENTED_EDGE('',*,*,#5757,.F.);
#6039 = ORIENTED_EDGE('',*,*,#5790,.F.);
#6040 = ORIENTED_EDGE('',*,*,#5821,.F.);
#6041 = ORIENTED_EDGE('',*,*,#5854,.F.);
#6042 = ORIENTED_EDGE('',*,*,#5887,.F.);
#6043 = ORIENTED_EDGE('',*,*,#5920,.F.);
#6044 = ORIENTED_EDGE('',*,*,#5953,.F.);
#6045 = ORIENTED_EDGE('',*,*,#5986,.F.);
#6046 = ORIENTED_EDGE('',*,*,#6010,.F.);
#6047 = PLANE('',#6048);
#6048 = AXIS2_PLACEMENT_3D('',#6049,#6050,#6051);
#6049 = CARTESIAN_POINT('',(36.723251582963,-31.81180461523,9.));
#6050 = DIRECTION('',(0.,0.,1.));
#6051 = DIRECTION('',(1.,0.,0.));
#6052 = ADVANCED_FACE('',(#6053),#6077,.T.);
#6053 = FACE_BOUND('',#6054,.T.);
#6054 = EDGE_LOOP('',(#6055,#6056,#6057,#6058,#6059,#6060,#6061,#6062,
    #6063,#6064,#6065,#6066,#6067,#6068,#6069,#6070,#6071,#6072,#6073,
    #6074,#6075,#6076));
#6055 = ORIENTED_EDGE('',*,*,#5322,.F.);
#6056 = ORIENTED_EDGE('',*,*,#5364,.F.);
#6057 = ORIENTED_EDGE('',*,*,#5395,.F.);
#6058 = ORIENTED_EDGE('',*,*,#5426,.F.);
#6059 = ORIENTED_EDGE('',*,*,#5457,.F.);
#6060 = ORIENTED_EDGE('',*,*,#5488,.F.);
#6061 = ORIENTED_EDGE('',*,*,#5519,.F.);
#6062 = ORIENTED_EDGE('',*,*,#5552,.F.);
#6063 = ORIENTED_EDGE('',*,*,#5585,.F.);
#6064 = ORIENTED_EDGE('',*,*,#5618,.F.);
#6065 = ORIENTED_EDGE('',*,*,#5651,.F.);
#6066 = ORIENTED_EDGE('',*,*,#5684,.F.);
#6067 = ORIENTED_EDGE('',*,*,#5717,.F.);
#6068 = ORIENTED_EDGE('',*,*,#5750,.F.);
#6069 = ORIENTED_EDGE('',*,*,#5783,.F.);
#6070 = ORIENTED_EDGE('',*,*,#5814,.F.);
#6071 = ORIENTED_EDGE('',*,*,#5847,.F.);
#6072 = ORIENTED_EDGE('',*,*,#5880,.F.);
#6073 = ORIENTED_EDGE('',*,*,#5913,.F.);
#6074 = ORIENTED_EDGE('',*,*,#5946,.F.);
#6075 = ORIENTED_EDGE('',*,*,#5979,.F.);
#6076 = ORIENTED_EDGE('',*,*,#6003,.F.);
#6077 = PLANE('',#6078);
#6078 = AXIS2_PLACEMENT_3D('',#6079,#6080,#6081);
#6079 = CARTESIAN_POINT('',(36.723251582963,-31.81180461523,10.));
#6080 = DIRECTION('',(0.,0.,1.));
#6081 = DIRECTION('',(1.,0.,0.));
#6082 = MANIFOLD_SOLID_BREP('',#6083);
#6083 = CLOSED_SHELL('',(#6084,#6124,#6155,#6186,#6217,#6248,#6279,#6310
    ,#6341,#6372,#6403,#6434,#6456,#6476));
#6084 = ADVANCED_FACE('',(#6085),#6119,.T.);
#6085 = FACE_BOUND('',#6086,.T.);
#6086 = EDGE_LOOP('',(#6087,#6097,#6105,#6113));
#6087 = ORIENTED_EDGE('',*,*,#6088,.T.);
#6088 = EDGE_CURVE('',#6089,#6091,#6093,.T.);
#6089 = VERTEX_POINT('',#6090);
#6090 = CARTESIAN_POINT('',(41.32,-28.28,9.));
#6091 = VERTEX_POINT('',#6092);
#6092 = CARTESIAN_POINT('',(41.32,-28.28,10.));
#6093 = LINE('',#6094,#6095);
#6094 = CARTESIAN_POINT('',(41.32,-28.28,9.));
#6095 = VECTOR('',#6096,1.);
#6096 = DIRECTION('',(0.,0.,1.));
#6097 = ORIENTED_EDGE('',*,*,#6098,.T.);
#6098 = EDGE_CURVE('',#6091,#6099,#6101,.T.);
#6099 = VERTEX_POINT('',#6100);
#6100 = CARTESIAN_POINT('',(46.1903125,-28.28,10.));
#6101 = LINE('',#6102,#6103);
#6102 = CARTESIAN_POINT('',(41.32,-28.28,10.));
#6103 = VECTOR('',#6104,1.);
#6104 = DIRECTION('',(1.,0.,0.));
#6105 = ORIENTED_EDGE('',*,*,#6106,.F.);
#6106 = EDGE_CURVE('',#6107,#6099,#6109,.T.);
#6107 = VERTEX_POINT('',#6108);
#6108 = CARTESIAN_POINT('',(46.1903125,-28.28,9.));
#6109 = LINE('',#6110,#6111);
#6110 = CARTESIAN_POINT('',(46.1903125,-28.28,9.));
#6111 = VECTOR('',#6112,1.);
#6112 = DIRECTION('',(0.,0.,1.));
#6113 = ORIENTED_EDGE('',*,*,#6114,.F.);
#6114 = EDGE_CURVE('',#6089,#6107,#6115,.T.);
#6115 = LINE('',#6116,#6117);
#6116 = CARTESIAN_POINT('',(41.32,-28.28,9.));
#6117 = VECTOR('',#6118,1.);
#6118 = DIRECTION('',(1.,0.,0.));
#6119 = PLANE('',#6120);
#6120 = AXIS2_PLACEMENT_3D('',#6121,#6122,#6123);
#6121 = CARTESIAN_POINT('',(41.32,-28.28,9.));
#6122 = DIRECTION('',(0.,1.,0.));
#6123 = DIRECTION('',(1.,0.,0.));
#6124 = ADVANCED_FACE('',(#6125),#6150,.T.);
#6125 = FACE_BOUND('',#6126,.T.);
#6126 = EDGE_LOOP('',(#6127,#6137,#6143,#6144));
#6127 = ORIENTED_EDGE('',*,*,#6128,.T.);
#6128 = EDGE_CURVE('',#6129,#6131,#6133,.T.);
#6129 = VERTEX_POINT('',#6130);
#6130 = CARTESIAN_POINT('',(41.32,-35.28,9.));
#6131 = VERTEX_POINT('',#6132);
#6132 = CARTESIAN_POINT('',(41.32,-35.28,10.));
#6133 = LINE('',#6134,#6135);
#6134 = CARTESIAN_POINT('',(41.32,-35.28,9.));
#6135 = VECTOR('',#6136,1.);
#6136 = DIRECTION('',(0.,0.,1.));
#6137 = ORIENTED_EDGE('',*,*,#6138,.T.);
#6138 = EDGE_CURVE('',#6131,#6091,#6139,.T.);
#6139 = LINE('',#6140,#6141);
#6140 = CARTESIAN_POINT('',(41.32,-35.28,10.));
#6141 = VECTOR('',#6142,1.);
#6142 = DIRECTION('',(0.,1.,0.));
#6143 = ORIENTED_EDGE('',*,*,#6088,.F.);
#6144 = ORIENTED_EDGE('',*,*,#6145,.F.);
#6145 = EDGE_CURVE('',#6129,#6089,#6146,.T.);
#6146 = LINE('',#6147,#6148);
#6147 = CARTESIAN_POINT('',(41.32,-35.28,9.));
#6148 = VECTOR('',#6149,1.);
#6149 = DIRECTION('',(0.,1.,0.));
#6150 = PLANE('',#6151);
#6151 = AXIS2_PLACEMENT_3D('',#6152,#6153,#6154);
#6152 = CARTESIAN_POINT('',(41.32,-35.28,9.));
#6153 = DIRECTION('',(-1.,0.,0.));
#6154 = DIRECTION('',(0.,1.,0.));
#6155 = ADVANCED_FACE('',(#6156),#6181,.T.);
#6156 = FACE_BOUND('',#6157,.T.);
#6157 = EDGE_LOOP('',(#6158,#6168,#6174,#6175));
#6158 = ORIENTED_EDGE('',*,*,#6159,.T.);
#6159 = EDGE_CURVE('',#6160,#6162,#6164,.T.);
#6160 = VERTEX_POINT('',#6161);
#6161 = CARTESIAN_POINT('',(46.2934375,-35.28,9.));
#6162 = VERTEX_POINT('',#6163);
#6163 = CARTESIAN_POINT('',(46.2934375,-35.28,10.));
#6164 = LINE('',#6165,#6166);
#6165 = CARTESIAN_POINT('',(46.2934375,-35.28,9.));
#6166 = VECTOR('',#6167,1.);
#6167 = DIRECTION('',(0.,0.,1.));
#6168 = ORIENTED_EDGE('',*,*,#6169,.T.);
#6169 = EDGE_CURVE('',#6162,#6131,#6170,.T.);
#6170 = LINE('',#6171,#6172);
#6171 = CARTESIAN_POINT('',(46.2934375,-35.28,10.));
#6172 = VECTOR('',#6173,1.);
#6173 = DIRECTION('',(-1.,0.,0.));
#6174 = ORIENTED_EDGE('',*,*,#6128,.F.);
#6175 = ORIENTED_EDGE('',*,*,#6176,.F.);
#6176 = EDGE_CURVE('',#6160,#6129,#6177,.T.);
#6177 = LINE('',#6178,#6179);
#6178 = CARTESIAN_POINT('',(46.2934375,-35.28,9.));
#6179 = VECTOR('',#6180,1.);
#6180 = DIRECTION('',(-1.,0.,0.));
#6181 = PLANE('',#6182);
#6182 = AXIS2_PLACEMENT_3D('',#6183,#6184,#6185);
#6183 = CARTESIAN_POINT('',(46.2934375,-35.28,9.));
#6184 = DIRECTION('',(0.,-1.,0.));
#6185 = DIRECTION('',(-1.,0.,0.));
#6186 = ADVANCED_FACE('',(#6187),#6212,.T.);
#6187 = FACE_BOUND('',#6188,.T.);
#6188 = EDGE_LOOP('',(#6189,#6199,#6205,#6206));
#6189 = ORIENTED_EDGE('',*,*,#6190,.T.);
#6190 = EDGE_CURVE('',#6191,#6193,#6195,.T.);
#6191 = VERTEX_POINT('',#6192);
#6192 = CARTESIAN_POINT('',(46.2934375,-33.92,9.));
#6193 = VERTEX_POINT('',#6194);
#6194 = CARTESIAN_POINT('',(46.2934375,-33.92,10.));
#6195 = LINE('',#6196,#6197);
#6196 = CARTESIAN_POINT('',(46.2934375,-33.92,9.));
#6197 = VECTOR('',#6198,1.);
#6198 = DIRECTION('',(0.,0.,1.));
#6199 = ORIENTED_EDGE('',*,*,#6200,.T.);
#6200 = EDGE_CURVE('',#6193,#6162,#6201,.T.);
#6201 = LINE('',#6202,#6203);
#6202 = CARTESIAN_POINT('',(46.2934375,-33.92,10.));
#6203 = VECTOR('',#6204,1.);
#6204 = DIRECTION('',(0.,-1.,0.));
#6205 = ORIENTED_EDGE('',*,*,#6159,.F.);
#6206 = ORIENTED_EDGE('',*,*,#6207,.F.);
#6207 = EDGE_CURVE('',#6191,#6160,#6208,.T.);
#6208 = LINE('',#6209,#6210);
#6209 = CARTESIAN_POINT('',(46.2934375,-33.92,9.));
#6210 = VECTOR('',#6211,1.);
#6211 = DIRECTION('',(0.,-1.,0.));
#6212 = PLANE('',#6213);
#6213 = AXIS2_PLACEMENT_3D('',#6214,#6215,#6216);
#6214 = CARTESIAN_POINT('',(46.2934375,-33.92,9.));
#6215 = DIRECTION('',(1.,0.,-0.));
#6216 = DIRECTION('',(0.,-1.,0.));
#6217 = ADVANCED_FACE('',(#6218),#6243,.T.);
#6218 = FACE_BOUND('',#6219,.T.);
#6219 = EDGE_LOOP('',(#6220,#6230,#6236,#6237));
#6220 = ORIENTED_EDGE('',*,*,#6221,.T.);
#6221 = EDGE_CURVE('',#6222,#6224,#6226,.T.);
#6222 = VERTEX_POINT('',#6223);
#6223 = CARTESIAN_POINT('',(43.1246875,-33.92,9.));
#6224 = VERTEX_POINT('',#6225);
#6225 = CARTESIAN_POINT('',(43.1246875,-33.92,10.));
#6226 = LINE('',#6227,#6228);
#6227 = CARTESIAN_POINT('',(43.1246875,-33.92,9.));
#6228 = VECTOR('',#6229,1.);
#6229 = DIRECTION('',(0.,0.,1.));
#6230 = ORIENTED_EDGE('',*,*,#6231,.T.);
#6231 = EDGE_CURVE('',#6224,#6193,#6232,.T.);
#6232 = LINE('',#6233,#6234);
#6233 = CARTESIAN_POINT('',(43.1246875,-33.92,10.));
#6234 = VECTOR('',#6235,1.);
#6235 = DIRECTION('',(1.,0.,0.));
#6236 = ORIENTED_EDGE('',*,*,#6190,.F.);
#6237 = ORIENTED_EDGE('',*,*,#6238,.F.);
#6238 = EDGE_CURVE('',#6222,#6191,#6239,.T.);
#6239 = LINE('',#6240,#6241);
#6240 = CARTESIAN_POINT('',(43.1246875,-33.92,9.));
#6241 = VECTOR('',#6242,1.);
#6242 = DIRECTION('',(1.,0.,0.));
#6243 = PLANE('',#6244);
#6244 = AXIS2_PLACEMENT_3D('',#6245,#6246,#6247);
#6245 = CARTESIAN_POINT('',(43.1246875,-33.92,9.));
#6246 = DIRECTION('',(0.,1.,0.));
#6247 = DIRECTION('',(1.,0.,0.));
#6248 = ADVANCED_FACE('',(#6249),#6274,.T.);
#6249 = FACE_BOUND('',#6250,.T.);
#6250 = EDGE_LOOP('',(#6251,#6261,#6267,#6268));
#6251 = ORIENTED_EDGE('',*,*,#6252,.T.);
#6252 = EDGE_CURVE('',#6253,#6255,#6257,.T.);
#6253 = VERTEX_POINT('',#6254);
#6254 = CARTESIAN_POINT('',(43.1246875,-32.32,9.));
#6255 = VERTEX_POINT('',#6256);
#6256 = CARTESIAN_POINT('',(43.1246875,-32.32,10.));
#6257 = LINE('',#6258,#6259);
#6258 = CARTESIAN_POINT('',(43.1246875,-32.32,9.));
#6259 = VECTOR('',#6260,1.);
#6260 = DIRECTION('',(0.,0.,1.));
#6261 = ORIENTED_EDGE('',*,*,#6262,.T.);
#6262 = EDGE_CURVE('',#6255,#6224,#6263,.T.);
#6263 = LINE('',#6264,#6265);
#6264 = CARTESIAN_POINT('',(43.1246875,-32.32,10.));
#6265 = VECTOR('',#6266,1.);
#6266 = DIRECTION('',(0.,-1.,0.));
#6267 = ORIENTED_EDGE('',*,*,#6221,.F.);
#6268 = ORIENTED_EDGE('',*,*,#6269,.F.);
#6269 = EDGE_CURVE('',#6253,#6222,#6270,.T.);
#6270 = LINE('',#6271,#6272);
#6271 = CARTESIAN_POINT('',(43.1246875,-32.32,9.));
#6272 = VECTOR('',#6273,1.);
#6273 = DIRECTION('',(0.,-1.,0.));
#6274 = PLANE('',#6275);
#6275 = AXIS2_PLACEMENT_3D('',#6276,#6277,#6278);
#6276 = CARTESIAN_POINT('',(43.1246875,-32.32,9.));
#6277 = DIRECTION('',(1.,0.,-0.));
#6278 = DIRECTION('',(0.,-1.,0.));
#6279 = ADVANCED_FACE('',(#6280),#6305,.T.);
#6280 = FACE_BOUND('',#6281,.T.);
#6281 = EDGE_LOOP('',(#6282,#6292,#6298,#6299));
#6282 = ORIENTED_EDGE('',*,*,#6283,.T.);
#6283 = EDGE_CURVE('',#6284,#6286,#6288,.T.);
#6284 = VERTEX_POINT('',#6285);
#6285 = CARTESIAN_POINT('',(46.0075,-32.32,9.));
#6286 = VERTEX_POINT('',#6287);
#6287 = CARTESIAN_POINT('',(46.0075,-32.32,10.));
#6288 = LINE('',#6289,#6290);
#6289 = CARTESIAN_POINT('',(46.0075,-32.32,9.));
#6290 = VECTOR('',#6291,1.);
#6291 = DIRECTION('',(0.,0.,1.));
#6292 = ORIENTED_EDGE('',*,*,#6293,.T.);
#6293 = EDGE_CURVE('',#6286,#6255,#6294,.T.);
#6294 = LINE('',#6295,#6296);
#6295 = CARTESIAN_POINT('',(46.0075,-32.32,10.));
#6296 = VECTOR('',#6297,1.);
#6297 = DIRECTION('',(-1.,0.,0.));
#6298 = ORIENTED_EDGE('',*,*,#6252,.F.);
#6299 = ORIENTED_EDGE('',*,*,#6300,.F.);
#6300 = EDGE_CURVE('',#6284,#6253,#6301,.T.);
#6301 = LINE('',#6302,#6303);
#6302 = CARTESIAN_POINT('',(46.0075,-32.32,9.));
#6303 = VECTOR('',#6304,1.);
#6304 = DIRECTION('',(-1.,0.,0.));
#6305 = PLANE('',#6306);
#6306 = AXIS2_PLACEMENT_3D('',#6307,#6308,#6309);
#6307 = CARTESIAN_POINT('',(46.0075,-32.32,9.));
#6308 = DIRECTION('',(0.,-1.,0.));
#6309 = DIRECTION('',(-1.,0.,0.));
#6310 = ADVANCED_FACE('',(#6311),#6336,.T.);
#6311 = FACE_BOUND('',#6312,.T.);
#6312 = EDGE_LOOP('',(#6313,#6323,#6329,#6330));
#6313 = ORIENTED_EDGE('',*,*,#6314,.T.);
#6314 = EDGE_CURVE('',#6315,#6317,#6319,.T.);
#6315 = VERTEX_POINT('',#6316);
#6316 = CARTESIAN_POINT('',(46.0075,-30.96,9.));
#6317 = VERTEX_POINT('',#6318);
#6318 = CARTESIAN_POINT('',(46.0075,-30.96,10.));
#6319 = LINE('',#6320,#6321);
#6320 = CARTESIAN_POINT('',(46.0075,-30.96,9.));
#6321 = VECTOR('',#6322,1.);
#6322 = DIRECTION('',(0.,0.,1.));
#6323 = ORIENTED_EDGE('',*,*,#6324,.T.);
#6324 = EDGE_CURVE('',#6317,#6286,#6325,.T.);
#6325 = LINE('',#6326,#6327);
#6326 = CARTESIAN_POINT('',(46.0075,-30.96,10.));
#6327 = VECTOR('',#6328,1.);
#6328 = DIRECTION('',(0.,-1.,0.));
#6329 = ORIENTED_EDGE('',*,*,#6283,.F.);
#6330 = ORIENTED_EDGE('',*,*,#6331,.F.);
#6331 = EDGE_CURVE('',#6315,#6284,#6332,.T.);
#6332 = LINE('',#6333,#6334);
#6333 = CARTESIAN_POINT('',(46.0075,-30.96,9.));
#6334 = VECTOR('',#6335,1.);
#6335 = DIRECTION('',(0.,-1.,0.));
#6336 = PLANE('',#6337);
#6337 = AXIS2_PLACEMENT_3D('',#6338,#6339,#6340);
#6338 = CARTESIAN_POINT('',(46.0075,-30.96,9.));
#6339 = DIRECTION('',(1.,0.,-0.));
#6340 = DIRECTION('',(0.,-1.,0.));
#6341 = ADVANCED_FACE('',(#6342),#6367,.T.);
#6342 = FACE_BOUND('',#6343,.T.);
#6343 = EDGE_LOOP('',(#6344,#6354,#6360,#6361));
#6344 = ORIENTED_EDGE('',*,*,#6345,.T.);
#6345 = EDGE_CURVE('',#6346,#6348,#6350,.T.);
#6346 = VERTEX_POINT('',#6347);
#6347 = CARTESIAN_POINT('',(43.1246875,-30.96,9.));
#6348 = VERTEX_POINT('',#6349);
#6349 = CARTESIAN_POINT('',(43.1246875,-30.96,10.));
#6350 = LINE('',#6351,#6352);
#6351 = CARTESIAN_POINT('',(43.1246875,-30.96,9.));
#6352 = VECTOR('',#6353,1.);
#6353 = DIRECTION('',(0.,0.,1.));
#6354 = ORIENTED_EDGE('',*,*,#6355,.T.);
#6355 = EDGE_CURVE('',#6348,#6317,#6356,.T.);
#6356 = LINE('',#6357,#6358);
#6357 = CARTESIAN_POINT('',(43.1246875,-30.96,10.));
#6358 = VECTOR('',#6359,1.);
#6359 = DIRECTION('',(1.,0.,0.));
#6360 = ORIENTED_EDGE('',*,*,#6314,.F.);
#6361 = ORIENTED_EDGE('',*,*,#6362,.F.);
#6362 = EDGE_CURVE('',#6346,#6315,#6363,.T.);
#6363 = LINE('',#6364,#6365);
#6364 = CARTESIAN_POINT('',(43.1246875,-30.96,9.));
#6365 = VECTOR('',#6366,1.);
#6366 = DIRECTION('',(1.,0.,0.));
#6367 = PLANE('',#6368);
#6368 = AXIS2_PLACEMENT_3D('',#6369,#6370,#6371);
#6369 = CARTESIAN_POINT('',(43.1246875,-30.96,9.));
#6370 = DIRECTION('',(0.,1.,0.));
#6371 = DIRECTION('',(1.,0.,0.));
#6372 = ADVANCED_FACE('',(#6373),#6398,.T.);
#6373 = FACE_BOUND('',#6374,.T.);
#6374 = EDGE_LOOP('',(#6375,#6385,#6391,#6392));
#6375 = ORIENTED_EDGE('',*,*,#6376,.T.);
#6376 = EDGE_CURVE('',#6377,#6379,#6381,.T.);
#6377 = VERTEX_POINT('',#6378);
#6378 = CARTESIAN_POINT('',(43.1246875,-29.64,9.));
#6379 = VERTEX_POINT('',#6380);
#6380 = CARTESIAN_POINT('',(43.1246875,-29.64,10.));
#6381 = LINE('',#6382,#6383);
#6382 = CARTESIAN_POINT('',(43.1246875,-29.64,9.));
#6383 = VECTOR('',#6384,1.);
#6384 = DIRECTION('',(0.,0.,1.));
#6385 = ORIENTED_EDGE('',*,*,#6386,.T.);
#6386 = EDGE_CURVE('',#6379,#6348,#6387,.T.);
#6387 = LINE('',#6388,#6389);
#6388 = CARTESIAN_POINT('',(43.1246875,-29.64,10.));
#6389 = VECTOR('',#6390,1.);
#6390 = DIRECTION('',(0.,-1.,0.));
#6391 = ORIENTED_EDGE('',*,*,#6345,.F.);
#6392 = ORIENTED_EDGE('',*,*,#6393,.F.);
#6393 = EDGE_CURVE('',#6377,#6346,#6394,.T.);
#6394 = LINE('',#6395,#6396);
#6395 = CARTESIAN_POINT('',(43.1246875,-29.64,9.));
#6396 = VECTOR('',#6397,1.);
#6397 = DIRECTION('',(0.,-1.,0.));
#6398 = PLANE('',#6399);
#6399 = AXIS2_PLACEMENT_3D('',#6400,#6401,#6402);
#6400 = CARTESIAN_POINT('',(43.1246875,-29.64,9.));
#6401 = DIRECTION('',(1.,0.,-0.));
#6402 = DIRECTION('',(0.,-1.,0.));
#6403 = ADVANCED_FACE('',(#6404),#6429,.T.);
#6404 = FACE_BOUND('',#6405,.T.);
#6405 = EDGE_LOOP('',(#6406,#6416,#6422,#6423));
#6406 = ORIENTED_EDGE('',*,*,#6407,.T.);
#6407 = EDGE_CURVE('',#6408,#6410,#6412,.T.);
#6408 = VERTEX_POINT('',#6409);
#6409 = CARTESIAN_POINT('',(46.1903125,-29.64,9.));
#6410 = VERTEX_POINT('',#6411);
#6411 = CARTESIAN_POINT('',(46.1903125,-29.64,10.));
#6412 = LINE('',#6413,#6414);
#6413 = CARTESIAN_POINT('',(46.1903125,-29.64,9.));
#6414 = VECTOR('',#6415,1.);
#6415 = DIRECTION('',(0.,0.,1.));
#6416 = ORIENTED_EDGE('',*,*,#6417,.T.);
#6417 = EDGE_CURVE('',#6410,#6379,#6418,.T.);
#6418 = LINE('',#6419,#6420);
#6419 = CARTESIAN_POINT('',(46.1903125,-29.64,10.));
#6420 = VECTOR('',#6421,1.);
#6421 = DIRECTION('',(-1.,0.,0.));
#6422 = ORIENTED_EDGE('',*,*,#6376,.F.);
#6423 = ORIENTED_EDGE('',*,*,#6424,.F.);
#6424 = EDGE_CURVE('',#6408,#6377,#6425,.T.);
#6425 = LINE('',#6426,#6427);
#6426 = CARTESIAN_POINT('',(46.1903125,-29.64,9.));
#6427 = VECTOR('',#6428,1.);
#6428 = DIRECTION('',(-1.,0.,0.));
#6429 = PLANE('',#6430);
#6430 = AXIS2_PLACEMENT_3D('',#6431,#6432,#6433);
#6431 = CARTESIAN_POINT('',(46.1903125,-29.64,9.));
#6432 = DIRECTION('',(0.,-1.,0.));
#6433 = DIRECTION('',(-1.,0.,0.));
#6434 = ADVANCED_FACE('',(#6435),#6451,.T.);
#6435 = FACE_BOUND('',#6436,.T.);
#6436 = EDGE_LOOP('',(#6437,#6438,#6444,#6445));
#6437 = ORIENTED_EDGE('',*,*,#6106,.T.);
#6438 = ORIENTED_EDGE('',*,*,#6439,.T.);
#6439 = EDGE_CURVE('',#6099,#6410,#6440,.T.);
#6440 = LINE('',#6441,#6442);
#6441 = CARTESIAN_POINT('',(46.1903125,-28.28,10.));
#6442 = VECTOR('',#6443,1.);
#6443 = DIRECTION('',(0.,-1.,0.));
#6444 = ORIENTED_EDGE('',*,*,#6407,.F.);
#6445 = ORIENTED_EDGE('',*,*,#6446,.F.);
#6446 = EDGE_CURVE('',#6107,#6408,#6447,.T.);
#6447 = LINE('',#6448,#6449);
#6448 = CARTESIAN_POINT('',(46.1903125,-28.28,9.));
#6449 = VECTOR('',#6450,1.);
#6450 = DIRECTION('',(0.,-1.,0.));
#6451 = PLANE('',#6452);
#6452 = AXIS2_PLACEMENT_3D('',#6453,#6454,#6455);
#6453 = CARTESIAN_POINT('',(46.1903125,-28.28,9.));
#6454 = DIRECTION('',(1.,0.,-0.));
#6455 = DIRECTION('',(0.,-1.,0.));
#6456 = ADVANCED_FACE('',(#6457),#6471,.F.);
#6457 = FACE_BOUND('',#6458,.F.);
#6458 = EDGE_LOOP('',(#6459,#6460,#6461,#6462,#6463,#6464,#6465,#6466,
    #6467,#6468,#6469,#6470));
#6459 = ORIENTED_EDGE('',*,*,#6114,.F.);
#6460 = ORIENTED_EDGE('',*,*,#6145,.F.);
#6461 = ORIENTED_EDGE('',*,*,#6176,.F.);
#6462 = ORIENTED_EDGE('',*,*,#6207,.F.);
#6463 = ORIENTED_EDGE('',*,*,#6238,.F.);
#6464 = ORIENTED_EDGE('',*,*,#6269,.F.);
#6465 = ORIENTED_EDGE('',*,*,#6300,.F.);
#6466 = ORIENTED_EDGE('',*,*,#6331,.F.);
#6467 = ORIENTED_EDGE('',*,*,#6362,.F.);
#6468 = ORIENTED_EDGE('',*,*,#6393,.F.);
#6469 = ORIENTED_EDGE('',*,*,#6424,.F.);
#6470 = ORIENTED_EDGE('',*,*,#6446,.F.);
#6471 = PLANE('',#6472);
#6472 = AXIS2_PLACEMENT_3D('',#6473,#6474,#6475);
#6473 = CARTESIAN_POINT('',(43.801494659983,-31.7737070619,9.));
#6474 = DIRECTION('',(0.,0.,1.));
#6475 = DIRECTION('',(1.,0.,0.));
#6476 = ADVANCED_FACE('',(#6477),#6491,.T.);
#6477 = FACE_BOUND('',#6478,.T.);
#6478 = EDGE_LOOP('',(#6479,#6480,#6481,#6482,#6483,#6484,#6485,#6486,
    #6487,#6488,#6489,#6490));
#6479 = ORIENTED_EDGE('',*,*,#6098,.F.);
#6480 = ORIENTED_EDGE('',*,*,#6138,.F.);
#6481 = ORIENTED_EDGE('',*,*,#6169,.F.);
#6482 = ORIENTED_EDGE('',*,*,#6200,.F.);
#6483 = ORIENTED_EDGE('',*,*,#6231,.F.);
#6484 = ORIENTED_EDGE('',*,*,#6262,.F.);
#6485 = ORIENTED_EDGE('',*,*,#6293,.F.);
#6486 = ORIENTED_EDGE('',*,*,#6324,.F.);
#6487 = ORIENTED_EDGE('',*,*,#6355,.F.);
#6488 = ORIENTED_EDGE('',*,*,#6386,.F.);
#6489 = ORIENTED_EDGE('',*,*,#6417,.F.);
#6490 = ORIENTED_EDGE('',*,*,#6439,.F.);
#6491 = PLANE('',#6492);
#6492 = AXIS2_PLACEMENT_3D('',#6493,#6494,#6495);
#6493 = CARTESIAN_POINT('',(43.801494659983,-31.7737070619,10.));
#6494 = DIRECTION('',(0.,0.,1.));
#6495 = DIRECTION('',(1.,0.,0.));
#6496 = ( GEOMETRIC_REPRESENTATION_CONTEXT(3) 
GLOBAL_UNCERTAINTY_ASSIGNED_CONTEXT((#6500)) 
GLOBAL_UNIT_ASSIGNED_CONTEXT((#6497,#6498,#6499)) REPRESENTATION_CONTEXT
('Context #1','3D Context with UNIT and UNCERTAINTY') );
#6497 = ( LENGTH_UNIT() NAMED_UNIT(*) SI_UNIT(.MILLI.,.METRE.) );
#6498 = ( NAMED_UNIT(*) PLANE_ANGLE_UNIT() SI_UNIT($,.RADIAN.) );
#6499 = ( NAMED_UNIT(*) SI_UNIT($,.STERADIAN.) SOLID_ANGLE_UNIT() );
#6500 = UNCERTAINTY_MEASURE_WITH_UNIT(LENGTH_MEASURE(1.E-07),#6497,
  'distance_accuracy_value','confusion accuracy');
#6501 = CONTEXT_DEPENDENT_SHAPE_REPRESENTATION(#6502,#6504);
#6502 = ( REPRESENTATION_RELATIONSHIP('','',#1837,#10) 
REPRESENTATION_RELATIONSHIP_WITH_TRANSFORMATION(#6503) 
SHAPE_REPRESENTATION_RELATIONSHIP() );
#6503 = ITEM_DEFINED_TRANSFORMATION('','',#11,#27);
#6504 = PRODUCT_DEFINITION_SHAPE('Placement','Placement of an item',
  #6505);
#6505 = NEXT_ASSEMBLY_USAGE_OCCURRENCE('31','Extrude','',#5,#1832,$);
#6506 = PRODUCT_RELATED_PRODUCT_CATEGORY('part',$,(#1834));
#6507 = SHAPE_DEFINITION_REPRESENTATION(#6508,#6514);
#6508 = PRODUCT_DEFINITION_SHAPE('','',#6509);
#6509 = PRODUCT_DEFINITION('design','',#6510,#6513);
#6510 = PRODUCT_DEFINITION_FORMATION('','',#6511);
#6511 = PRODUCT('Cut','Cut','',(#6512));
#6512 = PRODUCT_CONTEXT('',#2,'mechanical');
#6513 = PRODUCT_DEFINITION_CONTEXT('part definition',#2,'design');
#6514 = SHAPE_REPRESENTATION('',(#11,#6515,#9744,#9861),#10118);
#6515 = MANIFOLD_SOLID_BREP('',#6516);
#6516 = CLOSED_SHELL('',(#6517,#6557,#6588,#6619,#7378,#8137,#8149,#8171
    ,#8188,#8205,#8222,#8239,#8256,#8273,#8290,#8307,#8324,#8341,#8358,
    #8370,#8392,#8409,#8426,#8443,#8460,#8477,#8494,#8506,#8530,#8549,
    #8568,#8587,#8604,#8621,#8638,#8655,#8672,#8691,#8710,#8727,#8744,
    #8761,#8780,#8794,#8816,#8833,#8850,#8867,#8884,#8901,#8918,#8935,
    #8952,#8964,#8986,#9003,#9020,#9037,#9054,#9071,#9088,#9105,#9122,
    #9139,#9156,#9168,#9190,#9207,#9224,#9241,#9258,#9275,#9292,#9309,
    #9326,#9338,#9362,#9381,#9400,#9419,#9438,#9457,#9476,#9495,#9512,
    #9531,#9550,#9569,#9588,#9607,#9626,#9645,#9664,#9681,#9698,#9715,
    #9732));
#6517 = ADVANCED_FACE('',(#6518),#6552,.F.);
#6518 = FACE_BOUND('',#6519,.F.);
#6519 = EDGE_LOOP('',(#6520,#6530,#6538,#6546));
#6520 = ORIENTED_EDGE('',*,*,#6521,.T.);
#6521 = EDGE_CURVE('',#6522,#6524,#6526,.T.);
#6522 = VERTEX_POINT('',#6523);
#6523 = CARTESIAN_POINT('',(-27.,39.53,9.));
#6524 = VERTEX_POINT('',#6525);
#6525 = CARTESIAN_POINT('',(-27.,39.53,10.));
#6526 = LINE('',#6527,#6528);
#6527 = CARTESIAN_POINT('',(-27.,39.53,9.));
#6528 = VECTOR('',#6529,1.);
#6529 = DIRECTION('',(0.,0.,1.));
#6530 = ORIENTED_EDGE('',*,*,#6531,.T.);
#6531 = EDGE_CURVE('',#6524,#6532,#6534,.T.);
#6532 = VERTEX_POINT('',#6533);
#6533 = CARTESIAN_POINT('',(-27.,26.,10.));
#6534 = LINE('',#6535,#6536);
#6535 = CARTESIAN_POINT('',(-27.,39.53,10.));
#6536 = VECTOR('',#6537,1.);
#6537 = DIRECTION('',(0.,-1.,0.));
#6538 = ORIENTED_EDGE('',*,*,#6539,.F.);
#6539 = EDGE_CURVE('',#6540,#6532,#6542,.T.);
#6540 = VERTEX_POINT('',#6541);
#6541 = CARTESIAN_POINT('',(-27.,26.,9.));
#6542 = LINE('',#6543,#6544);
#6543 = CARTESIAN_POINT('',(-27.,26.,9.));
#6544 = VECTOR('',#6545,1.);
#6545 = DIRECTION('',(0.,0.,1.));
#6546 = ORIENTED_EDGE('',*,*,#6547,.F.);
#6547 = EDGE_CURVE('',#6522,#6540,#6548,.T.);
#6548 = LINE('',#6549,#6550);
#6549 = CARTESIAN_POINT('',(-27.,39.53,9.));
#6550 = VECTOR('',#6551,1.);
#6551 = DIRECTION('',(0.,-1.,0.));
#6552 = PLANE('',#6553);
#6553 = AXIS2_PLACEMENT_3D('',#6554,#6555,#6556);
#6554 = CARTESIAN_POINT('',(-27.,39.53,9.));
#6555 = DIRECTION('',(1.,0.,0.));
#6556 = DIRECTION('',(0.,-1.,0.));
#6557 = ADVANCED_FACE('',(#6558),#6583,.F.);
#6558 = FACE_BOUND('',#6559,.F.);
#6559 = EDGE_LOOP('',(#6560,#6570,#6576,#6577));
#6560 = ORIENTED_EDGE('',*,*,#6561,.T.);
#6561 = EDGE_CURVE('',#6562,#6564,#6566,.T.);
#6562 = VERTEX_POINT('',#6563);
#6563 = CARTESIAN_POINT('',(27.,39.53,9.));
#6564 = VERTEX_POINT('',#6565);
#6565 = CARTESIAN_POINT('',(27.,39.53,10.));
#6566 = LINE('',#6567,#6568);
#6567 = CARTESIAN_POINT('',(27.,39.53,9.));
#6568 = VECTOR('',#6569,1.);
#6569 = DIRECTION('',(0.,0.,1.));
#6570 = ORIENTED_EDGE('',*,*,#6571,.T.);
#6571 = EDGE_CURVE('',#6564,#6524,#6572,.T.);
#6572 = LINE('',#6573,#6574);
#6573 = CARTESIAN_POINT('',(27.,39.53,10.));
#6574 = VECTOR('',#6575,1.);
#6575 = DIRECTION('',(-1.,0.,0.));
#6576 = ORIENTED_EDGE('',*,*,#6521,.F.);
#6577 = ORIENTED_EDGE('',*,*,#6578,.F.);
#6578 = EDGE_CURVE('',#6562,#6522,#6579,.T.);
#6579 = LINE('',#6580,#6581);
#6580 = CARTESIAN_POINT('',(27.,39.53,9.));
#6581 = VECTOR('',#6582,1.);
#6582 = DIRECTION('',(-1.,0.,0.));
#6583 = PLANE('',#6584);
#6584 = AXIS2_PLACEMENT_3D('',#6585,#6586,#6587);
#6585 = CARTESIAN_POINT('',(27.,39.53,9.));
#6586 = DIRECTION('',(0.,-1.,0.));
#6587 = DIRECTION('',(-1.,0.,0.));
#6588 = ADVANCED_FACE('',(#6589),#6614,.F.);
#6589 = FACE_BOUND('',#6590,.F.);
#6590 = EDGE_LOOP('',(#6591,#6592,#6600,#6608));
#6591 = ORIENTED_EDGE('',*,*,#6539,.T.);
#6592 = ORIENTED_EDGE('',*,*,#6593,.T.);
#6593 = EDGE_CURVE('',#6532,#6594,#6596,.T.);
#6594 = VERTEX_POINT('',#6595);
#6595 = CARTESIAN_POINT('',(27.,26.,10.));
#6596 = LINE('',#6597,#6598);
#6597 = CARTESIAN_POINT('',(-27.,26.,10.));
#6598 = VECTOR('',#6599,1.);
#6599 = DIRECTION('',(1.,0.,0.));
#6600 = ORIENTED_EDGE('',*,*,#6601,.F.);
#6601 = EDGE_CURVE('',#6602,#6594,#6604,.T.);
#6602 = VERTEX_POINT('',#6603);
#6603 = CARTESIAN_POINT('',(27.,26.,9.));
#6604 = LINE('',#6605,#6606);
#6605 = CARTESIAN_POINT('',(27.,26.,9.));
#6606 = VECTOR('',#6607,1.);
#6607 = DIRECTION('',(0.,0.,1.));
#6608 = ORIENTED_EDGE('',*,*,#6609,.F.);
#6609 = EDGE_CURVE('',#6540,#6602,#6610,.T.);
#6610 = LINE('',#6611,#6612);
#6611 = CARTESIAN_POINT('',(-27.,26.,9.));
#6612 = VECTOR('',#6613,1.);
#6613 = DIRECTION('',(1.,0.,0.));
#6614 = PLANE('',#6615);
#6615 = AXIS2_PLACEMENT_3D('',#6616,#6617,#6618);
#6616 = CARTESIAN_POINT('',(-27.,26.,9.));
#6617 = DIRECTION('',(0.,1.,0.));
#6618 = DIRECTION('',(1.,0.,0.));
#6619 = ADVANCED_FACE('',(#6620,#6631,#6737,#6803,#6933,#7015,#7113,
    #7195),#7373,.F.);
#6620 = FACE_BOUND('',#6621,.F.);
#6621 = EDGE_LOOP('',(#6622,#6623,#6624,#6630));
#6622 = ORIENTED_EDGE('',*,*,#6547,.T.);
#6623 = ORIENTED_EDGE('',*,*,#6609,.T.);
#6624 = ORIENTED_EDGE('',*,*,#6625,.T.);
#6625 = EDGE_CURVE('',#6602,#6562,#6626,.T.);
#6626 = LINE('',#6627,#6628);
#6627 = CARTESIAN_POINT('',(27.,26.,9.));
#6628 = VECTOR('',#6629,1.);
#6629 = DIRECTION('',(0.,1.,0.));
#6630 = ORIENTED_EDGE('',*,*,#6578,.T.);
#6631 = FACE_BOUND('',#6632,.F.);
#6632 = EDGE_LOOP('',(#6633,#6643,#6651,#6659,#6667,#6675,#6683,#6691,
    #6699,#6707,#6715,#6723,#6731));
#6633 = ORIENTED_EDGE('',*,*,#6634,.T.);
#6634 = EDGE_CURVE('',#6635,#6637,#6639,.T.);
#6635 = VERTEX_POINT('',#6636);
#6636 = CARTESIAN_POINT('',(-21.86428571428,28.75,9.));
#6637 = VERTEX_POINT('',#6638);
#6638 = CARTESIAN_POINT('',(-22.85,36.75,9.));
#6639 = LINE('',#6640,#6641);
#6640 = CARTESIAN_POINT('',(-21.86428571428,28.75,9.));
#6641 = VECTOR('',#6642,1.);
#6642 = DIRECTION('',(-0.122289497557,0.992494472925,0.));
#6643 = ORIENTED_EDGE('',*,*,#6644,.T.);
#6644 = EDGE_CURVE('',#6637,#6645,#6647,.T.);
#6645 = VERTEX_POINT('',#6646);
#6646 = CARTESIAN_POINT('',(-21.46785714285,36.75,9.));
#6647 = LINE('',#6648,#6649);
#6648 = CARTESIAN_POINT('',(-22.85,36.75,9.));
#6649 = VECTOR('',#6650,1.);
#6650 = DIRECTION('',(1.,0.,0.));
#6651 = ORIENTED_EDGE('',*,*,#6652,.T.);
#6652 = EDGE_CURVE('',#6645,#6653,#6655,.T.);
#6653 = VERTEX_POINT('',#6654);
#6654 = CARTESIAN_POINT('',(-20.89464285714,30.875,9.));
#6655 = LINE('',#6656,#6657);
#6656 = CARTESIAN_POINT('',(-21.46785714285,36.75,9.));
#6657 = VECTOR('',#6658,1.);
#6658 = DIRECTION('',(9.710727312762E-02,-0.995273920841,0.));
#6659 = ORIENTED_EDGE('',*,*,#6660,.T.);
#6660 = EDGE_CURVE('',#6653,#6661,#6663,.T.);
#6661 = VERTEX_POINT('',#6662);
#6662 = CARTESIAN_POINT('',(-20.20357142857,34.67,9.));
#6663 = LINE('',#6664,#6665);
#6664 = CARTESIAN_POINT('',(-20.89464285714,30.875,9.));
#6665 = VECTOR('',#6666,1.);
#6666 = DIRECTION('',(0.179154301852,0.983820987847,0.));
#6667 = ORIENTED_EDGE('',*,*,#6668,.T.);
#6668 = EDGE_CURVE('',#6661,#6669,#6671,.T.);
#6669 = VERTEX_POINT('',#6670);
#6670 = CARTESIAN_POINT('',(-18.89107142857,34.67,9.));
#6671 = LINE('',#6672,#6673);
#6672 = CARTESIAN_POINT('',(-20.20357142857,34.67,9.));
#6673 = VECTOR('',#6674,1.);
#6674 = DIRECTION('',(1.,0.,0.));
#6675 = ORIENTED_EDGE('',*,*,#6676,.T.);
#6676 = EDGE_CURVE('',#6669,#6677,#6679,.T.);
#6677 = VERTEX_POINT('',#6678);
#6678 = CARTESIAN_POINT('',(-18.0875,30.875,9.));
#6679 = LINE('',#6680,#6681);
#6680 = CARTESIAN_POINT('',(-18.89107142857,34.67,9.));
#6681 = VECTOR('',#6682,1.);
#6682 = DIRECTION('',(0.207151782016,-0.978308815869,0.));
#6683 = ORIENTED_EDGE('',*,*,#6684,.T.);
#6684 = EDGE_CURVE('',#6677,#6685,#6687,.T.);
#6685 = VERTEX_POINT('',#6686);
#6686 = CARTESIAN_POINT('',(-17.6375,36.75,9.));
#6687 = LINE('',#6688,#6689);
#6688 = CARTESIAN_POINT('',(-18.0875,30.875,9.));
#6689 = VECTOR('',#6690,1.);
#6690 = DIRECTION('',(7.637203845135E-02,0.997079390893,0.));
#6691 = ORIENTED_EDGE('',*,*,#6692,.T.);
#6692 = EDGE_CURVE('',#6685,#6693,#6695,.T.);
#6693 = VERTEX_POINT('',#6694);
#6694 = CARTESIAN_POINT('',(-16.24464285714,36.75,9.));
#6695 = LINE('',#6696,#6697);
#6696 = CARTESIAN_POINT('',(-17.6375,36.75,9.));
#6697 = VECTOR('',#6698,1.);
#6698 = DIRECTION('',(1.,0.,0.));
#6699 = ORIENTED_EDGE('',*,*,#6700,.T.);
#6700 = EDGE_CURVE('',#6693,#6701,#6703,.T.);
#6701 = VERTEX_POINT('',#6702);
#6702 = CARTESIAN_POINT('',(-17.16607142857,28.75,9.));
#6703 = LINE('',#6704,#6705);
#6704 = CARTESIAN_POINT('',(-16.24464285714,36.75,9.));
#6705 = VECTOR('',#6706,1.);
#6706 = DIRECTION('',(-0.114422104277,-0.99343222318,0.));
#6707 = ORIENTED_EDGE('',*,*,#6708,.T.);
#6708 = EDGE_CURVE('',#6701,#6709,#6711,.T.);
#6709 = VERTEX_POINT('',#6710);
#6710 = CARTESIAN_POINT('',(-18.63928571428,28.75,9.));
#6711 = LINE('',#6712,#6713);
#6712 = CARTESIAN_POINT('',(-17.16607142857,28.75,9.));
#6713 = VECTOR('',#6714,1.);
#6714 = DIRECTION('',(-1.,0.,0.));
#6715 = ORIENTED_EDGE('',*,*,#6716,.T.);
#6716 = EDGE_CURVE('',#6709,#6717,#6719,.T.);
#6717 = VERTEX_POINT('',#6718);
#6718 = CARTESIAN_POINT('',(-19.55,32.946428571429,9.));
#6719 = LINE('',#6720,#6721);
#6720 = CARTESIAN_POINT('',(-18.63928571428,28.75,9.));
#6721 = VECTOR('',#6722,1.);
#6722 = DIRECTION('',(-0.212084339089,0.977251366391,0.));
#6723 = ORIENTED_EDGE('',*,*,#6724,.T.);
#6724 = EDGE_CURVE('',#6717,#6725,#6727,.T.);
#6725 = VERTEX_POINT('',#6726);
#6726 = CARTESIAN_POINT('',(-20.40178571428,28.75,9.));
#6727 = LINE('',#6728,#6729);
#6728 = CARTESIAN_POINT('',(-19.55,32.946428571429,9.));
#6729 = VECTOR('',#6730,1.);
#6730 = DIRECTION('',(-0.198922249381,-0.980015274729,0.));
#6731 = ORIENTED_EDGE('',*,*,#6732,.T.);
#6732 = EDGE_CURVE('',#6725,#6635,#6733,.T.);
#6733 = LINE('',#6734,#6735);
#6734 = CARTESIAN_POINT('',(-20.40178571428,28.75,9.));
#6735 = VECTOR('',#6736,1.);
#6736 = DIRECTION('',(-1.,0.,0.));
#6737 = FACE_BOUND('',#6738,.F.);
#6738 = EDGE_LOOP('',(#6739,#6749,#6757,#6765,#6773,#6781,#6789,#6797));
#6739 = ORIENTED_EDGE('',*,*,#6740,.T.);
#6740 = EDGE_CURVE('',#6741,#6743,#6745,.T.);
#6741 = VERTEX_POINT('',#6742);
#6742 = CARTESIAN_POINT('',(-16.0675,28.75,9.));
#6743 = VERTEX_POINT('',#6744);
#6744 = CARTESIAN_POINT('',(-13.90857142857,36.75,9.));
#6745 = LINE('',#6746,#6747);
#6746 = CARTESIAN_POINT('',(-16.0675,28.75,9.));
#6747 = VECTOR('',#6748,1.);
#6748 = DIRECTION('',(0.260545333068,0.965461614678,0.));
#6749 = ORIENTED_EDGE('',*,*,#6750,.T.);
#6750 = EDGE_CURVE('',#6743,#6751,#6753,.T.);
#6751 = VERTEX_POINT('',#6752);
#6752 = CARTESIAN_POINT('',(-11.97464285714,36.75,9.));
#6753 = LINE('',#6754,#6755);
#6754 = CARTESIAN_POINT('',(-13.90857142857,36.75,9.));
#6755 = VECTOR('',#6756,1.);
#6756 = DIRECTION('',(1.,0.,0.));
#6757 = ORIENTED_EDGE('',*,*,#6758,.T.);
#6758 = EDGE_CURVE('',#6751,#6759,#6761,.T.);
#6759 = VERTEX_POINT('',#6760);
#6760 = CARTESIAN_POINT('',(-9.815714285714,28.75,9.));
#6761 = LINE('',#6762,#6763);
#6762 = CARTESIAN_POINT('',(-11.97464285714,36.75,9.));
#6763 = VECTOR('',#6764,1.);
#6764 = DIRECTION('',(0.260545333068,-0.965461614678,0.));
#6765 = ORIENTED_EDGE('',*,*,#6766,.T.);
#6766 = EDGE_CURVE('',#6759,#6767,#6769,.T.);
#6767 = VERTEX_POINT('',#6768);
#6768 = CARTESIAN_POINT('',(-11.39607142857,28.75,9.));
#6769 = LINE('',#6770,#6771);
#6770 = CARTESIAN_POINT('',(-9.815714285714,28.75,9.));
#6771 = VECTOR('',#6772,1.);
#6772 = DIRECTION('',(-1.,0.,0.));
#6773 = ORIENTED_EDGE('',*,*,#6774,.T.);
#6774 = EDGE_CURVE('',#6767,#6775,#6777,.T.);
#6775 = VERTEX_POINT('',#6776);
#6776 = CARTESIAN_POINT('',(-11.88892857142,30.715714285714,9.));
#6777 = LINE('',#6778,#6779);
#6778 = CARTESIAN_POINT('',(-11.39607142857,28.75,9.));
#6779 = VECTOR('',#6780,1.);
#6780 = DIRECTION('',(-0.243199026877,0.969976408644,0.));
#6781 = ORIENTED_EDGE('',*,*,#6782,.T.);
#6782 = EDGE_CURVE('',#6775,#6783,#6785,.T.);
#6783 = VERTEX_POINT('',#6784);
#6784 = CARTESIAN_POINT('',(-14.005,30.715714285714,9.));
#6785 = LINE('',#6786,#6787);
#6786 = CARTESIAN_POINT('',(-11.88892857142,30.715714285714,9.));
#6787 = VECTOR('',#6788,1.);
#6788 = DIRECTION('',(-1.,0.,0.));
#6789 = ORIENTED_EDGE('',*,*,#6790,.T.);
#6790 = EDGE_CURVE('',#6783,#6791,#6793,.T.);
#6791 = VERTEX_POINT('',#6792);
#6792 = CARTESIAN_POINT('',(-14.48714285714,28.75,9.));
#6793 = LINE('',#6794,#6795);
#6794 = CARTESIAN_POINT('',(-14.005,30.715714285714,9.));
#6795 = VECTOR('',#6796,1.);
#6796 = DIRECTION('',(-0.238215246964,-0.971212384658,0.));
#6797 = ORIENTED_EDGE('',*,*,#6798,.T.);
#6798 = EDGE_CURVE('',#6791,#6741,#6799,.T.);
#6799 = LINE('',#6800,#6801);
#6800 = CARTESIAN_POINT('',(-14.48714285714,28.75,9.));
#6801 = VECTOR('',#6802,1.);
#6802 = DIRECTION('',(-1.,0.,0.));
#6803 = FACE_BOUND('',#6804,.F.);
#6804 = EDGE_LOOP('',(#6805,#6815,#6823,#6831,#6839,#6847,#6855,#6863,
    #6871,#6879,#6887,#6895,#6903,#6911,#6919,#6927));
#6805 = ORIENTED_EDGE('',*,*,#6806,.T.);
#6806 = EDGE_CURVE('',#6807,#6809,#6811,.T.);
#6807 = VERTEX_POINT('',#6808);
#6808 = CARTESIAN_POINT('',(-4.158214285714,33.104285714286,9.));
#6809 = VERTEX_POINT('',#6810);
#6810 = CARTESIAN_POINT('',(-5.315357142857,32.518928571429,9.));
#6811 = B_SPLINE_CURVE_WITH_KNOTS('',2,(#6812,#6813,#6814),
  .UNSPECIFIED.,.F.,.F.,(3,3),(0.,1.),.PIECEWISE_BEZIER_KNOTS.);
#6812 = CARTESIAN_POINT('',(-4.158214285714,33.104285714286,9.));
#6813 = CARTESIAN_POINT('',(-4.56,32.615714285714,9.));
#6814 = CARTESIAN_POINT('',(-5.315357142857,32.518928571429,9.));
#6815 = ORIENTED_EDGE('',*,*,#6816,.T.);
#6816 = EDGE_CURVE('',#6809,#6817,#6819,.T.);
#6817 = VERTEX_POINT('',#6818);
#6818 = CARTESIAN_POINT('',(-4.905714285714,32.297142857143,9.));
#6819 = B_SPLINE_CURVE_WITH_KNOTS('',2,(#6820,#6821,#6822),
  .UNSPECIFIED.,.F.,.F.,(3,3),(0.,1.),.PIECEWISE_BEZIER_KNOTS.);
#6820 = CARTESIAN_POINT('',(-5.315357142857,32.518928571429,9.));
#6821 = CARTESIAN_POINT('',(-5.079642857143,32.470714285714,9.));
#6822 = CARTESIAN_POINT('',(-4.905714285714,32.297142857143,9.));
#6823 = ORIENTED_EDGE('',*,*,#6824,.T.);
#6824 = EDGE_CURVE('',#6817,#6825,#6827,.T.);
#6825 = VERTEX_POINT('',#6826);
#6826 = CARTESIAN_POINT('',(-4.479642857143,31.621071428571,9.));
#6827 = B_SPLINE_CURVE_WITH_KNOTS('',2,(#6828,#6829,#6830),
  .UNSPECIFIED.,.F.,.F.,(3,3),(0.,1.),.PIECEWISE_BEZIER_KNOTS.);
#6828 = CARTESIAN_POINT('',(-4.905714285714,32.297142857143,9.));
#6829 = CARTESIAN_POINT('',(-4.731428571429,32.123571428571,9.));
#6830 = CARTESIAN_POINT('',(-4.479642857143,31.621071428571,9.));
#6831 = ORIENTED_EDGE('',*,*,#6832,.T.);
#6832 = EDGE_CURVE('',#6825,#6833,#6835,.T.);
#6833 = VERTEX_POINT('',#6834);
#6834 = CARTESIAN_POINT('',(-3.033214285714,28.75,9.));
#6835 = LINE('',#6836,#6837);
#6836 = CARTESIAN_POINT('',(-4.479642857143,31.621071428571,9.));
#6837 = VECTOR('',#6838,1.);
#6838 = DIRECTION('',(0.449922184078,-0.89306776242,0.));
#6839 = ORIENTED_EDGE('',*,*,#6840,.T.);
#6840 = EDGE_CURVE('',#6833,#6841,#6843,.T.);
#6841 = VERTEX_POINT('',#6842);
#6842 = CARTESIAN_POINT('',(-4.768928571429,28.75,9.));
#6843 = LINE('',#6844,#6845);
#6844 = CARTESIAN_POINT('',(-3.033214285714,28.75,9.));
#6845 = VECTOR('',#6846,1.);
#6846 = DIRECTION('',(-1.,0.,0.));
#6847 = ORIENTED_EDGE('',*,*,#6848,.T.);
#6848 = EDGE_CURVE('',#6841,#6849,#6851,.T.);
#6849 = VERTEX_POINT('',#6850);
#6850 = CARTESIAN_POINT('',(-5.733214285714,30.765357142857,9.));
#6851 = LINE('',#6852,#6853);
#6852 = CARTESIAN_POINT('',(-4.768928571429,28.75,9.));
#6853 = VECTOR('',#6854,1.);
#6854 = DIRECTION('',(-0.431608214028,0.902061167318,0.));
#6855 = ORIENTED_EDGE('',*,*,#6856,.T.);
#6856 = EDGE_CURVE('',#6849,#6857,#6859,.T.);
#6857 = VERTEX_POINT('',#6858);
#6858 = CARTESIAN_POINT('',(-5.845714285714,31.000714285714,9.));
#6859 = B_SPLINE_CURVE_WITH_KNOTS('',2,(#6860,#6861,#6862),
  .UNSPECIFIED.,.F.,.F.,(3,3),(0.,1.),.PIECEWISE_BEZIER_KNOTS.);
#6860 = CARTESIAN_POINT('',(-5.733214285714,30.765357142857,9.));
#6861 = CARTESIAN_POINT('',(-5.776071428571,30.851071428571,9.));
#6862 = CARTESIAN_POINT('',(-5.845714285714,31.000714285714,9.));
#6863 = ORIENTED_EDGE('',*,*,#6864,.T.);
#6864 = EDGE_CURVE('',#6857,#6865,#6867,.T.);
#6865 = VERTEX_POINT('',#6866);
#6866 = CARTESIAN_POINT('',(-6.842142857143,31.904285714286,9.));
#6867 = B_SPLINE_CURVE_WITH_KNOTS('',2,(#6868,#6869,#6870),
  .UNSPECIFIED.,.F.,.F.,(3,3),(0.,1.),.PIECEWISE_BEZIER_KNOTS.);
#6868 = CARTESIAN_POINT('',(-5.845714285714,31.000714285714,9.));
#6869 = CARTESIAN_POINT('',(-6.268928571429,31.904285714286,9.));
#6870 = CARTESIAN_POINT('',(-6.842142857143,31.904285714286,9.));
#6871 = ORIENTED_EDGE('',*,*,#6872,.T.);
#6872 = EDGE_CURVE('',#6865,#6873,#6875,.T.);
#6873 = VERTEX_POINT('',#6874);
#6874 = CARTESIAN_POINT('',(-7.345714285714,31.904285714286,9.));
#6875 = LINE('',#6876,#6877);
#6876 = CARTESIAN_POINT('',(-6.842142857143,31.904285714286,9.));
#6877 = VECTOR('',#6878,1.);
#6878 = DIRECTION('',(-1.,0.,0.));
#6879 = ORIENTED_EDGE('',*,*,#6880,.T.);
#6880 = EDGE_CURVE('',#6873,#6881,#6883,.T.);
#6881 = VERTEX_POINT('',#6882);
#6882 = CARTESIAN_POINT('',(-7.345714285714,28.75,9.));
#6883 = LINE('',#6884,#6885);
#6884 = CARTESIAN_POINT('',(-7.345714285714,31.904285714286,9.));
#6885 = VECTOR('',#6886,1.);
#6886 = DIRECTION('',(0.,-1.,0.));
#6887 = ORIENTED_EDGE('',*,*,#6888,.T.);
#6888 = EDGE_CURVE('',#6881,#6889,#6891,.T.);
#6889 = VERTEX_POINT('',#6890);
#6890 = CARTESIAN_POINT('',(-8.926071428571,28.75,9.));
#6891 = LINE('',#6892,#6893);
#6892 = CARTESIAN_POINT('',(-7.345714285714,28.75,9.));
#6893 = VECTOR('',#6894,1.);
#6894 = DIRECTION('',(-1.,0.,0.));
#6895 = ORIENTED_EDGE('',*,*,#6896,.T.);
#6896 = EDGE_CURVE('',#6889,#6897,#6899,.T.);
#6897 = VERTEX_POINT('',#6898);
#6898 = CARTESIAN_POINT('',(-8.926071428571,36.75,9.));
#6899 = LINE('',#6900,#6901);
#6900 = CARTESIAN_POINT('',(-8.926071428571,28.75,9.));
#6901 = VECTOR('',#6902,1.);
#6902 = DIRECTION('',(0.,1.,0.));
#6903 = ORIENTED_EDGE('',*,*,#6904,.T.);
#6904 = EDGE_CURVE('',#6897,#6905,#6907,.T.);
#6905 = VERTEX_POINT('',#6906);
#6906 = CARTESIAN_POINT('',(-6.643928571429,36.75,9.));
#6907 = LINE('',#6908,#6909);
#6908 = CARTESIAN_POINT('',(-8.926071428571,36.75,9.));
#6909 = VECTOR('',#6910,1.);
#6910 = DIRECTION('',(1.,0.,0.));
#6911 = ORIENTED_EDGE('',*,*,#6912,.T.);
#6912 = EDGE_CURVE('',#6905,#6913,#6915,.T.);
#6913 = VERTEX_POINT('',#6914);
#6914 = CARTESIAN_POINT('',(-4.428928571429,36.202142857143,9.));
#6915 = B_SPLINE_CURVE_WITH_KNOTS('',2,(#6916,#6917,#6918),
  .UNSPECIFIED.,.F.,.F.,(3,3),(0.,1.),.PIECEWISE_BEZIER_KNOTS.);
#6916 = CARTESIAN_POINT('',(-6.643928571429,36.75,9.));
#6917 = CARTESIAN_POINT('',(-5.101071428571,36.75,9.));
#6918 = CARTESIAN_POINT('',(-4.428928571429,36.202142857143,9.));
#6919 = ORIENTED_EDGE('',*,*,#6920,.T.);
#6920 = EDGE_CURVE('',#6913,#6921,#6923,.T.);
#6921 = VERTEX_POINT('',#6922);
#6922 = CARTESIAN_POINT('',(-3.756428571429,34.419642857143,9.));
#6923 = B_SPLINE_CURVE_WITH_KNOTS('',2,(#6924,#6925,#6926),
  .UNSPECIFIED.,.F.,.F.,(3,3),(0.,1.),.PIECEWISE_BEZIER_KNOTS.);
#6924 = CARTESIAN_POINT('',(-4.428928571429,36.202142857143,9.));
#6925 = CARTESIAN_POINT('',(-3.756428571429,35.654642857143,9.));
#6926 = CARTESIAN_POINT('',(-3.756428571429,34.419642857143,9.));
#6927 = ORIENTED_EDGE('',*,*,#6928,.T.);
#6928 = EDGE_CURVE('',#6921,#6807,#6929,.T.);
#6929 = B_SPLINE_CURVE_WITH_KNOTS('',2,(#6930,#6931,#6932),
  .UNSPECIFIED.,.F.,.F.,(3,3),(0.,1.),.PIECEWISE_BEZIER_KNOTS.);
#6930 = CARTESIAN_POINT('',(-3.756428571429,34.419642857143,9.));
#6931 = CARTESIAN_POINT('',(-3.756428571429,33.592857142857,9.));
#6932 = CARTESIAN_POINT('',(-4.158214285714,33.104285714286,9.));
#6933 = FACE_BOUND('',#6934,.F.);
#6934 = EDGE_LOOP('',(#6935,#6945,#6953,#6961,#6969,#6977,#6985,#6993,
    #7001,#7009));
#6935 = ORIENTED_EDGE('',*,*,#6936,.T.);
#6936 = EDGE_CURVE('',#6937,#6939,#6941,.T.);
#6937 = VERTEX_POINT('',#6938);
#6938 = CARTESIAN_POINT('',(-2.395357142857,28.75,9.));
#6939 = VERTEX_POINT('',#6940);
#6940 = CARTESIAN_POINT('',(-2.395357142857,36.75,9.));
#6941 = LINE('',#6942,#6943);
#6942 = CARTESIAN_POINT('',(-2.395357142857,28.75,9.));
#6943 = VECTOR('',#6944,1.);
#6944 = DIRECTION('',(0.,1.,0.));
#6945 = ORIENTED_EDGE('',*,*,#6946,.T.);
#6946 = EDGE_CURVE('',#6939,#6947,#6949,.T.);
#6947 = VERTEX_POINT('',#6948);
#6948 = CARTESIAN_POINT('',(-0.697142857143,36.75,9.));
#6949 = LINE('',#6950,#6951);
#6950 = CARTESIAN_POINT('',(-2.395357142857,36.75,9.));
#6951 = VECTOR('',#6952,1.);
#6952 = DIRECTION('',(1.,0.,0.));
#6953 = ORIENTED_EDGE('',*,*,#6954,.T.);
#6954 = EDGE_CURVE('',#6947,#6955,#6957,.T.);
#6955 = VERTEX_POINT('',#6956);
#6956 = CARTESIAN_POINT('',(1.531428571429,30.936071428571,9.));
#6957 = LINE('',#6958,#6959);
#6958 = CARTESIAN_POINT('',(-0.697142857143,36.75,9.));
#6959 = VECTOR('',#6960,1.);
#6960 = DIRECTION('',(0.357921841948,-0.933751548891,0.));
#6961 = ORIENTED_EDGE('',*,*,#6962,.T.);
#6962 = EDGE_CURVE('',#6955,#6963,#6965,.T.);
#6963 = VERTEX_POINT('',#6964);
#6964 = CARTESIAN_POINT('',(1.531428571429,36.75,9.));
#6965 = LINE('',#6966,#6967);
#6966 = CARTESIAN_POINT('',(1.531428571429,30.936071428571,9.));
#6967 = VECTOR('',#6968,1.);
#6968 = DIRECTION('',(0.,1.,0.));
#6969 = ORIENTED_EDGE('',*,*,#6970,.T.);
#6970 = EDGE_CURVE('',#6963,#6971,#6973,.T.);
#6971 = VERTEX_POINT('',#6972);
#6972 = CARTESIAN_POINT('',(2.924285714286,36.75,9.));
#6973 = LINE('',#6974,#6975);
#6974 = CARTESIAN_POINT('',(1.531428571429,36.75,9.));
#6975 = VECTOR('',#6976,1.);
#6976 = DIRECTION('',(1.,0.,0.));
#6977 = ORIENTED_EDGE('',*,*,#6978,.T.);
#6978 = EDGE_CURVE('',#6971,#6979,#6981,.T.);
#6979 = VERTEX_POINT('',#6980);
#6980 = CARTESIAN_POINT('',(2.924285714286,28.75,9.));
#6981 = LINE('',#6982,#6983);
#6982 = CARTESIAN_POINT('',(2.924285714286,36.75,9.));
#6983 = VECTOR('',#6984,1.);
#6984 = DIRECTION('',(0.,-1.,0.));
#6985 = ORIENTED_EDGE('',*,*,#6986,.T.);
#6986 = EDGE_CURVE('',#6979,#6987,#6989,.T.);
#6987 = VERTEX_POINT('',#6988);
#6988 = CARTESIAN_POINT('',(1.236785714286,28.75,9.));
#6989 = LINE('',#6990,#6991);
#6990 = CARTESIAN_POINT('',(2.924285714286,28.75,9.));
#6991 = VECTOR('',#6992,1.);
#6992 = DIRECTION('',(-1.,0.,0.));
#6993 = ORIENTED_EDGE('',*,*,#6994,.T.);
#6994 = EDGE_CURVE('',#6987,#6995,#6997,.T.);
#6995 = VERTEX_POINT('',#6996);
#6996 = CARTESIAN_POINT('',(-1.0025,34.563928571429,9.));
#6997 = LINE('',#6998,#6999);
#6998 = CARTESIAN_POINT('',(1.236785714286,28.75,9.));
#6999 = VECTOR('',#7000,1.);
#7000 = DIRECTION('',(-0.359420787632,0.933175598383,0.));
#7001 = ORIENTED_EDGE('',*,*,#7002,.T.);
#7002 = EDGE_CURVE('',#6995,#7003,#7005,.T.);
#7003 = VERTEX_POINT('',#7004);
#7004 = CARTESIAN_POINT('',(-1.0025,28.75,9.));
#7005 = LINE('',#7006,#7007);
#7006 = CARTESIAN_POINT('',(-1.0025,34.563928571429,9.));
#7007 = VECTOR('',#7008,1.);
#7008 = DIRECTION('',(0.,-1.,0.));
#7009 = ORIENTED_EDGE('',*,*,#7010,.T.);
#7010 = EDGE_CURVE('',#7003,#6937,#7011,.T.);
#7011 = LINE('',#7012,#7013);
#7012 = CARTESIAN_POINT('',(-1.0025,28.75,9.));
#7013 = VECTOR('',#7014,1.);
#7014 = DIRECTION('',(-1.,0.,0.));
#7015 = FACE_BOUND('',#7016,.F.);
#7016 = EDGE_LOOP('',(#7017,#7027,#7035,#7043,#7051,#7059,#7067,#7075,
    #7083,#7091,#7099,#7107));
#7017 = ORIENTED_EDGE('',*,*,#7018,.T.);
#7018 = EDGE_CURVE('',#7019,#7021,#7023,.T.);
#7019 = VERTEX_POINT('',#7020);
#7020 = CARTESIAN_POINT('',(6.085357142857,35.355714285714,9.));
#7021 = VERTEX_POINT('',#7022);
#7022 = CARTESIAN_POINT('',(4.494285714286,35.355714285714,9.));
#7023 = LINE('',#7024,#7025);
#7024 = CARTESIAN_POINT('',(6.085357142857,35.355714285714,9.));
#7025 = VECTOR('',#7026,1.);
#7026 = DIRECTION('',(-1.,0.,0.));
#7027 = ORIENTED_EDGE('',*,*,#7028,.T.);
#7028 = EDGE_CURVE('',#7021,#7029,#7031,.T.);
#7029 = VERTEX_POINT('',#7030);
#7030 = CARTESIAN_POINT('',(4.494285714286,36.75,9.));
#7031 = LINE('',#7032,#7033);
#7032 = CARTESIAN_POINT('',(4.494285714286,35.355714285714,9.));
#7033 = VECTOR('',#7034,1.);
#7034 = DIRECTION('',(0.,1.,0.));
#7035 = ORIENTED_EDGE('',*,*,#7036,.T.);
#7036 = EDGE_CURVE('',#7029,#7037,#7039,.T.);
#7037 = VERTEX_POINT('',#7038);
#7038 = CARTESIAN_POINT('',(9.256785714286,36.75,9.));
#7039 = LINE('',#7040,#7041);
#7040 = CARTESIAN_POINT('',(4.494285714286,36.75,9.));
#7041 = VECTOR('',#7042,1.);
#7042 = DIRECTION('',(1.,0.,0.));
#7043 = ORIENTED_EDGE('',*,*,#7044,.T.);
#7044 = EDGE_CURVE('',#7037,#7045,#7047,.T.);
#7045 = VERTEX_POINT('',#7046);
#7046 = CARTESIAN_POINT('',(9.256785714286,35.355714285714,9.));
#7047 = LINE('',#7048,#7049);
#7048 = CARTESIAN_POINT('',(9.256785714286,36.75,9.));
#7049 = VECTOR('',#7050,1.);
#7050 = DIRECTION('',(0.,-1.,0.));
#7051 = ORIENTED_EDGE('',*,*,#7052,.T.);
#7052 = EDGE_CURVE('',#7045,#7053,#7055,.T.);
#7053 = VERTEX_POINT('',#7054);
#7054 = CARTESIAN_POINT('',(7.665714285714,35.355714285714,9.));
#7055 = LINE('',#7056,#7057);
#7056 = CARTESIAN_POINT('',(9.256785714286,35.355714285714,9.));
#7057 = VECTOR('',#7058,1.);
#7058 = DIRECTION('',(-1.,0.,0.));
#7059 = ORIENTED_EDGE('',*,*,#7060,.T.);
#7060 = EDGE_CURVE('',#7053,#7061,#7063,.T.);
#7061 = VERTEX_POINT('',#7062);
#7062 = CARTESIAN_POINT('',(7.665714285714,30.144285714286,9.));
#7063 = LINE('',#7064,#7065);
#7064 = CARTESIAN_POINT('',(7.665714285714,35.355714285714,9.));
#7065 = VECTOR('',#7066,1.);
#7066 = DIRECTION('',(0.,-1.,0.));
#7067 = ORIENTED_EDGE('',*,*,#7068,.T.);
#7068 = EDGE_CURVE('',#7061,#7069,#7071,.T.);
#7069 = VERTEX_POINT('',#7070);
#7070 = CARTESIAN_POINT('',(9.256785714286,30.144285714286,9.));
#7071 = LINE('',#7072,#7073);
#7072 = CARTESIAN_POINT('',(7.665714285714,30.144285714286,9.));
#7073 = VECTOR('',#7074,1.);
#7074 = DIRECTION('',(1.,0.,0.));
#7075 = ORIENTED_EDGE('',*,*,#7076,.T.);
#7076 = EDGE_CURVE('',#7069,#7077,#7079,.T.);
#7077 = VERTEX_POINT('',#7078);
#7078 = CARTESIAN_POINT('',(9.256785714286,28.75,9.));
#7079 = LINE('',#7080,#7081);
#7080 = CARTESIAN_POINT('',(9.256785714286,30.144285714286,9.));
#7081 = VECTOR('',#7082,1.);
#7082 = DIRECTION('',(0.,-1.,0.));
#7083 = ORIENTED_EDGE('',*,*,#7084,.T.);
#7084 = EDGE_CURVE('',#7077,#7085,#7087,.T.);
#7085 = VERTEX_POINT('',#7086);
#7086 = CARTESIAN_POINT('',(4.494285714286,28.75,9.));
#7087 = LINE('',#7088,#7089);
#7088 = CARTESIAN_POINT('',(9.256785714286,28.75,9.));
#7089 = VECTOR('',#7090,1.);
#7090 = DIRECTION('',(-1.,0.,0.));
#7091 = ORIENTED_EDGE('',*,*,#7092,.T.);
#7092 = EDGE_CURVE('',#7085,#7093,#7095,.T.);
#7093 = VERTEX_POINT('',#7094);
#7094 = CARTESIAN_POINT('',(4.494285714286,30.144285714286,9.));
#7095 = LINE('',#7096,#7097);
#7096 = CARTESIAN_POINT('',(4.494285714286,28.75,9.));
#7097 = VECTOR('',#7098,1.);
#7098 = DIRECTION('',(0.,1.,0.));
#7099 = ORIENTED_EDGE('',*,*,#7100,.T.);
#7100 = EDGE_CURVE('',#7093,#7101,#7103,.T.);
#7101 = VERTEX_POINT('',#7102);
#7102 = CARTESIAN_POINT('',(6.085357142857,30.144285714286,9.));
#7103 = LINE('',#7104,#7105);
#7104 = CARTESIAN_POINT('',(4.494285714286,30.144285714286,9.));
#7105 = VECTOR('',#7106,1.);
#7106 = DIRECTION('',(1.,0.,0.));
#7107 = ORIENTED_EDGE('',*,*,#7108,.T.);
#7108 = EDGE_CURVE('',#7101,#7019,#7109,.T.);
#7109 = LINE('',#7110,#7111);
#7110 = CARTESIAN_POINT('',(6.085357142857,30.144285714286,9.));
#7111 = VECTOR('',#7112,1.);
#7112 = DIRECTION('',(0.,1.,0.));
#7113 = FACE_BOUND('',#7114,.F.);
#7114 = EDGE_LOOP('',(#7115,#7125,#7133,#7141,#7149,#7157,#7165,#7173,
    #7181,#7189));
#7115 = ORIENTED_EDGE('',*,*,#7116,.T.);
#7116 = EDGE_CURVE('',#7117,#7119,#7121,.T.);
#7117 = VERTEX_POINT('',#7118);
#7118 = CARTESIAN_POINT('',(10.816071428571,28.75,9.));
#7119 = VERTEX_POINT('',#7120);
#7120 = CARTESIAN_POINT('',(10.816071428571,36.75,9.));
#7121 = LINE('',#7122,#7123);
#7122 = CARTESIAN_POINT('',(10.816071428571,28.75,9.));
#7123 = VECTOR('',#7124,1.);
#7124 = DIRECTION('',(0.,1.,0.));
#7125 = ORIENTED_EDGE('',*,*,#7126,.T.);
#7126 = EDGE_CURVE('',#7119,#7127,#7129,.T.);
#7127 = VERTEX_POINT('',#7128);
#7128 = CARTESIAN_POINT('',(12.514285714286,36.75,9.));
#7129 = LINE('',#7130,#7131);
#7130 = CARTESIAN_POINT('',(10.816071428571,36.75,9.));
#7131 = VECTOR('',#7132,1.);
#7132 = DIRECTION('',(1.,0.,0.));
#7133 = ORIENTED_EDGE('',*,*,#7134,.T.);
#7134 = EDGE_CURVE('',#7127,#7135,#7137,.T.);
#7135 = VERTEX_POINT('',#7136);
#7136 = CARTESIAN_POINT('',(14.742857142857,30.936071428571,9.));
#7137 = LINE('',#7138,#7139);
#7138 = CARTESIAN_POINT('',(12.514285714286,36.75,9.));
#7139 = VECTOR('',#7140,1.);
#7140 = DIRECTION('',(0.357921841948,-0.933751548891,0.));
#7141 = ORIENTED_EDGE('',*,*,#7142,.T.);
#7142 = EDGE_CURVE('',#7135,#7143,#7145,.T.);
#7143 = VERTEX_POINT('',#7144);
#7144 = CARTESIAN_POINT('',(14.742857142857,36.75,9.));
#7145 = LINE('',#7146,#7147);
#7146 = CARTESIAN_POINT('',(14.742857142857,30.936071428571,9.));
#7147 = VECTOR('',#7148,1.);
#7148 = DIRECTION('',(0.,1.,0.));
#7149 = ORIENTED_EDGE('',*,*,#7150,.T.);
#7150 = EDGE_CURVE('',#7143,#7151,#7153,.T.);
#7151 = VERTEX_POINT('',#7152);
#7152 = CARTESIAN_POINT('',(16.135714285714,36.75,9.));
#7153 = LINE('',#7154,#7155);
#7154 = CARTESIAN_POINT('',(14.742857142857,36.75,9.));
#7155 = VECTOR('',#7156,1.);
#7156 = DIRECTION('',(1.,0.,0.));
#7157 = ORIENTED_EDGE('',*,*,#7158,.T.);
#7158 = EDGE_CURVE('',#7151,#7159,#7161,.T.);
#7159 = VERTEX_POINT('',#7160);
#7160 = CARTESIAN_POINT('',(16.135714285714,28.75,9.));
#7161 = LINE('',#7162,#7163);
#7162 = CARTESIAN_POINT('',(16.135714285714,36.75,9.));
#7163 = VECTOR('',#7164,1.);
#7164 = DIRECTION('',(0.,-1.,0.));
#7165 = ORIENTED_EDGE('',*,*,#7166,.T.);
#7166 = EDGE_CURVE('',#7159,#7167,#7169,.T.);
#7167 = VERTEX_POINT('',#7168);
#7168 = CARTESIAN_POINT('',(14.448214285714,28.75,9.));
#7169 = LINE('',#7170,#7171);
#7170 = CARTESIAN_POINT('',(16.135714285714,28.75,9.));
#7171 = VECTOR('',#7172,1.);
#7172 = DIRECTION('',(-1.,0.,0.));
#7173 = ORIENTED_EDGE('',*,*,#7174,.T.);
#7174 = EDGE_CURVE('',#7167,#7175,#7177,.T.);
#7175 = VERTEX_POINT('',#7176);
#7176 = CARTESIAN_POINT('',(12.208928571429,34.563928571429,9.));
#7177 = LINE('',#7178,#7179);
#7178 = CARTESIAN_POINT('',(14.448214285714,28.75,9.));
#7179 = VECTOR('',#7180,1.);
#7180 = DIRECTION('',(-0.359420787632,0.933175598383,0.));
#7181 = ORIENTED_EDGE('',*,*,#7182,.T.);
#7182 = EDGE_CURVE('',#7175,#7183,#7185,.T.);
#7183 = VERTEX_POINT('',#7184);
#7184 = CARTESIAN_POINT('',(12.208928571429,28.75,9.));
#7185 = LINE('',#7186,#7187);
#7186 = CARTESIAN_POINT('',(12.208928571429,34.563928571429,9.));
#7187 = VECTOR('',#7188,1.);
#7188 = DIRECTION('',(0.,-1.,0.));
#7189 = ORIENTED_EDGE('',*,*,#7190,.T.);
#7190 = EDGE_CURVE('',#7183,#7117,#7191,.T.);
#7191 = LINE('',#7192,#7193);
#7192 = CARTESIAN_POINT('',(12.208928571429,28.75,9.));
#7193 = VECTOR('',#7194,1.);
#7194 = DIRECTION('',(-1.,0.,0.));
#7195 = FACE_BOUND('',#7196,.F.);
#7196 = EDGE_LOOP('',(#7197,#7207,#7215,#7223,#7231,#7239,#7247,#7255,
    #7263,#7271,#7279,#7287,#7295,#7303,#7311,#7319,#7327,#7335,#7343,
    #7351,#7359,#7367));
#7197 = ORIENTED_EDGE('',*,*,#7198,.T.);
#7198 = EDGE_CURVE('',#7199,#7201,#7203,.T.);
#7199 = VERTEX_POINT('',#7200);
#7200 = CARTESIAN_POINT('',(21.161071428571,30.052857142857,9.));
#7201 = VERTEX_POINT('',#7202);
#7202 = CARTESIAN_POINT('',(21.455714285714,30.19,9.));
#7203 = B_SPLINE_CURVE_WITH_KNOTS('',2,(#7204,#7205,#7206),
  .UNSPECIFIED.,.F.,.F.,(3,3),(0.,1.),.PIECEWISE_BEZIER_KNOTS.);
#7204 = CARTESIAN_POINT('',(21.161071428571,30.052857142857,9.));
#7205 = CARTESIAN_POINT('',(21.343214285714,30.098571428571,9.));
#7206 = CARTESIAN_POINT('',(21.455714285714,30.19,9.));
#7207 = ORIENTED_EDGE('',*,*,#7208,.T.);
#7208 = EDGE_CURVE('',#7201,#7209,#7211,.T.);
#7209 = VERTEX_POINT('',#7210);
#7210 = CARTESIAN_POINT('',(21.455714285714,31.721428571429,9.));
#7211 = LINE('',#7212,#7213);
#7212 = CARTESIAN_POINT('',(21.455714285714,30.19,9.));
#7213 = VECTOR('',#7214,1.);
#7214 = DIRECTION('',(0.,1.,0.));
#7215 = ORIENTED_EDGE('',*,*,#7216,.T.);
#7216 = EDGE_CURVE('',#7209,#7217,#7219,.T.);
#7217 = VERTEX_POINT('',#7218);
#7218 = CARTESIAN_POINT('',(20.373571428571,31.721428571429,9.));
#7219 = LINE('',#7220,#7221);
#7220 = CARTESIAN_POINT('',(21.455714285714,31.721428571429,9.));
#7221 = VECTOR('',#7222,1.);
#7222 = DIRECTION('',(-1.,0.,0.));
#7223 = ORIENTED_EDGE('',*,*,#7224,.T.);
#7224 = EDGE_CURVE('',#7217,#7225,#7227,.T.);
#7225 = VERTEX_POINT('',#7226);
#7226 = CARTESIAN_POINT('',(20.373571428571,33.047142857143,9.));
#7227 = LINE('',#7228,#7229);
#7228 = CARTESIAN_POINT('',(20.373571428571,31.721428571429,9.));
#7229 = VECTOR('',#7230,1.);
#7230 = DIRECTION('',(0.,1.,0.));
#7231 = ORIENTED_EDGE('',*,*,#7232,.T.);
#7232 = EDGE_CURVE('',#7225,#7233,#7235,.T.);
#7233 = VERTEX_POINT('',#7234);
#7234 = CARTESIAN_POINT('',(22.837857142857,33.047142857143,9.));
#7235 = LINE('',#7236,#7237);
#7236 = CARTESIAN_POINT('',(20.373571428571,33.047142857143,9.));
#7237 = VECTOR('',#7238,1.);
#7238 = DIRECTION('',(1.,0.,0.));
#7239 = ORIENTED_EDGE('',*,*,#7240,.T.);
#7240 = EDGE_CURVE('',#7233,#7241,#7243,.T.);
#7241 = VERTEX_POINT('',#7242);
#7242 = CARTESIAN_POINT('',(22.837857142857,29.381428571429,9.));
#7243 = LINE('',#7244,#7245);
#7244 = CARTESIAN_POINT('',(22.837857142857,33.047142857143,9.));
#7245 = VECTOR('',#7246,1.);
#7246 = DIRECTION('',(0.,-1.,0.));
#7247 = ORIENTED_EDGE('',*,*,#7248,.T.);
#7248 = EDGE_CURVE('',#7241,#7249,#7251,.T.);
#7249 = VERTEX_POINT('',#7250);
#7250 = CARTESIAN_POINT('',(21.833214285714,28.790357142857,9.));
#7251 = B_SPLINE_CURVE_WITH_KNOTS('',2,(#7252,#7253,#7254),
  .UNSPECIFIED.,.F.,.F.,(3,3),(0.,1.),.PIECEWISE_BEZIER_KNOTS.);
#7252 = CARTESIAN_POINT('',(22.837857142857,29.381428571429,9.));
#7253 = CARTESIAN_POINT('',(22.3825,28.991071428571,9.));
#7254 = CARTESIAN_POINT('',(21.833214285714,28.790357142857,9.));
#7255 = ORIENTED_EDGE('',*,*,#7256,.T.);
#7256 = EDGE_CURVE('',#7249,#7257,#7259,.T.);
#7257 = VERTEX_POINT('',#7258);
#7258 = CARTESIAN_POINT('',(20.6575,28.59,9.));
#7259 = B_SPLINE_CURVE_WITH_KNOTS('',2,(#7260,#7261,#7262),
  .UNSPECIFIED.,.F.,.F.,(3,3),(0.,1.),.PIECEWISE_BEZIER_KNOTS.);
#7260 = CARTESIAN_POINT('',(21.833214285714,28.790357142857,9.));
#7261 = CARTESIAN_POINT('',(21.284285714286,28.59,9.));
#7262 = CARTESIAN_POINT('',(20.6575,28.59,9.));
#7263 = ORIENTED_EDGE('',*,*,#7264,.T.);
#7264 = EDGE_CURVE('',#7257,#7265,#7267,.T.);
#7265 = VERTEX_POINT('',#7266);
#7266 = CARTESIAN_POINT('',(18.2575,29.669285714286,9.));
#7267 = B_SPLINE_CURVE_WITH_KNOTS('',2,(#7268,#7269,#7270),
  .UNSPECIFIED.,.F.,.F.,(3,3),(0.,1.),.PIECEWISE_BEZIER_KNOTS.);
#7268 = CARTESIAN_POINT('',(20.6575,28.59,9.));
#7269 = CARTESIAN_POINT('',(19.103928571429,28.59,9.));
#7270 = CARTESIAN_POINT('',(18.2575,29.669285714286,9.));
#7271 = ORIENTED_EDGE('',*,*,#7272,.T.);
#7272 = EDGE_CURVE('',#7265,#7273,#7275,.T.);
#7273 = VERTEX_POINT('',#7274);
#7274 = CARTESIAN_POINT('',(17.411071428571,32.736071428571,9.));
#7275 = B_SPLINE_CURVE_WITH_KNOTS('',2,(#7276,#7277,#7278),
  .UNSPECIFIED.,.F.,.F.,(3,3),(0.,1.),.PIECEWISE_BEZIER_KNOTS.);
#7276 = CARTESIAN_POINT('',(18.2575,29.669285714286,9.));
#7277 = CARTESIAN_POINT('',(17.411071428571,30.748571428571,9.));
#7278 = CARTESIAN_POINT('',(17.411071428571,32.736071428571,9.));
#7279 = ORIENTED_EDGE('',*,*,#7280,.T.);
#7280 = EDGE_CURVE('',#7273,#7281,#7283,.T.);
#7281 = VERTEX_POINT('',#7282);
#7282 = CARTESIAN_POINT('',(18.265357142857,35.821071428571,9.));
#7283 = B_SPLINE_CURVE_WITH_KNOTS('',2,(#7284,#7285,#7286),
  .UNSPECIFIED.,.F.,.F.,(3,3),(0.,1.),.PIECEWISE_BEZIER_KNOTS.);
#7284 = CARTESIAN_POINT('',(17.411071428571,32.736071428571,9.));
#7285 = CARTESIAN_POINT('',(17.411071428571,34.755357142857,9.));
#7286 = CARTESIAN_POINT('',(18.265357142857,35.821071428571,9.));
#7287 = ORIENTED_EDGE('',*,*,#7288,.T.);
#7288 = EDGE_CURVE('',#7281,#7289,#7291,.T.);
#7289 = VERTEX_POINT('',#7290);
#7290 = CARTESIAN_POINT('',(20.7325,36.887142857143,9.));
#7291 = B_SPLINE_CURVE_WITH_KNOTS('',2,(#7292,#7293,#7294),
  .UNSPECIFIED.,.F.,.F.,(3,3),(0.,1.),.PIECEWISE_BEZIER_KNOTS.);
#7292 = CARTESIAN_POINT('',(18.265357142857,35.821071428571,9.));
#7293 = CARTESIAN_POINT('',(19.12,36.887142857143,9.));
#7294 = CARTESIAN_POINT('',(20.7325,36.887142857143,9.));
#7295 = ORIENTED_EDGE('',*,*,#7296,.T.);
#7296 = EDGE_CURVE('',#7289,#7297,#7299,.T.);
#7297 = VERTEX_POINT('',#7298);
#7298 = CARTESIAN_POINT('',(21.680714285714,36.751785714286,9.));
#7299 = B_SPLINE_CURVE_WITH_KNOTS('',2,(#7300,#7301,#7302),
  .UNSPECIFIED.,.F.,.F.,(3,3),(0.,1.),.PIECEWISE_BEZIER_KNOTS.);
#7300 = CARTESIAN_POINT('',(20.7325,36.887142857143,9.));
#7301 = CARTESIAN_POINT('',(21.214642857143,36.887142857143,9.));
#7302 = CARTESIAN_POINT('',(21.680714285714,36.751785714286,9.));
#7303 = ORIENTED_EDGE('',*,*,#7304,.T.);
#7304 = EDGE_CURVE('',#7297,#7305,#7307,.T.);
#7305 = VERTEX_POINT('',#7306);
#7306 = CARTESIAN_POINT('',(22.553928571429,36.361428571429,9.));
#7307 = B_SPLINE_CURVE_WITH_KNOTS('',2,(#7308,#7309,#7310),
  .UNSPECIFIED.,.F.,.F.,(3,3),(0.,1.),.PIECEWISE_BEZIER_KNOTS.);
#7308 = CARTESIAN_POINT('',(21.680714285714,36.751785714286,9.));
#7309 = CARTESIAN_POINT('',(22.146785714286,36.616428571429,9.));
#7310 = CARTESIAN_POINT('',(22.553928571429,36.361428571429,9.));
#7311 = ORIENTED_EDGE('',*,*,#7312,.T.);
#7312 = EDGE_CURVE('',#7305,#7313,#7315,.T.);
#7313 = VERTEX_POINT('',#7314);
#7314 = CARTESIAN_POINT('',(22.553928571429,34.601428571429,9.));
#7315 = LINE('',#7316,#7317);
#7316 = CARTESIAN_POINT('',(22.553928571429,36.361428571429,9.));
#7317 = VECTOR('',#7318,1.);
#7318 = DIRECTION('',(0.,-1.,0.));
#7319 = ORIENTED_EDGE('',*,*,#7320,.T.);
#7320 = EDGE_CURVE('',#7313,#7321,#7323,.T.);
#7321 = VERTEX_POINT('',#7322);
#7322 = CARTESIAN_POINT('',(21.790357142857,35.251428571429,9.));
#7323 = B_SPLINE_CURVE_WITH_KNOTS('',2,(#7324,#7325,#7326),
  .UNSPECIFIED.,.F.,.F.,(3,3),(0.,1.),.PIECEWISE_BEZIER_KNOTS.);
#7324 = CARTESIAN_POINT('',(22.553928571429,34.601428571429,9.));
#7325 = CARTESIAN_POINT('',(22.221785714286,35.032857142857,9.));
#7326 = CARTESIAN_POINT('',(21.790357142857,35.251428571429,9.));
#7327 = ORIENTED_EDGE('',*,*,#7328,.T.);
#7328 = EDGE_CURVE('',#7321,#7329,#7331,.T.);
#7329 = VERTEX_POINT('',#7330);
#7330 = CARTESIAN_POINT('',(20.845,35.47,9.));
#7331 = B_SPLINE_CURVE_WITH_KNOTS('',2,(#7332,#7333,#7334),
  .UNSPECIFIED.,.F.,.F.,(3,3),(0.,1.),.PIECEWISE_BEZIER_KNOTS.);
#7332 = CARTESIAN_POINT('',(21.790357142857,35.251428571429,9.));
#7333 = CARTESIAN_POINT('',(21.359285714286,35.47,9.));
#7334 = CARTESIAN_POINT('',(20.845,35.47,9.));
#7335 = ORIENTED_EDGE('',*,*,#7336,.T.);
#7336 = EDGE_CURVE('',#7329,#7337,#7339,.T.);
#7337 = VERTEX_POINT('',#7338);
#7338 = CARTESIAN_POINT('',(19.500357142857,34.791785714286,9.));
#7339 = B_SPLINE_CURVE_WITH_KNOTS('',2,(#7340,#7341,#7342),
  .UNSPECIFIED.,.F.,.F.,(3,3),(0.,1.),.PIECEWISE_BEZIER_KNOTS.);
#7340 = CARTESIAN_POINT('',(20.845,35.47,9.));
#7341 = CARTESIAN_POINT('',(19.945,35.47,9.));
#7342 = CARTESIAN_POINT('',(19.500357142857,34.791785714286,9.));
#7343 = ORIENTED_EDGE('',*,*,#7344,.T.);
#7344 = EDGE_CURVE('',#7337,#7345,#7347,.T.);
#7345 = VERTEX_POINT('',#7346);
#7346 = CARTESIAN_POINT('',(19.055714285714,32.735714285714,9.));
#7347 = B_SPLINE_CURVE_WITH_KNOTS('',2,(#7348,#7349,#7350),
  .UNSPECIFIED.,.F.,.F.,(3,3),(0.,1.),.PIECEWISE_BEZIER_KNOTS.);
#7348 = CARTESIAN_POINT('',(19.500357142857,34.791785714286,9.));
#7349 = CARTESIAN_POINT('',(19.055714285714,34.113571428571,9.));
#7350 = CARTESIAN_POINT('',(19.055714285714,32.735714285714,9.));
#7351 = ORIENTED_EDGE('',*,*,#7352,.T.);
#7352 = EDGE_CURVE('',#7345,#7353,#7355,.T.);
#7353 = VERTEX_POINT('',#7354);
#7354 = CARTESIAN_POINT('',(19.484285714286,30.703928571429,9.));
#7355 = B_SPLINE_CURVE_WITH_KNOTS('',2,(#7356,#7357,#7358),
  .UNSPECIFIED.,.F.,.F.,(3,3),(0.,1.),.PIECEWISE_BEZIER_KNOTS.);
#7356 = CARTESIAN_POINT('',(19.055714285714,32.735714285714,9.));
#7357 = CARTESIAN_POINT('',(19.055714285714,31.401071428571,9.));
#7358 = CARTESIAN_POINT('',(19.484285714286,30.703928571429,9.));
#7359 = ORIENTED_EDGE('',*,*,#7360,.T.);
#7360 = EDGE_CURVE('',#7353,#7361,#7363,.T.);
#7361 = VERTEX_POINT('',#7362);
#7362 = CARTESIAN_POINT('',(20.7325,30.007142857143,9.));
#7363 = B_SPLINE_CURVE_WITH_KNOTS('',2,(#7364,#7365,#7366),
  .UNSPECIFIED.,.F.,.F.,(3,3),(0.,1.),.PIECEWISE_BEZIER_KNOTS.);
#7364 = CARTESIAN_POINT('',(19.484285714286,30.703928571429,9.));
#7365 = CARTESIAN_POINT('',(19.912857142857,30.007142857143,9.));
#7366 = CARTESIAN_POINT('',(20.7325,30.007142857143,9.));
#7367 = ORIENTED_EDGE('',*,*,#7368,.T.);
#7368 = EDGE_CURVE('',#7361,#7199,#7369,.T.);
#7369 = B_SPLINE_CURVE_WITH_KNOTS('',2,(#7370,#7371,#7372),
  .UNSPECIFIED.,.F.,.F.,(3,3),(0.,1.),.PIECEWISE_BEZIER_KNOTS.);
#7370 = CARTESIAN_POINT('',(20.7325,30.007142857143,9.));
#7371 = CARTESIAN_POINT('',(20.978928571429,30.007142857143,9.));
#7372 = CARTESIAN_POINT('',(21.161071428571,30.052857142857,9.));
#7373 = PLANE('',#7374);
#7374 = AXIS2_PLACEMENT_3D('',#7375,#7376,#7377);
#7375 = CARTESIAN_POINT('',(2.53E-15,32.765,9.));
#7376 = DIRECTION('',(0.,0.,1.));
#7377 = DIRECTION('',(1.,0.,0.));
#7378 = ADVANCED_FACE('',(#7379,#7390,#7496,#7562,#7692,#7774,#7872,
    #7954),#8132,.T.);
#7379 = FACE_BOUND('',#7380,.T.);
#7380 = EDGE_LOOP('',(#7381,#7382,#7383,#7389));
#7381 = ORIENTED_EDGE('',*,*,#6531,.T.);
#7382 = ORIENTED_EDGE('',*,*,#6593,.T.);
#7383 = ORIENTED_EDGE('',*,*,#7384,.T.);
#7384 = EDGE_CURVE('',#6594,#6564,#7385,.T.);
#7385 = LINE('',#7386,#7387);
#7386 = CARTESIAN_POINT('',(27.,26.,10.));
#7387 = VECTOR('',#7388,1.);
#7388 = DIRECTION('',(0.,1.,0.));
#7389 = ORIENTED_EDGE('',*,*,#6571,.T.);
#7390 = FACE_BOUND('',#7391,.T.);
#7391 = EDGE_LOOP('',(#7392,#7402,#7410,#7418,#7426,#7434,#7442,#7450,
    #7458,#7466,#7474,#7482,#7490));
#7392 = ORIENTED_EDGE('',*,*,#7393,.T.);
#7393 = EDGE_CURVE('',#7394,#7396,#7398,.T.);
#7394 = VERTEX_POINT('',#7395);
#7395 = CARTESIAN_POINT('',(-21.86428571428,28.75,10.));
#7396 = VERTEX_POINT('',#7397);
#7397 = CARTESIAN_POINT('',(-22.85,36.75,10.));
#7398 = LINE('',#7399,#7400);
#7399 = CARTESIAN_POINT('',(-21.86428571428,28.75,10.));
#7400 = VECTOR('',#7401,1.);
#7401 = DIRECTION('',(-0.122289497557,0.992494472925,0.));
#7402 = ORIENTED_EDGE('',*,*,#7403,.T.);
#7403 = EDGE_CURVE('',#7396,#7404,#7406,.T.);
#7404 = VERTEX_POINT('',#7405);
#7405 = CARTESIAN_POINT('',(-21.46785714285,36.75,10.));
#7406 = LINE('',#7407,#7408);
#7407 = CARTESIAN_POINT('',(-22.85,36.75,10.));
#7408 = VECTOR('',#7409,1.);
#7409 = DIRECTION('',(1.,0.,0.));
#7410 = ORIENTED_EDGE('',*,*,#7411,.T.);
#7411 = EDGE_CURVE('',#7404,#7412,#7414,.T.);
#7412 = VERTEX_POINT('',#7413);
#7413 = CARTESIAN_POINT('',(-20.89464285714,30.875,10.));
#7414 = LINE('',#7415,#7416);
#7415 = CARTESIAN_POINT('',(-21.46785714285,36.75,10.));
#7416 = VECTOR('',#7417,1.);
#7417 = DIRECTION('',(9.710727312762E-02,-0.995273920841,0.));
#7418 = ORIENTED_EDGE('',*,*,#7419,.T.);
#7419 = EDGE_CURVE('',#7412,#7420,#7422,.T.);
#7420 = VERTEX_POINT('',#7421);
#7421 = CARTESIAN_POINT('',(-20.20357142857,34.67,10.));
#7422 = LINE('',#7423,#7424);
#7423 = CARTESIAN_POINT('',(-20.89464285714,30.875,10.));
#7424 = VECTOR('',#7425,1.);
#7425 = DIRECTION('',(0.179154301852,0.983820987847,0.));
#7426 = ORIENTED_EDGE('',*,*,#7427,.T.);
#7427 = EDGE_CURVE('',#7420,#7428,#7430,.T.);
#7428 = VERTEX_POINT('',#7429);
#7429 = CARTESIAN_POINT('',(-18.89107142857,34.67,10.));
#7430 = LINE('',#7431,#7432);
#7431 = CARTESIAN_POINT('',(-20.20357142857,34.67,10.));
#7432 = VECTOR('',#7433,1.);
#7433 = DIRECTION('',(1.,0.,0.));
#7434 = ORIENTED_EDGE('',*,*,#7435,.T.);
#7435 = EDGE_CURVE('',#7428,#7436,#7438,.T.);
#7436 = VERTEX_POINT('',#7437);
#7437 = CARTESIAN_POINT('',(-18.0875,30.875,10.));
#7438 = LINE('',#7439,#7440);
#7439 = CARTESIAN_POINT('',(-18.89107142857,34.67,10.));
#7440 = VECTOR('',#7441,1.);
#7441 = DIRECTION('',(0.207151782016,-0.978308815869,0.));
#7442 = ORIENTED_EDGE('',*,*,#7443,.T.);
#7443 = EDGE_CURVE('',#7436,#7444,#7446,.T.);
#7444 = VERTEX_POINT('',#7445);
#7445 = CARTESIAN_POINT('',(-17.6375,36.75,10.));
#7446 = LINE('',#7447,#7448);
#7447 = CARTESIAN_POINT('',(-18.0875,30.875,10.));
#7448 = VECTOR('',#7449,1.);
#7449 = DIRECTION('',(7.637203845135E-02,0.997079390893,0.));
#7450 = ORIENTED_EDGE('',*,*,#7451,.T.);
#7451 = EDGE_CURVE('',#7444,#7452,#7454,.T.);
#7452 = VERTEX_POINT('',#7453);
#7453 = CARTESIAN_POINT('',(-16.24464285714,36.75,10.));
#7454 = LINE('',#7455,#7456);
#7455 = CARTESIAN_POINT('',(-17.6375,36.75,10.));
#7456 = VECTOR('',#7457,1.);
#7457 = DIRECTION('',(1.,0.,0.));
#7458 = ORIENTED_EDGE('',*,*,#7459,.T.);
#7459 = EDGE_CURVE('',#7452,#7460,#7462,.T.);
#7460 = VERTEX_POINT('',#7461);
#7461 = CARTESIAN_POINT('',(-17.16607142857,28.75,10.));
#7462 = LINE('',#7463,#7464);
#7463 = CARTESIAN_POINT('',(-16.24464285714,36.75,10.));
#7464 = VECTOR('',#7465,1.);
#7465 = DIRECTION('',(-0.114422104277,-0.99343222318,0.));
#7466 = ORIENTED_EDGE('',*,*,#7467,.T.);
#7467 = EDGE_CURVE('',#7460,#7468,#7470,.T.);
#7468 = VERTEX_POINT('',#7469);
#7469 = CARTESIAN_POINT('',(-18.63928571428,28.75,10.));
#7470 = LINE('',#7471,#7472);
#7471 = CARTESIAN_POINT('',(-17.16607142857,28.75,10.));
#7472 = VECTOR('',#7473,1.);
#7473 = DIRECTION('',(-1.,0.,0.));
#7474 = ORIENTED_EDGE('',*,*,#7475,.T.);
#7475 = EDGE_CURVE('',#7468,#7476,#7478,.T.);
#7476 = VERTEX_POINT('',#7477);
#7477 = CARTESIAN_POINT('',(-19.55,32.946428571429,10.));
#7478 = LINE('',#7479,#7480);
#7479 = CARTESIAN_POINT('',(-18.63928571428,28.75,10.));
#7480 = VECTOR('',#7481,1.);
#7481 = DIRECTION('',(-0.212084339089,0.977251366391,0.));
#7482 = ORIENTED_EDGE('',*,*,#7483,.T.);
#7483 = EDGE_CURVE('',#7476,#7484,#7486,.T.);
#7484 = VERTEX_POINT('',#7485);
#7485 = CARTESIAN_POINT('',(-20.40178571428,28.75,10.));
#7486 = LINE('',#7487,#7488);
#7487 = CARTESIAN_POINT('',(-19.55,32.946428571429,10.));
#7488 = VECTOR('',#7489,1.);
#7489 = DIRECTION('',(-0.198922249381,-0.980015274729,0.));
#7490 = ORIENTED_EDGE('',*,*,#7491,.T.);
#7491 = EDGE_CURVE('',#7484,#7394,#7492,.T.);
#7492 = LINE('',#7493,#7494);
#7493 = CARTESIAN_POINT('',(-20.40178571428,28.75,10.));
#7494 = VECTOR('',#7495,1.);
#7495 = DIRECTION('',(-1.,0.,0.));
#7496 = FACE_BOUND('',#7497,.T.);
#7497 = EDGE_LOOP('',(#7498,#7508,#7516,#7524,#7532,#7540,#7548,#7556));
#7498 = ORIENTED_EDGE('',*,*,#7499,.T.);
#7499 = EDGE_CURVE('',#7500,#7502,#7504,.T.);
#7500 = VERTEX_POINT('',#7501);
#7501 = CARTESIAN_POINT('',(-16.0675,28.75,10.));
#7502 = VERTEX_POINT('',#7503);
#7503 = CARTESIAN_POINT('',(-13.90857142857,36.75,10.));
#7504 = LINE('',#7505,#7506);
#7505 = CARTESIAN_POINT('',(-16.0675,28.75,10.));
#7506 = VECTOR('',#7507,1.);
#7507 = DIRECTION('',(0.260545333068,0.965461614678,0.));
#7508 = ORIENTED_EDGE('',*,*,#7509,.T.);
#7509 = EDGE_CURVE('',#7502,#7510,#7512,.T.);
#7510 = VERTEX_POINT('',#7511);
#7511 = CARTESIAN_POINT('',(-11.97464285714,36.75,10.));
#7512 = LINE('',#7513,#7514);
#7513 = CARTESIAN_POINT('',(-13.90857142857,36.75,10.));
#7514 = VECTOR('',#7515,1.);
#7515 = DIRECTION('',(1.,0.,0.));
#7516 = ORIENTED_EDGE('',*,*,#7517,.T.);
#7517 = EDGE_CURVE('',#7510,#7518,#7520,.T.);
#7518 = VERTEX_POINT('',#7519);
#7519 = CARTESIAN_POINT('',(-9.815714285714,28.75,10.));
#7520 = LINE('',#7521,#7522);
#7521 = CARTESIAN_POINT('',(-11.97464285714,36.75,10.));
#7522 = VECTOR('',#7523,1.);
#7523 = DIRECTION('',(0.260545333068,-0.965461614678,0.));
#7524 = ORIENTED_EDGE('',*,*,#7525,.T.);
#7525 = EDGE_CURVE('',#7518,#7526,#7528,.T.);
#7526 = VERTEX_POINT('',#7527);
#7527 = CARTESIAN_POINT('',(-11.39607142857,28.75,10.));
#7528 = LINE('',#7529,#7530);
#7529 = CARTESIAN_POINT('',(-9.815714285714,28.75,10.));
#7530 = VECTOR('',#7531,1.);
#7531 = DIRECTION('',(-1.,0.,0.));
#7532 = ORIENTED_EDGE('',*,*,#7533,.T.);
#7533 = EDGE_CURVE('',#7526,#7534,#7536,.T.);
#7534 = VERTEX_POINT('',#7535);
#7535 = CARTESIAN_POINT('',(-11.88892857142,30.715714285714,10.));
#7536 = LINE('',#7537,#7538);
#7537 = CARTESIAN_POINT('',(-11.39607142857,28.75,10.));
#7538 = VECTOR('',#7539,1.);
#7539 = DIRECTION('',(-0.243199026877,0.969976408644,0.));
#7540 = ORIENTED_EDGE('',*,*,#7541,.T.);
#7541 = EDGE_CURVE('',#7534,#7542,#7544,.T.);
#7542 = VERTEX_POINT('',#7543);
#7543 = CARTESIAN_POINT('',(-14.005,30.715714285714,10.));
#7544 = LINE('',#7545,#7546);
#7545 = CARTESIAN_POINT('',(-11.88892857142,30.715714285714,10.));
#7546 = VECTOR('',#7547,1.);
#7547 = DIRECTION('',(-1.,0.,0.));
#7548 = ORIENTED_EDGE('',*,*,#7549,.T.);
#7549 = EDGE_CURVE('',#7542,#7550,#7552,.T.);
#7550 = VERTEX_POINT('',#7551);
#7551 = CARTESIAN_POINT('',(-14.48714285714,28.75,10.));
#7552 = LINE('',#7553,#7554);
#7553 = CARTESIAN_POINT('',(-14.005,30.715714285714,10.));
#7554 = VECTOR('',#7555,1.);
#7555 = DIRECTION('',(-0.238215246964,-0.971212384658,0.));
#7556 = ORIENTED_EDGE('',*,*,#7557,.T.);
#7557 = EDGE_CURVE('',#7550,#7500,#7558,.T.);
#7558 = LINE('',#7559,#7560);
#7559 = CARTESIAN_POINT('',(-14.48714285714,28.75,10.));
#7560 = VECTOR('',#7561,1.);
#7561 = DIRECTION('',(-1.,0.,0.));
#7562 = FACE_BOUND('',#7563,.T.);
#7563 = EDGE_LOOP('',(#7564,#7574,#7582,#7590,#7598,#7606,#7614,#7622,
    #7630,#7638,#7646,#7654,#7662,#7670,#7678,#7686));
#7564 = ORIENTED_EDGE('',*,*,#7565,.T.);
#7565 = EDGE_CURVE('',#7566,#7568,#7570,.T.);
#7566 = VERTEX_POINT('',#7567);
#7567 = CARTESIAN_POINT('',(-4.158214285714,33.104285714286,10.));
#7568 = VERTEX_POINT('',#7569);
#7569 = CARTESIAN_POINT('',(-5.315357142857,32.518928571429,10.));
#7570 = B_SPLINE_CURVE_WITH_KNOTS('',2,(#7571,#7572,#7573),
  .UNSPECIFIED.,.F.,.F.,(3,3),(0.,1.),.PIECEWISE_BEZIER_KNOTS.);
#7571 = CARTESIAN_POINT('',(-4.158214285714,33.104285714286,10.));
#7572 = CARTESIAN_POINT('',(-4.56,32.615714285714,10.));
#7573 = CARTESIAN_POINT('',(-5.315357142857,32.518928571429,10.));
#7574 = ORIENTED_EDGE('',*,*,#7575,.T.);
#7575 = EDGE_CURVE('',#7568,#7576,#7578,.T.);
#7576 = VERTEX_POINT('',#7577);
#7577 = CARTESIAN_POINT('',(-4.905714285714,32.297142857143,10.));
#7578 = B_SPLINE_CURVE_WITH_KNOTS('',2,(#7579,#7580,#7581),
  .UNSPECIFIED.,.F.,.F.,(3,3),(0.,1.),.PIECEWISE_BEZIER_KNOTS.);
#7579 = CARTESIAN_POINT('',(-5.315357142857,32.518928571429,10.));
#7580 = CARTESIAN_POINT('',(-5.079642857143,32.470714285714,10.));
#7581 = CARTESIAN_POINT('',(-4.905714285714,32.297142857143,10.));
#7582 = ORIENTED_EDGE('',*,*,#7583,.T.);
#7583 = EDGE_CURVE('',#7576,#7584,#7586,.T.);
#7584 = VERTEX_POINT('',#7585);
#7585 = CARTESIAN_POINT('',(-4.479642857143,31.621071428571,10.));
#7586 = B_SPLINE_CURVE_WITH_KNOTS('',2,(#7587,#7588,#7589),
  .UNSPECIFIED.,.F.,.F.,(3,3),(0.,1.),.PIECEWISE_BEZIER_KNOTS.);
#7587 = CARTESIAN_POINT('',(-4.905714285714,32.297142857143,10.));
#7588 = CARTESIAN_POINT('',(-4.731428571429,32.123571428571,10.));
#7589 = CARTESIAN_POINT('',(-4.479642857143,31.621071428571,10.));
#7590 = ORIENTED_EDGE('',*,*,#7591,.T.);
#7591 = EDGE_CURVE('',#7584,#7592,#7594,.T.);
#7592 = VERTEX_POINT('',#7593);
#7593 = CARTESIAN_POINT('',(-3.033214285714,28.75,10.));
#7594 = LINE('',#7595,#7596);
#7595 = CARTESIAN_POINT('',(-4.479642857143,31.621071428571,10.));
#7596 = VECTOR('',#7597,1.);
#7597 = DIRECTION('',(0.449922184078,-0.89306776242,0.));
#7598 = ORIENTED_EDGE('',*,*,#7599,.T.);
#7599 = EDGE_CURVE('',#7592,#7600,#7602,.T.);
#7600 = VERTEX_POINT('',#7601);
#7601 = CARTESIAN_POINT('',(-4.768928571429,28.75,10.));
#7602 = LINE('',#7603,#7604);
#7603 = CARTESIAN_POINT('',(-3.033214285714,28.75,10.));
#7604 = VECTOR('',#7605,1.);
#7605 = DIRECTION('',(-1.,0.,0.));
#7606 = ORIENTED_EDGE('',*,*,#7607,.T.);
#7607 = EDGE_CURVE('',#7600,#7608,#7610,.T.);
#7608 = VERTEX_POINT('',#7609);
#7609 = CARTESIAN_POINT('',(-5.733214285714,30.765357142857,10.));
#7610 = LINE('',#7611,#7612);
#7611 = CARTESIAN_POINT('',(-4.768928571429,28.75,10.));
#7612 = VECTOR('',#7613,1.);
#7613 = DIRECTION('',(-0.431608214028,0.902061167318,0.));
#7614 = ORIENTED_EDGE('',*,*,#7615,.T.);
#7615 = EDGE_CURVE('',#7608,#7616,#7618,.T.);
#7616 = VERTEX_POINT('',#7617);
#7617 = CARTESIAN_POINT('',(-5.845714285714,31.000714285714,10.));
#7618 = B_SPLINE_CURVE_WITH_KNOTS('',2,(#7619,#7620,#7621),
  .UNSPECIFIED.,.F.,.F.,(3,3),(0.,1.),.PIECEWISE_BEZIER_KNOTS.);
#7619 = CARTESIAN_POINT('',(-5.733214285714,30.765357142857,10.));
#7620 = CARTESIAN_POINT('',(-5.776071428571,30.851071428571,10.));
#7621 = CARTESIAN_POINT('',(-5.845714285714,31.000714285714,10.));
#7622 = ORIENTED_EDGE('',*,*,#7623,.T.);
#7623 = EDGE_CURVE('',#7616,#7624,#7626,.T.);
#7624 = VERTEX_POINT('',#7625);
#7625 = CARTESIAN_POINT('',(-6.842142857143,31.904285714286,10.));
#7626 = B_SPLINE_CURVE_WITH_KNOTS('',2,(#7627,#7628,#7629),
  .UNSPECIFIED.,.F.,.F.,(3,3),(0.,1.),.PIECEWISE_BEZIER_KNOTS.);
#7627 = CARTESIAN_POINT('',(-5.845714285714,31.000714285714,10.));
#7628 = CARTESIAN_POINT('',(-6.268928571429,31.904285714286,10.));
#7629 = CARTESIAN_POINT('',(-6.842142857143,31.904285714286,10.));
#7630 = ORIENTED_EDGE('',*,*,#7631,.T.);
#7631 = EDGE_CURVE('',#7624,#7632,#7634,.T.);
#7632 = VERTEX_POINT('',#7633);
#7633 = CARTESIAN_POINT('',(-7.345714285714,31.904285714286,10.));
#7634 = LINE('',#7635,#7636);
#7635 = CARTESIAN_POINT('',(-6.842142857143,31.904285714286,10.));
#7636 = VECTOR('',#7637,1.);
#7637 = DIRECTION('',(-1.,0.,0.));
#7638 = ORIENTED_EDGE('',*,*,#7639,.T.);
#7639 = EDGE_CURVE('',#7632,#7640,#7642,.T.);
#7640 = VERTEX_POINT('',#7641);
#7641 = CARTESIAN_POINT('',(-7.345714285714,28.75,10.));
#7642 = LINE('',#7643,#7644);
#7643 = CARTESIAN_POINT('',(-7.345714285714,31.904285714286,10.));
#7644 = VECTOR('',#7645,1.);
#7645 = DIRECTION('',(0.,-1.,0.));
#7646 = ORIENTED_EDGE('',*,*,#7647,.T.);
#7647 = EDGE_CURVE('',#7640,#7648,#7650,.T.);
#7648 = VERTEX_POINT('',#7649);
#7649 = CARTESIAN_POINT('',(-8.926071428571,28.75,10.));
#7650 = LINE('',#7651,#7652);
#7651 = CARTESIAN_POINT('',(-7.345714285714,28.75,10.));
#7652 = VECTOR('',#7653,1.);
#7653 = DIRECTION('',(-1.,0.,0.));
#7654 = ORIENTED_EDGE('',*,*,#7655,.T.);
#7655 = EDGE_CURVE('',#7648,#7656,#7658,.T.);
#7656 = VERTEX_POINT('',#7657);
#7657 = CARTESIAN_POINT('',(-8.926071428571,36.75,10.));
#7658 = LINE('',#7659,#7660);
#7659 = CARTESIAN_POINT('',(-8.926071428571,28.75,10.));
#7660 = VECTOR('',#7661,1.);
#7661 = DIRECTION('',(0.,1.,0.));
#7662 = ORIENTED_EDGE('',*,*,#7663,.T.);
#7663 = EDGE_CURVE('',#7656,#7664,#7666,.T.);
#7664 = VERTEX_POINT('',#7665);
#7665 = CARTESIAN_POINT('',(-6.643928571429,36.75,10.));
#7666 = LINE('',#7667,#7668);
#7667 = CARTESIAN_POINT('',(-8.926071428571,36.75,10.));
#7668 = VECTOR('',#7669,1.);
#7669 = DIRECTION('',(1.,0.,0.));
#7670 = ORIENTED_EDGE('',*,*,#7671,.T.);
#7671 = EDGE_CURVE('',#7664,#7672,#7674,.T.);
#7672 = VERTEX_POINT('',#7673);
#7673 = CARTESIAN_POINT('',(-4.428928571429,36.202142857143,10.));
#7674 = B_SPLINE_CURVE_WITH_KNOTS('',2,(#7675,#7676,#7677),
  .UNSPECIFIED.,.F.,.F.,(3,3),(0.,1.),.PIECEWISE_BEZIER_KNOTS.);
#7675 = CARTESIAN_POINT('',(-6.643928571429,36.75,10.));
#7676 = CARTESIAN_POINT('',(-5.101071428571,36.75,10.));
#7677 = CARTESIAN_POINT('',(-4.428928571429,36.202142857143,10.));
#7678 = ORIENTED_EDGE('',*,*,#7679,.T.);
#7679 = EDGE_CURVE('',#7672,#7680,#7682,.T.);
#7680 = VERTEX_POINT('',#7681);
#7681 = CARTESIAN_POINT('',(-3.756428571429,34.419642857143,10.));
#7682 = B_SPLINE_CURVE_WITH_KNOTS('',2,(#7683,#7684,#7685),
  .UNSPECIFIED.,.F.,.F.,(3,3),(0.,1.),.PIECEWISE_BEZIER_KNOTS.);
#7683 = CARTESIAN_POINT('',(-4.428928571429,36.202142857143,10.));
#7684 = CARTESIAN_POINT('',(-3.756428571429,35.654642857143,10.));
#7685 = CARTESIAN_POINT('',(-3.756428571429,34.419642857143,10.));
#7686 = ORIENTED_EDGE('',*,*,#7687,.T.);
#7687 = EDGE_CURVE('',#7680,#7566,#7688,.T.);
#7688 = B_SPLINE_CURVE_WITH_KNOTS('',2,(#7689,#7690,#7691),
  .UNSPECIFIED.,.F.,.F.,(3,3),(0.,1.),.PIECEWISE_BEZIER_KNOTS.);
#7689 = CARTESIAN_POINT('',(-3.756428571429,34.419642857143,10.));
#7690 = CARTESIAN_POINT('',(-3.756428571429,33.592857142857,10.));
#7691 = CARTESIAN_POINT('',(-4.158214285714,33.104285714286,10.));
#7692 = FACE_BOUND('',#7693,.T.);
#7693 = EDGE_LOOP('',(#7694,#7704,#7712,#7720,#7728,#7736,#7744,#7752,
    #7760,#7768));
#7694 = ORIENTED_EDGE('',*,*,#7695,.T.);
#7695 = EDGE_CURVE('',#7696,#7698,#7700,.T.);
#7696 = VERTEX_POINT('',#7697);
#7697 = CARTESIAN_POINT('',(-2.395357142857,28.75,10.));
#7698 = VERTEX_POINT('',#7699);
#7699 = CARTESIAN_POINT('',(-2.395357142857,36.75,10.));
#7700 = LINE('',#7701,#7702);
#7701 = CARTESIAN_POINT('',(-2.395357142857,28.75,10.));
#7702 = VECTOR('',#7703,1.);
#7703 = DIRECTION('',(0.,1.,0.));
#7704 = ORIENTED_EDGE('',*,*,#7705,.T.);
#7705 = EDGE_CURVE('',#7698,#7706,#7708,.T.);
#7706 = VERTEX_POINT('',#7707);
#7707 = CARTESIAN_POINT('',(-0.697142857143,36.75,10.));
#7708 = LINE('',#7709,#7710);
#7709 = CARTESIAN_POINT('',(-2.395357142857,36.75,10.));
#7710 = VECTOR('',#7711,1.);
#7711 = DIRECTION('',(1.,0.,0.));
#7712 = ORIENTED_EDGE('',*,*,#7713,.T.);
#7713 = EDGE_CURVE('',#7706,#7714,#7716,.T.);
#7714 = VERTEX_POINT('',#7715);
#7715 = CARTESIAN_POINT('',(1.531428571429,30.936071428571,10.));
#7716 = LINE('',#7717,#7718);
#7717 = CARTESIAN_POINT('',(-0.697142857143,36.75,10.));
#7718 = VECTOR('',#7719,1.);
#7719 = DIRECTION('',(0.357921841948,-0.933751548891,0.));
#7720 = ORIENTED_EDGE('',*,*,#7721,.T.);
#7721 = EDGE_CURVE('',#7714,#7722,#7724,.T.);
#7722 = VERTEX_POINT('',#7723);
#7723 = CARTESIAN_POINT('',(1.531428571429,36.75,10.));
#7724 = LINE('',#7725,#7726);
#7725 = CARTESIAN_POINT('',(1.531428571429,30.936071428571,10.));
#7726 = VECTOR('',#7727,1.);
#7727 = DIRECTION('',(0.,1.,0.));
#7728 = ORIENTED_EDGE('',*,*,#7729,.T.);
#7729 = EDGE_CURVE('',#7722,#7730,#7732,.T.);
#7730 = VERTEX_POINT('',#7731);
#7731 = CARTESIAN_POINT('',(2.924285714286,36.75,10.));
#7732 = LINE('',#7733,#7734);
#7733 = CARTESIAN_POINT('',(1.531428571429,36.75,10.));
#7734 = VECTOR('',#7735,1.);
#7735 = DIRECTION('',(1.,0.,0.));
#7736 = ORIENTED_EDGE('',*,*,#7737,.T.);
#7737 = EDGE_CURVE('',#7730,#7738,#7740,.T.);
#7738 = VERTEX_POINT('',#7739);
#7739 = CARTESIAN_POINT('',(2.924285714286,28.75,10.));
#7740 = LINE('',#7741,#7742);
#7741 = CARTESIAN_POINT('',(2.924285714286,36.75,10.));
#7742 = VECTOR('',#7743,1.);
#7743 = DIRECTION('',(0.,-1.,0.));
#7744 = ORIENTED_EDGE('',*,*,#7745,.T.);
#7745 = EDGE_CURVE('',#7738,#7746,#7748,.T.);
#7746 = VERTEX_POINT('',#7747);
#7747 = CARTESIAN_POINT('',(1.236785714286,28.75,10.));
#7748 = LINE('',#7749,#7750);
#7749 = CARTESIAN_POINT('',(2.924285714286,28.75,10.));
#7750 = VECTOR('',#7751,1.);
#7751 = DIRECTION('',(-1.,0.,0.));
#7752 = ORIENTED_EDGE('',*,*,#7753,.T.);
#7753 = EDGE_CURVE('',#7746,#7754,#7756,.T.);
#7754 = VERTEX_POINT('',#7755);
#7755 = CARTESIAN_POINT('',(-1.0025,34.563928571429,10.));
#7756 = LINE('',#7757,#7758);
#7757 = CARTESIAN_POINT('',(1.236785714286,28.75,10.));
#7758 = VECTOR('',#7759,1.);
#7759 = DIRECTION('',(-0.359420787632,0.933175598383,0.));
#7760 = ORIENTED_EDGE('',*,*,#7761,.T.);
#7761 = EDGE_CURVE('',#7754,#7762,#7764,.T.);
#7762 = VERTEX_POINT('',#7763);
#7763 = CARTESIAN_POINT('',(-1.0025,28.75,10.));
#7764 = LINE('',#7765,#7766);
#7765 = CARTESIAN_POINT('',(-1.0025,34.563928571429,10.));
#7766 = VECTOR('',#7767,1.);
#7767 = DIRECTION('',(0.,-1.,0.));
#7768 = ORIENTED_EDGE('',*,*,#7769,.T.);
#7769 = EDGE_CURVE('',#7762,#7696,#7770,.T.);
#7770 = LINE('',#7771,#7772);
#7771 = CARTESIAN_POINT('',(-1.0025,28.75,10.));
#7772 = VECTOR('',#7773,1.);
#7773 = DIRECTION('',(-1.,0.,0.));
#7774 = FACE_BOUND('',#7775,.T.);
#7775 = EDGE_LOOP('',(#7776,#7786,#7794,#7802,#7810,#7818,#7826,#7834,
    #7842,#7850,#7858,#7866));
#7776 = ORIENTED_EDGE('',*,*,#7777,.T.);
#7777 = EDGE_CURVE('',#7778,#7780,#7782,.T.);
#7778 = VERTEX_POINT('',#7779);
#7779 = CARTESIAN_POINT('',(6.085357142857,35.355714285714,10.));
#7780 = VERTEX_POINT('',#7781);
#7781 = CARTESIAN_POINT('',(4.494285714286,35.355714285714,10.));
#7782 = LINE('',#7783,#7784);
#7783 = CARTESIAN_POINT('',(6.085357142857,35.355714285714,10.));
#7784 = VECTOR('',#7785,1.);
#7785 = DIRECTION('',(-1.,0.,0.));
#7786 = ORIENTED_EDGE('',*,*,#7787,.T.);
#7787 = EDGE_CURVE('',#7780,#7788,#7790,.T.);
#7788 = VERTEX_POINT('',#7789);
#7789 = CARTESIAN_POINT('',(4.494285714286,36.75,10.));
#7790 = LINE('',#7791,#7792);
#7791 = CARTESIAN_POINT('',(4.494285714286,35.355714285714,10.));
#7792 = VECTOR('',#7793,1.);
#7793 = DIRECTION('',(0.,1.,0.));
#7794 = ORIENTED_EDGE('',*,*,#7795,.T.);
#7795 = EDGE_CURVE('',#7788,#7796,#7798,.T.);
#7796 = VERTEX_POINT('',#7797);
#7797 = CARTESIAN_POINT('',(9.256785714286,36.75,10.));
#7798 = LINE('',#7799,#7800);
#7799 = CARTESIAN_POINT('',(4.494285714286,36.75,10.));
#7800 = VECTOR('',#7801,1.);
#7801 = DIRECTION('',(1.,0.,0.));
#7802 = ORIENTED_EDGE('',*,*,#7803,.T.);
#7803 = EDGE_CURVE('',#7796,#7804,#7806,.T.);
#7804 = VERTEX_POINT('',#7805);
#7805 = CARTESIAN_POINT('',(9.256785714286,35.355714285714,10.));
#7806 = LINE('',#7807,#7808);
#7807 = CARTESIAN_POINT('',(9.256785714286,36.75,10.));
#7808 = VECTOR('',#7809,1.);
#7809 = DIRECTION('',(0.,-1.,0.));
#7810 = ORIENTED_EDGE('',*,*,#7811,.T.);
#7811 = EDGE_CURVE('',#7804,#7812,#7814,.T.);
#7812 = VERTEX_POINT('',#7813);
#7813 = CARTESIAN_POINT('',(7.665714285714,35.355714285714,10.));
#7814 = LINE('',#7815,#7816);
#7815 = CARTESIAN_POINT('',(9.256785714286,35.355714285714,10.));
#7816 = VECTOR('',#7817,1.);
#7817 = DIRECTION('',(-1.,0.,0.));
#7818 = ORIENTED_EDGE('',*,*,#7819,.T.);
#7819 = EDGE_CURVE('',#7812,#7820,#7822,.T.);
#7820 = VERTEX_POINT('',#7821);
#7821 = CARTESIAN_POINT('',(7.665714285714,30.144285714286,10.));
#7822 = LINE('',#7823,#7824);
#7823 = CARTESIAN_POINT('',(7.665714285714,35.355714285714,10.));
#7824 = VECTOR('',#7825,1.);
#7825 = DIRECTION('',(0.,-1.,0.));
#7826 = ORIENTED_EDGE('',*,*,#7827,.T.);
#7827 = EDGE_CURVE('',#7820,#7828,#7830,.T.);
#7828 = VERTEX_POINT('',#7829);
#7829 = CARTESIAN_POINT('',(9.256785714286,30.144285714286,10.));
#7830 = LINE('',#7831,#7832);
#7831 = CARTESIAN_POINT('',(7.665714285714,30.144285714286,10.));
#7832 = VECTOR('',#7833,1.);
#7833 = DIRECTION('',(1.,0.,0.));
#7834 = ORIENTED_EDGE('',*,*,#7835,.T.);
#7835 = EDGE_CURVE('',#7828,#7836,#7838,.T.);
#7836 = VERTEX_POINT('',#7837);
#7837 = CARTESIAN_POINT('',(9.256785714286,28.75,10.));
#7838 = LINE('',#7839,#7840);
#7839 = CARTESIAN_POINT('',(9.256785714286,30.144285714286,10.));
#7840 = VECTOR('',#7841,1.);
#7841 = DIRECTION('',(0.,-1.,0.));
#7842 = ORIENTED_EDGE('',*,*,#7843,.T.);
#7843 = EDGE_CURVE('',#7836,#7844,#7846,.T.);
#7844 = VERTEX_POINT('',#7845);
#7845 = CARTESIAN_POINT('',(4.494285714286,28.75,10.));
#7846 = LINE('',#7847,#7848);
#7847 = CARTESIAN_POINT('',(9.256785714286,28.75,10.));
#7848 = VECTOR('',#7849,1.);
#7849 = DIRECTION('',(-1.,0.,0.));
#7850 = ORIENTED_EDGE('',*,*,#7851,.T.);
#7851 = EDGE_CURVE('',#7844,#7852,#7854,.T.);
#7852 = VERTEX_POINT('',#7853);
#7853 = CARTESIAN_POINT('',(4.494285714286,30.144285714286,10.));
#7854 = LINE('',#7855,#7856);
#7855 = CARTESIAN_POINT('',(4.494285714286,28.75,10.));
#7856 = VECTOR('',#7857,1.);
#7857 = DIRECTION('',(0.,1.,0.));
#7858 = ORIENTED_EDGE('',*,*,#7859,.T.);
#7859 = EDGE_CURVE('',#7852,#7860,#7862,.T.);
#7860 = VERTEX_POINT('',#7861);
#7861 = CARTESIAN_POINT('',(6.085357142857,30.144285714286,10.));
#7862 = LINE('',#7863,#7864);
#7863 = CARTESIAN_POINT('',(4.494285714286,30.144285714286,10.));
#7864 = VECTOR('',#7865,1.);
#7865 = DIRECTION('',(1.,0.,0.));
#7866 = ORIENTED_EDGE('',*,*,#7867,.T.);
#7867 = EDGE_CURVE('',#7860,#7778,#7868,.T.);
#7868 = LINE('',#7869,#7870);
#7869 = CARTESIAN_POINT('',(6.085357142857,30.144285714286,10.));
#7870 = VECTOR('',#7871,1.);
#7871 = DIRECTION('',(0.,1.,0.));
#7872 = FACE_BOUND('',#7873,.T.);
#7873 = EDGE_LOOP('',(#7874,#7884,#7892,#7900,#7908,#7916,#7924,#7932,
    #7940,#7948));
#7874 = ORIENTED_EDGE('',*,*,#7875,.T.);
#7875 = EDGE_CURVE('',#7876,#7878,#7880,.T.);
#7876 = VERTEX_POINT('',#7877);
#7877 = CARTESIAN_POINT('',(10.816071428571,28.75,10.));
#7878 = VERTEX_POINT('',#7879);
#7879 = CARTESIAN_POINT('',(10.816071428571,36.75,10.));
#7880 = LINE('',#7881,#7882);
#7881 = CARTESIAN_POINT('',(10.816071428571,28.75,10.));
#7882 = VECTOR('',#7883,1.);
#7883 = DIRECTION('',(0.,1.,0.));
#7884 = ORIENTED_EDGE('',*,*,#7885,.T.);
#7885 = EDGE_CURVE('',#7878,#7886,#7888,.T.);
#7886 = VERTEX_POINT('',#7887);
#7887 = CARTESIAN_POINT('',(12.514285714286,36.75,10.));
#7888 = LINE('',#7889,#7890);
#7889 = CARTESIAN_POINT('',(10.816071428571,36.75,10.));
#7890 = VECTOR('',#7891,1.);
#7891 = DIRECTION('',(1.,0.,0.));
#7892 = ORIENTED_EDGE('',*,*,#7893,.T.);
#7893 = EDGE_CURVE('',#7886,#7894,#7896,.T.);
#7894 = VERTEX_POINT('',#7895);
#7895 = CARTESIAN_POINT('',(14.742857142857,30.936071428571,10.));
#7896 = LINE('',#7897,#7898);
#7897 = CARTESIAN_POINT('',(12.514285714286,36.75,10.));
#7898 = VECTOR('',#7899,1.);
#7899 = DIRECTION('',(0.357921841948,-0.933751548891,0.));
#7900 = ORIENTED_EDGE('',*,*,#7901,.T.);
#7901 = EDGE_CURVE('',#7894,#7902,#7904,.T.);
#7902 = VERTEX_POINT('',#7903);
#7903 = CARTESIAN_POINT('',(14.742857142857,36.75,10.));
#7904 = LINE('',#7905,#7906);
#7905 = CARTESIAN_POINT('',(14.742857142857,30.936071428571,10.));
#7906 = VECTOR('',#7907,1.);
#7907 = DIRECTION('',(0.,1.,0.));
#7908 = ORIENTED_EDGE('',*,*,#7909,.T.);
#7909 = EDGE_CURVE('',#7902,#7910,#7912,.T.);
#7910 = VERTEX_POINT('',#7911);
#7911 = CARTESIAN_POINT('',(16.135714285714,36.75,10.));
#7912 = LINE('',#7913,#7914);
#7913 = CARTESIAN_POINT('',(14.742857142857,36.75,10.));
#7914 = VECTOR('',#7915,1.);
#7915 = DIRECTION('',(1.,0.,0.));
#7916 = ORIENTED_EDGE('',*,*,#7917,.T.);
#7917 = EDGE_CURVE('',#7910,#7918,#7920,.T.);
#7918 = VERTEX_POINT('',#7919);
#7919 = CARTESIAN_POINT('',(16.135714285714,28.75,10.));
#7920 = LINE('',#7921,#7922);
#7921 = CARTESIAN_POINT('',(16.135714285714,36.75,10.));
#7922 = VECTOR('',#7923,1.);
#7923 = DIRECTION('',(0.,-1.,0.));
#7924 = ORIENTED_EDGE('',*,*,#7925,.T.);
#7925 = EDGE_CURVE('',#7918,#7926,#7928,.T.);
#7926 = VERTEX_POINT('',#7927);
#7927 = CARTESIAN_POINT('',(14.448214285714,28.75,10.));
#7928 = LINE('',#7929,#7930);
#7929 = CARTESIAN_POINT('',(16.135714285714,28.75,10.));
#7930 = VECTOR('',#7931,1.);
#7931 = DIRECTION('',(-1.,0.,0.));
#7932 = ORIENTED_EDGE('',*,*,#7933,.T.);
#7933 = EDGE_CURVE('',#7926,#7934,#7936,.T.);
#7934 = VERTEX_POINT('',#7935);
#7935 = CARTESIAN_POINT('',(12.208928571429,34.563928571429,10.));
#7936 = LINE('',#7937,#7938);
#7937 = CARTESIAN_POINT('',(14.448214285714,28.75,10.));
#7938 = VECTOR('',#7939,1.);
#7939 = DIRECTION('',(-0.359420787632,0.933175598383,0.));
#7940 = ORIENTED_EDGE('',*,*,#7941,.T.);
#7941 = EDGE_CURVE('',#7934,#7942,#7944,.T.);
#7942 = VERTEX_POINT('',#7943);
#7943 = CARTESIAN_POINT('',(12.208928571429,28.75,10.));
#7944 = LINE('',#7945,#7946);
#7945 = CARTESIAN_POINT('',(12.208928571429,34.563928571429,10.));
#7946 = VECTOR('',#7947,1.);
#7947 = DIRECTION('',(0.,-1.,0.));
#7948 = ORIENTED_EDGE('',*,*,#7949,.T.);
#7949 = EDGE_CURVE('',#7942,#7876,#7950,.T.);
#7950 = LINE('',#7951,#7952);
#7951 = CARTESIAN_POINT('',(12.208928571429,28.75,10.));
#7952 = VECTOR('',#7953,1.);
#7953 = DIRECTION('',(-1.,0.,0.));
#7954 = FACE_BOUND('',#7955,.T.);
#7955 = EDGE_LOOP('',(#7956,#7966,#7974,#7982,#7990,#7998,#8006,#8014,
    #8022,#8030,#8038,#8046,#8054,#8062,#8070,#8078,#8086,#8094,#8102,
    #8110,#8118,#8126));
#7956 = ORIENTED_EDGE('',*,*,#7957,.T.);
#7957 = EDGE_CURVE('',#7958,#7960,#7962,.T.);
#7958 = VERTEX_POINT('',#7959);
#7959 = CARTESIAN_POINT('',(21.161071428571,30.052857142857,10.));
#7960 = VERTEX_POINT('',#7961);
#7961 = CARTESIAN_POINT('',(21.455714285714,30.19,10.));
#7962 = B_SPLINE_CURVE_WITH_KNOTS('',2,(#7963,#7964,#7965),
  .UNSPECIFIED.,.F.,.F.,(3,3),(0.,1.),.PIECEWISE_BEZIER_KNOTS.);
#7963 = CARTESIAN_POINT('',(21.161071428571,30.052857142857,10.));
#7964 = CARTESIAN_POINT('',(21.343214285714,30.098571428571,10.));
#7965 = CARTESIAN_POINT('',(21.455714285714,30.19,10.));
#7966 = ORIENTED_EDGE('',*,*,#7967,.T.);
#7967 = EDGE_CURVE('',#7960,#7968,#7970,.T.);
#7968 = VERTEX_POINT('',#7969);
#7969 = CARTESIAN_POINT('',(21.455714285714,31.721428571429,10.));
#7970 = LINE('',#7971,#7972);
#7971 = CARTESIAN_POINT('',(21.455714285714,30.19,10.));
#7972 = VECTOR('',#7973,1.);
#7973 = DIRECTION('',(0.,1.,0.));
#7974 = ORIENTED_EDGE('',*,*,#7975,.T.);
#7975 = EDGE_CURVE('',#7968,#7976,#7978,.T.);
#7976 = VERTEX_POINT('',#7977);
#7977 = CARTESIAN_POINT('',(20.373571428571,31.721428571429,10.));
#7978 = LINE('',#7979,#7980);
#7979 = CARTESIAN_POINT('',(21.455714285714,31.721428571429,10.));
#7980 = VECTOR('',#7981,1.);
#7981 = DIRECTION('',(-1.,0.,0.));
#7982 = ORIENTED_EDGE('',*,*,#7983,.T.);
#7983 = EDGE_CURVE('',#7976,#7984,#7986,.T.);
#7984 = VERTEX_POINT('',#7985);
#7985 = CARTESIAN_POINT('',(20.373571428571,33.047142857143,10.));
#7986 = LINE('',#7987,#7988);
#7987 = CARTESIAN_POINT('',(20.373571428571,31.721428571429,10.));
#7988 = VECTOR('',#7989,1.);
#7989 = DIRECTION('',(0.,1.,0.));
#7990 = ORIENTED_EDGE('',*,*,#7991,.T.);
#7991 = EDGE_CURVE('',#7984,#7992,#7994,.T.);
#7992 = VERTEX_POINT('',#7993);
#7993 = CARTESIAN_POINT('',(22.837857142857,33.047142857143,10.));
#7994 = LINE('',#7995,#7996);
#7995 = CARTESIAN_POINT('',(20.373571428571,33.047142857143,10.));
#7996 = VECTOR('',#7997,1.);
#7997 = DIRECTION('',(1.,0.,0.));
#7998 = ORIENTED_EDGE('',*,*,#7999,.T.);
#7999 = EDGE_CURVE('',#7992,#8000,#8002,.T.);
#8000 = VERTEX_POINT('',#8001);
#8001 = CARTESIAN_POINT('',(22.837857142857,29.381428571429,10.));
#8002 = LINE('',#8003,#8004);
#8003 = CARTESIAN_POINT('',(22.837857142857,33.047142857143,10.));
#8004 = VECTOR('',#8005,1.);
#8005 = DIRECTION('',(0.,-1.,0.));
#8006 = ORIENTED_EDGE('',*,*,#8007,.T.);
#8007 = EDGE_CURVE('',#8000,#8008,#8010,.T.);
#8008 = VERTEX_POINT('',#8009);
#8009 = CARTESIAN_POINT('',(21.833214285714,28.790357142857,10.));
#8010 = B_SPLINE_CURVE_WITH_KNOTS('',2,(#8011,#8012,#8013),
  .UNSPECIFIED.,.F.,.F.,(3,3),(0.,1.),.PIECEWISE_BEZIER_KNOTS.);
#8011 = CARTESIAN_POINT('',(22.837857142857,29.381428571429,10.));
#8012 = CARTESIAN_POINT('',(22.3825,28.991071428571,10.));
#8013 = CARTESIAN_POINT('',(21.833214285714,28.790357142857,10.));
#8014 = ORIENTED_EDGE('',*,*,#8015,.T.);
#8015 = EDGE_CURVE('',#8008,#8016,#8018,.T.);
#8016 = VERTEX_POINT('',#8017);
#8017 = CARTESIAN_POINT('',(20.6575,28.59,10.));
#8018 = B_SPLINE_CURVE_WITH_KNOTS('',2,(#8019,#8020,#8021),
  .UNSPECIFIED.,.F.,.F.,(3,3),(0.,1.),.PIECEWISE_BEZIER_KNOTS.);
#8019 = CARTESIAN_POINT('',(21.833214285714,28.790357142857,10.));
#8020 = CARTESIAN_POINT('',(21.284285714286,28.59,10.));
#8021 = CARTESIAN_POINT('',(20.6575,28.59,10.));
#8022 = ORIENTED_EDGE('',*,*,#8023,.T.);
#8023 = EDGE_CURVE('',#8016,#8024,#8026,.T.);
#8024 = VERTEX_POINT('',#8025);
#8025 = CARTESIAN_POINT('',(18.2575,29.669285714286,10.));
#8026 = B_SPLINE_CURVE_WITH_KNOTS('',2,(#8027,#8028,#8029),
  .UNSPECIFIED.,.F.,.F.,(3,3),(0.,1.),.PIECEWISE_BEZIER_KNOTS.);
#8027 = CARTESIAN_POINT('',(20.6575,28.59,10.));
#8028 = CARTESIAN_POINT('',(19.103928571429,28.59,10.));
#8029 = CARTESIAN_POINT('',(18.2575,29.669285714286,10.));
#8030 = ORIENTED_EDGE('',*,*,#8031,.T.);
#8031 = EDGE_CURVE('',#8024,#8032,#8034,.T.);
#8032 = VERTEX_POINT('',#8033);
#8033 = CARTESIAN_POINT('',(17.411071428571,32.736071428571,10.));
#8034 = B_SPLINE_CURVE_WITH_KNOTS('',2,(#8035,#8036,#8037),
  .UNSPECIFIED.,.F.,.F.,(3,3),(0.,1.),.PIECEWISE_BEZIER_KNOTS.);
#8035 = CARTESIAN_POINT('',(18.2575,29.669285714286,10.));
#8036 = CARTESIAN_POINT('',(17.411071428571,30.748571428571,10.));
#8037 = CARTESIAN_POINT('',(17.411071428571,32.736071428571,10.));
#8038 = ORIENTED_EDGE('',*,*,#8039,.T.);
#8039 = EDGE_CURVE('',#8032,#8040,#8042,.T.);
#8040 = VERTEX_POINT('',#8041);
#8041 = CARTESIAN_POINT('',(18.265357142857,35.821071428571,10.));
#8042 = B_SPLINE_CURVE_WITH_KNOTS('',2,(#8043,#8044,#8045),
  .UNSPECIFIED.,.F.,.F.,(3,3),(0.,1.),.PIECEWISE_BEZIER_KNOTS.);
#8043 = CARTESIAN_POINT('',(17.411071428571,32.736071428571,10.));
#8044 = CARTESIAN_POINT('',(17.411071428571,34.755357142857,10.));
#8045 = CARTESIAN_POINT('',(18.265357142857,35.821071428571,10.));
#8046 = ORIENTED_EDGE('',*,*,#8047,.T.);
#8047 = EDGE_CURVE('',#8040,#8048,#8050,.T.);
#8048 = VERTEX_POINT('',#8049);
#8049 = CARTESIAN_POINT('',(20.7325,36.887142857143,10.));
#8050 = B_SPLINE_CURVE_WITH_KNOTS('',2,(#8051,#8052,#8053),
  .UNSPECIFIED.,.F.,.F.,(3,3),(0.,1.),.PIECEWISE_BEZIER_KNOTS.);
#8051 = CARTESIAN_POINT('',(18.265357142857,35.821071428571,10.));
#8052 = CARTESIAN_POINT('',(19.12,36.887142857143,10.));
#8053 = CARTESIAN_POINT('',(20.7325,36.887142857143,10.));
#8054 = ORIENTED_EDGE('',*,*,#8055,.T.);
#8055 = EDGE_CURVE('',#8048,#8056,#8058,.T.);
#8056 = VERTEX_POINT('',#8057);
#8057 = CARTESIAN_POINT('',(21.680714285714,36.751785714286,10.));
#8058 = B_SPLINE_CURVE_WITH_KNOTS('',2,(#8059,#8060,#8061),
  .UNSPECIFIED.,.F.,.F.,(3,3),(0.,1.),.PIECEWISE_BEZIER_KNOTS.);
#8059 = CARTESIAN_POINT('',(20.7325,36.887142857143,10.));
#8060 = CARTESIAN_POINT('',(21.214642857143,36.887142857143,10.));
#8061 = CARTESIAN_POINT('',(21.680714285714,36.751785714286,10.));
#8062 = ORIENTED_EDGE('',*,*,#8063,.T.);
#8063 = EDGE_CURVE('',#8056,#8064,#8066,.T.);
#8064 = VERTEX_POINT('',#8065);
#8065 = CARTESIAN_POINT('',(22.553928571429,36.361428571429,10.));
#8066 = B_SPLINE_CURVE_WITH_KNOTS('',2,(#8067,#8068,#8069),
  .UNSPECIFIED.,.F.,.F.,(3,3),(0.,1.),.PIECEWISE_BEZIER_KNOTS.);
#8067 = CARTESIAN_POINT('',(21.680714285714,36.751785714286,10.));
#8068 = CARTESIAN_POINT('',(22.146785714286,36.616428571429,10.));
#8069 = CARTESIAN_POINT('',(22.553928571429,36.361428571429,10.));
#8070 = ORIENTED_EDGE('',*,*,#8071,.T.);
#8071 = EDGE_CURVE('',#8064,#8072,#8074,.T.);
#8072 = VERTEX_POINT('',#8073);
#8073 = CARTESIAN_POINT('',(22.553928571429,34.601428571429,10.));
#8074 = LINE('',#8075,#8076);
#8075 = CARTESIAN_POINT('',(22.553928571429,36.361428571429,10.));
#8076 = VECTOR('',#8077,1.);
#8077 = DIRECTION('',(0.,-1.,0.));
#8078 = ORIENTED_EDGE('',*,*,#8079,.T.);
#8079 = EDGE_CURVE('',#8072,#8080,#8082,.T.);
#8080 = VERTEX_POINT('',#8081);
#8081 = CARTESIAN_POINT('',(21.790357142857,35.251428571429,10.));
#8082 = B_SPLINE_CURVE_WITH_KNOTS('',2,(#8083,#8084,#8085),
  .UNSPECIFIED.,.F.,.F.,(3,3),(0.,1.),.PIECEWISE_BEZIER_KNOTS.);
#8083 = CARTESIAN_POINT('',(22.553928571429,34.601428571429,10.));
#8084 = CARTESIAN_POINT('',(22.221785714286,35.032857142857,10.));
#8085 = CARTESIAN_POINT('',(21.790357142857,35.251428571429,10.));
#8086 = ORIENTED_EDGE('',*,*,#8087,.T.);
#8087 = EDGE_CURVE('',#8080,#8088,#8090,.T.);
#8088 = VERTEX_POINT('',#8089);
#8089 = CARTESIAN_POINT('',(20.845,35.47,10.));
#8090 = B_SPLINE_CURVE_WITH_KNOTS('',2,(#8091,#8092,#8093),
  .UNSPECIFIED.,.F.,.F.,(3,3),(0.,1.),.PIECEWISE_BEZIER_KNOTS.);
#8091 = CARTESIAN_POINT('',(21.790357142857,35.251428571429,10.));
#8092 = CARTESIAN_POINT('',(21.359285714286,35.47,10.));
#8093 = CARTESIAN_POINT('',(20.845,35.47,10.));
#8094 = ORIENTED_EDGE('',*,*,#8095,.T.);
#8095 = EDGE_CURVE('',#8088,#8096,#8098,.T.);
#8096 = VERTEX_POINT('',#8097);
#8097 = CARTESIAN_POINT('',(19.500357142857,34.791785714286,10.));
#8098 = B_SPLINE_CURVE_WITH_KNOTS('',2,(#8099,#8100,#8101),
  .UNSPECIFIED.,.F.,.F.,(3,3),(0.,1.),.PIECEWISE_BEZIER_KNOTS.);
#8099 = CARTESIAN_POINT('',(20.845,35.47,10.));
#8100 = CARTESIAN_POINT('',(19.945,35.47,10.));
#8101 = CARTESIAN_POINT('',(19.500357142857,34.791785714286,10.));
#8102 = ORIENTED_EDGE('',*,*,#8103,.T.);
#8103 = EDGE_CURVE('',#8096,#8104,#8106,.T.);
#8104 = VERTEX_POINT('',#8105);
#8105 = CARTESIAN_POINT('',(19.055714285714,32.735714285714,10.));
#8106 = B_SPLINE_CURVE_WITH_KNOTS('',2,(#8107,#8108,#8109),
  .UNSPECIFIED.,.F.,.F.,(3,3),(0.,1.),.PIECEWISE_BEZIER_KNOTS.);
#8107 = CARTESIAN_POINT('',(19.500357142857,34.791785714286,10.));
#8108 = CARTESIAN_POINT('',(19.055714285714,34.113571428571,10.));
#8109 = CARTESIAN_POINT('',(19.055714285714,32.735714285714,10.));
#8110 = ORIENTED_EDGE('',*,*,#8111,.T.);
#8111 = EDGE_CURVE('',#8104,#8112,#8114,.T.);
#8112 = VERTEX_POINT('',#8113);
#8113 = CARTESIAN_POINT('',(19.484285714286,30.703928571429,10.));
#8114 = B_SPLINE_CURVE_WITH_KNOTS('',2,(#8115,#8116,#8117),
  .UNSPECIFIED.,.F.,.F.,(3,3),(0.,1.),.PIECEWISE_BEZIER_KNOTS.);
#8115 = CARTESIAN_POINT('',(19.055714285714,32.735714285714,10.));
#8116 = CARTESIAN_POINT('',(19.055714285714,31.401071428571,10.));
#8117 = CARTESIAN_POINT('',(19.484285714286,30.703928571429,10.));
#8118 = ORIENTED_EDGE('',*,*,#8119,.T.);
#8119 = EDGE_CURVE('',#8112,#8120,#8122,.T.);
#8120 = VERTEX_POINT('',#8121);
#8121 = CARTESIAN_POINT('',(20.7325,30.007142857143,10.));
#8122 = B_SPLINE_CURVE_WITH_KNOTS('',2,(#8123,#8124,#8125),
  .UNSPECIFIED.,.F.,.F.,(3,3),(0.,1.),.PIECEWISE_BEZIER_KNOTS.);
#8123 = CARTESIAN_POINT('',(19.484285714286,30.703928571429,10.));
#8124 = CARTESIAN_POINT('',(19.912857142857,30.007142857143,10.));
#8125 = CARTESIAN_POINT('',(20.7325,30.007142857143,10.));
#8126 = ORIENTED_EDGE('',*,*,#8127,.T.);
#8127 = EDGE_CURVE('',#8120,#7958,#8128,.T.);
#8128 = B_SPLINE_CURVE_WITH_KNOTS('',2,(#8129,#8130,#8131),
  .UNSPECIFIED.,.F.,.F.,(3,3),(0.,1.),.PIECEWISE_BEZIER_KNOTS.);
#8129 = CARTESIAN_POINT('',(20.7325,30.007142857143,10.));
#8130 = CARTESIAN_POINT('',(20.978928571429,30.007142857143,10.));
#8131 = CARTESIAN_POINT('',(21.161071428571,30.052857142857,10.));
#8132 = PLANE('',#8133);
#8133 = AXIS2_PLACEMENT_3D('',#8134,#8135,#8136);
#8134 = CARTESIAN_POINT('',(2.53E-15,32.765,10.));
#8135 = DIRECTION('',(0.,0.,1.));
#8136 = DIRECTION('',(1.,0.,0.));
#8137 = ADVANCED_FACE('',(#8138),#8144,.F.);
#8138 = FACE_BOUND('',#8139,.F.);
#8139 = EDGE_LOOP('',(#8140,#8141,#8142,#8143));
#8140 = ORIENTED_EDGE('',*,*,#6601,.T.);
#8141 = ORIENTED_EDGE('',*,*,#7384,.T.);
#8142 = ORIENTED_EDGE('',*,*,#6561,.F.);
#8143 = ORIENTED_EDGE('',*,*,#6625,.F.);
#8144 = PLANE('',#8145);
#8145 = AXIS2_PLACEMENT_3D('',#8146,#8147,#8148);
#8146 = CARTESIAN_POINT('',(27.,26.,9.));
#8147 = DIRECTION('',(-1.,0.,0.));
#8148 = DIRECTION('',(0.,1.,0.));
#8149 = ADVANCED_FACE('',(#8150),#8166,.F.);
#8150 = FACE_BOUND('',#8151,.F.);
#8151 = EDGE_LOOP('',(#8152,#8158,#8159,#8165));
#8152 = ORIENTED_EDGE('',*,*,#8153,.T.);
#8153 = EDGE_CURVE('',#6635,#7394,#8154,.T.);
#8154 = LINE('',#8155,#8156);
#8155 = CARTESIAN_POINT('',(-21.86428571428,28.75,9.));
#8156 = VECTOR('',#8157,1.);
#8157 = DIRECTION('',(0.,0.,1.));
#8158 = ORIENTED_EDGE('',*,*,#7393,.T.);
#8159 = ORIENTED_EDGE('',*,*,#8160,.F.);
#8160 = EDGE_CURVE('',#6637,#7396,#8161,.T.);
#8161 = LINE('',#8162,#8163);
#8162 = CARTESIAN_POINT('',(-22.85,36.75,9.));
#8163 = VECTOR('',#8164,1.);
#8164 = DIRECTION('',(0.,0.,1.));
#8165 = ORIENTED_EDGE('',*,*,#6634,.F.);
#8166 = PLANE('',#8167);
#8167 = AXIS2_PLACEMENT_3D('',#8168,#8169,#8170);
#8168 = CARTESIAN_POINT('',(-21.86428571428,28.75,9.));
#8169 = DIRECTION('',(-0.992494472925,-0.122289497557,0.));
#8170 = DIRECTION('',(-0.122289497557,0.992494472925,0.));
#8171 = ADVANCED_FACE('',(#8172),#8183,.F.);
#8172 = FACE_BOUND('',#8173,.F.);
#8173 = EDGE_LOOP('',(#8174,#8180,#8181,#8182));
#8174 = ORIENTED_EDGE('',*,*,#8175,.T.);
#8175 = EDGE_CURVE('',#6725,#7484,#8176,.T.);
#8176 = LINE('',#8177,#8178);
#8177 = CARTESIAN_POINT('',(-20.40178571428,28.75,9.));
#8178 = VECTOR('',#8179,1.);
#8179 = DIRECTION('',(0.,0.,1.));
#8180 = ORIENTED_EDGE('',*,*,#7491,.T.);
#8181 = ORIENTED_EDGE('',*,*,#8153,.F.);
#8182 = ORIENTED_EDGE('',*,*,#6732,.F.);
#8183 = PLANE('',#8184);
#8184 = AXIS2_PLACEMENT_3D('',#8185,#8186,#8187);
#8185 = CARTESIAN_POINT('',(-20.40178571428,28.75,9.));
#8186 = DIRECTION('',(0.,-1.,0.));
#8187 = DIRECTION('',(-1.,0.,0.));
#8188 = ADVANCED_FACE('',(#8189),#8200,.F.);
#8189 = FACE_BOUND('',#8190,.F.);
#8190 = EDGE_LOOP('',(#8191,#8197,#8198,#8199));
#8191 = ORIENTED_EDGE('',*,*,#8192,.T.);
#8192 = EDGE_CURVE('',#6717,#7476,#8193,.T.);
#8193 = LINE('',#8194,#8195);
#8194 = CARTESIAN_POINT('',(-19.55,32.946428571429,9.));
#8195 = VECTOR('',#8196,1.);
#8196 = DIRECTION('',(0.,0.,1.));
#8197 = ORIENTED_EDGE('',*,*,#7483,.T.);
#8198 = ORIENTED_EDGE('',*,*,#8175,.F.);
#8199 = ORIENTED_EDGE('',*,*,#6724,.F.);
#8200 = PLANE('',#8201);
#8201 = AXIS2_PLACEMENT_3D('',#8202,#8203,#8204);
#8202 = CARTESIAN_POINT('',(-19.55,32.946428571429,9.));
#8203 = DIRECTION('',(0.980015274729,-0.198922249381,0.));
#8204 = DIRECTION('',(-0.198922249381,-0.980015274729,0.));
#8205 = ADVANCED_FACE('',(#8206),#8217,.F.);
#8206 = FACE_BOUND('',#8207,.F.);
#8207 = EDGE_LOOP('',(#8208,#8214,#8215,#8216));
#8208 = ORIENTED_EDGE('',*,*,#8209,.T.);
#8209 = EDGE_CURVE('',#6709,#7468,#8210,.T.);
#8210 = LINE('',#8211,#8212);
#8211 = CARTESIAN_POINT('',(-18.63928571428,28.75,9.));
#8212 = VECTOR('',#8213,1.);
#8213 = DIRECTION('',(0.,0.,1.));
#8214 = ORIENTED_EDGE('',*,*,#7475,.T.);
#8215 = ORIENTED_EDGE('',*,*,#8192,.F.);
#8216 = ORIENTED_EDGE('',*,*,#6716,.F.);
#8217 = PLANE('',#8218);
#8218 = AXIS2_PLACEMENT_3D('',#8219,#8220,#8221);
#8219 = CARTESIAN_POINT('',(-18.63928571428,28.75,9.));
#8220 = DIRECTION('',(-0.977251366391,-0.212084339089,0.));
#8221 = DIRECTION('',(-0.212084339089,0.977251366391,0.));
#8222 = ADVANCED_FACE('',(#8223),#8234,.F.);
#8223 = FACE_BOUND('',#8224,.F.);
#8224 = EDGE_LOOP('',(#8225,#8231,#8232,#8233));
#8225 = ORIENTED_EDGE('',*,*,#8226,.T.);
#8226 = EDGE_CURVE('',#6701,#7460,#8227,.T.);
#8227 = LINE('',#8228,#8229);
#8228 = CARTESIAN_POINT('',(-17.16607142857,28.75,9.));
#8229 = VECTOR('',#8230,1.);
#8230 = DIRECTION('',(0.,0.,1.));
#8231 = ORIENTED_EDGE('',*,*,#7467,.T.);
#8232 = ORIENTED_EDGE('',*,*,#8209,.F.);
#8233 = ORIENTED_EDGE('',*,*,#6708,.F.);
#8234 = PLANE('',#8235);
#8235 = AXIS2_PLACEMENT_3D('',#8236,#8237,#8238);
#8236 = CARTESIAN_POINT('',(-17.16607142857,28.75,9.));
#8237 = DIRECTION('',(0.,-1.,0.));
#8238 = DIRECTION('',(-1.,0.,0.));
#8239 = ADVANCED_FACE('',(#8240),#8251,.F.);
#8240 = FACE_BOUND('',#8241,.F.);
#8241 = EDGE_LOOP('',(#8242,#8248,#8249,#8250));
#8242 = ORIENTED_EDGE('',*,*,#8243,.T.);
#8243 = EDGE_CURVE('',#6693,#7452,#8244,.T.);
#8244 = LINE('',#8245,#8246);
#8245 = CARTESIAN_POINT('',(-16.24464285714,36.75,9.));
#8246 = VECTOR('',#8247,1.);
#8247 = DIRECTION('',(0.,0.,1.));
#8248 = ORIENTED_EDGE('',*,*,#7459,.T.);
#8249 = ORIENTED_EDGE('',*,*,#8226,.F.);
#8250 = ORIENTED_EDGE('',*,*,#6700,.F.);
#8251 = PLANE('',#8252);
#8252 = AXIS2_PLACEMENT_3D('',#8253,#8254,#8255);
#8253 = CARTESIAN_POINT('',(-16.24464285714,36.75,9.));
#8254 = DIRECTION('',(0.99343222318,-0.114422104277,0.));
#8255 = DIRECTION('',(-0.114422104277,-0.99343222318,0.));
#8256 = ADVANCED_FACE('',(#8257),#8268,.F.);
#8257 = FACE_BOUND('',#8258,.F.);
#8258 = EDGE_LOOP('',(#8259,#8265,#8266,#8267));
#8259 = ORIENTED_EDGE('',*,*,#8260,.T.);
#8260 = EDGE_CURVE('',#6685,#7444,#8261,.T.);
#8261 = LINE('',#8262,#8263);
#8262 = CARTESIAN_POINT('',(-17.6375,36.75,9.));
#8263 = VECTOR('',#8264,1.);
#8264 = DIRECTION('',(0.,0.,1.));
#8265 = ORIENTED_EDGE('',*,*,#7451,.T.);
#8266 = ORIENTED_EDGE('',*,*,#8243,.F.);
#8267 = ORIENTED_EDGE('',*,*,#6692,.F.);
#8268 = PLANE('',#8269);
#8269 = AXIS2_PLACEMENT_3D('',#8270,#8271,#8272);
#8270 = CARTESIAN_POINT('',(-17.6375,36.75,9.));
#8271 = DIRECTION('',(0.,1.,0.));
#8272 = DIRECTION('',(1.,0.,0.));
#8273 = ADVANCED_FACE('',(#8274),#8285,.F.);
#8274 = FACE_BOUND('',#8275,.F.);
#8275 = EDGE_LOOP('',(#8276,#8282,#8283,#8284));
#8276 = ORIENTED_EDGE('',*,*,#8277,.T.);
#8277 = EDGE_CURVE('',#6677,#7436,#8278,.T.);
#8278 = LINE('',#8279,#8280);
#8279 = CARTESIAN_POINT('',(-18.0875,30.875,9.));
#8280 = VECTOR('',#8281,1.);
#8281 = DIRECTION('',(0.,0.,1.));
#8282 = ORIENTED_EDGE('',*,*,#7443,.T.);
#8283 = ORIENTED_EDGE('',*,*,#8260,.F.);
#8284 = ORIENTED_EDGE('',*,*,#6684,.F.);
#8285 = PLANE('',#8286);
#8286 = AXIS2_PLACEMENT_3D('',#8287,#8288,#8289);
#8287 = CARTESIAN_POINT('',(-18.0875,30.875,9.));
#8288 = DIRECTION('',(-0.997079390893,7.637203845135E-02,0.));
#8289 = DIRECTION('',(7.637203845135E-02,0.997079390893,0.));
#8290 = ADVANCED_FACE('',(#8291),#8302,.F.);
#8291 = FACE_BOUND('',#8292,.F.);
#8292 = EDGE_LOOP('',(#8293,#8299,#8300,#8301));
#8293 = ORIENTED_EDGE('',*,*,#8294,.T.);
#8294 = EDGE_CURVE('',#6669,#7428,#8295,.T.);
#8295 = LINE('',#8296,#8297);
#8296 = CARTESIAN_POINT('',(-18.89107142857,34.67,9.));
#8297 = VECTOR('',#8298,1.);
#8298 = DIRECTION('',(0.,0.,1.));
#8299 = ORIENTED_EDGE('',*,*,#7435,.T.);
#8300 = ORIENTED_EDGE('',*,*,#8277,.F.);
#8301 = ORIENTED_EDGE('',*,*,#6676,.F.);
#8302 = PLANE('',#8303);
#8303 = AXIS2_PLACEMENT_3D('',#8304,#8305,#8306);
#8304 = CARTESIAN_POINT('',(-18.89107142857,34.67,9.));
#8305 = DIRECTION('',(0.978308815869,0.207151782016,0.));
#8306 = DIRECTION('',(0.207151782016,-0.978308815869,0.));
#8307 = ADVANCED_FACE('',(#8308),#8319,.F.);
#8308 = FACE_BOUND('',#8309,.F.);
#8309 = EDGE_LOOP('',(#8310,#8316,#8317,#8318));
#8310 = ORIENTED_EDGE('',*,*,#8311,.T.);
#8311 = EDGE_CURVE('',#6661,#7420,#8312,.T.);
#8312 = LINE('',#8313,#8314);
#8313 = CARTESIAN_POINT('',(-20.20357142857,34.67,9.));
#8314 = VECTOR('',#8315,1.);
#8315 = DIRECTION('',(0.,0.,1.));
#8316 = ORIENTED_EDGE('',*,*,#7427,.T.);
#8317 = ORIENTED_EDGE('',*,*,#8294,.F.);
#8318 = ORIENTED_EDGE('',*,*,#6668,.F.);
#8319 = PLANE('',#8320);
#8320 = AXIS2_PLACEMENT_3D('',#8321,#8322,#8323);
#8321 = CARTESIAN_POINT('',(-20.20357142857,34.67,9.));
#8322 = DIRECTION('',(0.,1.,0.));
#8323 = DIRECTION('',(1.,0.,0.));
#8324 = ADVANCED_FACE('',(#8325),#8336,.F.);
#8325 = FACE_BOUND('',#8326,.F.);
#8326 = EDGE_LOOP('',(#8327,#8333,#8334,#8335));
#8327 = ORIENTED_EDGE('',*,*,#8328,.T.);
#8328 = EDGE_CURVE('',#6653,#7412,#8329,.T.);
#8329 = LINE('',#8330,#8331);
#8330 = CARTESIAN_POINT('',(-20.89464285714,30.875,9.));
#8331 = VECTOR('',#8332,1.);
#8332 = DIRECTION('',(0.,0.,1.));
#8333 = ORIENTED_EDGE('',*,*,#7419,.T.);
#8334 = ORIENTED_EDGE('',*,*,#8311,.F.);
#8335 = ORIENTED_EDGE('',*,*,#6660,.F.);
#8336 = PLANE('',#8337);
#8337 = AXIS2_PLACEMENT_3D('',#8338,#8339,#8340);
#8338 = CARTESIAN_POINT('',(-20.89464285714,30.875,9.));
#8339 = DIRECTION('',(-0.983820987847,0.179154301852,0.));
#8340 = DIRECTION('',(0.179154301852,0.983820987847,0.));
#8341 = ADVANCED_FACE('',(#8342),#8353,.F.);
#8342 = FACE_BOUND('',#8343,.F.);
#8343 = EDGE_LOOP('',(#8344,#8350,#8351,#8352));
#8344 = ORIENTED_EDGE('',*,*,#8345,.T.);
#8345 = EDGE_CURVE('',#6645,#7404,#8346,.T.);
#8346 = LINE('',#8347,#8348);
#8347 = CARTESIAN_POINT('',(-21.46785714285,36.75,9.));
#8348 = VECTOR('',#8349,1.);
#8349 = DIRECTION('',(0.,0.,1.));
#8350 = ORIENTED_EDGE('',*,*,#7411,.T.);
#8351 = ORIENTED_EDGE('',*,*,#8328,.F.);
#8352 = ORIENTED_EDGE('',*,*,#6652,.F.);
#8353 = PLANE('',#8354);
#8354 = AXIS2_PLACEMENT_3D('',#8355,#8356,#8357);
#8355 = CARTESIAN_POINT('',(-21.46785714285,36.75,9.));
#8356 = DIRECTION('',(0.995273920841,9.710727312762E-02,0.));
#8357 = DIRECTION('',(9.710727312762E-02,-0.995273920841,0.));
#8358 = ADVANCED_FACE('',(#8359),#8365,.F.);
#8359 = FACE_BOUND('',#8360,.F.);
#8360 = EDGE_LOOP('',(#8361,#8362,#8363,#8364));
#8361 = ORIENTED_EDGE('',*,*,#8160,.T.);
#8362 = ORIENTED_EDGE('',*,*,#7403,.T.);
#8363 = ORIENTED_EDGE('',*,*,#8345,.F.);
#8364 = ORIENTED_EDGE('',*,*,#6644,.F.);
#8365 = PLANE('',#8366);
#8366 = AXIS2_PLACEMENT_3D('',#8367,#8368,#8369);
#8367 = CARTESIAN_POINT('',(-22.85,36.75,9.));
#8368 = DIRECTION('',(0.,1.,0.));
#8369 = DIRECTION('',(1.,0.,0.));
#8370 = ADVANCED_FACE('',(#8371),#8387,.F.);
#8371 = FACE_BOUND('',#8372,.F.);
#8372 = EDGE_LOOP('',(#8373,#8379,#8380,#8386));
#8373 = ORIENTED_EDGE('',*,*,#8374,.T.);
#8374 = EDGE_CURVE('',#6741,#7500,#8375,.T.);
#8375 = LINE('',#8376,#8377);
#8376 = CARTESIAN_POINT('',(-16.0675,28.75,9.));
#8377 = VECTOR('',#8378,1.);
#8378 = DIRECTION('',(0.,0.,1.));
#8379 = ORIENTED_EDGE('',*,*,#7499,.T.);
#8380 = ORIENTED_EDGE('',*,*,#8381,.F.);
#8381 = EDGE_CURVE('',#6743,#7502,#8382,.T.);
#8382 = LINE('',#8383,#8384);
#8383 = CARTESIAN_POINT('',(-13.90857142857,36.75,9.));
#8384 = VECTOR('',#8385,1.);
#8385 = DIRECTION('',(0.,0.,1.));
#8386 = ORIENTED_EDGE('',*,*,#6740,.F.);
#8387 = PLANE('',#8388);
#8388 = AXIS2_PLACEMENT_3D('',#8389,#8390,#8391);
#8389 = CARTESIAN_POINT('',(-16.0675,28.75,9.));
#8390 = DIRECTION('',(-0.965461614678,0.260545333068,0.));
#8391 = DIRECTION('',(0.260545333068,0.965461614678,0.));
#8392 = ADVANCED_FACE('',(#8393),#8404,.F.);
#8393 = FACE_BOUND('',#8394,.F.);
#8394 = EDGE_LOOP('',(#8395,#8401,#8402,#8403));
#8395 = ORIENTED_EDGE('',*,*,#8396,.T.);
#8396 = EDGE_CURVE('',#6791,#7550,#8397,.T.);
#8397 = LINE('',#8398,#8399);
#8398 = CARTESIAN_POINT('',(-14.48714285714,28.75,9.));
#8399 = VECTOR('',#8400,1.);
#8400 = DIRECTION('',(0.,0.,1.));
#8401 = ORIENTED_EDGE('',*,*,#7557,.T.);
#8402 = ORIENTED_EDGE('',*,*,#8374,.F.);
#8403 = ORIENTED_EDGE('',*,*,#6798,.F.);
#8404 = PLANE('',#8405);
#8405 = AXIS2_PLACEMENT_3D('',#8406,#8407,#8408);
#8406 = CARTESIAN_POINT('',(-14.48714285714,28.75,9.));
#8407 = DIRECTION('',(0.,-1.,0.));
#8408 = DIRECTION('',(-1.,0.,0.));
#8409 = ADVANCED_FACE('',(#8410),#8421,.F.);
#8410 = FACE_BOUND('',#8411,.F.);
#8411 = EDGE_LOOP('',(#8412,#8418,#8419,#8420));
#8412 = ORIENTED_EDGE('',*,*,#8413,.T.);
#8413 = EDGE_CURVE('',#6783,#7542,#8414,.T.);
#8414 = LINE('',#8415,#8416);
#8415 = CARTESIAN_POINT('',(-14.005,30.715714285714,9.));
#8416 = VECTOR('',#8417,1.);
#8417 = DIRECTION('',(0.,0.,1.));
#8418 = ORIENTED_EDGE('',*,*,#7549,.T.);
#8419 = ORIENTED_EDGE('',*,*,#8396,.F.);
#8420 = ORIENTED_EDGE('',*,*,#6790,.F.);
#8421 = PLANE('',#8422);
#8422 = AXIS2_PLACEMENT_3D('',#8423,#8424,#8425);
#8423 = CARTESIAN_POINT('',(-14.005,30.715714285714,9.));
#8424 = DIRECTION('',(0.971212384658,-0.238215246964,0.));
#8425 = DIRECTION('',(-0.238215246964,-0.971212384658,0.));
#8426 = ADVANCED_FACE('',(#8427),#8438,.F.);
#8427 = FACE_BOUND('',#8428,.F.);
#8428 = EDGE_LOOP('',(#8429,#8435,#8436,#8437));
#8429 = ORIENTED_EDGE('',*,*,#8430,.T.);
#8430 = EDGE_CURVE('',#6775,#7534,#8431,.T.);
#8431 = LINE('',#8432,#8433);
#8432 = CARTESIAN_POINT('',(-11.88892857142,30.715714285714,9.));
#8433 = VECTOR('',#8434,1.);
#8434 = DIRECTION('',(0.,0.,1.));
#8435 = ORIENTED_EDGE('',*,*,#7541,.T.);
#8436 = ORIENTED_EDGE('',*,*,#8413,.F.);
#8437 = ORIENTED_EDGE('',*,*,#6782,.F.);
#8438 = PLANE('',#8439);
#8439 = AXIS2_PLACEMENT_3D('',#8440,#8441,#8442);
#8440 = CARTESIAN_POINT('',(-11.88892857142,30.715714285714,9.));
#8441 = DIRECTION('',(0.,-1.,0.));
#8442 = DIRECTION('',(-1.,0.,0.));
#8443 = ADVANCED_FACE('',(#8444),#8455,.F.);
#8444 = FACE_BOUND('',#8445,.F.);
#8445 = EDGE_LOOP('',(#8446,#8452,#8453,#8454));
#8446 = ORIENTED_EDGE('',*,*,#8447,.T.);
#8447 = EDGE_CURVE('',#6767,#7526,#8448,.T.);
#8448 = LINE('',#8449,#8450);
#8449 = CARTESIAN_POINT('',(-11.39607142857,28.75,9.));
#8450 = VECTOR('',#8451,1.);
#8451 = DIRECTION('',(0.,0.,1.));
#8452 = ORIENTED_EDGE('',*,*,#7533,.T.);
#8453 = ORIENTED_EDGE('',*,*,#8430,.F.);
#8454 = ORIENTED_EDGE('',*,*,#6774,.F.);
#8455 = PLANE('',#8456);
#8456 = AXIS2_PLACEMENT_3D('',#8457,#8458,#8459);
#8457 = CARTESIAN_POINT('',(-11.39607142857,28.75,9.));
#8458 = DIRECTION('',(-0.969976408644,-0.243199026877,0.));
#8459 = DIRECTION('',(-0.243199026877,0.969976408644,0.));
#8460 = ADVANCED_FACE('',(#8461),#8472,.F.);
#8461 = FACE_BOUND('',#8462,.F.);
#8462 = EDGE_LOOP('',(#8463,#8469,#8470,#8471));
#8463 = ORIENTED_EDGE('',*,*,#8464,.T.);
#8464 = EDGE_CURVE('',#6759,#7518,#8465,.T.);
#8465 = LINE('',#8466,#8467);
#8466 = CARTESIAN_POINT('',(-9.815714285714,28.75,9.));
#8467 = VECTOR('',#8468,1.);
#8468 = DIRECTION('',(0.,0.,1.));
#8469 = ORIENTED_EDGE('',*,*,#7525,.T.);
#8470 = ORIENTED_EDGE('',*,*,#8447,.F.);
#8471 = ORIENTED_EDGE('',*,*,#6766,.F.);
#8472 = PLANE('',#8473);
#8473 = AXIS2_PLACEMENT_3D('',#8474,#8475,#8476);
#8474 = CARTESIAN_POINT('',(-9.815714285714,28.75,9.));
#8475 = DIRECTION('',(0.,-1.,0.));
#8476 = DIRECTION('',(-1.,0.,0.));
#8477 = ADVANCED_FACE('',(#8478),#8489,.F.);
#8478 = FACE_BOUND('',#8479,.F.);
#8479 = EDGE_LOOP('',(#8480,#8486,#8487,#8488));
#8480 = ORIENTED_EDGE('',*,*,#8481,.T.);
#8481 = EDGE_CURVE('',#6751,#7510,#8482,.T.);
#8482 = LINE('',#8483,#8484);
#8483 = CARTESIAN_POINT('',(-11.97464285714,36.75,9.));
#8484 = VECTOR('',#8485,1.);
#8485 = DIRECTION('',(0.,0.,1.));
#8486 = ORIENTED_EDGE('',*,*,#7517,.T.);
#8487 = ORIENTED_EDGE('',*,*,#8464,.F.);
#8488 = ORIENTED_EDGE('',*,*,#6758,.F.);
#8489 = PLANE('',#8490);
#8490 = AXIS2_PLACEMENT_3D('',#8491,#8492,#8493);
#8491 = CARTESIAN_POINT('',(-11.97464285714,36.75,9.));
#8492 = DIRECTION('',(0.965461614678,0.260545333068,0.));
#8493 = DIRECTION('',(0.260545333068,-0.965461614678,0.));
#8494 = ADVANCED_FACE('',(#8495),#8501,.F.);
#8495 = FACE_BOUND('',#8496,.F.);
#8496 = EDGE_LOOP('',(#8497,#8498,#8499,#8500));
#8497 = ORIENTED_EDGE('',*,*,#8381,.T.);
#8498 = ORIENTED_EDGE('',*,*,#7509,.T.);
#8499 = ORIENTED_EDGE('',*,*,#8481,.F.);
#8500 = ORIENTED_EDGE('',*,*,#6750,.F.);
#8501 = PLANE('',#8502);
#8502 = AXIS2_PLACEMENT_3D('',#8503,#8504,#8505);
#8503 = CARTESIAN_POINT('',(-13.90857142857,36.75,9.));
#8504 = DIRECTION('',(0.,1.,0.));
#8505 = DIRECTION('',(1.,0.,0.));
#8506 = ADVANCED_FACE('',(#8507),#8523,.F.);
#8507 = FACE_BOUND('',#8508,.F.);
#8508 = EDGE_LOOP('',(#8509,#8515,#8516,#8522));
#8509 = ORIENTED_EDGE('',*,*,#8510,.T.);
#8510 = EDGE_CURVE('',#6807,#7566,#8511,.T.);
#8511 = LINE('',#8512,#8513);
#8512 = CARTESIAN_POINT('',(-4.158214285714,33.104285714286,9.));
#8513 = VECTOR('',#8514,1.);
#8514 = DIRECTION('',(0.,0.,1.));
#8515 = ORIENTED_EDGE('',*,*,#7565,.T.);
#8516 = ORIENTED_EDGE('',*,*,#8517,.F.);
#8517 = EDGE_CURVE('',#6809,#7568,#8518,.T.);
#8518 = LINE('',#8519,#8520);
#8519 = CARTESIAN_POINT('',(-5.315357142857,32.518928571429,9.));
#8520 = VECTOR('',#8521,1.);
#8521 = DIRECTION('',(0.,0.,1.));
#8522 = ORIENTED_EDGE('',*,*,#6806,.F.);
#8523 = SURFACE_OF_LINEAR_EXTRUSION('',#8524,#8528);
#8524 = B_SPLINE_CURVE_WITH_KNOTS('',2,(#8525,#8526,#8527),
  .UNSPECIFIED.,.F.,.F.,(3,3),(0.,1.),.PIECEWISE_BEZIER_KNOTS.);
#8525 = CARTESIAN_POINT('',(-4.158214285714,33.104285714286,9.));
#8526 = CARTESIAN_POINT('',(-4.56,32.615714285714,9.));
#8527 = CARTESIAN_POINT('',(-5.315357142857,32.518928571429,9.));
#8528 = VECTOR('',#8529,1.);
#8529 = DIRECTION('',(-0.,-0.,-1.));
#8530 = ADVANCED_FACE('',(#8531),#8542,.F.);
#8531 = FACE_BOUND('',#8532,.F.);
#8532 = EDGE_LOOP('',(#8533,#8539,#8540,#8541));
#8533 = ORIENTED_EDGE('',*,*,#8534,.T.);
#8534 = EDGE_CURVE('',#6921,#7680,#8535,.T.);
#8535 = LINE('',#8536,#8537);
#8536 = CARTESIAN_POINT('',(-3.756428571429,34.419642857143,9.));
#8537 = VECTOR('',#8538,1.);
#8538 = DIRECTION('',(0.,0.,1.));
#8539 = ORIENTED_EDGE('',*,*,#7687,.T.);
#8540 = ORIENTED_EDGE('',*,*,#8510,.F.);
#8541 = ORIENTED_EDGE('',*,*,#6928,.F.);
#8542 = SURFACE_OF_LINEAR_EXTRUSION('',#8543,#8547);
#8543 = B_SPLINE_CURVE_WITH_KNOTS('',2,(#8544,#8545,#8546),
  .UNSPECIFIED.,.F.,.F.,(3,3),(0.,1.),.PIECEWISE_BEZIER_KNOTS.);
#8544 = CARTESIAN_POINT('',(-3.756428571429,34.419642857143,9.));
#8545 = CARTESIAN_POINT('',(-3.756428571429,33.592857142857,9.));
#8546 = CARTESIAN_POINT('',(-4.158214285714,33.104285714286,9.));
#8547 = VECTOR('',#8548,1.);
#8548 = DIRECTION('',(-0.,-0.,-1.));
#8549 = ADVANCED_FACE('',(#8550),#8561,.F.);
#8550 = FACE_BOUND('',#8551,.F.);
#8551 = EDGE_LOOP('',(#8552,#8558,#8559,#8560));
#8552 = ORIENTED_EDGE('',*,*,#8553,.T.);
#8553 = EDGE_CURVE('',#6913,#7672,#8554,.T.);
#8554 = LINE('',#8555,#8556);
#8555 = CARTESIAN_POINT('',(-4.428928571429,36.202142857143,9.));
#8556 = VECTOR('',#8557,1.);
#8557 = DIRECTION('',(0.,0.,1.));
#8558 = ORIENTED_EDGE('',*,*,#7679,.T.);
#8559 = ORIENTED_EDGE('',*,*,#8534,.F.);
#8560 = ORIENTED_EDGE('',*,*,#6920,.F.);
#8561 = SURFACE_OF_LINEAR_EXTRUSION('',#8562,#8566);
#8562 = B_SPLINE_CURVE_WITH_KNOTS('',2,(#8563,#8564,#8565),
  .UNSPECIFIED.,.F.,.F.,(3,3),(0.,1.),.PIECEWISE_BEZIER_KNOTS.);
#8563 = CARTESIAN_POINT('',(-4.428928571429,36.202142857143,9.));
#8564 = CARTESIAN_POINT('',(-3.756428571429,35.654642857143,9.));
#8565 = CARTESIAN_POINT('',(-3.756428571429,34.419642857143,9.));
#8566 = VECTOR('',#8567,1.);
#8567 = DIRECTION('',(-0.,-0.,-1.));
#8568 = ADVANCED_FACE('',(#8569),#8580,.F.);
#8569 = FACE_BOUND('',#8570,.F.);
#8570 = EDGE_LOOP('',(#8571,#8577,#8578,#8579));
#8571 = ORIENTED_EDGE('',*,*,#8572,.T.);
#8572 = EDGE_CURVE('',#6905,#7664,#8573,.T.);
#8573 = LINE('',#8574,#8575);
#8574 = CARTESIAN_POINT('',(-6.643928571429,36.75,9.));
#8575 = VECTOR('',#8576,1.);
#8576 = DIRECTION('',(0.,0.,1.));
#8577 = ORIENTED_EDGE('',*,*,#7671,.T.);
#8578 = ORIENTED_EDGE('',*,*,#8553,.F.);
#8579 = ORIENTED_EDGE('',*,*,#6912,.F.);
#8580 = SURFACE_OF_LINEAR_EXTRUSION('',#8581,#8585);
#8581 = B_SPLINE_CURVE_WITH_KNOTS('',2,(#8582,#8583,#8584),
  .UNSPECIFIED.,.F.,.F.,(3,3),(0.,1.),.PIECEWISE_BEZIER_KNOTS.);
#8582 = CARTESIAN_POINT('',(-6.643928571429,36.75,9.));
#8583 = CARTESIAN_POINT('',(-5.101071428571,36.75,9.));
#8584 = CARTESIAN_POINT('',(-4.428928571429,36.202142857143,9.));
#8585 = VECTOR('',#8586,1.);
#8586 = DIRECTION('',(-0.,-0.,-1.));
#8587 = ADVANCED_FACE('',(#8588),#8599,.F.);
#8588 = FACE_BOUND('',#8589,.F.);
#8589 = EDGE_LOOP('',(#8590,#8596,#8597,#8598));
#8590 = ORIENTED_EDGE('',*,*,#8591,.T.);
#8591 = EDGE_CURVE('',#6897,#7656,#8592,.T.);
#8592 = LINE('',#8593,#8594);
#8593 = CARTESIAN_POINT('',(-8.926071428571,36.75,9.));
#8594 = VECTOR('',#8595,1.);
#8595 = DIRECTION('',(0.,0.,1.));
#8596 = ORIENTED_EDGE('',*,*,#7663,.T.);
#8597 = ORIENTED_EDGE('',*,*,#8572,.F.);
#8598 = ORIENTED_EDGE('',*,*,#6904,.F.);
#8599 = PLANE('',#8600);
#8600 = AXIS2_PLACEMENT_3D('',#8601,#8602,#8603);
#8601 = CARTESIAN_POINT('',(-8.926071428571,36.75,9.));
#8602 = DIRECTION('',(0.,1.,0.));
#8603 = DIRECTION('',(1.,0.,0.));
#8604 = ADVANCED_FACE('',(#8605),#8616,.F.);
#8605 = FACE_BOUND('',#8606,.F.);
#8606 = EDGE_LOOP('',(#8607,#8613,#8614,#8615));
#8607 = ORIENTED_EDGE('',*,*,#8608,.T.);
#8608 = EDGE_CURVE('',#6889,#7648,#8609,.T.);
#8609 = LINE('',#8610,#8611);
#8610 = CARTESIAN_POINT('',(-8.926071428571,28.75,9.));
#8611 = VECTOR('',#8612,1.);
#8612 = DIRECTION('',(0.,0.,1.));
#8613 = ORIENTED_EDGE('',*,*,#7655,.T.);
#8614 = ORIENTED_EDGE('',*,*,#8591,.F.);
#8615 = ORIENTED_EDGE('',*,*,#6896,.F.);
#8616 = PLANE('',#8617);
#8617 = AXIS2_PLACEMENT_3D('',#8618,#8619,#8620);
#8618 = CARTESIAN_POINT('',(-8.926071428571,28.75,9.));
#8619 = DIRECTION('',(-1.,0.,0.));
#8620 = DIRECTION('',(0.,1.,0.));
#8621 = ADVANCED_FACE('',(#8622),#8633,.F.);
#8622 = FACE_BOUND('',#8623,.F.);
#8623 = EDGE_LOOP('',(#8624,#8630,#8631,#8632));
#8624 = ORIENTED_EDGE('',*,*,#8625,.T.);
#8625 = EDGE_CURVE('',#6881,#7640,#8626,.T.);
#8626 = LINE('',#8627,#8628);
#8627 = CARTESIAN_POINT('',(-7.345714285714,28.75,9.));
#8628 = VECTOR('',#8629,1.);
#8629 = DIRECTION('',(0.,0.,1.));
#8630 = ORIENTED_EDGE('',*,*,#7647,.T.);
#8631 = ORIENTED_EDGE('',*,*,#8608,.F.);
#8632 = ORIENTED_EDGE('',*,*,#6888,.F.);
#8633 = PLANE('',#8634);
#8634 = AXIS2_PLACEMENT_3D('',#8635,#8636,#8637);
#8635 = CARTESIAN_POINT('',(-7.345714285714,28.75,9.));
#8636 = DIRECTION('',(0.,-1.,0.));
#8637 = DIRECTION('',(-1.,0.,0.));
#8638 = ADVANCED_FACE('',(#8639),#8650,.F.);
#8639 = FACE_BOUND('',#8640,.F.);
#8640 = EDGE_LOOP('',(#8641,#8647,#8648,#8649));
#8641 = ORIENTED_EDGE('',*,*,#8642,.T.);
#8642 = EDGE_CURVE('',#6873,#7632,#8643,.T.);
#8643 = LINE('',#8644,#8645);
#8644 = CARTESIAN_POINT('',(-7.345714285714,31.904285714286,9.));
#8645 = VECTOR('',#8646,1.);
#8646 = DIRECTION('',(0.,0.,1.));
#8647 = ORIENTED_EDGE('',*,*,#7639,.T.);
#8648 = ORIENTED_EDGE('',*,*,#8625,.F.);
#8649 = ORIENTED_EDGE('',*,*,#6880,.F.);
#8650 = PLANE('',#8651);
#8651 = AXIS2_PLACEMENT_3D('',#8652,#8653,#8654);
#8652 = CARTESIAN_POINT('',(-7.345714285714,31.904285714286,9.));
#8653 = DIRECTION('',(1.,0.,0.));
#8654 = DIRECTION('',(0.,-1.,0.));
#8655 = ADVANCED_FACE('',(#8656),#8667,.F.);
#8656 = FACE_BOUND('',#8657,.F.);
#8657 = EDGE_LOOP('',(#8658,#8664,#8665,#8666));
#8658 = ORIENTED_EDGE('',*,*,#8659,.T.);
#8659 = EDGE_CURVE('',#6865,#7624,#8660,.T.);
#8660 = LINE('',#8661,#8662);
#8661 = CARTESIAN_POINT('',(-6.842142857143,31.904285714286,9.));
#8662 = VECTOR('',#8663,1.);
#8663 = DIRECTION('',(0.,0.,1.));
#8664 = ORIENTED_EDGE('',*,*,#7631,.T.);
#8665 = ORIENTED_EDGE('',*,*,#8642,.F.);
#8666 = ORIENTED_EDGE('',*,*,#6872,.F.);
#8667 = PLANE('',#8668);
#8668 = AXIS2_PLACEMENT_3D('',#8669,#8670,#8671);
#8669 = CARTESIAN_POINT('',(-6.842142857143,31.904285714286,9.));
#8670 = DIRECTION('',(0.,-1.,0.));
#8671 = DIRECTION('',(-1.,0.,0.));
#8672 = ADVANCED_FACE('',(#8673),#8684,.F.);
#8673 = FACE_BOUND('',#8674,.F.);
#8674 = EDGE_LOOP('',(#8675,#8681,#8682,#8683));
#8675 = ORIENTED_EDGE('',*,*,#8676,.T.);
#8676 = EDGE_CURVE('',#6857,#7616,#8677,.T.);
#8677 = LINE('',#8678,#8679);
#8678 = CARTESIAN_POINT('',(-5.845714285714,31.000714285714,9.));
#8679 = VECTOR('',#8680,1.);
#8680 = DIRECTION('',(0.,0.,1.));
#8681 = ORIENTED_EDGE('',*,*,#7623,.T.);
#8682 = ORIENTED_EDGE('',*,*,#8659,.F.);
#8683 = ORIENTED_EDGE('',*,*,#6864,.F.);
#8684 = SURFACE_OF_LINEAR_EXTRUSION('',#8685,#8689);
#8685 = B_SPLINE_CURVE_WITH_KNOTS('',2,(#8686,#8687,#8688),
  .UNSPECIFIED.,.F.,.F.,(3,3),(0.,1.),.PIECEWISE_BEZIER_KNOTS.);
#8686 = CARTESIAN_POINT('',(-5.845714285714,31.000714285714,9.));
#8687 = CARTESIAN_POINT('',(-6.268928571429,31.904285714286,9.));
#8688 = CARTESIAN_POINT('',(-6.842142857143,31.904285714286,9.));
#8689 = VECTOR('',#8690,1.);
#8690 = DIRECTION('',(-0.,-0.,-1.));
#8691 = ADVANCED_FACE('',(#8692),#8703,.F.);
#8692 = FACE_BOUND('',#8693,.F.);
#8693 = EDGE_LOOP('',(#8694,#8700,#8701,#8702));
#8694 = ORIENTED_EDGE('',*,*,#8695,.T.);
#8695 = EDGE_CURVE('',#6849,#7608,#8696,.T.);
#8696 = LINE('',#8697,#8698);
#8697 = CARTESIAN_POINT('',(-5.733214285714,30.765357142857,9.));
#8698 = VECTOR('',#8699,1.);
#8699 = DIRECTION('',(0.,0.,1.));
#8700 = ORIENTED_EDGE('',*,*,#7615,.T.);
#8701 = ORIENTED_EDGE('',*,*,#8676,.F.);
#8702 = ORIENTED_EDGE('',*,*,#6856,.F.);
#8703 = SURFACE_OF_LINEAR_EXTRUSION('',#8704,#8708);
#8704 = B_SPLINE_CURVE_WITH_KNOTS('',2,(#8705,#8706,#8707),
  .UNSPECIFIED.,.F.,.F.,(3,3),(0.,1.),.PIECEWISE_BEZIER_KNOTS.);
#8705 = CARTESIAN_POINT('',(-5.733214285714,30.765357142857,9.));
#8706 = CARTESIAN_POINT('',(-5.776071428571,30.851071428571,9.));
#8707 = CARTESIAN_POINT('',(-5.845714285714,31.000714285714,9.));
#8708 = VECTOR('',#8709,1.);
#8709 = DIRECTION('',(-0.,-0.,-1.));
#8710 = ADVANCED_FACE('',(#8711),#8722,.F.);
#8711 = FACE_BOUND('',#8712,.F.);
#8712 = EDGE_LOOP('',(#8713,#8719,#8720,#8721));
#8713 = ORIENTED_EDGE('',*,*,#8714,.T.);
#8714 = EDGE_CURVE('',#6841,#7600,#8715,.T.);
#8715 = LINE('',#8716,#8717);
#8716 = CARTESIAN_POINT('',(-4.768928571429,28.75,9.));
#8717 = VECTOR('',#8718,1.);
#8718 = DIRECTION('',(0.,0.,1.));
#8719 = ORIENTED_EDGE('',*,*,#7607,.T.);
#8720 = ORIENTED_EDGE('',*,*,#8695,.F.);
#8721 = ORIENTED_EDGE('',*,*,#6848,.F.);
#8722 = PLANE('',#8723);
#8723 = AXIS2_PLACEMENT_3D('',#8724,#8725,#8726);
#8724 = CARTESIAN_POINT('',(-4.768928571429,28.75,9.));
#8725 = DIRECTION('',(-0.902061167318,-0.431608214028,0.));
#8726 = DIRECTION('',(-0.431608214028,0.902061167318,0.));
#8727 = ADVANCED_FACE('',(#8728),#8739,.F.);
#8728 = FACE_BOUND('',#8729,.F.);
#8729 = EDGE_LOOP('',(#8730,#8736,#8737,#8738));
#8730 = ORIENTED_EDGE('',*,*,#8731,.T.);
#8731 = EDGE_CURVE('',#6833,#7592,#8732,.T.);
#8732 = LINE('',#8733,#8734);
#8733 = CARTESIAN_POINT('',(-3.033214285714,28.75,9.));
#8734 = VECTOR('',#8735,1.);
#8735 = DIRECTION('',(0.,0.,1.));
#8736 = ORIENTED_EDGE('',*,*,#7599,.T.);
#8737 = ORIENTED_EDGE('',*,*,#8714,.F.);
#8738 = ORIENTED_EDGE('',*,*,#6840,.F.);
#8739 = PLANE('',#8740);
#8740 = AXIS2_PLACEMENT_3D('',#8741,#8742,#8743);
#8741 = CARTESIAN_POINT('',(-3.033214285714,28.75,9.));
#8742 = DIRECTION('',(0.,-1.,0.));
#8743 = DIRECTION('',(-1.,0.,0.));
#8744 = ADVANCED_FACE('',(#8745),#8756,.F.);
#8745 = FACE_BOUND('',#8746,.F.);
#8746 = EDGE_LOOP('',(#8747,#8753,#8754,#8755));
#8747 = ORIENTED_EDGE('',*,*,#8748,.T.);
#8748 = EDGE_CURVE('',#6825,#7584,#8749,.T.);
#8749 = LINE('',#8750,#8751);
#8750 = CARTESIAN_POINT('',(-4.479642857143,31.621071428571,9.));
#8751 = VECTOR('',#8752,1.);
#8752 = DIRECTION('',(0.,0.,1.));
#8753 = ORIENTED_EDGE('',*,*,#7591,.T.);
#8754 = ORIENTED_EDGE('',*,*,#8731,.F.);
#8755 = ORIENTED_EDGE('',*,*,#6832,.F.);
#8756 = PLANE('',#8757);
#8757 = AXIS2_PLACEMENT_3D('',#8758,#8759,#8760);
#8758 = CARTESIAN_POINT('',(-4.479642857143,31.621071428571,9.));
#8759 = DIRECTION('',(0.89306776242,0.449922184078,0.));
#8760 = DIRECTION('',(0.449922184078,-0.89306776242,0.));
#8761 = ADVANCED_FACE('',(#8762),#8773,.F.);
#8762 = FACE_BOUND('',#8763,.F.);
#8763 = EDGE_LOOP('',(#8764,#8770,#8771,#8772));
#8764 = ORIENTED_EDGE('',*,*,#8765,.T.);
#8765 = EDGE_CURVE('',#6817,#7576,#8766,.T.);
#8766 = LINE('',#8767,#8768);
#8767 = CARTESIAN_POINT('',(-4.905714285714,32.297142857143,9.));
#8768 = VECTOR('',#8769,1.);
#8769 = DIRECTION('',(0.,0.,1.));
#8770 = ORIENTED_EDGE('',*,*,#7583,.T.);
#8771 = ORIENTED_EDGE('',*,*,#8748,.F.);
#8772 = ORIENTED_EDGE('',*,*,#6824,.F.);
#8773 = SURFACE_OF_LINEAR_EXTRUSION('',#8774,#8778);
#8774 = B_SPLINE_CURVE_WITH_KNOTS('',2,(#8775,#8776,#8777),
  .UNSPECIFIED.,.F.,.F.,(3,3),(0.,1.),.PIECEWISE_BEZIER_KNOTS.);
#8775 = CARTESIAN_POINT('',(-4.905714285714,32.297142857143,9.));
#8776 = CARTESIAN_POINT('',(-4.731428571429,32.123571428571,9.));
#8777 = CARTESIAN_POINT('',(-4.479642857143,31.621071428571,9.));
#8778 = VECTOR('',#8779,1.);
#8779 = DIRECTION('',(-0.,-0.,-1.));
#8780 = ADVANCED_FACE('',(#8781),#8787,.F.);
#8781 = FACE_BOUND('',#8782,.F.);
#8782 = EDGE_LOOP('',(#8783,#8784,#8785,#8786));
#8783 = ORIENTED_EDGE('',*,*,#8517,.T.);
#8784 = ORIENTED_EDGE('',*,*,#7575,.T.);
#8785 = ORIENTED_EDGE('',*,*,#8765,.F.);
#8786 = ORIENTED_EDGE('',*,*,#6816,.F.);
#8787 = SURFACE_OF_LINEAR_EXTRUSION('',#8788,#8792);
#8788 = B_SPLINE_CURVE_WITH_KNOTS('',2,(#8789,#8790,#8791),
  .UNSPECIFIED.,.F.,.F.,(3,3),(0.,1.),.PIECEWISE_BEZIER_KNOTS.);
#8789 = CARTESIAN_POINT('',(-5.315357142857,32.518928571429,9.));
#8790 = CARTESIAN_POINT('',(-5.079642857143,32.470714285714,9.));
#8791 = CARTESIAN_POINT('',(-4.905714285714,32.297142857143,9.));
#8792 = VECTOR('',#8793,1.);
#8793 = DIRECTION('',(-0.,-0.,-1.));
#8794 = ADVANCED_FACE('',(#8795),#8811,.F.);
#8795 = FACE_BOUND('',#8796,.F.);
#8796 = EDGE_LOOP('',(#8797,#8803,#8804,#8810));
#8797 = ORIENTED_EDGE('',*,*,#8798,.T.);
#8798 = EDGE_CURVE('',#6937,#7696,#8799,.T.);
#8799 = LINE('',#8800,#8801);
#8800 = CARTESIAN_POINT('',(-2.395357142857,28.75,9.));
#8801 = VECTOR('',#8802,1.);
#8802 = DIRECTION('',(0.,0.,1.));
#8803 = ORIENTED_EDGE('',*,*,#7695,.T.);
#8804 = ORIENTED_EDGE('',*,*,#8805,.F.);
#8805 = EDGE_CURVE('',#6939,#7698,#8806,.T.);
#8806 = LINE('',#8807,#8808);
#8807 = CARTESIAN_POINT('',(-2.395357142857,36.75,9.));
#8808 = VECTOR('',#8809,1.);
#8809 = DIRECTION('',(0.,0.,1.));
#8810 = ORIENTED_EDGE('',*,*,#6936,.F.);
#8811 = PLANE('',#8812);
#8812 = AXIS2_PLACEMENT_3D('',#8813,#8814,#8815);
#8813 = CARTESIAN_POINT('',(-2.395357142857,28.75,9.));
#8814 = DIRECTION('',(-1.,0.,0.));
#8815 = DIRECTION('',(0.,1.,0.));
#8816 = ADVANCED_FACE('',(#8817),#8828,.F.);
#8817 = FACE_BOUND('',#8818,.F.);
#8818 = EDGE_LOOP('',(#8819,#8825,#8826,#8827));
#8819 = ORIENTED_EDGE('',*,*,#8820,.T.);
#8820 = EDGE_CURVE('',#7003,#7762,#8821,.T.);
#8821 = LINE('',#8822,#8823);
#8822 = CARTESIAN_POINT('',(-1.0025,28.75,9.));
#8823 = VECTOR('',#8824,1.);
#8824 = DIRECTION('',(0.,0.,1.));
#8825 = ORIENTED_EDGE('',*,*,#7769,.T.);
#8826 = ORIENTED_EDGE('',*,*,#8798,.F.);
#8827 = ORIENTED_EDGE('',*,*,#7010,.F.);
#8828 = PLANE('',#8829);
#8829 = AXIS2_PLACEMENT_3D('',#8830,#8831,#8832);
#8830 = CARTESIAN_POINT('',(-1.0025,28.75,9.));
#8831 = DIRECTION('',(0.,-1.,0.));
#8832 = DIRECTION('',(-1.,0.,0.));
#8833 = ADVANCED_FACE('',(#8834),#8845,.F.);
#8834 = FACE_BOUND('',#8835,.F.);
#8835 = EDGE_LOOP('',(#8836,#8842,#8843,#8844));
#8836 = ORIENTED_EDGE('',*,*,#8837,.T.);
#8837 = EDGE_CURVE('',#6995,#7754,#8838,.T.);
#8838 = LINE('',#8839,#8840);
#8839 = CARTESIAN_POINT('',(-1.0025,34.563928571429,9.));
#8840 = VECTOR('',#8841,1.);
#8841 = DIRECTION('',(0.,0.,1.));
#8842 = ORIENTED_EDGE('',*,*,#7761,.T.);
#8843 = ORIENTED_EDGE('',*,*,#8820,.F.);
#8844 = ORIENTED_EDGE('',*,*,#7002,.F.);
#8845 = PLANE('',#8846);
#8846 = AXIS2_PLACEMENT_3D('',#8847,#8848,#8849);
#8847 = CARTESIAN_POINT('',(-1.0025,34.563928571429,9.));
#8848 = DIRECTION('',(1.,0.,0.));
#8849 = DIRECTION('',(0.,-1.,0.));
#8850 = ADVANCED_FACE('',(#8851),#8862,.F.);
#8851 = FACE_BOUND('',#8852,.F.);
#8852 = EDGE_LOOP('',(#8853,#8859,#8860,#8861));
#8853 = ORIENTED_EDGE('',*,*,#8854,.T.);
#8854 = EDGE_CURVE('',#6987,#7746,#8855,.T.);
#8855 = LINE('',#8856,#8857);
#8856 = CARTESIAN_POINT('',(1.236785714286,28.75,9.));
#8857 = VECTOR('',#8858,1.);
#8858 = DIRECTION('',(0.,0.,1.));
#8859 = ORIENTED_EDGE('',*,*,#7753,.T.);
#8860 = ORIENTED_EDGE('',*,*,#8837,.F.);
#8861 = ORIENTED_EDGE('',*,*,#6994,.F.);
#8862 = PLANE('',#8863);
#8863 = AXIS2_PLACEMENT_3D('',#8864,#8865,#8866);
#8864 = CARTESIAN_POINT('',(1.236785714286,28.75,9.));
#8865 = DIRECTION('',(-0.933175598383,-0.359420787632,0.));
#8866 = DIRECTION('',(-0.359420787632,0.933175598383,0.));
#8867 = ADVANCED_FACE('',(#8868),#8879,.F.);
#8868 = FACE_BOUND('',#8869,.F.);
#8869 = EDGE_LOOP('',(#8870,#8876,#8877,#8878));
#8870 = ORIENTED_EDGE('',*,*,#8871,.T.);
#8871 = EDGE_CURVE('',#6979,#7738,#8872,.T.);
#8872 = LINE('',#8873,#8874);
#8873 = CARTESIAN_POINT('',(2.924285714286,28.75,9.));
#8874 = VECTOR('',#8875,1.);
#8875 = DIRECTION('',(0.,0.,1.));
#8876 = ORIENTED_EDGE('',*,*,#7745,.T.);
#8877 = ORIENTED_EDGE('',*,*,#8854,.F.);
#8878 = ORIENTED_EDGE('',*,*,#6986,.F.);
#8879 = PLANE('',#8880);
#8880 = AXIS2_PLACEMENT_3D('',#8881,#8882,#8883);
#8881 = CARTESIAN_POINT('',(2.924285714286,28.75,9.));
#8882 = DIRECTION('',(0.,-1.,0.));
#8883 = DIRECTION('',(-1.,0.,0.));
#8884 = ADVANCED_FACE('',(#8885),#8896,.F.);
#8885 = FACE_BOUND('',#8886,.F.);
#8886 = EDGE_LOOP('',(#8887,#8893,#8894,#8895));
#8887 = ORIENTED_EDGE('',*,*,#8888,.T.);
#8888 = EDGE_CURVE('',#6971,#7730,#8889,.T.);
#8889 = LINE('',#8890,#8891);
#8890 = CARTESIAN_POINT('',(2.924285714286,36.75,9.));
#8891 = VECTOR('',#8892,1.);
#8892 = DIRECTION('',(0.,0.,1.));
#8893 = ORIENTED_EDGE('',*,*,#7737,.T.);
#8894 = ORIENTED_EDGE('',*,*,#8871,.F.);
#8895 = ORIENTED_EDGE('',*,*,#6978,.F.);
#8896 = PLANE('',#8897);
#8897 = AXIS2_PLACEMENT_3D('',#8898,#8899,#8900);
#8898 = CARTESIAN_POINT('',(2.924285714286,36.75,9.));
#8899 = DIRECTION('',(1.,0.,0.));
#8900 = DIRECTION('',(0.,-1.,0.));
#8901 = ADVANCED_FACE('',(#8902),#8913,.F.);
#8902 = FACE_BOUND('',#8903,.F.);
#8903 = EDGE_LOOP('',(#8904,#8910,#8911,#8912));
#8904 = ORIENTED_EDGE('',*,*,#8905,.T.);
#8905 = EDGE_CURVE('',#6963,#7722,#8906,.T.);
#8906 = LINE('',#8907,#8908);
#8907 = CARTESIAN_POINT('',(1.531428571429,36.75,9.));
#8908 = VECTOR('',#8909,1.);
#8909 = DIRECTION('',(0.,0.,1.));
#8910 = ORIENTED_EDGE('',*,*,#7729,.T.);
#8911 = ORIENTED_EDGE('',*,*,#8888,.F.);
#8912 = ORIENTED_EDGE('',*,*,#6970,.F.);
#8913 = PLANE('',#8914);
#8914 = AXIS2_PLACEMENT_3D('',#8915,#8916,#8917);
#8915 = CARTESIAN_POINT('',(1.531428571429,36.75,9.));
#8916 = DIRECTION('',(0.,1.,0.));
#8917 = DIRECTION('',(1.,0.,0.));
#8918 = ADVANCED_FACE('',(#8919),#8930,.F.);
#8919 = FACE_BOUND('',#8920,.F.);
#8920 = EDGE_LOOP('',(#8921,#8927,#8928,#8929));
#8921 = ORIENTED_EDGE('',*,*,#8922,.T.);
#8922 = EDGE_CURVE('',#6955,#7714,#8923,.T.);
#8923 = LINE('',#8924,#8925);
#8924 = CARTESIAN_POINT('',(1.531428571429,30.936071428571,9.));
#8925 = VECTOR('',#8926,1.);
#8926 = DIRECTION('',(0.,0.,1.));
#8927 = ORIENTED_EDGE('',*,*,#7721,.T.);
#8928 = ORIENTED_EDGE('',*,*,#8905,.F.);
#8929 = ORIENTED_EDGE('',*,*,#6962,.F.);
#8930 = PLANE('',#8931);
#8931 = AXIS2_PLACEMENT_3D('',#8932,#8933,#8934);
#8932 = CARTESIAN_POINT('',(1.531428571429,30.936071428571,9.));
#8933 = DIRECTION('',(-1.,0.,0.));
#8934 = DIRECTION('',(0.,1.,0.));
#8935 = ADVANCED_FACE('',(#8936),#8947,.F.);
#8936 = FACE_BOUND('',#8937,.F.);
#8937 = EDGE_LOOP('',(#8938,#8944,#8945,#8946));
#8938 = ORIENTED_EDGE('',*,*,#8939,.T.);
#8939 = EDGE_CURVE('',#6947,#7706,#8940,.T.);
#8940 = LINE('',#8941,#8942);
#8941 = CARTESIAN_POINT('',(-0.697142857143,36.75,9.));
#8942 = VECTOR('',#8943,1.);
#8943 = DIRECTION('',(0.,0.,1.));
#8944 = ORIENTED_EDGE('',*,*,#7713,.T.);
#8945 = ORIENTED_EDGE('',*,*,#8922,.F.);
#8946 = ORIENTED_EDGE('',*,*,#6954,.F.);
#8947 = PLANE('',#8948);
#8948 = AXIS2_PLACEMENT_3D('',#8949,#8950,#8951);
#8949 = CARTESIAN_POINT('',(-0.697142857143,36.75,9.));
#8950 = DIRECTION('',(0.933751548891,0.357921841948,0.));
#8951 = DIRECTION('',(0.357921841948,-0.933751548891,0.));
#8952 = ADVANCED_FACE('',(#8953),#8959,.F.);
#8953 = FACE_BOUND('',#8954,.F.);
#8954 = EDGE_LOOP('',(#8955,#8956,#8957,#8958));
#8955 = ORIENTED_EDGE('',*,*,#8805,.T.);
#8956 = ORIENTED_EDGE('',*,*,#7705,.T.);
#8957 = ORIENTED_EDGE('',*,*,#8939,.F.);
#8958 = ORIENTED_EDGE('',*,*,#6946,.F.);
#8959 = PLANE('',#8960);
#8960 = AXIS2_PLACEMENT_3D('',#8961,#8962,#8963);
#8961 = CARTESIAN_POINT('',(-2.395357142857,36.75,9.));
#8962 = DIRECTION('',(0.,1.,0.));
#8963 = DIRECTION('',(1.,0.,0.));
#8964 = ADVANCED_FACE('',(#8965),#8981,.F.);
#8965 = FACE_BOUND('',#8966,.F.);
#8966 = EDGE_LOOP('',(#8967,#8973,#8974,#8980));
#8967 = ORIENTED_EDGE('',*,*,#8968,.T.);
#8968 = EDGE_CURVE('',#7019,#7778,#8969,.T.);
#8969 = LINE('',#8970,#8971);
#8970 = CARTESIAN_POINT('',(6.085357142857,35.355714285714,9.));
#8971 = VECTOR('',#8972,1.);
#8972 = DIRECTION('',(0.,0.,1.));
#8973 = ORIENTED_EDGE('',*,*,#7777,.T.);
#8974 = ORIENTED_EDGE('',*,*,#8975,.F.);
#8975 = EDGE_CURVE('',#7021,#7780,#8976,.T.);
#8976 = LINE('',#8977,#8978);
#8977 = CARTESIAN_POINT('',(4.494285714286,35.355714285714,9.));
#8978 = VECTOR('',#8979,1.);
#8979 = DIRECTION('',(0.,0.,1.));
#8980 = ORIENTED_EDGE('',*,*,#7018,.F.);
#8981 = PLANE('',#8982);
#8982 = AXIS2_PLACEMENT_3D('',#8983,#8984,#8985);
#8983 = CARTESIAN_POINT('',(6.085357142857,35.355714285714,9.));
#8984 = DIRECTION('',(0.,-1.,0.));
#8985 = DIRECTION('',(-1.,0.,0.));
#8986 = ADVANCED_FACE('',(#8987),#8998,.F.);
#8987 = FACE_BOUND('',#8988,.F.);
#8988 = EDGE_LOOP('',(#8989,#8995,#8996,#8997));
#8989 = ORIENTED_EDGE('',*,*,#8990,.T.);
#8990 = EDGE_CURVE('',#7101,#7860,#8991,.T.);
#8991 = LINE('',#8992,#8993);
#8992 = CARTESIAN_POINT('',(6.085357142857,30.144285714286,9.));
#8993 = VECTOR('',#8994,1.);
#8994 = DIRECTION('',(0.,0.,1.));
#8995 = ORIENTED_EDGE('',*,*,#7867,.T.);
#8996 = ORIENTED_EDGE('',*,*,#8968,.F.);
#8997 = ORIENTED_EDGE('',*,*,#7108,.F.);
#8998 = PLANE('',#8999);
#8999 = AXIS2_PLACEMENT_3D('',#9000,#9001,#9002);
#9000 = CARTESIAN_POINT('',(6.085357142857,30.144285714286,9.));
#9001 = DIRECTION('',(-1.,0.,0.));
#9002 = DIRECTION('',(0.,1.,0.));
#9003 = ADVANCED_FACE('',(#9004),#9015,.F.);
#9004 = FACE_BOUND('',#9005,.F.);
#9005 = EDGE_LOOP('',(#9006,#9012,#9013,#9014));
#9006 = ORIENTED_EDGE('',*,*,#9007,.T.);
#9007 = EDGE_CURVE('',#7093,#7852,#9008,.T.);
#9008 = LINE('',#9009,#9010);
#9009 = CARTESIAN_POINT('',(4.494285714286,30.144285714286,9.));
#9010 = VECTOR('',#9011,1.);
#9011 = DIRECTION('',(0.,0.,1.));
#9012 = ORIENTED_EDGE('',*,*,#7859,.T.);
#9013 = ORIENTED_EDGE('',*,*,#8990,.F.);
#9014 = ORIENTED_EDGE('',*,*,#7100,.F.);
#9015 = PLANE('',#9016);
#9016 = AXIS2_PLACEMENT_3D('',#9017,#9018,#9019);
#9017 = CARTESIAN_POINT('',(4.494285714286,30.144285714286,9.));
#9018 = DIRECTION('',(0.,1.,0.));
#9019 = DIRECTION('',(1.,0.,0.));
#9020 = ADVANCED_FACE('',(#9021),#9032,.F.);
#9021 = FACE_BOUND('',#9022,.F.);
#9022 = EDGE_LOOP('',(#9023,#9029,#9030,#9031));
#9023 = ORIENTED_EDGE('',*,*,#9024,.T.);
#9024 = EDGE_CURVE('',#7085,#7844,#9025,.T.);
#9025 = LINE('',#9026,#9027);
#9026 = CARTESIAN_POINT('',(4.494285714286,28.75,9.));
#9027 = VECTOR('',#9028,1.);
#9028 = DIRECTION('',(0.,0.,1.));
#9029 = ORIENTED_EDGE('',*,*,#7851,.T.);
#9030 = ORIENTED_EDGE('',*,*,#9007,.F.);
#9031 = ORIENTED_EDGE('',*,*,#7092,.F.);
#9032 = PLANE('',#9033);
#9033 = AXIS2_PLACEMENT_3D('',#9034,#9035,#9036);
#9034 = CARTESIAN_POINT('',(4.494285714286,28.75,9.));
#9035 = DIRECTION('',(-1.,0.,0.));
#9036 = DIRECTION('',(0.,1.,0.));
#9037 = ADVANCED_FACE('',(#9038),#9049,.F.);
#9038 = FACE_BOUND('',#9039,.F.);
#9039 = EDGE_LOOP('',(#9040,#9046,#9047,#9048));
#9040 = ORIENTED_EDGE('',*,*,#9041,.T.);
#9041 = EDGE_CURVE('',#7077,#7836,#9042,.T.);
#9042 = LINE('',#9043,#9044);
#9043 = CARTESIAN_POINT('',(9.256785714286,28.75,9.));
#9044 = VECTOR('',#9045,1.);
#9045 = DIRECTION('',(0.,0.,1.));
#9046 = ORIENTED_EDGE('',*,*,#7843,.T.);
#9047 = ORIENTED_EDGE('',*,*,#9024,.F.);
#9048 = ORIENTED_EDGE('',*,*,#7084,.F.);
#9049 = PLANE('',#9050);
#9050 = AXIS2_PLACEMENT_3D('',#9051,#9052,#9053);
#9051 = CARTESIAN_POINT('',(9.256785714286,28.75,9.));
#9052 = DIRECTION('',(0.,-1.,0.));
#9053 = DIRECTION('',(-1.,0.,0.));
#9054 = ADVANCED_FACE('',(#9055),#9066,.F.);
#9055 = FACE_BOUND('',#9056,.F.);
#9056 = EDGE_LOOP('',(#9057,#9063,#9064,#9065));
#9057 = ORIENTED_EDGE('',*,*,#9058,.T.);
#9058 = EDGE_CURVE('',#7069,#7828,#9059,.T.);
#9059 = LINE('',#9060,#9061);
#9060 = CARTESIAN_POINT('',(9.256785714286,30.144285714286,9.));
#9061 = VECTOR('',#9062,1.);
#9062 = DIRECTION('',(0.,0.,1.));
#9063 = ORIENTED_EDGE('',*,*,#7835,.T.);
#9064 = ORIENTED_EDGE('',*,*,#9041,.F.);
#9065 = ORIENTED_EDGE('',*,*,#7076,.F.);
#9066 = PLANE('',#9067);
#9067 = AXIS2_PLACEMENT_3D('',#9068,#9069,#9070);
#9068 = CARTESIAN_POINT('',(9.256785714286,30.144285714286,9.));
#9069 = DIRECTION('',(1.,0.,0.));
#9070 = DIRECTION('',(0.,-1.,0.));
#9071 = ADVANCED_FACE('',(#9072),#9083,.F.);
#9072 = FACE_BOUND('',#9073,.F.);
#9073 = EDGE_LOOP('',(#9074,#9080,#9081,#9082));
#9074 = ORIENTED_EDGE('',*,*,#9075,.T.);
#9075 = EDGE_CURVE('',#7061,#7820,#9076,.T.);
#9076 = LINE('',#9077,#9078);
#9077 = CARTESIAN_POINT('',(7.665714285714,30.144285714286,9.));
#9078 = VECTOR('',#9079,1.);
#9079 = DIRECTION('',(0.,0.,1.));
#9080 = ORIENTED_EDGE('',*,*,#7827,.T.);
#9081 = ORIENTED_EDGE('',*,*,#9058,.F.);
#9082 = ORIENTED_EDGE('',*,*,#7068,.F.);
#9083 = PLANE('',#9084);
#9084 = AXIS2_PLACEMENT_3D('',#9085,#9086,#9087);
#9085 = CARTESIAN_POINT('',(7.665714285714,30.144285714286,9.));
#9086 = DIRECTION('',(0.,1.,0.));
#9087 = DIRECTION('',(1.,0.,0.));
#9088 = ADVANCED_FACE('',(#9089),#9100,.F.);
#9089 = FACE_BOUND('',#9090,.F.);
#9090 = EDGE_LOOP('',(#9091,#9097,#9098,#9099));
#9091 = ORIENTED_EDGE('',*,*,#9092,.T.);
#9092 = EDGE_CURVE('',#7053,#7812,#9093,.T.);
#9093 = LINE('',#9094,#9095);
#9094 = CARTESIAN_POINT('',(7.665714285714,35.355714285714,9.));
#9095 = VECTOR('',#9096,1.);
#9096 = DIRECTION('',(0.,0.,1.));
#9097 = ORIENTED_EDGE('',*,*,#7819,.T.);
#9098 = ORIENTED_EDGE('',*,*,#9075,.F.);
#9099 = ORIENTED_EDGE('',*,*,#7060,.F.);
#9100 = PLANE('',#9101);
#9101 = AXIS2_PLACEMENT_3D('',#9102,#9103,#9104);
#9102 = CARTESIAN_POINT('',(7.665714285714,35.355714285714,9.));
#9103 = DIRECTION('',(1.,0.,0.));
#9104 = DIRECTION('',(0.,-1.,0.));
#9105 = ADVANCED_FACE('',(#9106),#9117,.F.);
#9106 = FACE_BOUND('',#9107,.F.);
#9107 = EDGE_LOOP('',(#9108,#9114,#9115,#9116));
#9108 = ORIENTED_EDGE('',*,*,#9109,.T.);
#9109 = EDGE_CURVE('',#7045,#7804,#9110,.T.);
#9110 = LINE('',#9111,#9112);
#9111 = CARTESIAN_POINT('',(9.256785714286,35.355714285714,9.));
#9112 = VECTOR('',#9113,1.);
#9113 = DIRECTION('',(0.,0.,1.));
#9114 = ORIENTED_EDGE('',*,*,#7811,.T.);
#9115 = ORIENTED_EDGE('',*,*,#9092,.F.);
#9116 = ORIENTED_EDGE('',*,*,#7052,.F.);
#9117 = PLANE('',#9118);
#9118 = AXIS2_PLACEMENT_3D('',#9119,#9120,#9121);
#9119 = CARTESIAN_POINT('',(9.256785714286,35.355714285714,9.));
#9120 = DIRECTION('',(0.,-1.,0.));
#9121 = DIRECTION('',(-1.,0.,0.));
#9122 = ADVANCED_FACE('',(#9123),#9134,.F.);
#9123 = FACE_BOUND('',#9124,.F.);
#9124 = EDGE_LOOP('',(#9125,#9131,#9132,#9133));
#9125 = ORIENTED_EDGE('',*,*,#9126,.T.);
#9126 = EDGE_CURVE('',#7037,#7796,#9127,.T.);
#9127 = LINE('',#9128,#9129);
#9128 = CARTESIAN_POINT('',(9.256785714286,36.75,9.));
#9129 = VECTOR('',#9130,1.);
#9130 = DIRECTION('',(0.,0.,1.));
#9131 = ORIENTED_EDGE('',*,*,#7803,.T.);
#9132 = ORIENTED_EDGE('',*,*,#9109,.F.);
#9133 = ORIENTED_EDGE('',*,*,#7044,.F.);
#9134 = PLANE('',#9135);
#9135 = AXIS2_PLACEMENT_3D('',#9136,#9137,#9138);
#9136 = CARTESIAN_POINT('',(9.256785714286,36.75,9.));
#9137 = DIRECTION('',(1.,0.,0.));
#9138 = DIRECTION('',(0.,-1.,0.));
#9139 = ADVANCED_FACE('',(#9140),#9151,.F.);
#9140 = FACE_BOUND('',#9141,.F.);
#9141 = EDGE_LOOP('',(#9142,#9148,#9149,#9150));
#9142 = ORIENTED_EDGE('',*,*,#9143,.T.);
#9143 = EDGE_CURVE('',#7029,#7788,#9144,.T.);
#9144 = LINE('',#9145,#9146);
#9145 = CARTESIAN_POINT('',(4.494285714286,36.75,9.));
#9146 = VECTOR('',#9147,1.);
#9147 = DIRECTION('',(0.,0.,1.));
#9148 = ORIENTED_EDGE('',*,*,#7795,.T.);
#9149 = ORIENTED_EDGE('',*,*,#9126,.F.);
#9150 = ORIENTED_EDGE('',*,*,#7036,.F.);
#9151 = PLANE('',#9152);
#9152 = AXIS2_PLACEMENT_3D('',#9153,#9154,#9155);
#9153 = CARTESIAN_POINT('',(4.494285714286,36.75,9.));
#9154 = DIRECTION('',(0.,1.,0.));
#9155 = DIRECTION('',(1.,0.,0.));
#9156 = ADVANCED_FACE('',(#9157),#9163,.F.);
#9157 = FACE_BOUND('',#9158,.F.);
#9158 = EDGE_LOOP('',(#9159,#9160,#9161,#9162));
#9159 = ORIENTED_EDGE('',*,*,#8975,.T.);
#9160 = ORIENTED_EDGE('',*,*,#7787,.T.);
#9161 = ORIENTED_EDGE('',*,*,#9143,.F.);
#9162 = ORIENTED_EDGE('',*,*,#7028,.F.);
#9163 = PLANE('',#9164);
#9164 = AXIS2_PLACEMENT_3D('',#9165,#9166,#9167);
#9165 = CARTESIAN_POINT('',(4.494285714286,35.355714285714,9.));
#9166 = DIRECTION('',(-1.,0.,0.));
#9167 = DIRECTION('',(0.,1.,0.));
#9168 = ADVANCED_FACE('',(#9169),#9185,.F.);
#9169 = FACE_BOUND('',#9170,.F.);
#9170 = EDGE_LOOP('',(#9171,#9177,#9178,#9184));
#9171 = ORIENTED_EDGE('',*,*,#9172,.T.);
#9172 = EDGE_CURVE('',#7117,#7876,#9173,.T.);
#9173 = LINE('',#9174,#9175);
#9174 = CARTESIAN_POINT('',(10.816071428571,28.75,9.));
#9175 = VECTOR('',#9176,1.);
#9176 = DIRECTION('',(0.,0.,1.));
#9177 = ORIENTED_EDGE('',*,*,#7875,.T.);
#9178 = ORIENTED_EDGE('',*,*,#9179,.F.);
#9179 = EDGE_CURVE('',#7119,#7878,#9180,.T.);
#9180 = LINE('',#9181,#9182);
#9181 = CARTESIAN_POINT('',(10.816071428571,36.75,9.));
#9182 = VECTOR('',#9183,1.);
#9183 = DIRECTION('',(0.,0.,1.));
#9184 = ORIENTED_EDGE('',*,*,#7116,.F.);
#9185 = PLANE('',#9186);
#9186 = AXIS2_PLACEMENT_3D('',#9187,#9188,#9189);
#9187 = CARTESIAN_POINT('',(10.816071428571,28.75,9.));
#9188 = DIRECTION('',(-1.,0.,0.));
#9189 = DIRECTION('',(0.,1.,0.));
#9190 = ADVANCED_FACE('',(#9191),#9202,.F.);
#9191 = FACE_BOUND('',#9192,.F.);
#9192 = EDGE_LOOP('',(#9193,#9199,#9200,#9201));
#9193 = ORIENTED_EDGE('',*,*,#9194,.T.);
#9194 = EDGE_CURVE('',#7183,#7942,#9195,.T.);
#9195 = LINE('',#9196,#9197);
#9196 = CARTESIAN_POINT('',(12.208928571429,28.75,9.));
#9197 = VECTOR('',#9198,1.);
#9198 = DIRECTION('',(0.,0.,1.));
#9199 = ORIENTED_EDGE('',*,*,#7949,.T.);
#9200 = ORIENTED_EDGE('',*,*,#9172,.F.);
#9201 = ORIENTED_EDGE('',*,*,#7190,.F.);
#9202 = PLANE('',#9203);
#9203 = AXIS2_PLACEMENT_3D('',#9204,#9205,#9206);
#9204 = CARTESIAN_POINT('',(12.208928571429,28.75,9.));
#9205 = DIRECTION('',(0.,-1.,0.));
#9206 = DIRECTION('',(-1.,0.,0.));
#9207 = ADVANCED_FACE('',(#9208),#9219,.F.);
#9208 = FACE_BOUND('',#9209,.F.);
#9209 = EDGE_LOOP('',(#9210,#9216,#9217,#9218));
#9210 = ORIENTED_EDGE('',*,*,#9211,.T.);
#9211 = EDGE_CURVE('',#7175,#7934,#9212,.T.);
#9212 = LINE('',#9213,#9214);
#9213 = CARTESIAN_POINT('',(12.208928571429,34.563928571429,9.));
#9214 = VECTOR('',#9215,1.);
#9215 = DIRECTION('',(0.,0.,1.));
#9216 = ORIENTED_EDGE('',*,*,#7941,.T.);
#9217 = ORIENTED_EDGE('',*,*,#9194,.F.);
#9218 = ORIENTED_EDGE('',*,*,#7182,.F.);
#9219 = PLANE('',#9220);
#9220 = AXIS2_PLACEMENT_3D('',#9221,#9222,#9223);
#9221 = CARTESIAN_POINT('',(12.208928571429,34.563928571429,9.));
#9222 = DIRECTION('',(1.,0.,0.));
#9223 = DIRECTION('',(0.,-1.,0.));
#9224 = ADVANCED_FACE('',(#9225),#9236,.F.);
#9225 = FACE_BOUND('',#9226,.F.);
#9226 = EDGE_LOOP('',(#9227,#9233,#9234,#9235));
#9227 = ORIENTED_EDGE('',*,*,#9228,.T.);
#9228 = EDGE_CURVE('',#7167,#7926,#9229,.T.);
#9229 = LINE('',#9230,#9231);
#9230 = CARTESIAN_POINT('',(14.448214285714,28.75,9.));
#9231 = VECTOR('',#9232,1.);
#9232 = DIRECTION('',(0.,0.,1.));
#9233 = ORIENTED_EDGE('',*,*,#7933,.T.);
#9234 = ORIENTED_EDGE('',*,*,#9211,.F.);
#9235 = ORIENTED_EDGE('',*,*,#7174,.F.);
#9236 = PLANE('',#9237);
#9237 = AXIS2_PLACEMENT_3D('',#9238,#9239,#9240);
#9238 = CARTESIAN_POINT('',(14.448214285714,28.75,9.));
#9239 = DIRECTION('',(-0.933175598383,-0.359420787632,0.));
#9240 = DIRECTION('',(-0.359420787632,0.933175598383,0.));
#9241 = ADVANCED_FACE('',(#9242),#9253,.F.);
#9242 = FACE_BOUND('',#9243,.F.);
#9243 = EDGE_LOOP('',(#9244,#9250,#9251,#9252));
#9244 = ORIENTED_EDGE('',*,*,#9245,.T.);
#9245 = EDGE_CURVE('',#7159,#7918,#9246,.T.);
#9246 = LINE('',#9247,#9248);
#9247 = CARTESIAN_POINT('',(16.135714285714,28.75,9.));
#9248 = VECTOR('',#9249,1.);
#9249 = DIRECTION('',(0.,0.,1.));
#9250 = ORIENTED_EDGE('',*,*,#7925,.T.);
#9251 = ORIENTED_EDGE('',*,*,#9228,.F.);
#9252 = ORIENTED_EDGE('',*,*,#7166,.F.);
#9253 = PLANE('',#9254);
#9254 = AXIS2_PLACEMENT_3D('',#9255,#9256,#9257);
#9255 = CARTESIAN_POINT('',(16.135714285714,28.75,9.));
#9256 = DIRECTION('',(0.,-1.,0.));
#9257 = DIRECTION('',(-1.,0.,0.));
#9258 = ADVANCED_FACE('',(#9259),#9270,.F.);
#9259 = FACE_BOUND('',#9260,.F.);
#9260 = EDGE_LOOP('',(#9261,#9267,#9268,#9269));
#9261 = ORIENTED_EDGE('',*,*,#9262,.T.);
#9262 = EDGE_CURVE('',#7151,#7910,#9263,.T.);
#9263 = LINE('',#9264,#9265);
#9264 = CARTESIAN_POINT('',(16.135714285714,36.75,9.));
#9265 = VECTOR('',#9266,1.);
#9266 = DIRECTION('',(0.,0.,1.));
#9267 = ORIENTED_EDGE('',*,*,#7917,.T.);
#9268 = ORIENTED_EDGE('',*,*,#9245,.F.);
#9269 = ORIENTED_EDGE('',*,*,#7158,.F.);
#9270 = PLANE('',#9271);
#9271 = AXIS2_PLACEMENT_3D('',#9272,#9273,#9274);
#9272 = CARTESIAN_POINT('',(16.135714285714,36.75,9.));
#9273 = DIRECTION('',(1.,0.,0.));
#9274 = DIRECTION('',(0.,-1.,0.));
#9275 = ADVANCED_FACE('',(#9276),#9287,.F.);
#9276 = FACE_BOUND('',#9277,.F.);
#9277 = EDGE_LOOP('',(#9278,#9284,#9285,#9286));
#9278 = ORIENTED_EDGE('',*,*,#9279,.T.);
#9279 = EDGE_CURVE('',#7143,#7902,#9280,.T.);
#9280 = LINE('',#9281,#9282);
#9281 = CARTESIAN_POINT('',(14.742857142857,36.75,9.));
#9282 = VECTOR('',#9283,1.);
#9283 = DIRECTION('',(0.,0.,1.));
#9284 = ORIENTED_EDGE('',*,*,#7909,.T.);
#9285 = ORIENTED_EDGE('',*,*,#9262,.F.);
#9286 = ORIENTED_EDGE('',*,*,#7150,.F.);
#9287 = PLANE('',#9288);
#9288 = AXIS2_PLACEMENT_3D('',#9289,#9290,#9291);
#9289 = CARTESIAN_POINT('',(14.742857142857,36.75,9.));
#9290 = DIRECTION('',(0.,1.,0.));
#9291 = DIRECTION('',(1.,0.,0.));
#9292 = ADVANCED_FACE('',(#9293),#9304,.F.);
#9293 = FACE_BOUND('',#9294,.F.);
#9294 = EDGE_LOOP('',(#9295,#9301,#9302,#9303));
#9295 = ORIENTED_EDGE('',*,*,#9296,.T.);
#9296 = EDGE_CURVE('',#7135,#7894,#9297,.T.);
#9297 = LINE('',#9298,#9299);
#9298 = CARTESIAN_POINT('',(14.742857142857,30.936071428571,9.));
#9299 = VECTOR('',#9300,1.);
#9300 = DIRECTION('',(0.,0.,1.));
#9301 = ORIENTED_EDGE('',*,*,#7901,.T.);
#9302 = ORIENTED_EDGE('',*,*,#9279,.F.);
#9303 = ORIENTED_EDGE('',*,*,#7142,.F.);
#9304 = PLANE('',#9305);
#9305 = AXIS2_PLACEMENT_3D('',#9306,#9307,#9308);
#9306 = CARTESIAN_POINT('',(14.742857142857,30.936071428571,9.));
#9307 = DIRECTION('',(-1.,0.,0.));
#9308 = DIRECTION('',(0.,1.,0.));
#9309 = ADVANCED_FACE('',(#9310),#9321,.F.);
#9310 = FACE_BOUND('',#9311,.F.);
#9311 = EDGE_LOOP('',(#9312,#9318,#9319,#9320));
#9312 = ORIENTED_EDGE('',*,*,#9313,.T.);
#9313 = EDGE_CURVE('',#7127,#7886,#9314,.T.);
#9314 = LINE('',#9315,#9316);
#9315 = CARTESIAN_POINT('',(12.514285714286,36.75,9.));
#9316 = VECTOR('',#9317,1.);
#9317 = DIRECTION('',(0.,0.,1.));
#9318 = ORIENTED_EDGE('',*,*,#7893,.T.);
#9319 = ORIENTED_EDGE('',*,*,#9296,.F.);
#9320 = ORIENTED_EDGE('',*,*,#7134,.F.);
#9321 = PLANE('',#9322);
#9322 = AXIS2_PLACEMENT_3D('',#9323,#9324,#9325);
#9323 = CARTESIAN_POINT('',(12.514285714286,36.75,9.));
#9324 = DIRECTION('',(0.933751548891,0.357921841948,0.));
#9325 = DIRECTION('',(0.357921841948,-0.933751548891,0.));
#9326 = ADVANCED_FACE('',(#9327),#9333,.F.);
#9327 = FACE_BOUND('',#9328,.F.);
#9328 = EDGE_LOOP('',(#9329,#9330,#9331,#9332));
#9329 = ORIENTED_EDGE('',*,*,#9179,.T.);
#9330 = ORIENTED_EDGE('',*,*,#7885,.T.);
#9331 = ORIENTED_EDGE('',*,*,#9313,.F.);
#9332 = ORIENTED_EDGE('',*,*,#7126,.F.);
#9333 = PLANE('',#9334);
#9334 = AXIS2_PLACEMENT_3D('',#9335,#9336,#9337);
#9335 = CARTESIAN_POINT('',(10.816071428571,36.75,9.));
#9336 = DIRECTION('',(0.,1.,0.));
#9337 = DIRECTION('',(1.,0.,0.));
#9338 = ADVANCED_FACE('',(#9339),#9355,.F.);
#9339 = FACE_BOUND('',#9340,.F.);
#9340 = EDGE_LOOP('',(#9341,#9347,#9348,#9354));
#9341 = ORIENTED_EDGE('',*,*,#9342,.T.);
#9342 = EDGE_CURVE('',#7199,#7958,#9343,.T.);
#9343 = LINE('',#9344,#9345);
#9344 = CARTESIAN_POINT('',(21.161071428571,30.052857142857,9.));
#9345 = VECTOR('',#9346,1.);
#9346 = DIRECTION('',(0.,0.,1.));
#9347 = ORIENTED_EDGE('',*,*,#7957,.T.);
#9348 = ORIENTED_EDGE('',*,*,#9349,.F.);
#9349 = EDGE_CURVE('',#7201,#7960,#9350,.T.);
#9350 = LINE('',#9351,#9352);
#9351 = CARTESIAN_POINT('',(21.455714285714,30.19,9.));
#9352 = VECTOR('',#9353,1.);
#9353 = DIRECTION('',(0.,0.,1.));
#9354 = ORIENTED_EDGE('',*,*,#7198,.F.);
#9355 = SURFACE_OF_LINEAR_EXTRUSION('',#9356,#9360);
#9356 = B_SPLINE_CURVE_WITH_KNOTS('',2,(#9357,#9358,#9359),
  .UNSPECIFIED.,.F.,.F.,(3,3),(0.,1.),.PIECEWISE_BEZIER_KNOTS.);
#9357 = CARTESIAN_POINT('',(21.161071428571,30.052857142857,9.));
#9358 = CARTESIAN_POINT('',(21.343214285714,30.098571428571,9.));
#9359 = CARTESIAN_POINT('',(21.455714285714,30.19,9.));
#9360 = VECTOR('',#9361,1.);
#9361 = DIRECTION('',(-0.,-0.,-1.));
#9362 = ADVANCED_FACE('',(#9363),#9374,.F.);
#9363 = FACE_BOUND('',#9364,.F.);
#9364 = EDGE_LOOP('',(#9365,#9371,#9372,#9373));
#9365 = ORIENTED_EDGE('',*,*,#9366,.T.);
#9366 = EDGE_CURVE('',#7361,#8120,#9367,.T.);
#9367 = LINE('',#9368,#9369);
#9368 = CARTESIAN_POINT('',(20.7325,30.007142857143,9.));
#9369 = VECTOR('',#9370,1.);
#9370 = DIRECTION('',(0.,0.,1.));
#9371 = ORIENTED_EDGE('',*,*,#8127,.T.);
#9372 = ORIENTED_EDGE('',*,*,#9342,.F.);
#9373 = ORIENTED_EDGE('',*,*,#7368,.F.);
#9374 = SURFACE_OF_LINEAR_EXTRUSION('',#9375,#9379);
#9375 = B_SPLINE_CURVE_WITH_KNOTS('',2,(#9376,#9377,#9378),
  .UNSPECIFIED.,.F.,.F.,(3,3),(0.,1.),.PIECEWISE_BEZIER_KNOTS.);
#9376 = CARTESIAN_POINT('',(20.7325,30.007142857143,9.));
#9377 = CARTESIAN_POINT('',(20.978928571429,30.007142857143,9.));
#9378 = CARTESIAN_POINT('',(21.161071428571,30.052857142857,9.));
#9379 = VECTOR('',#9380,1.);
#9380 = DIRECTION('',(-0.,-0.,-1.));
#9381 = ADVANCED_FACE('',(#9382),#9393,.F.);
#9382 = FACE_BOUND('',#9383,.F.);
#9383 = EDGE_LOOP('',(#9384,#9390,#9391,#9392));
#9384 = ORIENTED_EDGE('',*,*,#9385,.T.);
#9385 = EDGE_CURVE('',#7353,#8112,#9386,.T.);
#9386 = LINE('',#9387,#9388);
#9387 = CARTESIAN_POINT('',(19.484285714286,30.703928571429,9.));
#9388 = VECTOR('',#9389,1.);
#9389 = DIRECTION('',(0.,0.,1.));
#9390 = ORIENTED_EDGE('',*,*,#8119,.T.);
#9391 = ORIENTED_EDGE('',*,*,#9366,.F.);
#9392 = ORIENTED_EDGE('',*,*,#7360,.F.);
#9393 = SURFACE_OF_LINEAR_EXTRUSION('',#9394,#9398);
#9394 = B_SPLINE_CURVE_WITH_KNOTS('',2,(#9395,#9396,#9397),
  .UNSPECIFIED.,.F.,.F.,(3,3),(0.,1.),.PIECEWISE_BEZIER_KNOTS.);
#9395 = CARTESIAN_POINT('',(19.484285714286,30.703928571429,9.));
#9396 = CARTESIAN_POINT('',(19.912857142857,30.007142857143,9.));
#9397 = CARTESIAN_POINT('',(20.7325,30.007142857143,9.));
#9398 = VECTOR('',#9399,1.);
#9399 = DIRECTION('',(-0.,-0.,-1.));
#9400 = ADVANCED_FACE('',(#9401),#9412,.F.);
#9401 = FACE_BOUND('',#9402,.F.);
#9402 = EDGE_LOOP('',(#9403,#9409,#9410,#9411));
#9403 = ORIENTED_EDGE('',*,*,#9404,.T.);
#9404 = EDGE_CURVE('',#7345,#8104,#9405,.T.);
#9405 = LINE('',#9406,#9407);
#9406 = CARTESIAN_POINT('',(19.055714285714,32.735714285714,9.));
#9407 = VECTOR('',#9408,1.);
#9408 = DIRECTION('',(0.,0.,1.));
#9409 = ORIENTED_EDGE('',*,*,#8111,.T.);
#9410 = ORIENTED_EDGE('',*,*,#9385,.F.);
#9411 = ORIENTED_EDGE('',*,*,#7352,.F.);
#9412 = SURFACE_OF_LINEAR_EXTRUSION('',#9413,#9417);
#9413 = B_SPLINE_CURVE_WITH_KNOTS('',2,(#9414,#9415,#9416),
  .UNSPECIFIED.,.F.,.F.,(3,3),(0.,1.),.PIECEWISE_BEZIER_KNOTS.);
#9414 = CARTESIAN_POINT('',(19.055714285714,32.735714285714,9.));
#9415 = CARTESIAN_POINT('',(19.055714285714,31.401071428571,9.));
#9416 = CARTESIAN_POINT('',(19.484285714286,30.703928571429,9.));
#9417 = VECTOR('',#9418,1.);
#9418 = DIRECTION('',(-0.,-0.,-1.));
#9419 = ADVANCED_FACE('',(#9420),#9431,.F.);
#9420 = FACE_BOUND('',#9421,.F.);
#9421 = EDGE_LOOP('',(#9422,#9428,#9429,#9430));
#9422 = ORIENTED_EDGE('',*,*,#9423,.T.);
#9423 = EDGE_CURVE('',#7337,#8096,#9424,.T.);
#9424 = LINE('',#9425,#9426);
#9425 = CARTESIAN_POINT('',(19.500357142857,34.791785714286,9.));
#9426 = VECTOR('',#9427,1.);
#9427 = DIRECTION('',(0.,0.,1.));
#9428 = ORIENTED_EDGE('',*,*,#8103,.T.);
#9429 = ORIENTED_EDGE('',*,*,#9404,.F.);
#9430 = ORIENTED_EDGE('',*,*,#7344,.F.);
#9431 = SURFACE_OF_LINEAR_EXTRUSION('',#9432,#9436);
#9432 = B_SPLINE_CURVE_WITH_KNOTS('',2,(#9433,#9434,#9435),
  .UNSPECIFIED.,.F.,.F.,(3,3),(0.,1.),.PIECEWISE_BEZIER_KNOTS.);
#9433 = CARTESIAN_POINT('',(19.500357142857,34.791785714286,9.));
#9434 = CARTESIAN_POINT('',(19.055714285714,34.113571428571,9.));
#9435 = CARTESIAN_POINT('',(19.055714285714,32.735714285714,9.));
#9436 = VECTOR('',#9437,1.);
#9437 = DIRECTION('',(-0.,-0.,-1.));
#9438 = ADVANCED_FACE('',(#9439),#9450,.F.);
#9439 = FACE_BOUND('',#9440,.F.);
#9440 = EDGE_LOOP('',(#9441,#9447,#9448,#9449));
#9441 = ORIENTED_EDGE('',*,*,#9442,.T.);
#9442 = EDGE_CURVE('',#7329,#8088,#9443,.T.);
#9443 = LINE('',#9444,#9445);
#9444 = CARTESIAN_POINT('',(20.845,35.47,9.));
#9445 = VECTOR('',#9446,1.);
#9446 = DIRECTION('',(0.,0.,1.));
#9447 = ORIENTED_EDGE('',*,*,#8095,.T.);
#9448 = ORIENTED_EDGE('',*,*,#9423,.F.);
#9449 = ORIENTED_EDGE('',*,*,#7336,.F.);
#9450 = SURFACE_OF_LINEAR_EXTRUSION('',#9451,#9455);
#9451 = B_SPLINE_CURVE_WITH_KNOTS('',2,(#9452,#9453,#9454),
  .UNSPECIFIED.,.F.,.F.,(3,3),(0.,1.),.PIECEWISE_BEZIER_KNOTS.);
#9452 = CARTESIAN_POINT('',(20.845,35.47,9.));
#9453 = CARTESIAN_POINT('',(19.945,35.47,9.));
#9454 = CARTESIAN_POINT('',(19.500357142857,34.791785714286,9.));
#9455 = VECTOR('',#9456,1.);
#9456 = DIRECTION('',(-0.,-0.,-1.));
#9457 = ADVANCED_FACE('',(#9458),#9469,.F.);
#9458 = FACE_BOUND('',#9459,.F.);
#9459 = EDGE_LOOP('',(#9460,#9466,#9467,#9468));
#9460 = ORIENTED_EDGE('',*,*,#9461,.T.);
#9461 = EDGE_CURVE('',#7321,#8080,#9462,.T.);
#9462 = LINE('',#9463,#9464);
#9463 = CARTESIAN_POINT('',(21.790357142857,35.251428571429,9.));
#9464 = VECTOR('',#9465,1.);
#9465 = DIRECTION('',(0.,0.,1.));
#9466 = ORIENTED_EDGE('',*,*,#8087,.T.);
#9467 = ORIENTED_EDGE('',*,*,#9442,.F.);
#9468 = ORIENTED_EDGE('',*,*,#7328,.F.);
#9469 = SURFACE_OF_LINEAR_EXTRUSION('',#9470,#9474);
#9470 = B_SPLINE_CURVE_WITH_KNOTS('',2,(#9471,#9472,#9473),
  .UNSPECIFIED.,.F.,.F.,(3,3),(0.,1.),.PIECEWISE_BEZIER_KNOTS.);
#9471 = CARTESIAN_POINT('',(21.790357142857,35.251428571429,9.));
#9472 = CARTESIAN_POINT('',(21.359285714286,35.47,9.));
#9473 = CARTESIAN_POINT('',(20.845,35.47,9.));
#9474 = VECTOR('',#9475,1.);
#9475 = DIRECTION('',(-0.,-0.,-1.));
#9476 = ADVANCED_FACE('',(#9477),#9488,.F.);
#9477 = FACE_BOUND('',#9478,.F.);
#9478 = EDGE_LOOP('',(#9479,#9485,#9486,#9487));
#9479 = ORIENTED_EDGE('',*,*,#9480,.T.);
#9480 = EDGE_CURVE('',#7313,#8072,#9481,.T.);
#9481 = LINE('',#9482,#9483);
#9482 = CARTESIAN_POINT('',(22.553928571429,34.601428571429,9.));
#9483 = VECTOR('',#9484,1.);
#9484 = DIRECTION('',(0.,0.,1.));
#9485 = ORIENTED_EDGE('',*,*,#8079,.T.);
#9486 = ORIENTED_EDGE('',*,*,#9461,.F.);
#9487 = ORIENTED_EDGE('',*,*,#7320,.F.);
#9488 = SURFACE_OF_LINEAR_EXTRUSION('',#9489,#9493);
#9489 = B_SPLINE_CURVE_WITH_KNOTS('',2,(#9490,#9491,#9492),
  .UNSPECIFIED.,.F.,.F.,(3,3),(0.,1.),.PIECEWISE_BEZIER_KNOTS.);
#9490 = CARTESIAN_POINT('',(22.553928571429,34.601428571429,9.));
#9491 = CARTESIAN_POINT('',(22.221785714286,35.032857142857,9.));
#9492 = CARTESIAN_POINT('',(21.790357142857,35.251428571429,9.));
#9493 = VECTOR('',#9494,1.);
#9494 = DIRECTION('',(-0.,-0.,-1.));
#9495 = ADVANCED_FACE('',(#9496),#9507,.F.);
#9496 = FACE_BOUND('',#9497,.F.);
#9497 = EDGE_LOOP('',(#9498,#9504,#9505,#9506));
#9498 = ORIENTED_EDGE('',*,*,#9499,.T.);
#9499 = EDGE_CURVE('',#7305,#8064,#9500,.T.);
#9500 = LINE('',#9501,#9502);
#9501 = CARTESIAN_POINT('',(22.553928571429,36.361428571429,9.));
#9502 = VECTOR('',#9503,1.);
#9503 = DIRECTION('',(0.,0.,1.));
#9504 = ORIENTED_EDGE('',*,*,#8071,.T.);
#9505 = ORIENTED_EDGE('',*,*,#9480,.F.);
#9506 = ORIENTED_EDGE('',*,*,#7312,.F.);
#9507 = PLANE('',#9508);
#9508 = AXIS2_PLACEMENT_3D('',#9509,#9510,#9511);
#9509 = CARTESIAN_POINT('',(22.553928571429,36.361428571429,9.));
#9510 = DIRECTION('',(1.,0.,0.));
#9511 = DIRECTION('',(0.,-1.,0.));
#9512 = ADVANCED_FACE('',(#9513),#9524,.F.);
#9513 = FACE_BOUND('',#9514,.F.);
#9514 = EDGE_LOOP('',(#9515,#9521,#9522,#9523));
#9515 = ORIENTED_EDGE('',*,*,#9516,.T.);
#9516 = EDGE_CURVE('',#7297,#8056,#9517,.T.);
#9517 = LINE('',#9518,#9519);
#9518 = CARTESIAN_POINT('',(21.680714285714,36.751785714286,9.));
#9519 = VECTOR('',#9520,1.);
#9520 = DIRECTION('',(0.,0.,1.));
#9521 = ORIENTED_EDGE('',*,*,#8063,.T.);
#9522 = ORIENTED_EDGE('',*,*,#9499,.F.);
#9523 = ORIENTED_EDGE('',*,*,#7304,.F.);
#9524 = SURFACE_OF_LINEAR_EXTRUSION('',#9525,#9529);
#9525 = B_SPLINE_CURVE_WITH_KNOTS('',2,(#9526,#9527,#9528),
  .UNSPECIFIED.,.F.,.F.,(3,3),(0.,1.),.PIECEWISE_BEZIER_KNOTS.);
#9526 = CARTESIAN_POINT('',(21.680714285714,36.751785714286,9.));
#9527 = CARTESIAN_POINT('',(22.146785714286,36.616428571429,9.));
#9528 = CARTESIAN_POINT('',(22.553928571429,36.361428571429,9.));
#9529 = VECTOR('',#9530,1.);
#9530 = DIRECTION('',(-0.,-0.,-1.));
#9531 = ADVANCED_FACE('',(#9532),#9543,.F.);
#9532 = FACE_BOUND('',#9533,.F.);
#9533 = EDGE_LOOP('',(#9534,#9540,#9541,#9542));
#9534 = ORIENTED_EDGE('',*,*,#9535,.T.);
#9535 = EDGE_CURVE('',#7289,#8048,#9536,.T.);
#9536 = LINE('',#9537,#9538);
#9537 = CARTESIAN_POINT('',(20.7325,36.887142857143,9.));
#9538 = VECTOR('',#9539,1.);
#9539 = DIRECTION('',(0.,0.,1.));
#9540 = ORIENTED_EDGE('',*,*,#8055,.T.);
#9541 = ORIENTED_EDGE('',*,*,#9516,.F.);
#9542 = ORIENTED_EDGE('',*,*,#7296,.F.);
#9543 = SURFACE_OF_LINEAR_EXTRUSION('',#9544,#9548);
#9544 = B_SPLINE_CURVE_WITH_KNOTS('',2,(#9545,#9546,#9547),
  .UNSPECIFIED.,.F.,.F.,(3,3),(0.,1.),.PIECEWISE_BEZIER_KNOTS.);
#9545 = CARTESIAN_POINT('',(20.7325,36.887142857143,9.));
#9546 = CARTESIAN_POINT('',(21.214642857143,36.887142857143,9.));
#9547 = CARTESIAN_POINT('',(21.680714285714,36.751785714286,9.));
#9548 = VECTOR('',#9549,1.);
#9549 = DIRECTION('',(-0.,-0.,-1.));
#9550 = ADVANCED_FACE('',(#9551),#9562,.F.);
#9551 = FACE_BOUND('',#9552,.F.);
#9552 = EDGE_LOOP('',(#9553,#9559,#9560,#9561));
#9553 = ORIENTED_EDGE('',*,*,#9554,.T.);
#9554 = EDGE_CURVE('',#7281,#8040,#9555,.T.);
#9555 = LINE('',#9556,#9557);
#9556 = CARTESIAN_POINT('',(18.265357142857,35.821071428571,9.));
#9557 = VECTOR('',#9558,1.);
#9558 = DIRECTION('',(0.,0.,1.));
#9559 = ORIENTED_EDGE('',*,*,#8047,.T.);
#9560 = ORIENTED_EDGE('',*,*,#9535,.F.);
#9561 = ORIENTED_EDGE('',*,*,#7288,.F.);
#9562 = SURFACE_OF_LINEAR_EXTRUSION('',#9563,#9567);
#9563 = B_SPLINE_CURVE_WITH_KNOTS('',2,(#9564,#9565,#9566),
  .UNSPECIFIED.,.F.,.F.,(3,3),(0.,1.),.PIECEWISE_BEZIER_KNOTS.);
#9564 = CARTESIAN_POINT('',(18.265357142857,35.821071428571,9.));
#9565 = CARTESIAN_POINT('',(19.12,36.887142857143,9.));
#9566 = CARTESIAN_POINT('',(20.7325,36.887142857143,9.));
#9567 = VECTOR('',#9568,1.);
#9568 = DIRECTION('',(-0.,-0.,-1.));
#9569 = ADVANCED_FACE('',(#9570),#9581,.F.);
#9570 = FACE_BOUND('',#9571,.F.);
#9571 = EDGE_LOOP('',(#9572,#9578,#9579,#9580));
#9572 = ORIENTED_EDGE('',*,*,#9573,.T.);
#9573 = EDGE_CURVE('',#7273,#8032,#9574,.T.);
#9574 = LINE('',#9575,#9576);
#9575 = CARTESIAN_POINT('',(17.411071428571,32.736071428571,9.));
#9576 = VECTOR('',#9577,1.);
#9577 = DIRECTION('',(0.,0.,1.));
#9578 = ORIENTED_EDGE('',*,*,#8039,.T.);
#9579 = ORIENTED_EDGE('',*,*,#9554,.F.);
#9580 = ORIENTED_EDGE('',*,*,#7280,.F.);
#9581 = SURFACE_OF_LINEAR_EXTRUSION('',#9582,#9586);
#9582 = B_SPLINE_CURVE_WITH_KNOTS('',2,(#9583,#9584,#9585),
  .UNSPECIFIED.,.F.,.F.,(3,3),(0.,1.),.PIECEWISE_BEZIER_KNOTS.);
#9583 = CARTESIAN_POINT('',(17.411071428571,32.736071428571,9.));
#9584 = CARTESIAN_POINT('',(17.411071428571,34.755357142857,9.));
#9585 = CARTESIAN_POINT('',(18.265357142857,35.821071428571,9.));
#9586 = VECTOR('',#9587,1.);
#9587 = DIRECTION('',(-0.,-0.,-1.));
#9588 = ADVANCED_FACE('',(#9589),#9600,.F.);
#9589 = FACE_BOUND('',#9590,.F.);
#9590 = EDGE_LOOP('',(#9591,#9597,#9598,#9599));
#9591 = ORIENTED_EDGE('',*,*,#9592,.T.);
#9592 = EDGE_CURVE('',#7265,#8024,#9593,.T.);
#9593 = LINE('',#9594,#9595);
#9594 = CARTESIAN_POINT('',(18.2575,29.669285714286,9.));
#9595 = VECTOR('',#9596,1.);
#9596 = DIRECTION('',(0.,0.,1.));
#9597 = ORIENTED_EDGE('',*,*,#8031,.T.);
#9598 = ORIENTED_EDGE('',*,*,#9573,.F.);
#9599 = ORIENTED_EDGE('',*,*,#7272,.F.);
#9600 = SURFACE_OF_LINEAR_EXTRUSION('',#9601,#9605);
#9601 = B_SPLINE_CURVE_WITH_KNOTS('',2,(#9602,#9603,#9604),
  .UNSPECIFIED.,.F.,.F.,(3,3),(0.,1.),.PIECEWISE_BEZIER_KNOTS.);
#9602 = CARTESIAN_POINT('',(18.2575,29.669285714286,9.));
#9603 = CARTESIAN_POINT('',(17.411071428571,30.748571428571,9.));
#9604 = CARTESIAN_POINT('',(17.411071428571,32.736071428571,9.));
#9605 = VECTOR('',#9606,1.);
#9606 = DIRECTION('',(-0.,-0.,-1.));
#9607 = ADVANCED_FACE('',(#9608),#9619,.F.);
#9608 = FACE_BOUND('',#9609,.F.);
#9609 = EDGE_LOOP('',(#9610,#9616,#9617,#9618));
#9610 = ORIENTED_EDGE('',*,*,#9611,.T.);
#9611 = EDGE_CURVE('',#7257,#8016,#9612,.T.);
#9612 = LINE('',#9613,#9614);
#9613 = CARTESIAN_POINT('',(20.6575,28.59,9.));
#9614 = VECTOR('',#9615,1.);
#9615 = DIRECTION('',(0.,0.,1.));
#9616 = ORIENTED_EDGE('',*,*,#8023,.T.);
#9617 = ORIENTED_EDGE('',*,*,#9592,.F.);
#9618 = ORIENTED_EDGE('',*,*,#7264,.F.);
#9619 = SURFACE_OF_LINEAR_EXTRUSION('',#9620,#9624);
#9620 = B_SPLINE_CURVE_WITH_KNOTS('',2,(#9621,#9622,#9623),
  .UNSPECIFIED.,.F.,.F.,(3,3),(0.,1.),.PIECEWISE_BEZIER_KNOTS.);
#9621 = CARTESIAN_POINT('',(20.6575,28.59,9.));
#9622 = CARTESIAN_POINT('',(19.103928571429,28.59,9.));
#9623 = CARTESIAN_POINT('',(18.2575,29.669285714286,9.));
#9624 = VECTOR('',#9625,1.);
#9625 = DIRECTION('',(-0.,-0.,-1.));
#9626 = ADVANCED_FACE('',(#9627),#9638,.F.);
#9627 = FACE_BOUND('',#9628,.F.);
#9628 = EDGE_LOOP('',(#9629,#9635,#9636,#9637));
#9629 = ORIENTED_EDGE('',*,*,#9630,.T.);
#9630 = EDGE_CURVE('',#7249,#8008,#9631,.T.);
#9631 = LINE('',#9632,#9633);
#9632 = CARTESIAN_POINT('',(21.833214285714,28.790357142857,9.));
#9633 = VECTOR('',#9634,1.);
#9634 = DIRECTION('',(0.,0.,1.));
#9635 = ORIENTED_EDGE('',*,*,#8015,.T.);
#9636 = ORIENTED_EDGE('',*,*,#9611,.F.);
#9637 = ORIENTED_EDGE('',*,*,#7256,.F.);
#9638 = SURFACE_OF_LINEAR_EXTRUSION('',#9639,#9643);
#9639 = B_SPLINE_CURVE_WITH_KNOTS('',2,(#9640,#9641,#9642),
  .UNSPECIFIED.,.F.,.F.,(3,3),(0.,1.),.PIECEWISE_BEZIER_KNOTS.);
#9640 = CARTESIAN_POINT('',(21.833214285714,28.790357142857,9.));
#9641 = CARTESIAN_POINT('',(21.284285714286,28.59,9.));
#9642 = CARTESIAN_POINT('',(20.6575,28.59,9.));
#9643 = VECTOR('',#9644,1.);
#9644 = DIRECTION('',(-0.,-0.,-1.));
#9645 = ADVANCED_FACE('',(#9646),#9657,.F.);
#9646 = FACE_BOUND('',#9647,.F.);
#9647 = EDGE_LOOP('',(#9648,#9654,#9655,#9656));
#9648 = ORIENTED_EDGE('',*,*,#9649,.T.);
#9649 = EDGE_CURVE('',#7241,#8000,#9650,.T.);
#9650 = LINE('',#9651,#9652);
#9651 = CARTESIAN_POINT('',(22.837857142857,29.381428571429,9.));
#9652 = VECTOR('',#9653,1.);
#9653 = DIRECTION('',(0.,0.,1.));
#9654 = ORIENTED_EDGE('',*,*,#8007,.T.);
#9655 = ORIENTED_EDGE('',*,*,#9630,.F.);
#9656 = ORIENTED_EDGE('',*,*,#7248,.F.);
#9657 = SURFACE_OF_LINEAR_EXTRUSION('',#9658,#9662);
#9658 = B_SPLINE_CURVE_WITH_KNOTS('',2,(#9659,#9660,#9661),
  .UNSPECIFIED.,.F.,.F.,(3,3),(0.,1.),.PIECEWISE_BEZIER_KNOTS.);
#9659 = CARTESIAN_POINT('',(22.837857142857,29.381428571429,9.));
#9660 = CARTESIAN_POINT('',(22.3825,28.991071428571,9.));
#9661 = CARTESIAN_POINT('',(21.833214285714,28.790357142857,9.));
#9662 = VECTOR('',#9663,1.);
#9663 = DIRECTION('',(-0.,-0.,-1.));
#9664 = ADVANCED_FACE('',(#9665),#9676,.F.);
#9665 = FACE_BOUND('',#9666,.F.);
#9666 = EDGE_LOOP('',(#9667,#9673,#9674,#9675));
#9667 = ORIENTED_EDGE('',*,*,#9668,.T.);
#9668 = EDGE_CURVE('',#7233,#7992,#9669,.T.);
#9669 = LINE('',#9670,#9671);
#9670 = CARTESIAN_POINT('',(22.837857142857,33.047142857143,9.));
#9671 = VECTOR('',#9672,1.);
#9672 = DIRECTION('',(0.,0.,1.));
#9673 = ORIENTED_EDGE('',*,*,#7999,.T.);
#9674 = ORIENTED_EDGE('',*,*,#9649,.F.);
#9675 = ORIENTED_EDGE('',*,*,#7240,.F.);
#9676 = PLANE('',#9677);
#9677 = AXIS2_PLACEMENT_3D('',#9678,#9679,#9680);
#9678 = CARTESIAN_POINT('',(22.837857142857,33.047142857143,9.));
#9679 = DIRECTION('',(1.,0.,0.));
#9680 = DIRECTION('',(0.,-1.,0.));
#9681 = ADVANCED_FACE('',(#9682),#9693,.F.);
#9682 = FACE_BOUND('',#9683,.F.);
#9683 = EDGE_LOOP('',(#9684,#9690,#9691,#9692));
#9684 = ORIENTED_EDGE('',*,*,#9685,.T.);
#9685 = EDGE_CURVE('',#7225,#7984,#9686,.T.);
#9686 = LINE('',#9687,#9688);
#9687 = CARTESIAN_POINT('',(20.373571428571,33.047142857143,9.));
#9688 = VECTOR('',#9689,1.);
#9689 = DIRECTION('',(0.,0.,1.));
#9690 = ORIENTED_EDGE('',*,*,#7991,.T.);
#9691 = ORIENTED_EDGE('',*,*,#9668,.F.);
#9692 = ORIENTED_EDGE('',*,*,#7232,.F.);
#9693 = PLANE('',#9694);
#9694 = AXIS2_PLACEMENT_3D('',#9695,#9696,#9697);
#9695 = CARTESIAN_POINT('',(20.373571428571,33.047142857143,9.));
#9696 = DIRECTION('',(0.,1.,0.));
#9697 = DIRECTION('',(1.,0.,0.));
#9698 = ADVANCED_FACE('',(#9699),#9710,.F.);
#9699 = FACE_BOUND('',#9700,.F.);
#9700 = EDGE_LOOP('',(#9701,#9707,#9708,#9709));
#9701 = ORIENTED_EDGE('',*,*,#9702,.T.);
#9702 = EDGE_CURVE('',#7217,#7976,#9703,.T.);
#9703 = LINE('',#9704,#9705);
#9704 = CARTESIAN_POINT('',(20.373571428571,31.721428571429,9.));
#9705 = VECTOR('',#9706,1.);
#9706 = DIRECTION('',(0.,0.,1.));
#9707 = ORIENTED_EDGE('',*,*,#7983,.T.);
#9708 = ORIENTED_EDGE('',*,*,#9685,.F.);
#9709 = ORIENTED_EDGE('',*,*,#7224,.F.);
#9710 = PLANE('',#9711);
#9711 = AXIS2_PLACEMENT_3D('',#9712,#9713,#9714);
#9712 = CARTESIAN_POINT('',(20.373571428571,31.721428571429,9.));
#9713 = DIRECTION('',(-1.,0.,0.));
#9714 = DIRECTION('',(0.,1.,0.));
#9715 = ADVANCED_FACE('',(#9716),#9727,.F.);
#9716 = FACE_BOUND('',#9717,.F.);
#9717 = EDGE_LOOP('',(#9718,#9724,#9725,#9726));
#9718 = ORIENTED_EDGE('',*,*,#9719,.T.);
#9719 = EDGE_CURVE('',#7209,#7968,#9720,.T.);
#9720 = LINE('',#9721,#9722);
#9721 = CARTESIAN_POINT('',(21.455714285714,31.721428571429,9.));
#9722 = VECTOR('',#9723,1.);
#9723 = DIRECTION('',(0.,0.,1.));
#9724 = ORIENTED_EDGE('',*,*,#7975,.T.);
#9725 = ORIENTED_EDGE('',*,*,#9702,.F.);
#9726 = ORIENTED_EDGE('',*,*,#7216,.F.);
#9727 = PLANE('',#9728);
#9728 = AXIS2_PLACEMENT_3D('',#9729,#9730,#9731);
#9729 = CARTESIAN_POINT('',(21.455714285714,31.721428571429,9.));
#9730 = DIRECTION('',(0.,-1.,0.));
#9731 = DIRECTION('',(-1.,0.,0.));
#9732 = ADVANCED_FACE('',(#9733),#9739,.F.);
#9733 = FACE_BOUND('',#9734,.F.);
#9734 = EDGE_LOOP('',(#9735,#9736,#9737,#9738));
#9735 = ORIENTED_EDGE('',*,*,#9349,.T.);
#9736 = ORIENTED_EDGE('',*,*,#7967,.T.);
#9737 = ORIENTED_EDGE('',*,*,#9719,.F.);
#9738 = ORIENTED_EDGE('',*,*,#7208,.F.);
#9739 = PLANE('',#9740);
#9740 = AXIS2_PLACEMENT_3D('',#9741,#9742,#9743);
#9741 = CARTESIAN_POINT('',(21.455714285714,30.19,9.));
#9742 = DIRECTION('',(-1.,0.,0.));
#9743 = DIRECTION('',(0.,1.,0.));
#9744 = MANIFOLD_SOLID_BREP('',#9745);
#9745 = CLOSED_SHELL('',(#9746,#9778,#9809,#9833,#9850));
#9746 = ADVANCED_FACE('',(#9747),#9773,.F.);
#9747 = FACE_BOUND('',#9748,.F.);
#9748 = EDGE_LOOP('',(#9749,#9759,#9767));
#9749 = ORIENTED_EDGE('',*,*,#9750,.T.);
#9750 = EDGE_CURVE('',#9751,#9753,#9755,.T.);
#9751 = VERTEX_POINT('',#9752);
#9752 = CARTESIAN_POINT('',(-12.19428571428,32.018571428571,9.));
#9753 = VERTEX_POINT('',#9754);
#9754 = CARTESIAN_POINT('',(-12.94428571428,35.3,9.));
#9755 = LINE('',#9756,#9757);
#9756 = CARTESIAN_POINT('',(-12.19428571428,32.018571428571,9.));
#9757 = VECTOR('',#9758,1.);
#9758 = DIRECTION('',(-0.222813277655,0.974861140522,0.));
#9759 = ORIENTED_EDGE('',*,*,#9760,.T.);
#9760 = EDGE_CURVE('',#9753,#9761,#9763,.T.);
#9761 = VERTEX_POINT('',#9762);
#9762 = CARTESIAN_POINT('',(-13.68892857142,32.018571428571,9.));
#9763 = LINE('',#9764,#9765);
#9764 = CARTESIAN_POINT('',(-12.94428571428,35.3,9.));
#9765 = VECTOR('',#9766,1.);
#9766 = DIRECTION('',(-0.221299963537,-0.975205786559,0.));
#9767 = ORIENTED_EDGE('',*,*,#9768,.T.);
#9768 = EDGE_CURVE('',#9761,#9751,#9769,.T.);
#9769 = LINE('',#9770,#9771);
#9770 = CARTESIAN_POINT('',(-13.68892857142,32.018571428571,9.));
#9771 = VECTOR('',#9772,1.);
#9772 = DIRECTION('',(1.,0.,0.));
#9773 = PLANE('',#9774);
#9774 = AXIS2_PLACEMENT_3D('',#9775,#9776,#9777);
#9775 = CARTESIAN_POINT('',(2.53E-15,32.765,9.));
#9776 = DIRECTION('',(0.,0.,1.));
#9777 = DIRECTION('',(1.,0.,0.));
#9778 = ADVANCED_FACE('',(#9779),#9804,.F.);
#9779 = FACE_BOUND('',#9780,.F.);
#9780 = EDGE_LOOP('',(#9781,#9789,#9797,#9803));
#9781 = ORIENTED_EDGE('',*,*,#9782,.T.);
#9782 = EDGE_CURVE('',#9751,#9783,#9785,.T.);
#9783 = VERTEX_POINT('',#9784);
#9784 = CARTESIAN_POINT('',(-12.19428571428,32.018571428571,10.));
#9785 = LINE('',#9786,#9787);
#9786 = CARTESIAN_POINT('',(-12.19428571428,32.018571428571,9.));
#9787 = VECTOR('',#9788,1.);
#9788 = DIRECTION('',(0.,0.,1.));
#9789 = ORIENTED_EDGE('',*,*,#9790,.T.);
#9790 = EDGE_CURVE('',#9783,#9791,#9793,.T.);
#9791 = VERTEX_POINT('',#9792);
#9792 = CARTESIAN_POINT('',(-12.94428571428,35.3,10.));
#9793 = LINE('',#9794,#9795);
#9794 = CARTESIAN_POINT('',(-12.19428571428,32.018571428571,10.));
#9795 = VECTOR('',#9796,1.);
#9796 = DIRECTION('',(-0.222813277655,0.974861140522,0.));
#9797 = ORIENTED_EDGE('',*,*,#9798,.F.);
#9798 = EDGE_CURVE('',#9753,#9791,#9799,.T.);
#9799 = LINE('',#9800,#9801);
#9800 = CARTESIAN_POINT('',(-12.94428571428,35.3,9.));
#9801 = VECTOR('',#9802,1.);
#9802 = DIRECTION('',(0.,0.,1.));
#9803 = ORIENTED_EDGE('',*,*,#9750,.F.);
#9804 = PLANE('',#9805);
#9805 = AXIS2_PLACEMENT_3D('',#9806,#9807,#9808);
#9806 = CARTESIAN_POINT('',(-12.19428571428,32.018571428571,9.));
#9807 = DIRECTION('',(-0.974861140522,-0.222813277655,0.));
#9808 = DIRECTION('',(-0.222813277655,0.974861140522,0.));
#9809 = ADVANCED_FACE('',(#9810),#9828,.F.);
#9810 = FACE_BOUND('',#9811,.F.);
#9811 = EDGE_LOOP('',(#9812,#9820,#9826,#9827));
#9812 = ORIENTED_EDGE('',*,*,#9813,.T.);
#9813 = EDGE_CURVE('',#9761,#9814,#9816,.T.);
#9814 = VERTEX_POINT('',#9815);
#9815 = CARTESIAN_POINT('',(-13.68892857142,32.018571428571,10.));
#9816 = LINE('',#9817,#9818);
#9817 = CARTESIAN_POINT('',(-13.68892857142,32.018571428571,9.));
#9818 = VECTOR('',#9819,1.);
#9819 = DIRECTION('',(0.,0.,1.));
#9820 = ORIENTED_EDGE('',*,*,#9821,.T.);
#9821 = EDGE_CURVE('',#9814,#9783,#9822,.T.);
#9822 = LINE('',#9823,#9824);
#9823 = CARTESIAN_POINT('',(-13.68892857142,32.018571428571,10.));
#9824 = VECTOR('',#9825,1.);
#9825 = DIRECTION('',(1.,0.,0.));
#9826 = ORIENTED_EDGE('',*,*,#9782,.F.);
#9827 = ORIENTED_EDGE('',*,*,#9768,.F.);
#9828 = PLANE('',#9829);
#9829 = AXIS2_PLACEMENT_3D('',#9830,#9831,#9832);
#9830 = CARTESIAN_POINT('',(-13.68892857142,32.018571428571,9.));
#9831 = DIRECTION('',(0.,1.,0.));
#9832 = DIRECTION('',(1.,0.,0.));
#9833 = ADVANCED_FACE('',(#9834),#9845,.F.);
#9834 = FACE_BOUND('',#9835,.F.);
#9835 = EDGE_LOOP('',(#9836,#9837,#9843,#9844));
#9836 = ORIENTED_EDGE('',*,*,#9798,.T.);
#9837 = ORIENTED_EDGE('',*,*,#9838,.T.);
#9838 = EDGE_CURVE('',#9791,#9814,#9839,.T.);
#9839 = LINE('',#9840,#9841);
#9840 = CARTESIAN_POINT('',(-12.94428571428,35.3,10.));
#9841 = VECTOR('',#9842,1.);
#9842 = DIRECTION('',(-0.221299963537,-0.975205786559,0.));
#9843 = ORIENTED_EDGE('',*,*,#9813,.F.);
#9844 = ORIENTED_EDGE('',*,*,#9760,.F.);
#9845 = PLANE('',#9846);
#9846 = AXIS2_PLACEMENT_3D('',#9847,#9848,#9849);
#9847 = CARTESIAN_POINT('',(-12.94428571428,35.3,9.));
#9848 = DIRECTION('',(0.975205786559,-0.221299963537,0.));
#9849 = DIRECTION('',(-0.221299963537,-0.975205786559,0.));
#9850 = ADVANCED_FACE('',(#9851),#9856,.T.);
#9851 = FACE_BOUND('',#9852,.T.);
#9852 = EDGE_LOOP('',(#9853,#9854,#9855));
#9853 = ORIENTED_EDGE('',*,*,#9790,.T.);
#9854 = ORIENTED_EDGE('',*,*,#9838,.T.);
#9855 = ORIENTED_EDGE('',*,*,#9821,.T.);
#9856 = PLANE('',#9857);
#9857 = AXIS2_PLACEMENT_3D('',#9858,#9859,#9860);
#9858 = CARTESIAN_POINT('',(2.53E-15,32.765,10.));
#9859 = DIRECTION('',(0.,0.,1.));
#9860 = DIRECTION('',(1.,0.,0.));
#9861 = MANIFOLD_SOLID_BREP('',#9862);
#9862 = CLOSED_SHELL('',(#9863,#9927,#9958,#9984,#10010,#10036,#10062,
    #10086,#10103));
#9863 = ADVANCED_FACE('',(#9864),#9922,.F.);
#9864 = FACE_BOUND('',#9865,.F.);
#9865 = EDGE_LOOP('',(#9866,#9876,#9884,#9892,#9900,#9908,#9916));
#9866 = ORIENTED_EDGE('',*,*,#9867,.T.);
#9867 = EDGE_CURVE('',#9868,#9870,#9872,.T.);
#9868 = VERTEX_POINT('',#9869);
#9869 = CARTESIAN_POINT('',(-6.601071428571,35.424285714286,9.));
#9870 = VERTEX_POINT('',#9871);
#9871 = CARTESIAN_POINT('',(-7.345714285714,35.424285714286,9.));
#9872 = LINE('',#9873,#9874);
#9873 = CARTESIAN_POINT('',(-6.601071428571,35.424285714286,9.));
#9874 = VECTOR('',#9875,1.);
#9875 = DIRECTION('',(-1.,0.,0.));
#9876 = ORIENTED_EDGE('',*,*,#9877,.T.);
#9877 = EDGE_CURVE('',#9870,#9878,#9880,.T.);
#9878 = VERTEX_POINT('',#9879);
#9879 = CARTESIAN_POINT('',(-7.345714285714,33.23,9.));
#9880 = LINE('',#9881,#9882);
#9881 = CARTESIAN_POINT('',(-7.345714285714,35.424285714286,9.));
#9882 = VECTOR('',#9883,1.);
#9883 = DIRECTION('',(0.,-1.,0.));
#9884 = ORIENTED_EDGE('',*,*,#9885,.T.);
#9885 = EDGE_CURVE('',#9878,#9886,#9888,.T.);
#9886 = VERTEX_POINT('',#9887);
#9887 = CARTESIAN_POINT('',(-6.601071428571,33.23,9.));
#9888 = LINE('',#9889,#9890);
#9889 = CARTESIAN_POINT('',(-7.345714285714,33.23,9.));
#9890 = VECTOR('',#9891,1.);
#9891 = DIRECTION('',(1.,0.,0.));
#9892 = ORIENTED_EDGE('',*,*,#9893,.T.);
#9893 = EDGE_CURVE('',#9886,#9894,#9896,.T.);
#9894 = VERTEX_POINT('',#9895);
#9895 = CARTESIAN_POINT('',(-5.671785714286,33.486071428571,9.));
#9896 = B_SPLINE_CURVE_WITH_KNOTS('',2,(#9897,#9898,#9899),
  .UNSPECIFIED.,.F.,.F.,(3,3),(0.,1.),.PIECEWISE_BEZIER_KNOTS.);
#9897 = CARTESIAN_POINT('',(-6.601071428571,33.23,9.));
#9898 = CARTESIAN_POINT('',(-5.952857142857,33.23,9.));
#9899 = CARTESIAN_POINT('',(-5.671785714286,33.486071428571,9.));
#9900 = ORIENTED_EDGE('',*,*,#9901,.T.);
#9901 = EDGE_CURVE('',#9894,#9902,#9904,.T.);
#9902 = VERTEX_POINT('',#9903);
#9903 = CARTESIAN_POINT('',(-5.390357142857,34.33,9.));
#9904 = B_SPLINE_CURVE_WITH_KNOTS('',2,(#9905,#9906,#9907),
  .UNSPECIFIED.,.F.,.F.,(3,3),(0.,1.),.PIECEWISE_BEZIER_KNOTS.);
#9905 = CARTESIAN_POINT('',(-5.671785714286,33.486071428571,9.));
#9906 = CARTESIAN_POINT('',(-5.390357142857,33.742142857143,9.));
#9907 = CARTESIAN_POINT('',(-5.390357142857,34.33,9.));
#9908 = ORIENTED_EDGE('',*,*,#9909,.T.);
#9909 = EDGE_CURVE('',#9902,#9910,#9912,.T.);
#9910 = VERTEX_POINT('',#9911);
#9911 = CARTESIAN_POINT('',(-5.668928571429,35.170714285714,9.));
#9912 = B_SPLINE_CURVE_WITH_KNOTS('',2,(#9913,#9914,#9915),
  .UNSPECIFIED.,.F.,.F.,(3,3),(0.,1.),.PIECEWISE_BEZIER_KNOTS.);
#9913 = CARTESIAN_POINT('',(-5.390357142857,34.33,9.));
#9914 = CARTESIAN_POINT('',(-5.390357142857,34.9175,9.));
#9915 = CARTESIAN_POINT('',(-5.668928571429,35.170714285714,9.));
#9916 = ORIENTED_EDGE('',*,*,#9917,.T.);
#9917 = EDGE_CURVE('',#9910,#9868,#9918,.T.);
#9918 = B_SPLINE_CURVE_WITH_KNOTS('',2,(#9919,#9920,#9921),
  .UNSPECIFIED.,.F.,.F.,(3,3),(0.,1.),.PIECEWISE_BEZIER_KNOTS.);
#9919 = CARTESIAN_POINT('',(-5.668928571429,35.170714285714,9.));
#9920 = CARTESIAN_POINT('',(-5.9475,35.424285714286,9.));
#9921 = CARTESIAN_POINT('',(-6.601071428571,35.424285714286,9.));
#9922 = PLANE('',#9923);
#9923 = AXIS2_PLACEMENT_3D('',#9924,#9925,#9926);
#9924 = CARTESIAN_POINT('',(2.53E-15,32.765,9.));
#9925 = DIRECTION('',(0.,0.,1.));
#9926 = DIRECTION('',(1.,0.,0.));
#9927 = ADVANCED_FACE('',(#9928),#9953,.F.);
#9928 = FACE_BOUND('',#9929,.F.);
#9929 = EDGE_LOOP('',(#9930,#9938,#9946,#9952));
#9930 = ORIENTED_EDGE('',*,*,#9931,.T.);
#9931 = EDGE_CURVE('',#9868,#9932,#9934,.T.);
#9932 = VERTEX_POINT('',#9933);
#9933 = CARTESIAN_POINT('',(-6.601071428571,35.424285714286,10.));
#9934 = LINE('',#9935,#9936);
#9935 = CARTESIAN_POINT('',(-6.601071428571,35.424285714286,9.));
#9936 = VECTOR('',#9937,1.);
#9937 = DIRECTION('',(0.,0.,1.));
#9938 = ORIENTED_EDGE('',*,*,#9939,.T.);
#9939 = EDGE_CURVE('',#9932,#9940,#9942,.T.);
#9940 = VERTEX_POINT('',#9941);
#9941 = CARTESIAN_POINT('',(-7.345714285714,35.424285714286,10.));
#9942 = LINE('',#9943,#9944);
#9943 = CARTESIAN_POINT('',(-6.601071428571,35.424285714286,10.));
#9944 = VECTOR('',#9945,1.);
#9945 = DIRECTION('',(-1.,0.,0.));
#9946 = ORIENTED_EDGE('',*,*,#9947,.F.);
#9947 = EDGE_CURVE('',#9870,#9940,#9948,.T.);
#9948 = LINE('',#9949,#9950);
#9949 = CARTESIAN_POINT('',(-7.345714285714,35.424285714286,9.));
#9950 = VECTOR('',#9951,1.);
#9951 = DIRECTION('',(0.,0.,1.));
#9952 = ORIENTED_EDGE('',*,*,#9867,.F.);
#9953 = PLANE('',#9954);
#9954 = AXIS2_PLACEMENT_3D('',#9955,#9956,#9957);
#9955 = CARTESIAN_POINT('',(-6.601071428571,35.424285714286,9.));
#9956 = DIRECTION('',(0.,-1.,0.));
#9957 = DIRECTION('',(-1.,0.,0.));
#9958 = ADVANCED_FACE('',(#9959),#9977,.F.);
#9959 = FACE_BOUND('',#9960,.F.);
#9960 = EDGE_LOOP('',(#9961,#9969,#9975,#9976));
#9961 = ORIENTED_EDGE('',*,*,#9962,.T.);
#9962 = EDGE_CURVE('',#9910,#9963,#9965,.T.);
#9963 = VERTEX_POINT('',#9964);
#9964 = CARTESIAN_POINT('',(-5.668928571429,35.170714285714,10.));
#9965 = LINE('',#9966,#9967);
#9966 = CARTESIAN_POINT('',(-5.668928571429,35.170714285714,9.));
#9967 = VECTOR('',#9968,1.);
#9968 = DIRECTION('',(0.,0.,1.));
#9969 = ORIENTED_EDGE('',*,*,#9970,.T.);
#9970 = EDGE_CURVE('',#9963,#9932,#9971,.T.);
#9971 = B_SPLINE_CURVE_WITH_KNOTS('',2,(#9972,#9973,#9974),
  .UNSPECIFIED.,.F.,.F.,(3,3),(0.,1.),.PIECEWISE_BEZIER_KNOTS.);
#9972 = CARTESIAN_POINT('',(-5.668928571429,35.170714285714,10.));
#9973 = CARTESIAN_POINT('',(-5.9475,35.424285714286,10.));
#9974 = CARTESIAN_POINT('',(-6.601071428571,35.424285714286,10.));
#9975 = ORIENTED_EDGE('',*,*,#9931,.F.);
#9976 = ORIENTED_EDGE('',*,*,#9917,.F.);
#9977 = SURFACE_OF_LINEAR_EXTRUSION('',#9978,#9982);
#9978 = B_SPLINE_CURVE_WITH_KNOTS('',2,(#9979,#9980,#9981),
  .UNSPECIFIED.,.F.,.F.,(3,3),(0.,1.),.PIECEWISE_BEZIER_KNOTS.);
#9979 = CARTESIAN_POINT('',(-5.668928571429,35.170714285714,9.));
#9980 = CARTESIAN_POINT('',(-5.9475,35.424285714286,9.));
#9981 = CARTESIAN_POINT('',(-6.601071428571,35.424285714286,9.));
#9982 = VECTOR('',#9983,1.);
#9983 = DIRECTION('',(-0.,-0.,-1.));
#9984 = ADVANCED_FACE('',(#9985),#10003,.F.);
#9985 = FACE_BOUND('',#9986,.F.);
#9986 = EDGE_LOOP('',(#9987,#9995,#10001,#10002));
#9987 = ORIENTED_EDGE('',*,*,#9988,.T.);
#9988 = EDGE_CURVE('',#9902,#9989,#9991,.T.);
#9989 = VERTEX_POINT('',#9990);
#9990 = CARTESIAN_POINT('',(-5.390357142857,34.33,10.));
#9991 = LINE('',#9992,#9993);
#9992 = CARTESIAN_POINT('',(-5.390357142857,34.33,9.));
#9993 = VECTOR('',#9994,1.);
#9994 = DIRECTION('',(0.,0.,1.));
#9995 = ORIENTED_EDGE('',*,*,#9996,.T.);
#9996 = EDGE_CURVE('',#9989,#9963,#9997,.T.);
#9997 = B_SPLINE_CURVE_WITH_KNOTS('',2,(#9998,#9999,#10000),
  .UNSPECIFIED.,.F.,.F.,(3,3),(0.,1.),.PIECEWISE_BEZIER_KNOTS.);
#9998 = CARTESIAN_POINT('',(-5.390357142857,34.33,10.));
#9999 = CARTESIAN_POINT('',(-5.390357142857,34.9175,10.));
#10000 = CARTESIAN_POINT('',(-5.668928571429,35.170714285714,10.));
#10001 = ORIENTED_EDGE('',*,*,#9962,.F.);
#10002 = ORIENTED_EDGE('',*,*,#9909,.F.);
#10003 = SURFACE_OF_LINEAR_EXTRUSION('',#10004,#10008);
#10004 = B_SPLINE_CURVE_WITH_KNOTS('',2,(#10005,#10006,#10007),
  .UNSPECIFIED.,.F.,.F.,(3,3),(0.,1.),.PIECEWISE_BEZIER_KNOTS.);
#10005 = CARTESIAN_POINT('',(-5.390357142857,34.33,9.));
#10006 = CARTESIAN_POINT('',(-5.390357142857,34.9175,9.));
#10007 = CARTESIAN_POINT('',(-5.668928571429,35.170714285714,9.));
#10008 = VECTOR('',#10009,1.);
#10009 = DIRECTION('',(-0.,-0.,-1.));
#10010 = ADVANCED_FACE('',(#10011),#10029,.F.);
#10011 = FACE_BOUND('',#10012,.F.);
#10012 = EDGE_LOOP('',(#10013,#10021,#10027,#10028));
#10013 = ORIENTED_EDGE('',*,*,#10014,.T.);
#10014 = EDGE_CURVE('',#9894,#10015,#10017,.T.);
#10015 = VERTEX_POINT('',#10016);
#10016 = CARTESIAN_POINT('',(-5.671785714286,33.486071428571,10.));
#10017 = LINE('',#10018,#10019);
#10018 = CARTESIAN_POINT('',(-5.671785714286,33.486071428571,9.));
#10019 = VECTOR('',#10020,1.);
#10020 = DIRECTION('',(0.,0.,1.));
#10021 = ORIENTED_EDGE('',*,*,#10022,.T.);
#10022 = EDGE_CURVE('',#10015,#9989,#10023,.T.);
#10023 = B_SPLINE_CURVE_WITH_KNOTS('',2,(#10024,#10025,#10026),
  .UNSPECIFIED.,.F.,.F.,(3,3),(0.,1.),.PIECEWISE_BEZIER_KNOTS.);
#10024 = CARTESIAN_POINT('',(-5.671785714286,33.486071428571,10.));
#10025 = CARTESIAN_POINT('',(-5.390357142857,33.742142857143,10.));
#10026 = CARTESIAN_POINT('',(-5.390357142857,34.33,10.));
#10027 = ORIENTED_EDGE('',*,*,#9988,.F.);
#10028 = ORIENTED_EDGE('',*,*,#9901,.F.);
#10029 = SURFACE_OF_LINEAR_EXTRUSION('',#10030,#10034);
#10030 = B_SPLINE_CURVE_WITH_KNOTS('',2,(#10031,#10032,#10033),
  .UNSPECIFIED.,.F.,.F.,(3,3),(0.,1.),.PIECEWISE_BEZIER_KNOTS.);
#10031 = CARTESIAN_POINT('',(-5.671785714286,33.486071428571,9.));
#10032 = CARTESIAN_POINT('',(-5.390357142857,33.742142857143,9.));
#10033 = CARTESIAN_POINT('',(-5.390357142857,34.33,9.));
#10034 = VECTOR('',#10035,1.);
#10035 = DIRECTION('',(-0.,-0.,-1.));
#10036 = ADVANCED_FACE('',(#10037),#10055,.F.);
#10037 = FACE_BOUND('',#10038,.F.);
#10038 = EDGE_LOOP('',(#10039,#10047,#10053,#10054));
#10039 = ORIENTED_EDGE('',*,*,#10040,.T.);
#10040 = EDGE_CURVE('',#9886,#10041,#10043,.T.);
#10041 = VERTEX_POINT('',#10042);
#10042 = CARTESIAN_POINT('',(-6.601071428571,33.23,10.));
#10043 = LINE('',#10044,#10045);
#10044 = CARTESIAN_POINT('',(-6.601071428571,33.23,9.));
#10045 = VECTOR('',#10046,1.);
#10046 = DIRECTION('',(0.,0.,1.));
#10047 = ORIENTED_EDGE('',*,*,#10048,.T.);
#10048 = EDGE_CURVE('',#10041,#10015,#10049,.T.);
#10049 = B_SPLINE_CURVE_WITH_KNOTS('',2,(#10050,#10051,#10052),
  .UNSPECIFIED.,.F.,.F.,(3,3),(0.,1.),.PIECEWISE_BEZIER_KNOTS.);
#10050 = CARTESIAN_POINT('',(-6.601071428571,33.23,10.));
#10051 = CARTESIAN_POINT('',(-5.952857142857,33.23,10.));
#10052 = CARTESIAN_POINT('',(-5.671785714286,33.486071428571,10.));
#10053 = ORIENTED_EDGE('',*,*,#10014,.F.);
#10054 = ORIENTED_EDGE('',*,*,#9893,.F.);
#10055 = SURFACE_OF_LINEAR_EXTRUSION('',#10056,#10060);
#10056 = B_SPLINE_CURVE_WITH_KNOTS('',2,(#10057,#10058,#10059),
  .UNSPECIFIED.,.F.,.F.,(3,3),(0.,1.),.PIECEWISE_BEZIER_KNOTS.);
#10057 = CARTESIAN_POINT('',(-6.601071428571,33.23,9.));
#10058 = CARTESIAN_POINT('',(-5.952857142857,33.23,9.));
#10059 = CARTESIAN_POINT('',(-5.671785714286,33.486071428571,9.));
#10060 = VECTOR('',#10061,1.);
#10061 = DIRECTION('',(-0.,-0.,-1.));
#10062 = ADVANCED_FACE('',(#10063),#10081,.F.);
#10063 = FACE_BOUND('',#10064,.F.);
#10064 = EDGE_LOOP('',(#10065,#10073,#10079,#10080));
#10065 = ORIENTED_EDGE('',*,*,#10066,.T.);
#10066 = EDGE_CURVE('',#9878,#10067,#10069,.T.);
#10067 = VERTEX_POINT('',#10068);
#10068 = CARTESIAN_POINT('',(-7.345714285714,33.23,10.));
#10069 = LINE('',#10070,#10071);
#10070 = CARTESIAN_POINT('',(-7.345714285714,33.23,9.));
#10071 = VECTOR('',#10072,1.);
#10072 = DIRECTION('',(0.,0.,1.));
#10073 = ORIENTED_EDGE('',*,*,#10074,.T.);
#10074 = EDGE_CURVE('',#10067,#10041,#10075,.T.);
#10075 = LINE('',#10076,#10077);
#10076 = CARTESIAN_POINT('',(-7.345714285714,33.23,10.));
#10077 = VECTOR('',#10078,1.);
#10078 = DIRECTION('',(1.,0.,0.));
#10079 = ORIENTED_EDGE('',*,*,#10040,.F.);
#10080 = ORIENTED_EDGE('',*,*,#9885,.F.);
#10081 = PLANE('',#10082);
#10082 = AXIS2_PLACEMENT_3D('',#10083,#10084,#10085);
#10083 = CARTESIAN_POINT('',(-7.345714285714,33.23,9.));
#10084 = DIRECTION('',(0.,1.,0.));
#10085 = DIRECTION('',(1.,0.,0.));
#10086 = ADVANCED_FACE('',(#10087),#10098,.F.);
#10087 = FACE_BOUND('',#10088,.F.);
#10088 = EDGE_LOOP('',(#10089,#10090,#10096,#10097));
#10089 = ORIENTED_EDGE('',*,*,#9947,.T.);
#10090 = ORIENTED_EDGE('',*,*,#10091,.T.);
#10091 = EDGE_CURVE('',#9940,#10067,#10092,.T.);
#10092 = LINE('',#10093,#10094);
#10093 = CARTESIAN_POINT('',(-7.345714285714,35.424285714286,10.));
#10094 = VECTOR('',#10095,1.);
#10095 = DIRECTION('',(0.,-1.,0.));
#10096 = ORIENTED_EDGE('',*,*,#10066,.F.);
#10097 = ORIENTED_EDGE('',*,*,#9877,.F.);
#10098 = PLANE('',#10099);
#10099 = AXIS2_PLACEMENT_3D('',#10100,#10101,#10102);
#10100 = CARTESIAN_POINT('',(-7.345714285714,35.424285714286,9.));
#10101 = DIRECTION('',(1.,0.,0.));
#10102 = DIRECTION('',(0.,-1.,0.));
#10103 = ADVANCED_FACE('',(#10104),#10113,.T.);
#10104 = FACE_BOUND('',#10105,.T.);
#10105 = EDGE_LOOP('',(#10106,#10107,#10108,#10109,#10110,#10111,#10112)
  );
#10106 = ORIENTED_EDGE('',*,*,#9939,.T.);
#10107 = ORIENTED_EDGE('',*,*,#10091,.T.);
#10108 = ORIENTED_EDGE('',*,*,#10074,.T.);
#10109 = ORIENTED_EDGE('',*,*,#10048,.T.);
#10110 = ORIENTED_EDGE('',*,*,#10022,.T.);
#10111 = ORIENTED_EDGE('',*,*,#9996,.T.);
#10112 = ORIENTED_EDGE('',*,*,#9970,.T.);
#10113 = PLANE('',#10114);
#10114 = AXIS2_PLACEMENT_3D('',#10115,#10116,#10117);
#10115 = CARTESIAN_POINT('',(2.53E-15,32.765,10.));
#10116 = DIRECTION('',(0.,0.,1.));
#10117 = DIRECTION('',(1.,0.,0.));
#10118 = ( GEOMETRIC_REPRESENTATION_CONTEXT(3) 
GLOBAL_UNCERTAINTY_ASSIGNED_CONTEXT((#10122)) 
GLOBAL_UNIT_ASSIGNED_CONTEXT((#10119,#10120,#10121)) 
REPRESENTATION_CONTEXT('Context #1',
  '3D Context with UNIT and UNCERTAINTY') );
#10119 = ( LENGTH_UNIT() NAMED_UNIT(*) SI_UNIT(.MILLI.,.METRE.) );
#10120 = ( NAMED_UNIT(*) PLANE_ANGLE_UNIT() SI_UNIT($,.RADIAN.) );
#10121 = ( NAMED_UNIT(*) SI_UNIT($,.STERADIAN.) SOLID_ANGLE_UNIT() );
#10122 = UNCERTAINTY_MEASURE_WITH_UNIT(LENGTH_MEASURE(1.E-07),#10119,
  'distance_accuracy_value','confusion accuracy');
#10123 = CONTEXT_DEPENDENT_SHAPE_REPRESENTATION(#10124,#10126);
#10124 = ( REPRESENTATION_RELATIONSHIP('','',#6514,#10) 
REPRESENTATION_RELATIONSHIP_WITH_TRANSFORMATION(#10125) 
SHAPE_REPRESENTATION_RELATIONSHIP() );
#10125 = ITEM_DEFINED_TRANSFORMATION('','',#11,#31);
#10126 = PRODUCT_DEFINITION_SHAPE('Placement','Placement of an item',
  #10127);
#10127 = NEXT_ASSEMBLY_USAGE_OCCURRENCE('32','Cut','',#5,#6509,$);
#10128 = PRODUCT_RELATED_PRODUCT_CATEGORY('part',$,(#6511));
#10129 = SHAPE_DEFINITION_REPRESENTATION(#10130,#10136);
#10130 = PRODUCT_DEFINITION_SHAPE('','',#10131);
#10131 = PRODUCT_DEFINITION('design','',#10132,#10135);
#10132 = PRODUCT_DEFINITION_FORMATION('','',#10133);
#10133 = PRODUCT('Pad','Pad','',(#10134));
#10134 = PRODUCT_CONTEXT('',#2,'mechanical');
#10135 = PRODUCT_DEFINITION_CONTEXT('part definition',#2,'design');
#10136 = ADVANCED_BREP_SHAPE_REPRESENTATION('',(#11,#10137),#10287);
#10137 = MANIFOLD_SOLID_BREP('',#10138);
#10138 = CLOSED_SHELL('',(#10139,#10179,#10210,#10241,#10263,#10275));
#10139 = ADVANCED_FACE('',(#10140),#10174,.F.);
#10140 = FACE_BOUND('',#10141,.F.);
#10141 = EDGE_LOOP('',(#10142,#10152,#10160,#10168));
#10142 = ORIENTED_EDGE('',*,*,#10143,.T.);
#10143 = EDGE_CURVE('',#10144,#10146,#10148,.T.);
#10144 = VERTEX_POINT('',#10145);
#10145 = CARTESIAN_POINT('',(-45.,42.,0.));
#10146 = VERTEX_POINT('',#10147);
#10147 = CARTESIAN_POINT('',(-45.,42.,7.));
#10148 = LINE('',#10149,#10150);
#10149 = CARTESIAN_POINT('',(-45.,42.,0.));
#10150 = VECTOR('',#10151,1.);
#10151 = DIRECTION('',(0.,0.,1.));
#10152 = ORIENTED_EDGE('',*,*,#10153,.T.);
#10153 = EDGE_CURVE('',#10146,#10154,#10156,.T.);
#10154 = VERTEX_POINT('',#10155);
#10155 = CARTESIAN_POINT('',(-45.,-42.,7.));
#10156 = LINE('',#10157,#10158);
#10157 = CARTESIAN_POINT('',(-45.,42.,7.));
#10158 = VECTOR('',#10159,1.);
#10159 = DIRECTION('',(0.,-1.,0.));
#10160 = ORIENTED_EDGE('',*,*,#10161,.F.);
#10161 = EDGE_CURVE('',#10162,#10154,#10164,.T.);
#10162 = VERTEX_POINT('',#10163);
#10163 = CARTESIAN_POINT('',(-45.,-42.,0.));
#10164 = LINE('',#10165,#10166);
#10165 = CARTESIAN_POINT('',(-45.,-42.,0.));
#10166 = VECTOR('',#10167,1.);
#10167 = DIRECTION('',(0.,0.,1.));
#10168 = ORIENTED_EDGE('',*,*,#10169,.F.);
#10169 = EDGE_CURVE('',#10144,#10162,#10170,.T.);
#10170 = LINE('',#10171,#10172);
#10171 = CARTESIAN_POINT('',(-45.,42.,0.));
#10172 = VECTOR('',#10173,1.);
#10173 = DIRECTION('',(0.,-1.,0.));
#10174 = PLANE('',#10175);
#10175 = AXIS2_PLACEMENT_3D('',#10176,#10177,#10178);
#10176 = CARTESIAN_POINT('',(-45.,42.,0.));
#10177 = DIRECTION('',(1.,0.,-0.));
#10178 = DIRECTION('',(0.,-1.,0.));
#10179 = ADVANCED_FACE('',(#10180),#10205,.F.);
#10180 = FACE_BOUND('',#10181,.F.);
#10181 = EDGE_LOOP('',(#10182,#10183,#10191,#10199));
#10182 = ORIENTED_EDGE('',*,*,#10161,.T.);
#10183 = ORIENTED_EDGE('',*,*,#10184,.T.);
#10184 = EDGE_CURVE('',#10154,#10185,#10187,.T.);
#10185 = VERTEX_POINT('',#10186);
#10186 = CARTESIAN_POINT('',(45.,-42.,7.));
#10187 = LINE('',#10188,#10189);
#10188 = CARTESIAN_POINT('',(-45.,-42.,7.));
#10189 = VECTOR('',#10190,1.);
#10190 = DIRECTION('',(1.,0.,0.));
#10191 = ORIENTED_EDGE('',*,*,#10192,.F.);
#10192 = EDGE_CURVE('',#10193,#10185,#10195,.T.);
#10193 = VERTEX_POINT('',#10194);
#10194 = CARTESIAN_POINT('',(45.,-42.,0.));
#10195 = LINE('',#10196,#10197);
#10196 = CARTESIAN_POINT('',(45.,-42.,0.));
#10197 = VECTOR('',#10198,1.);
#10198 = DIRECTION('',(0.,0.,1.));
#10199 = ORIENTED_EDGE('',*,*,#10200,.F.);
#10200 = EDGE_CURVE('',#10162,#10193,#10201,.T.);
#10201 = LINE('',#10202,#10203);
#10202 = CARTESIAN_POINT('',(-45.,-42.,0.));
#10203 = VECTOR('',#10204,1.);
#10204 = DIRECTION('',(1.,0.,0.));
#10205 = PLANE('',#10206);
#10206 = AXIS2_PLACEMENT_3D('',#10207,#10208,#10209);
#10207 = CARTESIAN_POINT('',(-45.,-42.,0.));
#10208 = DIRECTION('',(0.,1.,0.));
#10209 = DIRECTION('',(1.,0.,0.));
#10210 = ADVANCED_FACE('',(#10211),#10236,.F.);
#10211 = FACE_BOUND('',#10212,.F.);
#10212 = EDGE_LOOP('',(#10213,#10214,#10222,#10230));
#10213 = ORIENTED_EDGE('',*,*,#10192,.T.);
#10214 = ORIENTED_EDGE('',*,*,#10215,.T.);
#10215 = EDGE_CURVE('',#10185,#10216,#10218,.T.);
#10216 = VERTEX_POINT('',#10217);
#10217 = CARTESIAN_POINT('',(45.,42.,7.));
#10218 = LINE('',#10219,#10220);
#10219 = CARTESIAN_POINT('',(45.,-42.,7.));
#10220 = VECTOR('',#10221,1.);
#10221 = DIRECTION('',(0.,1.,0.));
#10222 = ORIENTED_EDGE('',*,*,#10223,.F.);
#10223 = EDGE_CURVE('',#10224,#10216,#10226,.T.);
#10224 = VERTEX_POINT('',#10225);
#10225 = CARTESIAN_POINT('',(45.,42.,0.));
#10226 = LINE('',#10227,#10228);
#10227 = CARTESIAN_POINT('',(45.,42.,0.));
#10228 = VECTOR('',#10229,1.);
#10229 = DIRECTION('',(0.,0.,1.));
#10230 = ORIENTED_EDGE('',*,*,#10231,.F.);
#10231 = EDGE_CURVE('',#10193,#10224,#10232,.T.);
#10232 = LINE('',#10233,#10234);
#10233 = CARTESIAN_POINT('',(45.,-42.,0.));
#10234 = VECTOR('',#10235,1.);
#10235 = DIRECTION('',(0.,1.,0.));
#10236 = PLANE('',#10237);
#10237 = AXIS2_PLACEMENT_3D('',#10238,#10239,#10240);
#10238 = CARTESIAN_POINT('',(45.,-42.,0.));
#10239 = DIRECTION('',(-1.,0.,0.));
#10240 = DIRECTION('',(0.,1.,0.));
#10241 = ADVANCED_FACE('',(#10242),#10258,.F.);
#10242 = FACE_BOUND('',#10243,.F.);
#10243 = EDGE_LOOP('',(#10244,#10245,#10251,#10252));
#10244 = ORIENTED_EDGE('',*,*,#10223,.T.);
#10245 = ORIENTED_EDGE('',*,*,#10246,.T.);
#10246 = EDGE_CURVE('',#10216,#10146,#10247,.T.);
#10247 = LINE('',#10248,#10249);
#10248 = CARTESIAN_POINT('',(45.,42.,7.));
#10249 = VECTOR('',#10250,1.);
#10250 = DIRECTION('',(-1.,0.,0.));
#10251 = ORIENTED_EDGE('',*,*,#10143,.F.);
#10252 = ORIENTED_EDGE('',*,*,#10253,.F.);
#10253 = EDGE_CURVE('',#10224,#10144,#10254,.T.);
#10254 = LINE('',#10255,#10256);
#10255 = CARTESIAN_POINT('',(45.,42.,0.));
#10256 = VECTOR('',#10257,1.);
#10257 = DIRECTION('',(-1.,0.,0.));
#10258 = PLANE('',#10259);
#10259 = AXIS2_PLACEMENT_3D('',#10260,#10261,#10262);
#10260 = CARTESIAN_POINT('',(45.,42.,0.));
#10261 = DIRECTION('',(0.,-1.,0.));
#10262 = DIRECTION('',(-1.,0.,0.));
#10263 = ADVANCED_FACE('',(#10264),#10270,.F.);
#10264 = FACE_BOUND('',#10265,.F.);
#10265 = EDGE_LOOP('',(#10266,#10267,#10268,#10269));
#10266 = ORIENTED_EDGE('',*,*,#10169,.T.);
#10267 = ORIENTED_EDGE('',*,*,#10200,.T.);
#10268 = ORIENTED_EDGE('',*,*,#10231,.T.);
#10269 = ORIENTED_EDGE('',*,*,#10253,.T.);
#10270 = PLANE('',#10271);
#10271 = AXIS2_PLACEMENT_3D('',#10272,#10273,#10274);
#10272 = CARTESIAN_POINT('',(0.,3.92E-15,0.));
#10273 = DIRECTION('',(0.,0.,1.));
#10274 = DIRECTION('',(1.,0.,0.));
#10275 = ADVANCED_FACE('',(#10276),#10282,.T.);
#10276 = FACE_BOUND('',#10277,.T.);
#10277 = EDGE_LOOP('',(#10278,#10279,#10280,#10281));
#10278 = ORIENTED_EDGE('',*,*,#10153,.T.);
#10279 = ORIENTED_EDGE('',*,*,#10184,.T.);
#10280 = ORIENTED_EDGE('',*,*,#10215,.T.);
#10281 = ORIENTED_EDGE('',*,*,#10246,.T.);
#10282 = PLANE('',#10283);
#10283 = AXIS2_PLACEMENT_3D('',#10284,#10285,#10286);
#10284 = CARTESIAN_POINT('',(0.,3.92E-15,7.));
#10285 = DIRECTION('',(0.,0.,1.));
#10286 = DIRECTION('',(1.,0.,0.));
#10287 = ( GEOMETRIC_REPRESENTATION_CONTEXT(3) 
GLOBAL_UNCERTAINTY_ASSIGNED_CONTEXT((#10291)) 
GLOBAL_UNIT_ASSIGNED_CONTEXT((#10288,#10289,#10290)) 
REPRESENTATION_CONTEXT('Context #1',
  '3D Context with UNIT and UNCERTAINTY') );
#10288 = ( LENGTH_UNIT() NAMED_UNIT(*) SI_UNIT(.MILLI.,.METRE.) );
#10289 = ( NAMED_UNIT(*) PLANE_ANGLE_UNIT() SI_UNIT($,.RADIAN.) );
#10290 = ( NAMED_UNIT(*) SI_UNIT($,.STERADIAN.) SOLID_ANGLE_UNIT() );
#10291 = UNCERTAINTY_MEASURE_WITH_UNIT(LENGTH_MEASURE(1.E-07),#10288,
  'distance_accuracy_value','confusion accuracy');
#10292 = CONTEXT_DEPENDENT_SHAPE_REPRESENTATION(#10293,#10295);
#10293 = ( REPRESENTATION_RELATIONSHIP('','',#10136,#10) 
REPRESENTATION_RELATIONSHIP_WITH_TRANSFORMATION(#10294) 
SHAPE_REPRESENTATION_RELATIONSHIP() );
#10294 = ITEM_DEFINED_TRANSFORMATION('','',#11,#35);
#10295 = PRODUCT_DEFINITION_SHAPE('Placement','Placement of an item',
  #10296);
#10296 = NEXT_ASSEMBLY_USAGE_OCCURRENCE('33','Pad','',#5,#10131,$);
#10297 = PRODUCT_RELATED_PRODUCT_CATEGORY('part',$,(#10133));
#10298 = SHAPE_DEFINITION_REPRESENTATION(#10299,#10305);
#10299 = PRODUCT_DEFINITION_SHAPE('','',#10300);
#10300 = PRODUCT_DEFINITION('design','',#10301,#10304);
#10301 = PRODUCT_DEFINITION_FORMATION('','',#10302);
#10302 = PRODUCT('Thickness','Thickness','',(#10303));
#10303 = PRODUCT_CONTEXT('',#2,'mechanical');
#10304 = PRODUCT_DEFINITION_CONTEXT('part definition',#2,'design');
#10305 = ADVANCED_BREP_SHAPE_REPRESENTATION('',(#11,#10306),#10902);
#10306 = MANIFOLD_SOLID_BREP('',#10307);
#10307 = CLOSED_SHELL('',(#10308,#10348,#10379,#10410,#10432,#10444,
    #10526,#10557,#10582,#10607,#10631,#10656,#10680,#10705,#10722,
    #10747,#10772,#10797,#10822,#10844,#10861,#10878,#10890));
#10308 = ADVANCED_FACE('',(#10309),#10343,.T.);
#10309 = FACE_BOUND('',#10310,.T.);
#10310 = EDGE_LOOP('',(#10311,#10321,#10329,#10337));
#10311 = ORIENTED_EDGE('',*,*,#10312,.T.);
#10312 = EDGE_CURVE('',#10313,#10315,#10317,.T.);
#10313 = VERTEX_POINT('',#10314);
#10314 = CARTESIAN_POINT('',(-45.,42.,0.));
#10315 = VERTEX_POINT('',#10316);
#10316 = CARTESIAN_POINT('',(-45.,42.,7.));
#10317 = LINE('',#10318,#10319);
#10318 = CARTESIAN_POINT('',(-45.,42.,0.));
#10319 = VECTOR('',#10320,1.);
#10320 = DIRECTION('',(0.,0.,1.));
#10321 = ORIENTED_EDGE('',*,*,#10322,.T.);
#10322 = EDGE_CURVE('',#10315,#10323,#10325,.T.);
#10323 = VERTEX_POINT('',#10324);
#10324 = CARTESIAN_POINT('',(-45.,-42.,7.));
#10325 = LINE('',#10326,#10327);
#10326 = CARTESIAN_POINT('',(-45.,42.,7.));
#10327 = VECTOR('',#10328,1.);
#10328 = DIRECTION('',(0.,-1.,0.));
#10329 = ORIENTED_EDGE('',*,*,#10330,.F.);
#10330 = EDGE_CURVE('',#10331,#10323,#10333,.T.);
#10331 = VERTEX_POINT('',#10332);
#10332 = CARTESIAN_POINT('',(-45.,-42.,0.));
#10333 = LINE('',#10334,#10335);
#10334 = CARTESIAN_POINT('',(-45.,-42.,0.));
#10335 = VECTOR('',#10336,1.);
#10336 = DIRECTION('',(0.,0.,1.));
#10337 = ORIENTED_EDGE('',*,*,#10338,.F.);
#10338 = EDGE_CURVE('',#10313,#10331,#10339,.T.);
#10339 = LINE('',#10340,#10341);
#10340 = CARTESIAN_POINT('',(-45.,42.,0.));
#10341 = VECTOR('',#10342,1.);
#10342 = DIRECTION('',(0.,-1.,0.));
#10343 = PLANE('',#10344);
#10344 = AXIS2_PLACEMENT_3D('',#10345,#10346,#10347);
#10345 = CARTESIAN_POINT('',(-45.,42.,0.));
#10346 = DIRECTION('',(1.,0.,0.));
#10347 = DIRECTION('',(0.,-1.,0.));
#10348 = ADVANCED_FACE('',(#10349),#10374,.T.);
#10349 = FACE_BOUND('',#10350,.T.);
#10350 = EDGE_LOOP('',(#10351,#10352,#10360,#10368));
#10351 = ORIENTED_EDGE('',*,*,#10330,.T.);
#10352 = ORIENTED_EDGE('',*,*,#10353,.T.);
#10353 = EDGE_CURVE('',#10323,#10354,#10356,.T.);
#10354 = VERTEX_POINT('',#10355);
#10355 = CARTESIAN_POINT('',(45.,-42.,7.));
#10356 = LINE('',#10357,#10358);
#10357 = CARTESIAN_POINT('',(-45.,-42.,7.));
#10358 = VECTOR('',#10359,1.);
#10359 = DIRECTION('',(1.,0.,0.));
#10360 = ORIENTED_EDGE('',*,*,#10361,.F.);
#10361 = EDGE_CURVE('',#10362,#10354,#10364,.T.);
#10362 = VERTEX_POINT('',#10363);
#10363 = CARTESIAN_POINT('',(45.,-42.,0.));
#10364 = LINE('',#10365,#10366);
#10365 = CARTESIAN_POINT('',(45.,-42.,0.));
#10366 = VECTOR('',#10367,1.);
#10367 = DIRECTION('',(0.,0.,1.));
#10368 = ORIENTED_EDGE('',*,*,#10369,.F.);
#10369 = EDGE_CURVE('',#10331,#10362,#10370,.T.);
#10370 = LINE('',#10371,#10372);
#10371 = CARTESIAN_POINT('',(-45.,-42.,0.));
#10372 = VECTOR('',#10373,1.);
#10373 = DIRECTION('',(1.,0.,0.));
#10374 = PLANE('',#10375);
#10375 = AXIS2_PLACEMENT_3D('',#10376,#10377,#10378);
#10376 = CARTESIAN_POINT('',(-45.,-42.,0.));
#10377 = DIRECTION('',(0.,1.,0.));
#10378 = DIRECTION('',(1.,0.,0.));
#10379 = ADVANCED_FACE('',(#10380),#10405,.T.);
#10380 = FACE_BOUND('',#10381,.T.);
#10381 = EDGE_LOOP('',(#10382,#10383,#10391,#10399));
#10382 = ORIENTED_EDGE('',*,*,#10361,.T.);
#10383 = ORIENTED_EDGE('',*,*,#10384,.T.);
#10384 = EDGE_CURVE('',#10354,#10385,#10387,.T.);
#10385 = VERTEX_POINT('',#10386);
#10386 = CARTESIAN_POINT('',(45.,42.,7.));
#10387 = LINE('',#10388,#10389);
#10388 = CARTESIAN_POINT('',(45.,-42.,7.));
#10389 = VECTOR('',#10390,1.);
#10390 = DIRECTION('',(0.,1.,0.));
#10391 = ORIENTED_EDGE('',*,*,#10392,.F.);
#10392 = EDGE_CURVE('',#10393,#10385,#10395,.T.);
#10393 = VERTEX_POINT('',#10394);
#10394 = CARTESIAN_POINT('',(45.,42.,0.));
#10395 = LINE('',#10396,#10397);
#10396 = CARTESIAN_POINT('',(45.,42.,0.));
#10397 = VECTOR('',#10398,1.);
#10398 = DIRECTION('',(0.,0.,1.));
#10399 = ORIENTED_EDGE('',*,*,#10400,.F.);
#10400 = EDGE_CURVE('',#10362,#10393,#10401,.T.);
#10401 = LINE('',#10402,#10403);
#10402 = CARTESIAN_POINT('',(45.,-42.,0.));
#10403 = VECTOR('',#10404,1.);
#10404 = DIRECTION('',(0.,1.,0.));
#10405 = PLANE('',#10406);
#10406 = AXIS2_PLACEMENT_3D('',#10407,#10408,#10409);
#10407 = CARTESIAN_POINT('',(45.,-42.,0.));
#10408 = DIRECTION('',(-1.,0.,0.));
#10409 = DIRECTION('',(0.,1.,0.));
#10410 = ADVANCED_FACE('',(#10411),#10427,.T.);
#10411 = FACE_BOUND('',#10412,.T.);
#10412 = EDGE_LOOP('',(#10413,#10414,#10420,#10421));
#10413 = ORIENTED_EDGE('',*,*,#10392,.T.);
#10414 = ORIENTED_EDGE('',*,*,#10415,.T.);
#10415 = EDGE_CURVE('',#10385,#10315,#10416,.T.);
#10416 = LINE('',#10417,#10418);
#10417 = CARTESIAN_POINT('',(45.,42.,7.));
#10418 = VECTOR('',#10419,1.);
#10419 = DIRECTION('',(-1.,0.,0.));
#10420 = ORIENTED_EDGE('',*,*,#10312,.F.);
#10421 = ORIENTED_EDGE('',*,*,#10422,.F.);
#10422 = EDGE_CURVE('',#10393,#10313,#10423,.T.);
#10423 = LINE('',#10424,#10425);
#10424 = CARTESIAN_POINT('',(45.,42.,0.));
#10425 = VECTOR('',#10426,1.);
#10426 = DIRECTION('',(-1.,0.,0.));
#10427 = PLANE('',#10428);
#10428 = AXIS2_PLACEMENT_3D('',#10429,#10430,#10431);
#10429 = CARTESIAN_POINT('',(45.,42.,0.));
#10430 = DIRECTION('',(0.,-1.,0.));
#10431 = DIRECTION('',(-1.,0.,0.));
#10432 = ADVANCED_FACE('',(#10433),#10439,.F.);
#10433 = FACE_BOUND('',#10434,.F.);
#10434 = EDGE_LOOP('',(#10435,#10436,#10437,#10438));
#10435 = ORIENTED_EDGE('',*,*,#10322,.T.);
#10436 = ORIENTED_EDGE('',*,*,#10353,.T.);
#10437 = ORIENTED_EDGE('',*,*,#10384,.T.);
#10438 = ORIENTED_EDGE('',*,*,#10415,.T.);
#10439 = PLANE('',#10440);
#10440 = AXIS2_PLACEMENT_3D('',#10441,#10442,#10443);
#10441 = CARTESIAN_POINT('',(0.,3.92E-15,7.));
#10442 = DIRECTION('',(0.,0.,1.));
#10443 = DIRECTION('',(1.,0.,0.));
#10444 = ADVANCED_FACE('',(#10445,#10451),#10521,.F.);
#10445 = FACE_BOUND('',#10446,.F.);
#10446 = EDGE_LOOP('',(#10447,#10448,#10449,#10450));
#10447 = ORIENTED_EDGE('',*,*,#10338,.F.);
#10448 = ORIENTED_EDGE('',*,*,#10422,.F.);
#10449 = ORIENTED_EDGE('',*,*,#10400,.F.);
#10450 = ORIENTED_EDGE('',*,*,#10369,.F.);
#10451 = FACE_BOUND('',#10452,.F.);
#10452 = EDGE_LOOP('',(#10453,#10464,#10472,#10481,#10489,#10498,#10506,
    #10515));
#10453 = ORIENTED_EDGE('',*,*,#10454,.T.);
#10454 = EDGE_CURVE('',#10455,#10457,#10459,.T.);
#10455 = VERTEX_POINT('',#10456);
#10456 = CARTESIAN_POINT('',(48.,42.,0.));
#10457 = VERTEX_POINT('',#10458);
#10458 = CARTESIAN_POINT('',(45.,45.,0.));
#10459 = CIRCLE('',#10460,3.);
#10460 = AXIS2_PLACEMENT_3D('',#10461,#10462,#10463);
#10461 = CARTESIAN_POINT('',(45.,42.,0.));
#10462 = DIRECTION('',(-0.,0.,1.));
#10463 = DIRECTION('',(1.1E-16,-1.,0.));
#10464 = ORIENTED_EDGE('',*,*,#10465,.T.);
#10465 = EDGE_CURVE('',#10457,#10466,#10468,.T.);
#10466 = VERTEX_POINT('',#10467);
#10467 = CARTESIAN_POINT('',(-45.,45.,0.));
#10468 = LINE('',#10469,#10470);
#10469 = CARTESIAN_POINT('',(45.,45.,0.));
#10470 = VECTOR('',#10471,1.);
#10471 = DIRECTION('',(-1.,0.,0.));
#10472 = ORIENTED_EDGE('',*,*,#10473,.F.);
#10473 = EDGE_CURVE('',#10474,#10466,#10476,.T.);
#10474 = VERTEX_POINT('',#10475);
#10475 = CARTESIAN_POINT('',(-48.,42.,0.));
#10476 = CIRCLE('',#10477,3.);
#10477 = AXIS2_PLACEMENT_3D('',#10478,#10479,#10480);
#10478 = CARTESIAN_POINT('',(-45.,42.,0.));
#10479 = DIRECTION('',(-0.,0.,-1.));
#10480 = DIRECTION('',(-1.1E-16,-1.,0.));
#10481 = ORIENTED_EDGE('',*,*,#10482,.T.);
#10482 = EDGE_CURVE('',#10474,#10483,#10485,.T.);
#10483 = VERTEX_POINT('',#10484);
#10484 = CARTESIAN_POINT('',(-48.,-42.,0.));
#10485 = LINE('',#10486,#10487);
#10486 = CARTESIAN_POINT('',(-48.,42.,0.));
#10487 = VECTOR('',#10488,1.);
#10488 = DIRECTION('',(0.,-1.,0.));
#10489 = ORIENTED_EDGE('',*,*,#10490,.T.);
#10490 = EDGE_CURVE('',#10483,#10491,#10493,.T.);
#10491 = VERTEX_POINT('',#10492);
#10492 = CARTESIAN_POINT('',(-45.,-45.,0.));
#10493 = CIRCLE('',#10494,3.);
#10494 = AXIS2_PLACEMENT_3D('',#10495,#10496,#10497);
#10495 = CARTESIAN_POINT('',(-45.,-42.,0.));
#10496 = DIRECTION('',(0.,0.,1.));
#10497 = DIRECTION('',(-1.1E-16,1.,0.));
#10498 = ORIENTED_EDGE('',*,*,#10499,.T.);
#10499 = EDGE_CURVE('',#10491,#10500,#10502,.T.);
#10500 = VERTEX_POINT('',#10501);
#10501 = CARTESIAN_POINT('',(45.,-45.,0.));
#10502 = LINE('',#10503,#10504);
#10503 = CARTESIAN_POINT('',(-45.,-45.,0.));
#10504 = VECTOR('',#10505,1.);
#10505 = DIRECTION('',(1.,0.,0.));
#10506 = ORIENTED_EDGE('',*,*,#10507,.T.);
#10507 = EDGE_CURVE('',#10500,#10508,#10510,.T.);
#10508 = VERTEX_POINT('',#10509);
#10509 = CARTESIAN_POINT('',(48.,-42.,0.));
#10510 = CIRCLE('',#10511,3.);
#10511 = AXIS2_PLACEMENT_3D('',#10512,#10513,#10514);
#10512 = CARTESIAN_POINT('',(45.,-42.,0.));
#10513 = DIRECTION('',(0.,0.,1.));
#10514 = DIRECTION('',(-1.,-1.1E-16,0.));
#10515 = ORIENTED_EDGE('',*,*,#10516,.T.);
#10516 = EDGE_CURVE('',#10508,#10455,#10517,.T.);
#10517 = LINE('',#10518,#10519);
#10518 = CARTESIAN_POINT('',(48.,-42.,0.));
#10519 = VECTOR('',#10520,1.);
#10520 = DIRECTION('',(0.,1.,0.));
#10521 = PLANE('',#10522);
#10522 = AXIS2_PLACEMENT_3D('',#10523,#10524,#10525);
#10523 = CARTESIAN_POINT('',(0.,3.92E-15,0.));
#10524 = DIRECTION('',(0.,0.,1.));
#10525 = DIRECTION('',(1.,0.,0.));
#10526 = ADVANCED_FACE('',(#10527),#10552,.F.);
#10527 = FACE_BOUND('',#10528,.F.);
#10528 = EDGE_LOOP('',(#10529,#10537,#10545,#10551));
#10529 = ORIENTED_EDGE('',*,*,#10530,.T.);
#10530 = EDGE_CURVE('',#10474,#10531,#10533,.T.);
#10531 = VERTEX_POINT('',#10532);
#10532 = CARTESIAN_POINT('',(-48.,42.,7.));
#10533 = LINE('',#10534,#10535);
#10534 = CARTESIAN_POINT('',(-48.,42.,0.));
#10535 = VECTOR('',#10536,1.);
#10536 = DIRECTION('',(0.,0.,1.));
#10537 = ORIENTED_EDGE('',*,*,#10538,.T.);
#10538 = EDGE_CURVE('',#10531,#10539,#10541,.T.);
#10539 = VERTEX_POINT('',#10540);
#10540 = CARTESIAN_POINT('',(-48.,-42.,7.));
#10541 = LINE('',#10542,#10543);
#10542 = CARTESIAN_POINT('',(-48.,42.,7.));
#10543 = VECTOR('',#10544,1.);
#10544 = DIRECTION('',(0.,-1.,0.));
#10545 = ORIENTED_EDGE('',*,*,#10546,.F.);
#10546 = EDGE_CURVE('',#10483,#10539,#10547,.T.);
#10547 = LINE('',#10548,#10549);
#10548 = CARTESIAN_POINT('',(-48.,-42.,0.));
#10549 = VECTOR('',#10550,1.);
#10550 = DIRECTION('',(0.,0.,1.));
#10551 = ORIENTED_EDGE('',*,*,#10482,.F.);
#10552 = PLANE('',#10553);
#10553 = AXIS2_PLACEMENT_3D('',#10554,#10555,#10556);
#10554 = CARTESIAN_POINT('',(-48.,42.,0.));
#10555 = DIRECTION('',(1.,0.,0.));
#10556 = DIRECTION('',(0.,-1.,0.));
#10557 = ADVANCED_FACE('',(#10558),#10577,.T.);
#10558 = FACE_BOUND('',#10559,.F.);
#10559 = EDGE_LOOP('',(#10560,#10568,#10575,#10576));
#10560 = ORIENTED_EDGE('',*,*,#10561,.T.);
#10561 = EDGE_CURVE('',#10466,#10562,#10564,.T.);
#10562 = VERTEX_POINT('',#10563);
#10563 = CARTESIAN_POINT('',(-45.,45.,7.));
#10564 = LINE('',#10565,#10566);
#10565 = CARTESIAN_POINT('',(-45.,45.,0.));
#10566 = VECTOR('',#10567,1.);
#10567 = DIRECTION('',(0.,0.,1.));
#10568 = ORIENTED_EDGE('',*,*,#10569,.F.);
#10569 = EDGE_CURVE('',#10531,#10562,#10570,.T.);
#10570 = CIRCLE('',#10571,3.);
#10571 = AXIS2_PLACEMENT_3D('',#10572,#10573,#10574);
#10572 = CARTESIAN_POINT('',(-45.,42.,7.));
#10573 = DIRECTION('',(-0.,0.,-1.));
#10574 = DIRECTION('',(-1.1E-16,-1.,0.));
#10575 = ORIENTED_EDGE('',*,*,#10530,.F.);
#10576 = ORIENTED_EDGE('',*,*,#10473,.T.);
#10577 = CYLINDRICAL_SURFACE('',#10578,3.);
#10578 = AXIS2_PLACEMENT_3D('',#10579,#10580,#10581);
#10579 = CARTESIAN_POINT('',(-45.,42.,0.));
#10580 = DIRECTION('',(0.,0.,1.));
#10581 = DIRECTION('',(-1.1E-16,-1.,0.));
#10582 = ADVANCED_FACE('',(#10583),#10602,.T.);
#10583 = FACE_BOUND('',#10584,.T.);
#10584 = EDGE_LOOP('',(#10585,#10593,#10600,#10601));
#10585 = ORIENTED_EDGE('',*,*,#10586,.T.);
#10586 = EDGE_CURVE('',#10491,#10587,#10589,.T.);
#10587 = VERTEX_POINT('',#10588);
#10588 = CARTESIAN_POINT('',(-45.,-45.,7.));
#10589 = LINE('',#10590,#10591);
#10590 = CARTESIAN_POINT('',(-45.,-45.,0.));
#10591 = VECTOR('',#10592,1.);
#10592 = DIRECTION('',(0.,0.,1.));
#10593 = ORIENTED_EDGE('',*,*,#10594,.F.);
#10594 = EDGE_CURVE('',#10539,#10587,#10595,.T.);
#10595 = CIRCLE('',#10596,3.);
#10596 = AXIS2_PLACEMENT_3D('',#10597,#10598,#10599);
#10597 = CARTESIAN_POINT('',(-45.,-42.,7.));
#10598 = DIRECTION('',(0.,0.,1.));
#10599 = DIRECTION('',(-1.1E-16,1.,0.));
#10600 = ORIENTED_EDGE('',*,*,#10546,.F.);
#10601 = ORIENTED_EDGE('',*,*,#10490,.T.);
#10602 = CYLINDRICAL_SURFACE('',#10603,3.);
#10603 = AXIS2_PLACEMENT_3D('',#10604,#10605,#10606);
#10604 = CARTESIAN_POINT('',(-45.,-42.,0.));
#10605 = DIRECTION('',(0.,0.,1.));
#10606 = DIRECTION('',(-1.1E-16,1.,0.));
#10607 = ADVANCED_FACE('',(#10608),#10626,.F.);
#10608 = FACE_BOUND('',#10609,.F.);
#10609 = EDGE_LOOP('',(#10610,#10618,#10619,#10620));
#10610 = ORIENTED_EDGE('',*,*,#10611,.F.);
#10611 = EDGE_CURVE('',#10500,#10612,#10614,.T.);
#10612 = VERTEX_POINT('',#10613);
#10613 = CARTESIAN_POINT('',(45.,-45.,7.));
#10614 = LINE('',#10615,#10616);
#10615 = CARTESIAN_POINT('',(45.,-45.,0.));
#10616 = VECTOR('',#10617,1.);
#10617 = DIRECTION('',(0.,0.,1.));
#10618 = ORIENTED_EDGE('',*,*,#10499,.F.);
#10619 = ORIENTED_EDGE('',*,*,#10586,.T.);
#10620 = ORIENTED_EDGE('',*,*,#10621,.T.);
#10621 = EDGE_CURVE('',#10587,#10612,#10622,.T.);
#10622 = LINE('',#10623,#10624);
#10623 = CARTESIAN_POINT('',(-45.,-45.,7.));
#10624 = VECTOR('',#10625,1.);
#10625 = DIRECTION('',(1.,0.,0.));
#10626 = PLANE('',#10627);
#10627 = AXIS2_PLACEMENT_3D('',#10628,#10629,#10630);
#10628 = CARTESIAN_POINT('',(-45.,-45.,0.));
#10629 = DIRECTION('',(0.,1.,0.));
#10630 = DIRECTION('',(1.,0.,0.));
#10631 = ADVANCED_FACE('',(#10632),#10651,.T.);
#10632 = FACE_BOUND('',#10633,.T.);
#10633 = EDGE_LOOP('',(#10634,#10642,#10649,#10650));
#10634 = ORIENTED_EDGE('',*,*,#10635,.T.);
#10635 = EDGE_CURVE('',#10508,#10636,#10638,.T.);
#10636 = VERTEX_POINT('',#10637);
#10637 = CARTESIAN_POINT('',(48.,-42.,7.));
#10638 = LINE('',#10639,#10640);
#10639 = CARTESIAN_POINT('',(48.,-42.,0.));
#10640 = VECTOR('',#10641,1.);
#10641 = DIRECTION('',(0.,0.,1.));
#10642 = ORIENTED_EDGE('',*,*,#10643,.F.);
#10643 = EDGE_CURVE('',#10612,#10636,#10644,.T.);
#10644 = CIRCLE('',#10645,3.);
#10645 = AXIS2_PLACEMENT_3D('',#10646,#10647,#10648);
#10646 = CARTESIAN_POINT('',(45.,-42.,7.));
#10647 = DIRECTION('',(0.,0.,1.));
#10648 = DIRECTION('',(-1.,-1.1E-16,0.));
#10649 = ORIENTED_EDGE('',*,*,#10611,.F.);
#10650 = ORIENTED_EDGE('',*,*,#10507,.T.);
#10651 = CYLINDRICAL_SURFACE('',#10652,3.);
#10652 = AXIS2_PLACEMENT_3D('',#10653,#10654,#10655);
#10653 = CARTESIAN_POINT('',(45.,-42.,0.));
#10654 = DIRECTION('',(0.,0.,1.));
#10655 = DIRECTION('',(-1.,-1.1E-16,0.));
#10656 = ADVANCED_FACE('',(#10657),#10675,.F.);
#10657 = FACE_BOUND('',#10658,.F.);
#10658 = EDGE_LOOP('',(#10659,#10667,#10668,#10669));
#10659 = ORIENTED_EDGE('',*,*,#10660,.F.);
#10660 = EDGE_CURVE('',#10455,#10661,#10663,.T.);
#10661 = VERTEX_POINT('',#10662);
#10662 = CARTESIAN_POINT('',(48.,42.,7.));
#10663 = LINE('',#10664,#10665);
#10664 = CARTESIAN_POINT('',(48.,42.,0.));
#10665 = VECTOR('',#10666,1.);
#10666 = DIRECTION('',(0.,0.,1.));
#10667 = ORIENTED_EDGE('',*,*,#10516,.F.);
#10668 = ORIENTED_EDGE('',*,*,#10635,.T.);
#10669 = ORIENTED_EDGE('',*,*,#10670,.T.);
#10670 = EDGE_CURVE('',#10636,#10661,#10671,.T.);
#10671 = LINE('',#10672,#10673);
#10672 = CARTESIAN_POINT('',(48.,-42.,7.));
#10673 = VECTOR('',#10674,1.);
#10674 = DIRECTION('',(0.,1.,0.));
#10675 = PLANE('',#10676);
#10676 = AXIS2_PLACEMENT_3D('',#10677,#10678,#10679);
#10677 = CARTESIAN_POINT('',(48.,-42.,0.));
#10678 = DIRECTION('',(-1.,0.,0.));
#10679 = DIRECTION('',(0.,1.,0.));
#10680 = ADVANCED_FACE('',(#10681),#10700,.T.);
#10681 = FACE_BOUND('',#10682,.T.);
#10682 = EDGE_LOOP('',(#10683,#10691,#10698,#10699));
#10683 = ORIENTED_EDGE('',*,*,#10684,.T.);
#10684 = EDGE_CURVE('',#10457,#10685,#10687,.T.);
#10685 = VERTEX_POINT('',#10686);
#10686 = CARTESIAN_POINT('',(45.,45.,7.));
#10687 = LINE('',#10688,#10689);
#10688 = CARTESIAN_POINT('',(45.,45.,0.));
#10689 = VECTOR('',#10690,1.);
#10690 = DIRECTION('',(0.,0.,1.));
#10691 = ORIENTED_EDGE('',*,*,#10692,.F.);
#10692 = EDGE_CURVE('',#10661,#10685,#10693,.T.);
#10693 = CIRCLE('',#10694,3.);
#10694 = AXIS2_PLACEMENT_3D('',#10695,#10696,#10697);
#10695 = CARTESIAN_POINT('',(45.,42.,7.));
#10696 = DIRECTION('',(-0.,0.,1.));
#10697 = DIRECTION('',(1.1E-16,-1.,0.));
#10698 = ORIENTED_EDGE('',*,*,#10660,.F.);
#10699 = ORIENTED_EDGE('',*,*,#10454,.T.);
#10700 = CYLINDRICAL_SURFACE('',#10701,3.);
#10701 = AXIS2_PLACEMENT_3D('',#10702,#10703,#10704);
#10702 = CARTESIAN_POINT('',(45.,42.,0.));
#10703 = DIRECTION('',(0.,0.,1.));
#10704 = DIRECTION('',(1.1E-16,-1.,0.));
#10705 = ADVANCED_FACE('',(#10706),#10717,.F.);
#10706 = FACE_BOUND('',#10707,.F.);
#10707 = EDGE_LOOP('',(#10708,#10709,#10710,#10716));
#10708 = ORIENTED_EDGE('',*,*,#10465,.F.);
#10709 = ORIENTED_EDGE('',*,*,#10684,.T.);
#10710 = ORIENTED_EDGE('',*,*,#10711,.T.);
#10711 = EDGE_CURVE('',#10685,#10562,#10712,.T.);
#10712 = LINE('',#10713,#10714);
#10713 = CARTESIAN_POINT('',(45.,45.,7.));
#10714 = VECTOR('',#10715,1.);
#10715 = DIRECTION('',(-1.,0.,0.));
#10716 = ORIENTED_EDGE('',*,*,#10561,.F.);
#10717 = PLANE('',#10718);
#10718 = AXIS2_PLACEMENT_3D('',#10719,#10720,#10721);
#10719 = CARTESIAN_POINT('',(45.,45.,0.));
#10720 = DIRECTION('',(0.,-1.,0.));
#10721 = DIRECTION('',(-1.,0.,0.));
#10722 = ADVANCED_FACE('',(#10723),#10742,.T.);
#10723 = FACE_BOUND('',#10724,.T.);
#10724 = EDGE_LOOP('',(#10725,#10726,#10735));
#10725 = ORIENTED_EDGE('',*,*,#10569,.F.);
#10726 = ORIENTED_EDGE('',*,*,#10727,.T.);
#10727 = EDGE_CURVE('',#10531,#10728,#10730,.T.);
#10728 = VERTEX_POINT('',#10729);
#10729 = CARTESIAN_POINT('',(-45.,42.,10.));
#10730 = CIRCLE('',#10731,3.);
#10731 = AXIS2_PLACEMENT_3D('',#10732,#10733,#10734);
#10732 = CARTESIAN_POINT('',(-45.,42.,7.));
#10733 = DIRECTION('',(0.,1.,0.));
#10734 = DIRECTION('',(-1.1E-16,0.,-1.));
#10735 = ORIENTED_EDGE('',*,*,#10736,.F.);
#10736 = EDGE_CURVE('',#10562,#10728,#10737,.T.);
#10737 = CIRCLE('',#10738,3.);
#10738 = AXIS2_PLACEMENT_3D('',#10739,#10740,#10741);
#10739 = CARTESIAN_POINT('',(-45.,42.,7.));
#10740 = DIRECTION('',(1.,-0.,0.));
#10741 = DIRECTION('',(0.,1.1E-16,-1.));
#10742 = SPHERICAL_SURFACE('',#10743,3.);
#10743 = AXIS2_PLACEMENT_3D('',#10744,#10745,#10746);
#10744 = CARTESIAN_POINT('',(-45.,42.,7.));
#10745 = DIRECTION('',(0.,-0.707106781187,0.707106781187));
#10746 = DIRECTION('',(0.57735026919,-0.57735026919,-0.57735026919));
#10747 = ADVANCED_FACE('',(#10748),#10767,.T.);
#10748 = FACE_BOUND('',#10749,.T.);
#10749 = EDGE_LOOP('',(#10750,#10751,#10760));
#10750 = ORIENTED_EDGE('',*,*,#10643,.T.);
#10751 = ORIENTED_EDGE('',*,*,#10752,.T.);
#10752 = EDGE_CURVE('',#10636,#10753,#10755,.T.);
#10753 = VERTEX_POINT('',#10754);
#10754 = CARTESIAN_POINT('',(45.,-42.,10.));
#10755 = CIRCLE('',#10756,3.);
#10756 = AXIS2_PLACEMENT_3D('',#10757,#10758,#10759);
#10757 = CARTESIAN_POINT('',(45.,-42.,7.));
#10758 = DIRECTION('',(0.,-1.,0.));
#10759 = DIRECTION('',(1.1E-16,0.,-1.));
#10760 = ORIENTED_EDGE('',*,*,#10761,.F.);
#10761 = EDGE_CURVE('',#10612,#10753,#10762,.T.);
#10762 = CIRCLE('',#10763,3.);
#10763 = AXIS2_PLACEMENT_3D('',#10764,#10765,#10766);
#10764 = CARTESIAN_POINT('',(45.,-42.,7.));
#10765 = DIRECTION('',(-1.,-0.,0.));
#10766 = DIRECTION('',(0.,-1.1E-16,-1.));
#10767 = SPHERICAL_SURFACE('',#10768,3.);
#10768 = AXIS2_PLACEMENT_3D('',#10769,#10770,#10771);
#10769 = CARTESIAN_POINT('',(45.,-42.,7.));
#10770 = DIRECTION('',(0.707106781187,0.,-0.707106781187));
#10771 = DIRECTION('',(-0.57735026919,0.57735026919,-0.57735026919));
#10772 = ADVANCED_FACE('',(#10773),#10792,.T.);
#10773 = FACE_BOUND('',#10774,.F.);
#10774 = EDGE_LOOP('',(#10775,#10776,#10785,#10791));
#10775 = ORIENTED_EDGE('',*,*,#10711,.F.);
#10776 = ORIENTED_EDGE('',*,*,#10777,.T.);
#10777 = EDGE_CURVE('',#10685,#10778,#10780,.T.);
#10778 = VERTEX_POINT('',#10779);
#10779 = CARTESIAN_POINT('',(45.,42.,10.));
#10780 = CIRCLE('',#10781,3.);
#10781 = AXIS2_PLACEMENT_3D('',#10782,#10783,#10784);
#10782 = CARTESIAN_POINT('',(45.,42.,7.));
#10783 = DIRECTION('',(1.,-0.,0.));
#10784 = DIRECTION('',(0.,1.1E-16,-1.));
#10785 = ORIENTED_EDGE('',*,*,#10786,.T.);
#10786 = EDGE_CURVE('',#10778,#10728,#10787,.T.);
#10787 = LINE('',#10788,#10789);
#10788 = CARTESIAN_POINT('',(45.,42.,10.));
#10789 = VECTOR('',#10790,1.);
#10790 = DIRECTION('',(-1.,0.,0.));
#10791 = ORIENTED_EDGE('',*,*,#10736,.F.);
#10792 = CYLINDRICAL_SURFACE('',#10793,3.);
#10793 = AXIS2_PLACEMENT_3D('',#10794,#10795,#10796);
#10794 = CARTESIAN_POINT('',(45.,42.,7.));
#10795 = DIRECTION('',(-1.,0.,0.));
#10796 = DIRECTION('',(0.,1.1E-16,-1.));
#10797 = ADVANCED_FACE('',(#10798),#10817,.T.);
#10798 = FACE_BOUND('',#10799,.F.);
#10799 = EDGE_LOOP('',(#10800,#10801,#10802,#10810));
#10800 = ORIENTED_EDGE('',*,*,#10538,.F.);
#10801 = ORIENTED_EDGE('',*,*,#10727,.T.);
#10802 = ORIENTED_EDGE('',*,*,#10803,.T.);
#10803 = EDGE_CURVE('',#10728,#10804,#10806,.T.);
#10804 = VERTEX_POINT('',#10805);
#10805 = CARTESIAN_POINT('',(-45.,-42.,10.));
#10806 = LINE('',#10807,#10808);
#10807 = CARTESIAN_POINT('',(-45.,42.,10.));
#10808 = VECTOR('',#10809,1.);
#10809 = DIRECTION('',(0.,-1.,0.));
#10810 = ORIENTED_EDGE('',*,*,#10811,.F.);
#10811 = EDGE_CURVE('',#10539,#10804,#10812,.T.);
#10812 = CIRCLE('',#10813,3.);
#10813 = AXIS2_PLACEMENT_3D('',#10814,#10815,#10816);
#10814 = CARTESIAN_POINT('',(-45.,-42.,7.));
#10815 = DIRECTION('',(0.,1.,0.));
#10816 = DIRECTION('',(-1.1E-16,0.,-1.));
#10817 = CYLINDRICAL_SURFACE('',#10818,3.);
#10818 = AXIS2_PLACEMENT_3D('',#10819,#10820,#10821);
#10819 = CARTESIAN_POINT('',(-45.,42.,7.));
#10820 = DIRECTION('',(0.,-1.,0.));
#10821 = DIRECTION('',(-1.1E-16,-0.,-1.));
#10822 = ADVANCED_FACE('',(#10823),#10839,.T.);
#10823 = FACE_BOUND('',#10824,.T.);
#10824 = EDGE_LOOP('',(#10825,#10826,#10832,#10838));
#10825 = ORIENTED_EDGE('',*,*,#10803,.T.);
#10826 = ORIENTED_EDGE('',*,*,#10827,.T.);
#10827 = EDGE_CURVE('',#10804,#10753,#10828,.T.);
#10828 = LINE('',#10829,#10830);
#10829 = CARTESIAN_POINT('',(-45.,-42.,10.));
#10830 = VECTOR('',#10831,1.);
#10831 = DIRECTION('',(1.,0.,0.));
#10832 = ORIENTED_EDGE('',*,*,#10833,.T.);
#10833 = EDGE_CURVE('',#10753,#10778,#10834,.T.);
#10834 = LINE('',#10835,#10836);
#10835 = CARTESIAN_POINT('',(45.,-42.,10.));
#10836 = VECTOR('',#10837,1.);
#10837 = DIRECTION('',(0.,1.,0.));
#10838 = ORIENTED_EDGE('',*,*,#10786,.T.);
#10839 = PLANE('',#10840);
#10840 = AXIS2_PLACEMENT_3D('',#10841,#10842,#10843);
#10841 = CARTESIAN_POINT('',(0.,3.92E-15,10.));
#10842 = DIRECTION('',(0.,0.,1.));
#10843 = DIRECTION('',(1.,0.,0.));
#10844 = ADVANCED_FACE('',(#10845),#10856,.T.);
#10845 = FACE_BOUND('',#10846,.T.);
#10846 = EDGE_LOOP('',(#10847,#10848,#10849));
#10847 = ORIENTED_EDGE('',*,*,#10692,.T.);
#10848 = ORIENTED_EDGE('',*,*,#10777,.T.);
#10849 = ORIENTED_EDGE('',*,*,#10850,.F.);
#10850 = EDGE_CURVE('',#10661,#10778,#10851,.T.);
#10851 = CIRCLE('',#10852,3.);
#10852 = AXIS2_PLACEMENT_3D('',#10853,#10854,#10855);
#10853 = CARTESIAN_POINT('',(45.,42.,7.));
#10854 = DIRECTION('',(0.,-1.,0.));
#10855 = DIRECTION('',(1.1E-16,0.,-1.));
#10856 = SPHERICAL_SURFACE('',#10857,3.);
#10857 = AXIS2_PLACEMENT_3D('',#10858,#10859,#10860);
#10858 = CARTESIAN_POINT('',(45.,42.,7.));
#10859 = DIRECTION('',(0.,0.707106781187,-0.707106781187));
#10860 = DIRECTION('',(-0.57735026919,-0.57735026919,-0.57735026919));
#10861 = ADVANCED_FACE('',(#10862),#10873,.T.);
#10862 = FACE_BOUND('',#10863,.T.);
#10863 = EDGE_LOOP('',(#10864,#10865,#10872));
#10864 = ORIENTED_EDGE('',*,*,#10594,.T.);
#10865 = ORIENTED_EDGE('',*,*,#10866,.T.);
#10866 = EDGE_CURVE('',#10587,#10804,#10867,.T.);
#10867 = CIRCLE('',#10868,3.);
#10868 = AXIS2_PLACEMENT_3D('',#10869,#10870,#10871);
#10869 = CARTESIAN_POINT('',(-45.,-42.,7.));
#10870 = DIRECTION('',(-1.,-0.,0.));
#10871 = DIRECTION('',(0.,-1.1E-16,-1.));
#10872 = ORIENTED_EDGE('',*,*,#10811,.F.);
#10873 = SPHERICAL_SURFACE('',#10874,3.);
#10874 = AXIS2_PLACEMENT_3D('',#10875,#10876,#10877);
#10875 = CARTESIAN_POINT('',(-45.,-42.,7.));
#10876 = DIRECTION('',(-0.,-0.707106781187,-0.707106781187));
#10877 = DIRECTION('',(0.57735026919,0.57735026919,-0.57735026919));
#10878 = ADVANCED_FACE('',(#10879),#10885,.T.);
#10879 = FACE_BOUND('',#10880,.F.);
#10880 = EDGE_LOOP('',(#10881,#10882,#10883,#10884));
#10881 = ORIENTED_EDGE('',*,*,#10670,.F.);
#10882 = ORIENTED_EDGE('',*,*,#10752,.T.);
#10883 = ORIENTED_EDGE('',*,*,#10833,.T.);
#10884 = ORIENTED_EDGE('',*,*,#10850,.F.);
#10885 = CYLINDRICAL_SURFACE('',#10886,3.);
#10886 = AXIS2_PLACEMENT_3D('',#10887,#10888,#10889);
#10887 = CARTESIAN_POINT('',(45.,-42.,7.));
#10888 = DIRECTION('',(0.,1.,0.));
#10889 = DIRECTION('',(1.1E-16,0.,-1.));
#10890 = ADVANCED_FACE('',(#10891),#10897,.T.);
#10891 = FACE_BOUND('',#10892,.F.);
#10892 = EDGE_LOOP('',(#10893,#10894,#10895,#10896));
#10893 = ORIENTED_EDGE('',*,*,#10621,.F.);
#10894 = ORIENTED_EDGE('',*,*,#10866,.T.);
#10895 = ORIENTED_EDGE('',*,*,#10827,.T.);
#10896 = ORIENTED_EDGE('',*,*,#10761,.F.);
#10897 = CYLINDRICAL_SURFACE('',#10898,3.);
#10898 = AXIS2_PLACEMENT_3D('',#10899,#10900,#10901);
#10899 = CARTESIAN_POINT('',(-45.,-42.,7.));
#10900 = DIRECTION('',(1.,0.,0.));
#10901 = DIRECTION('',(0.,-1.1E-16,-1.));
#10902 = ( GEOMETRIC_REPRESENTATION_CONTEXT(3) 
GLOBAL_UNCERTAINTY_ASSIGNED_CONTEXT((#10906)) 
GLOBAL_UNIT_ASSIGNED_CONTEXT((#10903,#10904,#10905)) 
REPRESENTATION_CONTEXT('Context #1',
  '3D Context with UNIT and UNCERTAINTY') );
#10903 = ( LENGTH_UNIT() NAMED_UNIT(*) SI_UNIT(.MILLI.,.METRE.) );
#10904 = ( NAMED_UNIT(*) PLANE_ANGLE_UNIT() SI_UNIT($,.RADIAN.) );
#10905 = ( NAMED_UNIT(*) SI_UNIT($,.STERADIAN.) SOLID_ANGLE_UNIT() );
#10906 = UNCERTAINTY_MEASURE_WITH_UNIT(LENGTH_MEASURE(5.E-07),#10903,
  'distance_accuracy_value','confusion accuracy');
#10907 = CONTEXT_DEPENDENT_SHAPE_REPRESENTATION(#10908,#10910);
#10908 = ( REPRESENTATION_RELATIONSHIP('','',#10305,#10) 
REPRESENTATION_RELATIONSHIP_WITH_TRANSFORMATION(#10909) 
SHAPE_REPRESENTATION_RELATIONSHIP() );
#10909 = ITEM_DEFINED_TRANSFORMATION('','',#11,#39);
#10910 = PRODUCT_DEFINITION_SHAPE('Placement','Placement of an item',
  #10911);
#10911 = NEXT_ASSEMBLY_USAGE_OCCURRENCE('34','Thickness','',#5,#10300,$
  );
#10912 = PRODUCT_RELATED_PRODUCT_CATEGORY('part',$,(#10302));
#10913 = SHAPE_DEFINITION_REPRESENTATION(#10914,#10920);
#10914 = PRODUCT_DEFINITION_SHAPE('','',#10915);
#10915 = PRODUCT_DEFINITION('design','',#10916,#10919);
#10916 = PRODUCT_DEFINITION_FORMATION('','',#10917);
#10917 = PRODUCT('Pocket','Pocket','',(#10918));
#10918 = PRODUCT_CONTEXT('',#2,'mechanical');
#10919 = PRODUCT_DEFINITION_CONTEXT('part definition',#2,'design');
#10920 = ADVANCED_BREP_SHAPE_REPRESENTATION('',(#11,#10921),#11653);
#10921 = MANIFOLD_SOLID_BREP('',#10922);
#10922 = CLOSED_SHELL('',(#10923,#10963,#10994,#11025,#11112,#11163,
    #11175,#11207,#11231,#11256,#11280,#11305,#11329,#11354,#11371,
    #11402,#11426,#11450,#11467,#11492,#11517,#11534,#11559,#11576,
    #11601,#11618,#11635));
#10923 = ADVANCED_FACE('',(#10924),#10958,.T.);
#10924 = FACE_BOUND('',#10925,.T.);
#10925 = EDGE_LOOP('',(#10926,#10936,#10944,#10952));
#10926 = ORIENTED_EDGE('',*,*,#10927,.T.);
#10927 = EDGE_CURVE('',#10928,#10930,#10932,.T.);
#10928 = VERTEX_POINT('',#10929);
#10929 = CARTESIAN_POINT('',(-45.,42.,0.));
#10930 = VERTEX_POINT('',#10931);
#10931 = CARTESIAN_POINT('',(-45.,42.,7.));
#10932 = LINE('',#10933,#10934);
#10933 = CARTESIAN_POINT('',(-45.,42.,0.));
#10934 = VECTOR('',#10935,1.);
#10935 = DIRECTION('',(0.,0.,1.));
#10936 = ORIENTED_EDGE('',*,*,#10937,.T.);
#10937 = EDGE_CURVE('',#10930,#10938,#10940,.T.);
#10938 = VERTEX_POINT('',#10939);
#10939 = CARTESIAN_POINT('',(-45.,-42.,7.));
#10940 = LINE('',#10941,#10942);
#10941 = CARTESIAN_POINT('',(-45.,42.,7.));
#10942 = VECTOR('',#10943,1.);
#10943 = DIRECTION('',(0.,-1.,0.));
#10944 = ORIENTED_EDGE('',*,*,#10945,.F.);
#10945 = EDGE_CURVE('',#10946,#10938,#10948,.T.);
#10946 = VERTEX_POINT('',#10947);
#10947 = CARTESIAN_POINT('',(-45.,-42.,0.));
#10948 = LINE('',#10949,#10950);
#10949 = CARTESIAN_POINT('',(-45.,-42.,0.));
#10950 = VECTOR('',#10951,1.);
#10951 = DIRECTION('',(0.,0.,1.));
#10952 = ORIENTED_EDGE('',*,*,#10953,.F.);
#10953 = EDGE_CURVE('',#10928,#10946,#10954,.T.);
#10954 = LINE('',#10955,#10956);
#10955 = CARTESIAN_POINT('',(-45.,42.,0.));
#10956 = VECTOR('',#10957,1.);
#10957 = DIRECTION('',(0.,-1.,0.));
#10958 = PLANE('',#10959);
#10959 = AXIS2_PLACEMENT_3D('',#10960,#10961,#10962);
#10960 = CARTESIAN_POINT('',(-45.,42.,0.));
#10961 = DIRECTION('',(1.,0.,0.));
#10962 = DIRECTION('',(0.,-1.,0.));
#10963 = ADVANCED_FACE('',(#10964),#10989,.T.);
#10964 = FACE_BOUND('',#10965,.T.);
#10965 = EDGE_LOOP('',(#10966,#10976,#10982,#10983));
#10966 = ORIENTED_EDGE('',*,*,#10967,.T.);
#10967 = EDGE_CURVE('',#10968,#10970,#10972,.T.);
#10968 = VERTEX_POINT('',#10969);
#10969 = CARTESIAN_POINT('',(45.,42.,0.));
#10970 = VERTEX_POINT('',#10971);
#10971 = CARTESIAN_POINT('',(45.,42.,7.));
#10972 = LINE('',#10973,#10974);
#10973 = CARTESIAN_POINT('',(45.,42.,0.));
#10974 = VECTOR('',#10975,1.);
#10975 = DIRECTION('',(0.,0.,1.));
#10976 = ORIENTED_EDGE('',*,*,#10977,.T.);
#10977 = EDGE_CURVE('',#10970,#10930,#10978,.T.);
#10978 = LINE('',#10979,#10980);
#10979 = CARTESIAN_POINT('',(45.,42.,7.));
#10980 = VECTOR('',#10981,1.);
#10981 = DIRECTION('',(-1.,0.,0.));
#10982 = ORIENTED_EDGE('',*,*,#10927,.F.);
#10983 = ORIENTED_EDGE('',*,*,#10984,.F.);
#10984 = EDGE_CURVE('',#10968,#10928,#10985,.T.);
#10985 = LINE('',#10986,#10987);
#10986 = CARTESIAN_POINT('',(45.,42.,0.));
#10987 = VECTOR('',#10988,1.);
#10988 = DIRECTION('',(-1.,0.,0.));
#10989 = PLANE('',#10990);
#10990 = AXIS2_PLACEMENT_3D('',#10991,#10992,#10993);
#10991 = CARTESIAN_POINT('',(45.,42.,0.));
#10992 = DIRECTION('',(0.,-1.,0.));
#10993 = DIRECTION('',(-1.,0.,0.));
#10994 = ADVANCED_FACE('',(#10995),#11020,.T.);
#10995 = FACE_BOUND('',#10996,.T.);
#10996 = EDGE_LOOP('',(#10997,#10998,#11006,#11014));
#10997 = ORIENTED_EDGE('',*,*,#10945,.T.);
#10998 = ORIENTED_EDGE('',*,*,#10999,.T.);
#10999 = EDGE_CURVE('',#10938,#11000,#11002,.T.);
#11000 = VERTEX_POINT('',#11001);
#11001 = CARTESIAN_POINT('',(45.,-42.,7.));
#11002 = LINE('',#11003,#11004);
#11003 = CARTESIAN_POINT('',(-45.,-42.,7.));
#11004 = VECTOR('',#11005,1.);
#11005 = DIRECTION('',(1.,0.,0.));
#11006 = ORIENTED_EDGE('',*,*,#11007,.F.);
#11007 = EDGE_CURVE('',#11008,#11000,#11010,.T.);
#11008 = VERTEX_POINT('',#11009);
#11009 = CARTESIAN_POINT('',(45.,-42.,0.));
#11010 = LINE('',#11011,#11012);
#11011 = CARTESIAN_POINT('',(45.,-42.,0.));
#11012 = VECTOR('',#11013,1.);
#11013 = DIRECTION('',(0.,0.,1.));
#11014 = ORIENTED_EDGE('',*,*,#11015,.F.);
#11015 = EDGE_CURVE('',#10946,#11008,#11016,.T.);
#11016 = LINE('',#11017,#11018);
#11017 = CARTESIAN_POINT('',(-45.,-42.,0.));
#11018 = VECTOR('',#11019,1.);
#11019 = DIRECTION('',(1.,0.,0.));
#11020 = PLANE('',#11021);
#11021 = AXIS2_PLACEMENT_3D('',#11022,#11023,#11024);
#11022 = CARTESIAN_POINT('',(-45.,-42.,0.));
#11023 = DIRECTION('',(0.,1.,0.));
#11024 = DIRECTION('',(1.,0.,0.));
#11025 = ADVANCED_FACE('',(#11026,#11037),#11107,.F.);
#11026 = FACE_BOUND('',#11027,.F.);
#11027 = EDGE_LOOP('',(#11028,#11029,#11030,#11036));
#11028 = ORIENTED_EDGE('',*,*,#10953,.F.);
#11029 = ORIENTED_EDGE('',*,*,#10984,.F.);
#11030 = ORIENTED_EDGE('',*,*,#11031,.F.);
#11031 = EDGE_CURVE('',#11008,#10968,#11032,.T.);
#11032 = LINE('',#11033,#11034);
#11033 = CARTESIAN_POINT('',(45.,-42.,0.));
#11034 = VECTOR('',#11035,1.);
#11035 = DIRECTION('',(0.,1.,0.));
#11036 = ORIENTED_EDGE('',*,*,#11015,.F.);
#11037 = FACE_BOUND('',#11038,.F.);
#11038 = EDGE_LOOP('',(#11039,#11050,#11058,#11067,#11075,#11084,#11092,
    #11101));
#11039 = ORIENTED_EDGE('',*,*,#11040,.T.);
#11040 = EDGE_CURVE('',#11041,#11043,#11045,.T.);
#11041 = VERTEX_POINT('',#11042);
#11042 = CARTESIAN_POINT('',(48.,42.,0.));
#11043 = VERTEX_POINT('',#11044);
#11044 = CARTESIAN_POINT('',(45.,45.,0.));
#11045 = CIRCLE('',#11046,3.);
#11046 = AXIS2_PLACEMENT_3D('',#11047,#11048,#11049);
#11047 = CARTESIAN_POINT('',(45.,42.,0.));
#11048 = DIRECTION('',(-0.,0.,1.));
#11049 = DIRECTION('',(1.1E-16,-1.,0.));
#11050 = ORIENTED_EDGE('',*,*,#11051,.T.);
#11051 = EDGE_CURVE('',#11043,#11052,#11054,.T.);
#11052 = VERTEX_POINT('',#11053);
#11053 = CARTESIAN_POINT('',(-45.,45.,0.));
#11054 = LINE('',#11055,#11056);
#11055 = CARTESIAN_POINT('',(45.,45.,0.));
#11056 = VECTOR('',#11057,1.);
#11057 = DIRECTION('',(-1.,0.,0.));
#11058 = ORIENTED_EDGE('',*,*,#11059,.F.);
#11059 = EDGE_CURVE('',#11060,#11052,#11062,.T.);
#11060 = VERTEX_POINT('',#11061);
#11061 = CARTESIAN_POINT('',(-48.,42.,0.));
#11062 = CIRCLE('',#11063,3.);
#11063 = AXIS2_PLACEMENT_3D('',#11064,#11065,#11066);
#11064 = CARTESIAN_POINT('',(-45.,42.,0.));
#11065 = DIRECTION('',(-0.,0.,-1.));
#11066 = DIRECTION('',(-1.1E-16,-1.,0.));
#11067 = ORIENTED_EDGE('',*,*,#11068,.T.);
#11068 = EDGE_CURVE('',#11060,#11069,#11071,.T.);
#11069 = VERTEX_POINT('',#11070);
#11070 = CARTESIAN_POINT('',(-48.,-42.,0.));
#11071 = LINE('',#11072,#11073);
#11072 = CARTESIAN_POINT('',(-48.,42.,0.));
#11073 = VECTOR('',#11074,1.);
#11074 = DIRECTION('',(0.,-1.,0.));
#11075 = ORIENTED_EDGE('',*,*,#11076,.T.);
#11076 = EDGE_CURVE('',#11069,#11077,#11079,.T.);
#11077 = VERTEX_POINT('',#11078);
#11078 = CARTESIAN_POINT('',(-45.,-45.,0.));
#11079 = CIRCLE('',#11080,3.);
#11080 = AXIS2_PLACEMENT_3D('',#11081,#11082,#11083);
#11081 = CARTESIAN_POINT('',(-45.,-42.,0.));
#11082 = DIRECTION('',(0.,0.,1.));
#11083 = DIRECTION('',(-1.1E-16,1.,0.));
#11084 = ORIENTED_EDGE('',*,*,#11085,.T.);
#11085 = EDGE_CURVE('',#11077,#11086,#11088,.T.);
#11086 = VERTEX_POINT('',#11087);
#11087 = CARTESIAN_POINT('',(45.,-45.,0.));
#11088 = LINE('',#11089,#11090);
#11089 = CARTESIAN_POINT('',(-45.,-45.,0.));
#11090 = VECTOR('',#11091,1.);
#11091 = DIRECTION('',(1.,0.,0.));
#11092 = ORIENTED_EDGE('',*,*,#11093,.T.);
#11093 = EDGE_CURVE('',#11086,#11094,#11096,.T.);
#11094 = VERTEX_POINT('',#11095);
#11095 = CARTESIAN_POINT('',(48.,-42.,0.));
#11096 = CIRCLE('',#11097,3.);
#11097 = AXIS2_PLACEMENT_3D('',#11098,#11099,#11100);
#11098 = CARTESIAN_POINT('',(45.,-42.,0.));
#11099 = DIRECTION('',(0.,0.,1.));
#11100 = DIRECTION('',(-1.,-1.1E-16,0.));
#11101 = ORIENTED_EDGE('',*,*,#11102,.T.);
#11102 = EDGE_CURVE('',#11094,#11041,#11103,.T.);
#11103 = LINE('',#11104,#11105);
#11104 = CARTESIAN_POINT('',(48.,-42.,0.));
#11105 = VECTOR('',#11106,1.);
#11106 = DIRECTION('',(0.,1.,0.));
#11107 = PLANE('',#11108);
#11108 = AXIS2_PLACEMENT_3D('',#11109,#11110,#11111);
#11109 = CARTESIAN_POINT('',(0.,3.92E-15,0.));
#11110 = DIRECTION('',(0.,0.,1.));
#11111 = DIRECTION('',(1.,0.,0.));
#11112 = ADVANCED_FACE('',(#11113,#11124),#11158,.F.);
#11113 = FACE_BOUND('',#11114,.F.);
#11114 = EDGE_LOOP('',(#11115,#11116,#11117,#11123));
#11115 = ORIENTED_EDGE('',*,*,#10937,.T.);
#11116 = ORIENTED_EDGE('',*,*,#10999,.T.);
#11117 = ORIENTED_EDGE('',*,*,#11118,.T.);
#11118 = EDGE_CURVE('',#11000,#10970,#11119,.T.);
#11119 = LINE('',#11120,#11121);
#11120 = CARTESIAN_POINT('',(45.,-42.,7.));
#11121 = VECTOR('',#11122,1.);
#11122 = DIRECTION('',(0.,1.,0.));
#11123 = ORIENTED_EDGE('',*,*,#10977,.T.);
#11124 = FACE_BOUND('',#11125,.F.);
#11125 = EDGE_LOOP('',(#11126,#11136,#11144,#11152));
#11126 = ORIENTED_EDGE('',*,*,#11127,.F.);
#11127 = EDGE_CURVE('',#11128,#11130,#11132,.T.);
#11128 = VERTEX_POINT('',#11129);
#11129 = CARTESIAN_POINT('',(-23.,23.,7.));
#11130 = VERTEX_POINT('',#11131);
#11131 = CARTESIAN_POINT('',(-23.,-23.,7.));
#11132 = LINE('',#11133,#11134);
#11133 = CARTESIAN_POINT('',(-23.,11.5,7.));
#11134 = VECTOR('',#11135,1.);
#11135 = DIRECTION('',(0.,-1.,0.));
#11136 = ORIENTED_EDGE('',*,*,#11137,.F.);
#11137 = EDGE_CURVE('',#11138,#11128,#11140,.T.);
#11138 = VERTEX_POINT('',#11139);
#11139 = CARTESIAN_POINT('',(23.,23.,7.));
#11140 = LINE('',#11141,#11142);
#11141 = CARTESIAN_POINT('',(11.5,23.,7.));
#11142 = VECTOR('',#11143,1.);
#11143 = DIRECTION('',(-1.,0.,0.));
#11144 = ORIENTED_EDGE('',*,*,#11145,.F.);
#11145 = EDGE_CURVE('',#11146,#11138,#11148,.T.);
#11146 = VERTEX_POINT('',#11147);
#11147 = CARTESIAN_POINT('',(23.,-23.,7.));
#11148 = LINE('',#11149,#11150);
#11149 = CARTESIAN_POINT('',(23.,-11.5,7.));
#11150 = VECTOR('',#11151,1.);
#11151 = DIRECTION('',(0.,1.,0.));
#11152 = ORIENTED_EDGE('',*,*,#11153,.F.);
#11153 = EDGE_CURVE('',#11130,#11146,#11154,.T.);
#11154 = LINE('',#11155,#11156);
#11155 = CARTESIAN_POINT('',(-11.5,-23.,7.));
#11156 = VECTOR('',#11157,1.);
#11157 = DIRECTION('',(1.,0.,-0.));
#11158 = PLANE('',#11159);
#11159 = AXIS2_PLACEMENT_3D('',#11160,#11161,#11162);
#11160 = CARTESIAN_POINT('',(0.,3.92E-15,7.));
#11161 = DIRECTION('',(0.,0.,1.));
#11162 = DIRECTION('',(1.,0.,0.));
#11163 = ADVANCED_FACE('',(#11164),#11170,.T.);
#11164 = FACE_BOUND('',#11165,.T.);
#11165 = EDGE_LOOP('',(#11166,#11167,#11168,#11169));
#11166 = ORIENTED_EDGE('',*,*,#11007,.T.);
#11167 = ORIENTED_EDGE('',*,*,#11118,.T.);
#11168 = ORIENTED_EDGE('',*,*,#10967,.F.);
#11169 = ORIENTED_EDGE('',*,*,#11031,.F.);
#11170 = PLANE('',#11171);
#11171 = AXIS2_PLACEMENT_3D('',#11172,#11173,#11174);
#11172 = CARTESIAN_POINT('',(45.,-42.,0.));
#11173 = DIRECTION('',(-1.,0.,0.));
#11174 = DIRECTION('',(0.,1.,0.));
#11175 = ADVANCED_FACE('',(#11176),#11202,.T.);
#11176 = FACE_BOUND('',#11177,.T.);
#11177 = EDGE_LOOP('',(#11178,#11186,#11195,#11201));
#11178 = ORIENTED_EDGE('',*,*,#11179,.T.);
#11179 = EDGE_CURVE('',#11043,#11180,#11182,.T.);
#11180 = VERTEX_POINT('',#11181);
#11181 = CARTESIAN_POINT('',(45.,45.,7.));
#11182 = LINE('',#11183,#11184);
#11183 = CARTESIAN_POINT('',(45.,45.,0.));
#11184 = VECTOR('',#11185,1.);
#11185 = DIRECTION('',(0.,0.,1.));
#11186 = ORIENTED_EDGE('',*,*,#11187,.F.);
#11187 = EDGE_CURVE('',#11188,#11180,#11190,.T.);
#11188 = VERTEX_POINT('',#11189);
#11189 = CARTESIAN_POINT('',(48.,42.,7.));
#11190 = CIRCLE('',#11191,3.);
#11191 = AXIS2_PLACEMENT_3D('',#11192,#11193,#11194);
#11192 = CARTESIAN_POINT('',(45.,42.,7.));
#11193 = DIRECTION('',(-0.,0.,1.));
#11194 = DIRECTION('',(1.1E-16,-1.,0.));
#11195 = ORIENTED_EDGE('',*,*,#11196,.F.);
#11196 = EDGE_CURVE('',#11041,#11188,#11197,.T.);
#11197 = LINE('',#11198,#11199);
#11198 = CARTESIAN_POINT('',(48.,42.,0.));
#11199 = VECTOR('',#11200,1.);
#11200 = DIRECTION('',(0.,0.,1.));
#11201 = ORIENTED_EDGE('',*,*,#11040,.T.);
#11202 = CYLINDRICAL_SURFACE('',#11203,3.);
#11203 = AXIS2_PLACEMENT_3D('',#11204,#11205,#11206);
#11204 = CARTESIAN_POINT('',(45.,42.,0.));
#11205 = DIRECTION('',(0.,0.,1.));
#11206 = DIRECTION('',(1.1E-16,-1.,0.));
#11207 = ADVANCED_FACE('',(#11208),#11226,.F.);
#11208 = FACE_BOUND('',#11209,.F.);
#11209 = EDGE_LOOP('',(#11210,#11211,#11212,#11220));
#11210 = ORIENTED_EDGE('',*,*,#11051,.F.);
#11211 = ORIENTED_EDGE('',*,*,#11179,.T.);
#11212 = ORIENTED_EDGE('',*,*,#11213,.T.);
#11213 = EDGE_CURVE('',#11180,#11214,#11216,.T.);
#11214 = VERTEX_POINT('',#11215);
#11215 = CARTESIAN_POINT('',(-45.,45.,7.));
#11216 = LINE('',#11217,#11218);
#11217 = CARTESIAN_POINT('',(45.,45.,7.));
#11218 = VECTOR('',#11219,1.);
#11219 = DIRECTION('',(-1.,0.,0.));
#11220 = ORIENTED_EDGE('',*,*,#11221,.F.);
#11221 = EDGE_CURVE('',#11052,#11214,#11222,.T.);
#11222 = LINE('',#11223,#11224);
#11223 = CARTESIAN_POINT('',(-45.,45.,0.));
#11224 = VECTOR('',#11225,1.);
#11225 = DIRECTION('',(0.,0.,1.));
#11226 = PLANE('',#11227);
#11227 = AXIS2_PLACEMENT_3D('',#11228,#11229,#11230);
#11228 = CARTESIAN_POINT('',(45.,45.,0.));
#11229 = DIRECTION('',(0.,-1.,0.));
#11230 = DIRECTION('',(-1.,0.,0.));
#11231 = ADVANCED_FACE('',(#11232),#11251,.T.);
#11232 = FACE_BOUND('',#11233,.F.);
#11233 = EDGE_LOOP('',(#11234,#11235,#11244,#11250));
#11234 = ORIENTED_EDGE('',*,*,#11221,.T.);
#11235 = ORIENTED_EDGE('',*,*,#11236,.F.);
#11236 = EDGE_CURVE('',#11237,#11214,#11239,.T.);
#11237 = VERTEX_POINT('',#11238);
#11238 = CARTESIAN_POINT('',(-48.,42.,7.));
#11239 = CIRCLE('',#11240,3.);
#11240 = AXIS2_PLACEMENT_3D('',#11241,#11242,#11243);
#11241 = CARTESIAN_POINT('',(-45.,42.,7.));
#11242 = DIRECTION('',(-0.,0.,-1.));
#11243 = DIRECTION('',(-1.1E-16,-1.,0.));
#11244 = ORIENTED_EDGE('',*,*,#11245,.F.);
#11245 = EDGE_CURVE('',#11060,#11237,#11246,.T.);
#11246 = LINE('',#11247,#11248);
#11247 = CARTESIAN_POINT('',(-48.,42.,0.));
#11248 = VECTOR('',#11249,1.);
#11249 = DIRECTION('',(0.,0.,1.));
#11250 = ORIENTED_EDGE('',*,*,#11059,.T.);
#11251 = CYLINDRICAL_SURFACE('',#11252,3.);
#11252 = AXIS2_PLACEMENT_3D('',#11253,#11254,#11255);
#11253 = CARTESIAN_POINT('',(-45.,42.,0.));
#11254 = DIRECTION('',(0.,0.,1.));
#11255 = DIRECTION('',(-1.1E-16,-1.,0.));
#11256 = ADVANCED_FACE('',(#11257),#11275,.F.);
#11257 = FACE_BOUND('',#11258,.F.);
#11258 = EDGE_LOOP('',(#11259,#11260,#11268,#11274));
#11259 = ORIENTED_EDGE('',*,*,#11245,.T.);
#11260 = ORIENTED_EDGE('',*,*,#11261,.T.);
#11261 = EDGE_CURVE('',#11237,#11262,#11264,.T.);
#11262 = VERTEX_POINT('',#11263);
#11263 = CARTESIAN_POINT('',(-48.,-42.,7.));
#11264 = LINE('',#11265,#11266);
#11265 = CARTESIAN_POINT('',(-48.,42.,7.));
#11266 = VECTOR('',#11267,1.);
#11267 = DIRECTION('',(0.,-1.,0.));
#11268 = ORIENTED_EDGE('',*,*,#11269,.F.);
#11269 = EDGE_CURVE('',#11069,#11262,#11270,.T.);
#11270 = LINE('',#11271,#11272);
#11271 = CARTESIAN_POINT('',(-48.,-42.,0.));
#11272 = VECTOR('',#11273,1.);
#11273 = DIRECTION('',(0.,0.,1.));
#11274 = ORIENTED_EDGE('',*,*,#11068,.F.);
#11275 = PLANE('',#11276);
#11276 = AXIS2_PLACEMENT_3D('',#11277,#11278,#11279);
#11277 = CARTESIAN_POINT('',(-48.,42.,0.));
#11278 = DIRECTION('',(1.,0.,0.));
#11279 = DIRECTION('',(0.,-1.,0.));
#11280 = ADVANCED_FACE('',(#11281),#11300,.T.);
#11281 = FACE_BOUND('',#11282,.T.);
#11282 = EDGE_LOOP('',(#11283,#11291,#11298,#11299));
#11283 = ORIENTED_EDGE('',*,*,#11284,.T.);
#11284 = EDGE_CURVE('',#11077,#11285,#11287,.T.);
#11285 = VERTEX_POINT('',#11286);
#11286 = CARTESIAN_POINT('',(-45.,-45.,7.));
#11287 = LINE('',#11288,#11289);
#11288 = CARTESIAN_POINT('',(-45.,-45.,0.));
#11289 = VECTOR('',#11290,1.);
#11290 = DIRECTION('',(0.,0.,1.));
#11291 = ORIENTED_EDGE('',*,*,#11292,.F.);
#11292 = EDGE_CURVE('',#11262,#11285,#11293,.T.);
#11293 = CIRCLE('',#11294,3.);
#11294 = AXIS2_PLACEMENT_3D('',#11295,#11296,#11297);
#11295 = CARTESIAN_POINT('',(-45.,-42.,7.));
#11296 = DIRECTION('',(0.,0.,1.));
#11297 = DIRECTION('',(-1.1E-16,1.,0.));
#11298 = ORIENTED_EDGE('',*,*,#11269,.F.);
#11299 = ORIENTED_EDGE('',*,*,#11076,.T.);
#11300 = CYLINDRICAL_SURFACE('',#11301,3.);
#11301 = AXIS2_PLACEMENT_3D('',#11302,#11303,#11304);
#11302 = CARTESIAN_POINT('',(-45.,-42.,0.));
#11303 = DIRECTION('',(0.,0.,1.));
#11304 = DIRECTION('',(-1.1E-16,1.,0.));
#11305 = ADVANCED_FACE('',(#11306),#11324,.F.);
#11306 = FACE_BOUND('',#11307,.F.);
#11307 = EDGE_LOOP('',(#11308,#11316,#11317,#11318));
#11308 = ORIENTED_EDGE('',*,*,#11309,.F.);
#11309 = EDGE_CURVE('',#11086,#11310,#11312,.T.);
#11310 = VERTEX_POINT('',#11311);
#11311 = CARTESIAN_POINT('',(45.,-45.,7.));
#11312 = LINE('',#11313,#11314);
#11313 = CARTESIAN_POINT('',(45.,-45.,0.));
#11314 = VECTOR('',#11315,1.);
#11315 = DIRECTION('',(0.,0.,1.));
#11316 = ORIENTED_EDGE('',*,*,#11085,.F.);
#11317 = ORIENTED_EDGE('',*,*,#11284,.T.);
#11318 = ORIENTED_EDGE('',*,*,#11319,.T.);
#11319 = EDGE_CURVE('',#11285,#11310,#11320,.T.);
#11320 = LINE('',#11321,#11322);
#11321 = CARTESIAN_POINT('',(-45.,-45.,7.));
#11322 = VECTOR('',#11323,1.);
#11323 = DIRECTION('',(1.,0.,0.));
#11324 = PLANE('',#11325);
#11325 = AXIS2_PLACEMENT_3D('',#11326,#11327,#11328);
#11326 = CARTESIAN_POINT('',(-45.,-45.,0.));
#11327 = DIRECTION('',(0.,1.,0.));
#11328 = DIRECTION('',(1.,0.,0.));
#11329 = ADVANCED_FACE('',(#11330),#11349,.T.);
#11330 = FACE_BOUND('',#11331,.T.);
#11331 = EDGE_LOOP('',(#11332,#11340,#11347,#11348));
#11332 = ORIENTED_EDGE('',*,*,#11333,.T.);
#11333 = EDGE_CURVE('',#11094,#11334,#11336,.T.);
#11334 = VERTEX_POINT('',#11335);
#11335 = CARTESIAN_POINT('',(48.,-42.,7.));
#11336 = LINE('',#11337,#11338);
#11337 = CARTESIAN_POINT('',(48.,-42.,0.));
#11338 = VECTOR('',#11339,1.);
#11339 = DIRECTION('',(0.,0.,1.));
#11340 = ORIENTED_EDGE('',*,*,#11341,.F.);
#11341 = EDGE_CURVE('',#11310,#11334,#11342,.T.);
#11342 = CIRCLE('',#11343,3.);
#11343 = AXIS2_PLACEMENT_3D('',#11344,#11345,#11346);
#11344 = CARTESIAN_POINT('',(45.,-42.,7.));
#11345 = DIRECTION('',(0.,0.,1.));
#11346 = DIRECTION('',(-1.,-1.1E-16,0.));
#11347 = ORIENTED_EDGE('',*,*,#11309,.F.);
#11348 = ORIENTED_EDGE('',*,*,#11093,.T.);
#11349 = CYLINDRICAL_SURFACE('',#11350,3.);
#11350 = AXIS2_PLACEMENT_3D('',#11351,#11352,#11353);
#11351 = CARTESIAN_POINT('',(45.,-42.,0.));
#11352 = DIRECTION('',(0.,0.,1.));
#11353 = DIRECTION('',(-1.,-1.1E-16,0.));
#11354 = ADVANCED_FACE('',(#11355),#11366,.F.);
#11355 = FACE_BOUND('',#11356,.F.);
#11356 = EDGE_LOOP('',(#11357,#11358,#11359,#11360));
#11357 = ORIENTED_EDGE('',*,*,#11196,.F.);
#11358 = ORIENTED_EDGE('',*,*,#11102,.F.);
#11359 = ORIENTED_EDGE('',*,*,#11333,.T.);
#11360 = ORIENTED_EDGE('',*,*,#11361,.T.);
#11361 = EDGE_CURVE('',#11334,#11188,#11362,.T.);
#11362 = LINE('',#11363,#11364);
#11363 = CARTESIAN_POINT('',(48.,-42.,7.));
#11364 = VECTOR('',#11365,1.);
#11365 = DIRECTION('',(0.,1.,0.));
#11366 = PLANE('',#11367);
#11367 = AXIS2_PLACEMENT_3D('',#11368,#11369,#11370);
#11368 = CARTESIAN_POINT('',(48.,-42.,0.));
#11369 = DIRECTION('',(-1.,0.,0.));
#11370 = DIRECTION('',(0.,1.,0.));
#11371 = ADVANCED_FACE('',(#11372),#11397,.F.);
#11372 = FACE_BOUND('',#11373,.F.);
#11373 = EDGE_LOOP('',(#11374,#11384,#11390,#11391));
#11374 = ORIENTED_EDGE('',*,*,#11375,.F.);
#11375 = EDGE_CURVE('',#11376,#11378,#11380,.T.);
#11376 = VERTEX_POINT('',#11377);
#11377 = CARTESIAN_POINT('',(-23.,23.,10.));
#11378 = VERTEX_POINT('',#11379);
#11379 = CARTESIAN_POINT('',(-23.,-23.,10.));
#11380 = LINE('',#11381,#11382);
#11381 = CARTESIAN_POINT('',(-23.,23.,10.));
#11382 = VECTOR('',#11383,1.);
#11383 = DIRECTION('',(0.,-1.,0.));
#11384 = ORIENTED_EDGE('',*,*,#11385,.T.);
#11385 = EDGE_CURVE('',#11376,#11128,#11386,.T.);
#11386 = LINE('',#11387,#11388);
#11387 = CARTESIAN_POINT('',(-23.,23.,10.));
#11388 = VECTOR('',#11389,1.);
#11389 = DIRECTION('',(-0.,-0.,-1.));
#11390 = ORIENTED_EDGE('',*,*,#11127,.T.);
#11391 = ORIENTED_EDGE('',*,*,#11392,.F.);
#11392 = EDGE_CURVE('',#11378,#11130,#11393,.T.);
#11393 = LINE('',#11394,#11395);
#11394 = CARTESIAN_POINT('',(-23.,-23.,10.));
#11395 = VECTOR('',#11396,1.);
#11396 = DIRECTION('',(-0.,-0.,-1.));
#11397 = PLANE('',#11398);
#11398 = AXIS2_PLACEMENT_3D('',#11399,#11400,#11401);
#11399 = CARTESIAN_POINT('',(-23.,23.,10.));
#11400 = DIRECTION('',(-1.,0.,0.));
#11401 = DIRECTION('',(0.,-1.,0.));
#11402 = ADVANCED_FACE('',(#11403),#11421,.F.);
#11403 = FACE_BOUND('',#11404,.F.);
#11404 = EDGE_LOOP('',(#11405,#11413,#11414,#11415));
#11405 = ORIENTED_EDGE('',*,*,#11406,.F.);
#11406 = EDGE_CURVE('',#11378,#11407,#11409,.T.);
#11407 = VERTEX_POINT('',#11408);
#11408 = CARTESIAN_POINT('',(23.,-23.,10.));
#11409 = LINE('',#11410,#11411);
#11410 = CARTESIAN_POINT('',(-23.,-23.,10.));
#11411 = VECTOR('',#11412,1.);
#11412 = DIRECTION('',(1.,0.,0.));
#11413 = ORIENTED_EDGE('',*,*,#11392,.T.);
#11414 = ORIENTED_EDGE('',*,*,#11153,.T.);
#11415 = ORIENTED_EDGE('',*,*,#11416,.F.);
#11416 = EDGE_CURVE('',#11407,#11146,#11417,.T.);
#11417 = LINE('',#11418,#11419);
#11418 = CARTESIAN_POINT('',(23.,-23.,10.));
#11419 = VECTOR('',#11420,1.);
#11420 = DIRECTION('',(-0.,-0.,-1.));
#11421 = PLANE('',#11422);
#11422 = AXIS2_PLACEMENT_3D('',#11423,#11424,#11425);
#11423 = CARTESIAN_POINT('',(-23.,-23.,10.));
#11424 = DIRECTION('',(0.,-1.,0.));
#11425 = DIRECTION('',(1.,0.,0.));
#11426 = ADVANCED_FACE('',(#11427),#11445,.F.);
#11427 = FACE_BOUND('',#11428,.F.);
#11428 = EDGE_LOOP('',(#11429,#11437,#11438,#11439));
#11429 = ORIENTED_EDGE('',*,*,#11430,.F.);
#11430 = EDGE_CURVE('',#11407,#11431,#11433,.T.);
#11431 = VERTEX_POINT('',#11432);
#11432 = CARTESIAN_POINT('',(23.,23.,10.));
#11433 = LINE('',#11434,#11435);
#11434 = CARTESIAN_POINT('',(23.,-23.,10.));
#11435 = VECTOR('',#11436,1.);
#11436 = DIRECTION('',(0.,1.,0.));
#11437 = ORIENTED_EDGE('',*,*,#11416,.T.);
#11438 = ORIENTED_EDGE('',*,*,#11145,.T.);
#11439 = ORIENTED_EDGE('',*,*,#11440,.F.);
#11440 = EDGE_CURVE('',#11431,#11138,#11441,.T.);
#11441 = LINE('',#11442,#11443);
#11442 = CARTESIAN_POINT('',(23.,23.,10.));
#11443 = VECTOR('',#11444,1.);
#11444 = DIRECTION('',(-0.,-0.,-1.));
#11445 = PLANE('',#11446);
#11446 = AXIS2_PLACEMENT_3D('',#11447,#11448,#11449);
#11447 = CARTESIAN_POINT('',(23.,-23.,10.));
#11448 = DIRECTION('',(1.,0.,0.));
#11449 = DIRECTION('',(-0.,1.,0.));
#11450 = ADVANCED_FACE('',(#11451),#11462,.F.);
#11451 = FACE_BOUND('',#11452,.F.);
#11452 = EDGE_LOOP('',(#11453,#11459,#11460,#11461));
#11453 = ORIENTED_EDGE('',*,*,#11454,.F.);
#11454 = EDGE_CURVE('',#11431,#11376,#11455,.T.);
#11455 = LINE('',#11456,#11457);
#11456 = CARTESIAN_POINT('',(23.,23.,10.));
#11457 = VECTOR('',#11458,1.);
#11458 = DIRECTION('',(-1.,0.,0.));
#11459 = ORIENTED_EDGE('',*,*,#11440,.T.);
#11460 = ORIENTED_EDGE('',*,*,#11137,.T.);
#11461 = ORIENTED_EDGE('',*,*,#11385,.F.);
#11462 = PLANE('',#11463);
#11463 = AXIS2_PLACEMENT_3D('',#11464,#11465,#11466);
#11464 = CARTESIAN_POINT('',(23.,23.,10.));
#11465 = DIRECTION('',(0.,1.,-0.));
#11466 = DIRECTION('',(-1.,0.,0.));
#11467 = ADVANCED_FACE('',(#11468),#11487,.T.);
#11468 = FACE_BOUND('',#11469,.T.);
#11469 = EDGE_LOOP('',(#11470,#11471,#11480));
#11470 = ORIENTED_EDGE('',*,*,#11187,.T.);
#11471 = ORIENTED_EDGE('',*,*,#11472,.T.);
#11472 = EDGE_CURVE('',#11180,#11473,#11475,.T.);
#11473 = VERTEX_POINT('',#11474);
#11474 = CARTESIAN_POINT('',(45.,42.,10.));
#11475 = CIRCLE('',#11476,3.);
#11476 = AXIS2_PLACEMENT_3D('',#11477,#11478,#11479);
#11477 = CARTESIAN_POINT('',(45.,42.,7.));
#11478 = DIRECTION('',(1.,-0.,0.));
#11479 = DIRECTION('',(0.,1.1E-16,-1.));
#11480 = ORIENTED_EDGE('',*,*,#11481,.F.);
#11481 = EDGE_CURVE('',#11188,#11473,#11482,.T.);
#11482 = CIRCLE('',#11483,3.);
#11483 = AXIS2_PLACEMENT_3D('',#11484,#11485,#11486);
#11484 = CARTESIAN_POINT('',(45.,42.,7.));
#11485 = DIRECTION('',(0.,-1.,0.));
#11486 = DIRECTION('',(1.1E-16,0.,-1.));
#11487 = SPHERICAL_SURFACE('',#11488,3.);
#11488 = AXIS2_PLACEMENT_3D('',#11489,#11490,#11491);
#11489 = CARTESIAN_POINT('',(45.,42.,7.));
#11490 = DIRECTION('',(0.,0.707106781187,-0.707106781187));
#11491 = DIRECTION('',(-0.57735026919,-0.57735026919,-0.57735026919));
#11492 = ADVANCED_FACE('',(#11493),#11512,.T.);
#11493 = FACE_BOUND('',#11494,.F.);
#11494 = EDGE_LOOP('',(#11495,#11496,#11497,#11505));
#11495 = ORIENTED_EDGE('',*,*,#11213,.F.);
#11496 = ORIENTED_EDGE('',*,*,#11472,.T.);
#11497 = ORIENTED_EDGE('',*,*,#11498,.T.);
#11498 = EDGE_CURVE('',#11473,#11499,#11501,.T.);
#11499 = VERTEX_POINT('',#11500);
#11500 = CARTESIAN_POINT('',(-45.,42.,10.));
#11501 = LINE('',#11502,#11503);
#11502 = CARTESIAN_POINT('',(45.,42.,10.));
#11503 = VECTOR('',#11504,1.);
#11504 = DIRECTION('',(-1.,0.,0.));
#11505 = ORIENTED_EDGE('',*,*,#11506,.F.);
#11506 = EDGE_CURVE('',#11214,#11499,#11507,.T.);
#11507 = CIRCLE('',#11508,3.);
#11508 = AXIS2_PLACEMENT_3D('',#11509,#11510,#11511);
#11509 = CARTESIAN_POINT('',(-45.,42.,7.));
#11510 = DIRECTION('',(1.,-0.,0.));
#11511 = DIRECTION('',(0.,1.1E-16,-1.));
#11512 = CYLINDRICAL_SURFACE('',#11513,3.);
#11513 = AXIS2_PLACEMENT_3D('',#11514,#11515,#11516);
#11514 = CARTESIAN_POINT('',(45.,42.,7.));
#11515 = DIRECTION('',(-1.,0.,0.));
#11516 = DIRECTION('',(0.,1.1E-16,-1.));
#11517 = ADVANCED_FACE('',(#11518),#11529,.T.);
#11518 = FACE_BOUND('',#11519,.T.);
#11519 = EDGE_LOOP('',(#11520,#11521,#11528));
#11520 = ORIENTED_EDGE('',*,*,#11236,.F.);
#11521 = ORIENTED_EDGE('',*,*,#11522,.T.);
#11522 = EDGE_CURVE('',#11237,#11499,#11523,.T.);
#11523 = CIRCLE('',#11524,3.);
#11524 = AXIS2_PLACEMENT_3D('',#11525,#11526,#11527);
#11525 = CARTESIAN_POINT('',(-45.,42.,7.));
#11526 = DIRECTION('',(0.,1.,0.));
#11527 = DIRECTION('',(-1.1E-16,0.,-1.));
#11528 = ORIENTED_EDGE('',*,*,#11506,.F.);
#11529 = SPHERICAL_SURFACE('',#11530,3.);
#11530 = AXIS2_PLACEMENT_3D('',#11531,#11532,#11533);
#11531 = CARTESIAN_POINT('',(-45.,42.,7.));
#11532 = DIRECTION('',(0.,-0.707106781187,0.707106781187));
#11533 = DIRECTION('',(0.57735026919,-0.57735026919,-0.57735026919));
#11534 = ADVANCED_FACE('',(#11535),#11554,.T.);
#11535 = FACE_BOUND('',#11536,.F.);
#11536 = EDGE_LOOP('',(#11537,#11538,#11539,#11547));
#11537 = ORIENTED_EDGE('',*,*,#11261,.F.);
#11538 = ORIENTED_EDGE('',*,*,#11522,.T.);
#11539 = ORIENTED_EDGE('',*,*,#11540,.T.);
#11540 = EDGE_CURVE('',#11499,#11541,#11543,.T.);
#11541 = VERTEX_POINT('',#11542);
#11542 = CARTESIAN_POINT('',(-45.,-42.,10.));
#11543 = LINE('',#11544,#11545);
#11544 = CARTESIAN_POINT('',(-45.,42.,10.));
#11545 = VECTOR('',#11546,1.);
#11546 = DIRECTION('',(0.,-1.,0.));
#11547 = ORIENTED_EDGE('',*,*,#11548,.F.);
#11548 = EDGE_CURVE('',#11262,#11541,#11549,.T.);
#11549 = CIRCLE('',#11550,3.);
#11550 = AXIS2_PLACEMENT_3D('',#11551,#11552,#11553);
#11551 = CARTESIAN_POINT('',(-45.,-42.,7.));
#11552 = DIRECTION('',(0.,1.,0.));
#11553 = DIRECTION('',(-1.1E-16,0.,-1.));
#11554 = CYLINDRICAL_SURFACE('',#11555,3.);
#11555 = AXIS2_PLACEMENT_3D('',#11556,#11557,#11558);
#11556 = CARTESIAN_POINT('',(-45.,42.,7.));
#11557 = DIRECTION('',(0.,-1.,0.));
#11558 = DIRECTION('',(-1.1E-16,-0.,-1.));
#11559 = ADVANCED_FACE('',(#11560),#11571,.T.);
#11560 = FACE_BOUND('',#11561,.T.);
#11561 = EDGE_LOOP('',(#11562,#11563,#11570));
#11562 = ORIENTED_EDGE('',*,*,#11292,.T.);
#11563 = ORIENTED_EDGE('',*,*,#11564,.T.);
#11564 = EDGE_CURVE('',#11285,#11541,#11565,.T.);
#11565 = CIRCLE('',#11566,3.);
#11566 = AXIS2_PLACEMENT_3D('',#11567,#11568,#11569);
#11567 = CARTESIAN_POINT('',(-45.,-42.,7.));
#11568 = DIRECTION('',(-1.,-0.,0.));
#11569 = DIRECTION('',(0.,-1.1E-16,-1.));
#11570 = ORIENTED_EDGE('',*,*,#11548,.F.);
#11571 = SPHERICAL_SURFACE('',#11572,3.);
#11572 = AXIS2_PLACEMENT_3D('',#11573,#11574,#11575);
#11573 = CARTESIAN_POINT('',(-45.,-42.,7.));
#11574 = DIRECTION('',(-0.,-0.707106781187,-0.707106781187));
#11575 = DIRECTION('',(0.57735026919,0.57735026919,-0.57735026919));
#11576 = ADVANCED_FACE('',(#11577),#11596,.T.);
#11577 = FACE_BOUND('',#11578,.F.);
#11578 = EDGE_LOOP('',(#11579,#11580,#11581,#11589));
#11579 = ORIENTED_EDGE('',*,*,#11319,.F.);
#11580 = ORIENTED_EDGE('',*,*,#11564,.T.);
#11581 = ORIENTED_EDGE('',*,*,#11582,.T.);
#11582 = EDGE_CURVE('',#11541,#11583,#11585,.T.);
#11583 = VERTEX_POINT('',#11584);
#11584 = CARTESIAN_POINT('',(45.,-42.,10.));
#11585 = LINE('',#11586,#11587);
#11586 = CARTESIAN_POINT('',(-45.,-42.,10.));
#11587 = VECTOR('',#11588,1.);
#11588 = DIRECTION('',(1.,0.,0.));
#11589 = ORIENTED_EDGE('',*,*,#11590,.F.);
#11590 = EDGE_CURVE('',#11310,#11583,#11591,.T.);
#11591 = CIRCLE('',#11592,3.);
#11592 = AXIS2_PLACEMENT_3D('',#11593,#11594,#11595);
#11593 = CARTESIAN_POINT('',(45.,-42.,7.));
#11594 = DIRECTION('',(-1.,-0.,0.));
#11595 = DIRECTION('',(0.,-1.1E-16,-1.));
#11596 = CYLINDRICAL_SURFACE('',#11597,3.);
#11597 = AXIS2_PLACEMENT_3D('',#11598,#11599,#11600);
#11598 = CARTESIAN_POINT('',(-45.,-42.,7.));
#11599 = DIRECTION('',(1.,0.,0.));
#11600 = DIRECTION('',(0.,-1.1E-16,-1.));
#11601 = ADVANCED_FACE('',(#11602),#11613,.T.);
#11602 = FACE_BOUND('',#11603,.T.);
#11603 = EDGE_LOOP('',(#11604,#11605,#11612));
#11604 = ORIENTED_EDGE('',*,*,#11341,.T.);
#11605 = ORIENTED_EDGE('',*,*,#11606,.T.);
#11606 = EDGE_CURVE('',#11334,#11583,#11607,.T.);
#11607 = CIRCLE('',#11608,3.);
#11608 = AXIS2_PLACEMENT_3D('',#11609,#11610,#11611);
#11609 = CARTESIAN_POINT('',(45.,-42.,7.));
#11610 = DIRECTION('',(0.,-1.,0.));
#11611 = DIRECTION('',(1.1E-16,0.,-1.));
#11612 = ORIENTED_EDGE('',*,*,#11590,.F.);
#11613 = SPHERICAL_SURFACE('',#11614,3.);
#11614 = AXIS2_PLACEMENT_3D('',#11615,#11616,#11617);
#11615 = CARTESIAN_POINT('',(45.,-42.,7.));
#11616 = DIRECTION('',(0.707106781187,0.,-0.707106781187));
#11617 = DIRECTION('',(-0.57735026919,0.57735026919,-0.57735026919));
#11618 = ADVANCED_FACE('',(#11619),#11630,.T.);
#11619 = FACE_BOUND('',#11620,.F.);
#11620 = EDGE_LOOP('',(#11621,#11622,#11623,#11629));
#11621 = ORIENTED_EDGE('',*,*,#11361,.F.);
#11622 = ORIENTED_EDGE('',*,*,#11606,.T.);
#11623 = ORIENTED_EDGE('',*,*,#11624,.T.);
#11624 = EDGE_CURVE('',#11583,#11473,#11625,.T.);
#11625 = LINE('',#11626,#11627);
#11626 = CARTESIAN_POINT('',(45.,-42.,10.));
#11627 = VECTOR('',#11628,1.);
#11628 = DIRECTION('',(0.,1.,0.));
#11629 = ORIENTED_EDGE('',*,*,#11481,.F.);
#11630 = CYLINDRICAL_SURFACE('',#11631,3.);
#11631 = AXIS2_PLACEMENT_3D('',#11632,#11633,#11634);
#11632 = CARTESIAN_POINT('',(45.,-42.,7.));
#11633 = DIRECTION('',(0.,1.,0.));
#11634 = DIRECTION('',(1.1E-16,0.,-1.));
#11635 = ADVANCED_FACE('',(#11636,#11642),#11648,.T.);
#11636 = FACE_BOUND('',#11637,.T.);
#11637 = EDGE_LOOP('',(#11638,#11639,#11640,#11641));
#11638 = ORIENTED_EDGE('',*,*,#11540,.T.);
#11639 = ORIENTED_EDGE('',*,*,#11582,.T.);
#11640 = ORIENTED_EDGE('',*,*,#11624,.T.);
#11641 = ORIENTED_EDGE('',*,*,#11498,.T.);
#11642 = FACE_BOUND('',#11643,.T.);
#11643 = EDGE_LOOP('',(#11644,#11645,#11646,#11647));
#11644 = ORIENTED_EDGE('',*,*,#11375,.F.);
#11645 = ORIENTED_EDGE('',*,*,#11454,.F.);
#11646 = ORIENTED_EDGE('',*,*,#11430,.F.);
#11647 = ORIENTED_EDGE('',*,*,#11406,.F.);
#11648 = PLANE('',#11649);
#11649 = AXIS2_PLACEMENT_3D('',#11650,#11651,#11652);
#11650 = CARTESIAN_POINT('',(0.,3.92E-15,10.));
#11651 = DIRECTION('',(0.,0.,1.));
#11652 = DIRECTION('',(1.,0.,0.));
#11653 = ( GEOMETRIC_REPRESENTATION_CONTEXT(3) 
GLOBAL_UNCERTAINTY_ASSIGNED_CONTEXT((#11657)) 
GLOBAL_UNIT_ASSIGNED_CONTEXT((#11654,#11655,#11656)) 
REPRESENTATION_CONTEXT('Context #1',
  '3D Context with UNIT and UNCERTAINTY') );
#11654 = ( LENGTH_UNIT() NAMED_UNIT(*) SI_UNIT(.MILLI.,.METRE.) );
#11655 = ( NAMED_UNIT(*) PLANE_ANGLE_UNIT() SI_UNIT($,.RADIAN.) );
#11656 = ( NAMED_UNIT(*) SI_UNIT($,.STERADIAN.) SOLID_ANGLE_UNIT() );
#11657 = UNCERTAINTY_MEASURE_WITH_UNIT(LENGTH_MEASURE(1.E-05),#11654,
  'distance_accuracy_value','confusion accuracy');
#11658 = CONTEXT_DEPENDENT_SHAPE_REPRESENTATION(#11659,#11661);
#11659 = ( REPRESENTATION_RELATIONSHIP('','',#10920,#10) 
REPRESENTATION_RELATIONSHIP_WITH_TRANSFORMATION(#11660) 
SHAPE_REPRESENTATION_RELATIONSHIP() );
#11660 = ITEM_DEFINED_TRANSFORMATION('','',#11,#43);
#11661 = PRODUCT_DEFINITION_SHAPE('Placement','Placement of an item',
  #11662);
#11662 = NEXT_ASSEMBLY_USAGE_OCCURRENCE('35','Pocket','',#5,#10915,$);
#11663 = PRODUCT_RELATED_PRODUCT_CATEGORY('part',$,(#10917));
#11664 = SHAPE_DEFINITION_REPRESENTATION(#11665,#11671);
#11665 = PRODUCT_DEFINITION_SHAPE('','',#11666);
#11666 = PRODUCT_DEFINITION('design','',#11667,#11670);
#11667 = PRODUCT_DEFINITION_FORMATION('','',#11668);
#11668 = PRODUCT('ShapeString','ShapeString','',(#11669));
#11669 = PRODUCT_CONTEXT('',#2,'mechanical');
#11670 = PRODUCT_DEFINITION_CONTEXT('part definition',#2,'design');
#11671 = SHAPE_REPRESENTATION('',(#11,#11672,#11786,#11886,#12082,#12172
    ,#12278,#12368),#12554);
#11672 = SHELL_BASED_SURFACE_MODEL('',(#11673));
#11673 = OPEN_SHELL('',(#11674));
#11674 = ADVANCED_FACE('',(#11675),#11781,.T.);
#11675 = FACE_BOUND('',#11676,.T.);
#11676 = EDGE_LOOP('',(#11677,#11687,#11695,#11703,#11711,#11719,#11727,
    #11735,#11743,#11751,#11759,#11767,#11775));
#11677 = ORIENTED_EDGE('',*,*,#11678,.F.);
#11678 = EDGE_CURVE('',#11679,#11681,#11683,.T.);
#11679 = VERTEX_POINT('',#11680);
#11680 = CARTESIAN_POINT('',(0.,8.,0.));
#11681 = VERTEX_POINT('',#11682);
#11682 = CARTESIAN_POINT('',(1.382142857143,8.,0.));
#11683 = LINE('',#11684,#11685);
#11684 = CARTESIAN_POINT('',(0.,8.,0.));
#11685 = VECTOR('',#11686,1.);
#11686 = DIRECTION('',(1.,0.,0.));
#11687 = ORIENTED_EDGE('',*,*,#11688,.F.);
#11688 = EDGE_CURVE('',#11689,#11679,#11691,.T.);
#11689 = VERTEX_POINT('',#11690);
#11690 = CARTESIAN_POINT('',(0.985714285714,0.,0.));
#11691 = LINE('',#11692,#11693);
#11692 = CARTESIAN_POINT('',(0.985714285714,0.,0.));
#11693 = VECTOR('',#11694,1.);
#11694 = DIRECTION('',(-0.122289497557,0.992494472925,0.));
#11695 = ORIENTED_EDGE('',*,*,#11696,.F.);
#11696 = EDGE_CURVE('',#11697,#11689,#11699,.T.);
#11697 = VERTEX_POINT('',#11698);
#11698 = CARTESIAN_POINT('',(2.448214285714,0.,0.));
#11699 = LINE('',#11700,#11701);
#11700 = CARTESIAN_POINT('',(2.448214285714,0.,0.));
#11701 = VECTOR('',#11702,1.);
#11702 = DIRECTION('',(-1.,0.,0.));
#11703 = ORIENTED_EDGE('',*,*,#11704,.F.);
#11704 = EDGE_CURVE('',#11705,#11697,#11707,.T.);
#11705 = VERTEX_POINT('',#11706);
#11706 = CARTESIAN_POINT('',(3.3,4.196428571429,0.));
#11707 = LINE('',#11708,#11709);
#11708 = CARTESIAN_POINT('',(3.3,4.196428571429,0.));
#11709 = VECTOR('',#11710,1.);
#11710 = DIRECTION('',(-0.198922249381,-0.980015274729,0.));
#11711 = ORIENTED_EDGE('',*,*,#11712,.F.);
#11712 = EDGE_CURVE('',#11713,#11705,#11715,.T.);
#11713 = VERTEX_POINT('',#11714);
#11714 = CARTESIAN_POINT('',(4.210714285714,0.,0.));
#11715 = LINE('',#11716,#11717);
#11716 = CARTESIAN_POINT('',(4.210714285714,0.,0.));
#11717 = VECTOR('',#11718,1.);
#11718 = DIRECTION('',(-0.212084339089,0.977251366391,0.));
#11719 = ORIENTED_EDGE('',*,*,#11720,.F.);
#11720 = EDGE_CURVE('',#11721,#11713,#11723,.T.);
#11721 = VERTEX_POINT('',#11722);
#11722 = CARTESIAN_POINT('',(5.683928571429,0.,0.));
#11723 = LINE('',#11724,#11725);
#11724 = CARTESIAN_POINT('',(5.683928571429,0.,0.));
#11725 = VECTOR('',#11726,1.);
#11726 = DIRECTION('',(-1.,0.,0.));
#11727 = ORIENTED_EDGE('',*,*,#11728,.F.);
#11728 = EDGE_CURVE('',#11729,#11721,#11731,.T.);
#11729 = VERTEX_POINT('',#11730);
#11730 = CARTESIAN_POINT('',(6.605357142857,8.,0.));
#11731 = LINE('',#11732,#11733);
#11732 = CARTESIAN_POINT('',(6.605357142857,8.,0.));
#11733 = VECTOR('',#11734,1.);
#11734 = DIRECTION('',(-0.114422104277,-0.99343222318,0.));
#11735 = ORIENTED_EDGE('',*,*,#11736,.F.);
#11736 = EDGE_CURVE('',#11737,#11729,#11739,.T.);
#11737 = VERTEX_POINT('',#11738);
#11738 = CARTESIAN_POINT('',(5.2125,8.,0.));
#11739 = LINE('',#11740,#11741);
#11740 = CARTESIAN_POINT('',(5.2125,8.,0.));
#11741 = VECTOR('',#11742,1.);
#11742 = DIRECTION('',(1.,0.,0.));
#11743 = ORIENTED_EDGE('',*,*,#11744,.F.);
#11744 = EDGE_CURVE('',#11745,#11737,#11747,.T.);
#11745 = VERTEX_POINT('',#11746);
#11746 = CARTESIAN_POINT('',(4.7625,2.125,0.));
#11747 = LINE('',#11748,#11749);
#11748 = CARTESIAN_POINT('',(4.7625,2.125,0.));
#11749 = VECTOR('',#11750,1.);
#11750 = DIRECTION('',(7.637203845135E-02,0.997079390893,0.));
#11751 = ORIENTED_EDGE('',*,*,#11752,.F.);
#11752 = EDGE_CURVE('',#11753,#11745,#11755,.T.);
#11753 = VERTEX_POINT('',#11754);
#11754 = CARTESIAN_POINT('',(3.958928571429,5.92,0.));
#11755 = LINE('',#11756,#11757);
#11756 = CARTESIAN_POINT('',(3.958928571429,5.92,0.));
#11757 = VECTOR('',#11758,1.);
#11758 = DIRECTION('',(0.207151782016,-0.978308815869,0.));
#11759 = ORIENTED_EDGE('',*,*,#11760,.F.);
#11760 = EDGE_CURVE('',#11761,#11753,#11763,.T.);
#11761 = VERTEX_POINT('',#11762);
#11762 = CARTESIAN_POINT('',(2.646428571429,5.92,0.));
#11763 = LINE('',#11764,#11765);
#11764 = CARTESIAN_POINT('',(2.646428571429,5.92,0.));
#11765 = VECTOR('',#11766,1.);
#11766 = DIRECTION('',(1.,0.,0.));
#11767 = ORIENTED_EDGE('',*,*,#11768,.F.);
#11768 = EDGE_CURVE('',#11769,#11761,#11771,.T.);
#11769 = VERTEX_POINT('',#11770);
#11770 = CARTESIAN_POINT('',(1.955357142857,2.125,0.));
#11771 = LINE('',#11772,#11773);
#11772 = CARTESIAN_POINT('',(1.955357142857,2.125,0.));
#11773 = VECTOR('',#11774,1.);
#11774 = DIRECTION('',(0.179154301852,0.983820987847,0.));
#11775 = ORIENTED_EDGE('',*,*,#11776,.F.);
#11776 = EDGE_CURVE('',#11681,#11769,#11777,.T.);
#11777 = LINE('',#11778,#11779);
#11778 = CARTESIAN_POINT('',(1.382142857143,8.,0.));
#11779 = VECTOR('',#11780,1.);
#11780 = DIRECTION('',(9.710727312762E-02,-0.995273920841,0.));
#11781 = PLANE('',#11782);
#11782 = AXIS2_PLACEMENT_3D('',#11783,#11784,#11785);
#11783 = CARTESIAN_POINT('',(3.322053932034,3.966310040709,0.));
#11784 = DIRECTION('',(0.,0.,1.));
#11785 = DIRECTION('',(1.,0.,0.));
#11786 = SHELL_BASED_SURFACE_MODEL('',(#11787));
#11787 = OPEN_SHELL('',(#11788));
#11788 = ADVANCED_FACE('',(#11789,#11855),#11881,.T.);
#11789 = FACE_BOUND('',#11790,.T.);
#11790 = EDGE_LOOP('',(#11791,#11801,#11809,#11817,#11825,#11833,#11841,
    #11849));
#11791 = ORIENTED_EDGE('',*,*,#11792,.F.);
#11792 = EDGE_CURVE('',#11793,#11795,#11797,.T.);
#11793 = VERTEX_POINT('',#11794);
#11794 = CARTESIAN_POINT('',(8.941428571429,8.,0.));
#11795 = VERTEX_POINT('',#11796);
#11796 = CARTESIAN_POINT('',(10.875357142857,8.,0.));
#11797 = LINE('',#11798,#11799);
#11798 = CARTESIAN_POINT('',(8.941428571429,8.,0.));
#11799 = VECTOR('',#11800,1.);
#11800 = DIRECTION('',(1.,0.,0.));
#11801 = ORIENTED_EDGE('',*,*,#11802,.F.);
#11802 = EDGE_CURVE('',#11803,#11793,#11805,.T.);
#11803 = VERTEX_POINT('',#11804);
#11804 = CARTESIAN_POINT('',(6.7825,0.,0.));
#11805 = LINE('',#11806,#11807);
#11806 = CARTESIAN_POINT('',(6.7825,0.,0.));
#11807 = VECTOR('',#11808,1.);
#11808 = DIRECTION('',(0.260545333068,0.965461614678,0.));
#11809 = ORIENTED_EDGE('',*,*,#11810,.F.);
#11810 = EDGE_CURVE('',#11811,#11803,#11813,.T.);
#11811 = VERTEX_POINT('',#11812);
#11812 = CARTESIAN_POINT('',(8.362857142857,0.,0.));
#11813 = LINE('',#11814,#11815);
#11814 = CARTESIAN_POINT('',(8.362857142857,0.,0.));
#11815 = VECTOR('',#11816,1.);
#11816 = DIRECTION('',(-1.,0.,0.));
#11817 = ORIENTED_EDGE('',*,*,#11818,.F.);
#11818 = EDGE_CURVE('',#11819,#11811,#11821,.T.);
#11819 = VERTEX_POINT('',#11820);
#11820 = CARTESIAN_POINT('',(8.845,1.965714285714,0.));
#11821 = LINE('',#11822,#11823);
#11822 = CARTESIAN_POINT('',(8.845,1.965714285714,0.));
#11823 = VECTOR('',#11824,1.);
#11824 = DIRECTION('',(-0.238215246964,-0.971212384658,0.));
#11825 = ORIENTED_EDGE('',*,*,#11826,.F.);
#11826 = EDGE_CURVE('',#11827,#11819,#11829,.T.);
#11827 = VERTEX_POINT('',#11828);
#11828 = CARTESIAN_POINT('',(10.961071428571,1.965714285714,0.));
#11829 = LINE('',#11830,#11831);
#11830 = CARTESIAN_POINT('',(10.961071428571,1.965714285714,0.));
#11831 = VECTOR('',#11832,1.);
#11832 = DIRECTION('',(-1.,0.,0.));
#11833 = ORIENTED_EDGE('',*,*,#11834,.F.);
#11834 = EDGE_CURVE('',#11835,#11827,#11837,.T.);
#11835 = VERTEX_POINT('',#11836);
#11836 = CARTESIAN_POINT('',(11.453928571429,0.,0.));
#11837 = LINE('',#11838,#11839);
#11838 = CARTESIAN_POINT('',(11.453928571429,0.,0.));
#11839 = VECTOR('',#11840,1.);
#11840 = DIRECTION('',(-0.243199026877,0.969976408644,0.));
#11841 = ORIENTED_EDGE('',*,*,#11842,.F.);
#11842 = EDGE_CURVE('',#11843,#11835,#11845,.T.);
#11843 = VERTEX_POINT('',#11844);
#11844 = CARTESIAN_POINT('',(13.034285714286,0.,0.));
#11845 = LINE('',#11846,#11847);
#11846 = CARTESIAN_POINT('',(13.034285714286,0.,0.));
#11847 = VECTOR('',#11848,1.);
#11848 = DIRECTION('',(-1.,0.,0.));
#11849 = ORIENTED_EDGE('',*,*,#11850,.F.);
#11850 = EDGE_CURVE('',#11795,#11843,#11851,.T.);
#11851 = LINE('',#11852,#11853);
#11852 = CARTESIAN_POINT('',(10.875357142857,8.,0.));
#11853 = VECTOR('',#11854,1.);
#11854 = DIRECTION('',(0.260545333068,-0.965461614678,0.));
#11855 = FACE_BOUND('',#11856,.T.);
#11856 = EDGE_LOOP('',(#11857,#11867,#11875));
#11857 = ORIENTED_EDGE('',*,*,#11858,.F.);
#11858 = EDGE_CURVE('',#11859,#11861,#11863,.T.);
#11859 = VERTEX_POINT('',#11860);
#11860 = CARTESIAN_POINT('',(9.905714285714,6.55,0.));
#11861 = VERTEX_POINT('',#11862);
#11862 = CARTESIAN_POINT('',(9.161071428571,3.268571428571,0.));
#11863 = LINE('',#11864,#11865);
#11864 = CARTESIAN_POINT('',(9.905714285714,6.55,0.));
#11865 = VECTOR('',#11866,1.);
#11866 = DIRECTION('',(-0.221299963537,-0.975205786559,0.));
#11867 = ORIENTED_EDGE('',*,*,#11868,.F.);
#11868 = EDGE_CURVE('',#11869,#11859,#11871,.T.);
#11869 = VERTEX_POINT('',#11870);
#11870 = CARTESIAN_POINT('',(10.655714285714,3.268571428571,0.));
#11871 = LINE('',#11872,#11873);
#11872 = CARTESIAN_POINT('',(10.655714285714,3.268571428571,0.));
#11873 = VECTOR('',#11874,1.);
#11874 = DIRECTION('',(-0.222813277655,0.974861140522,0.));
#11875 = ORIENTED_EDGE('',*,*,#11876,.F.);
#11876 = EDGE_CURVE('',#11861,#11869,#11877,.T.);
#11877 = LINE('',#11878,#11879);
#11878 = CARTESIAN_POINT('',(9.161071428571,3.268571428571,0.));
#11879 = VECTOR('',#11880,1.);
#11880 = DIRECTION('',(1.,0.,0.));
#11881 = PLANE('',#11882);
#11882 = AXIS2_PLACEMENT_3D('',#11883,#11884,#11885);
#11883 = CARTESIAN_POINT('',(9.907633036239,3.545031311598,0.));
#11884 = DIRECTION('',(0.,0.,1.));
#11885 = DIRECTION('',(1.,0.,0.));
#11886 = SHELL_BASED_SURFACE_MODEL('',(#11887));
#11887 = OPEN_SHELL('',(#11888));
#11888 = ADVANCED_FACE('',(#11889,#12019),#12077,.T.);
#11889 = FACE_BOUND('',#11890,.T.);
#11890 = EDGE_LOOP('',(#11891,#11901,#11909,#11917,#11925,#11933,#11941,
    #11949,#11957,#11965,#11973,#11981,#11989,#11997,#12005,#12013));
#11891 = ORIENTED_EDGE('',*,*,#11892,.F.);
#11892 = EDGE_CURVE('',#11893,#11895,#11897,.T.);
#11893 = VERTEX_POINT('',#11894);
#11894 = CARTESIAN_POINT('',(17.534642857143,3.768928571429,0.));
#11895 = VERTEX_POINT('',#11896);
#11896 = CARTESIAN_POINT('',(17.944285714286,3.547142857143,0.));
#11897 = B_SPLINE_CURVE_WITH_KNOTS('',2,(#11898,#11899,#11900),
  .UNSPECIFIED.,.F.,.F.,(3,3),(0.,1.),.PIECEWISE_BEZIER_KNOTS.);
#11898 = CARTESIAN_POINT('',(17.534642857143,3.768928571429,0.));
#11899 = CARTESIAN_POINT('',(17.770357142857,3.720714285714,0.));
#11900 = CARTESIAN_POINT('',(17.944285714286,3.547142857143,0.));
#11901 = ORIENTED_EDGE('',*,*,#11902,.F.);
#11902 = EDGE_CURVE('',#11903,#11893,#11905,.T.);
#11903 = VERTEX_POINT('',#11904);
#11904 = CARTESIAN_POINT('',(18.691785714286,4.354285714286,0.));
#11905 = B_SPLINE_CURVE_WITH_KNOTS('',2,(#11906,#11907,#11908),
  .UNSPECIFIED.,.F.,.F.,(3,3),(0.,1.),.PIECEWISE_BEZIER_KNOTS.);
#11906 = CARTESIAN_POINT('',(18.691785714286,4.354285714286,0.));
#11907 = CARTESIAN_POINT('',(18.29,3.865714285714,0.));
#11908 = CARTESIAN_POINT('',(17.534642857143,3.768928571429,0.));
#11909 = ORIENTED_EDGE('',*,*,#11910,.F.);
#11910 = EDGE_CURVE('',#11911,#11903,#11913,.T.);
#11911 = VERTEX_POINT('',#11912);
#11912 = CARTESIAN_POINT('',(19.093571428571,5.669642857143,0.));
#11913 = B_SPLINE_CURVE_WITH_KNOTS('',2,(#11914,#11915,#11916),
  .UNSPECIFIED.,.F.,.F.,(3,3),(0.,1.),.PIECEWISE_BEZIER_KNOTS.);
#11914 = CARTESIAN_POINT('',(19.093571428571,5.669642857143,0.));
#11915 = CARTESIAN_POINT('',(19.093571428571,4.842857142857,0.));
#11916 = CARTESIAN_POINT('',(18.691785714286,4.354285714286,0.));
#11917 = ORIENTED_EDGE('',*,*,#11918,.F.);
#11918 = EDGE_CURVE('',#11919,#11911,#11921,.T.);
#11919 = VERTEX_POINT('',#11920);
#11920 = CARTESIAN_POINT('',(18.421071428571,7.452142857143,0.));
#11921 = B_SPLINE_CURVE_WITH_KNOTS('',2,(#11922,#11923,#11924),
  .UNSPECIFIED.,.F.,.F.,(3,3),(0.,1.),.PIECEWISE_BEZIER_KNOTS.);
#11922 = CARTESIAN_POINT('',(18.421071428571,7.452142857143,0.));
#11923 = CARTESIAN_POINT('',(19.093571428571,6.904642857143,0.));
#11924 = CARTESIAN_POINT('',(19.093571428571,5.669642857143,0.));
#11925 = ORIENTED_EDGE('',*,*,#11926,.F.);
#11926 = EDGE_CURVE('',#11927,#11919,#11929,.T.);
#11927 = VERTEX_POINT('',#11928);
#11928 = CARTESIAN_POINT('',(16.206071428571,8.,0.));
#11929 = B_SPLINE_CURVE_WITH_KNOTS('',2,(#11930,#11931,#11932),
  .UNSPECIFIED.,.F.,.F.,(3,3),(0.,1.),.PIECEWISE_BEZIER_KNOTS.);
#11930 = CARTESIAN_POINT('',(16.206071428571,8.,0.));
#11931 = CARTESIAN_POINT('',(17.748928571429,8.,0.));
#11932 = CARTESIAN_POINT('',(18.421071428571,7.452142857143,0.));
#11933 = ORIENTED_EDGE('',*,*,#11934,.F.);
#11934 = EDGE_CURVE('',#11935,#11927,#11937,.T.);
#11935 = VERTEX_POINT('',#11936);
#11936 = CARTESIAN_POINT('',(13.923928571429,8.,0.));
#11937 = LINE('',#11938,#11939);
#11938 = CARTESIAN_POINT('',(13.923928571429,8.,0.));
#11939 = VECTOR('',#11940,1.);
#11940 = DIRECTION('',(1.,0.,0.));
#11941 = ORIENTED_EDGE('',*,*,#11942,.F.);
#11942 = EDGE_CURVE('',#11943,#11935,#11945,.T.);
#11943 = VERTEX_POINT('',#11944);
#11944 = CARTESIAN_POINT('',(13.923928571429,0.,0.));
#11945 = LINE('',#11946,#11947);
#11946 = CARTESIAN_POINT('',(13.923928571429,0.,0.));
#11947 = VECTOR('',#11948,1.);
#11948 = DIRECTION('',(0.,1.,0.));
#11949 = ORIENTED_EDGE('',*,*,#11950,.F.);
#11950 = EDGE_CURVE('',#11951,#11943,#11953,.T.);
#11951 = VERTEX_POINT('',#11952);
#11952 = CARTESIAN_POINT('',(15.504285714286,0.,0.));
#11953 = LINE('',#11954,#11955);
#11954 = CARTESIAN_POINT('',(15.504285714286,0.,0.));
#11955 = VECTOR('',#11956,1.);
#11956 = DIRECTION('',(-1.,0.,0.));
#11957 = ORIENTED_EDGE('',*,*,#11958,.F.);
#11958 = EDGE_CURVE('',#11959,#11951,#11961,.T.);
#11959 = VERTEX_POINT('',#11960);
#11960 = CARTESIAN_POINT('',(15.504285714286,3.154285714286,0.));
#11961 = LINE('',#11962,#11963);
#11962 = CARTESIAN_POINT('',(15.504285714286,3.154285714286,0.));
#11963 = VECTOR('',#11964,1.);
#11964 = DIRECTION('',(0.,-1.,0.));
#11965 = ORIENTED_EDGE('',*,*,#11966,.F.);
#11966 = EDGE_CURVE('',#11967,#11959,#11969,.T.);
#11967 = VERTEX_POINT('',#11968);
#11968 = CARTESIAN_POINT('',(16.007857142857,3.154285714286,0.));
#11969 = LINE('',#11970,#11971);
#11970 = CARTESIAN_POINT('',(16.007857142857,3.154285714286,0.));
#11971 = VECTOR('',#11972,1.);
#11972 = DIRECTION('',(-1.,0.,0.));
#11973 = ORIENTED_EDGE('',*,*,#11974,.F.);
#11974 = EDGE_CURVE('',#11975,#11967,#11977,.T.);
#11975 = VERTEX_POINT('',#11976);
#11976 = CARTESIAN_POINT('',(17.004285714286,2.250714285714,0.));
#11977 = B_SPLINE_CURVE_WITH_KNOTS('',2,(#11978,#11979,#11980),
  .UNSPECIFIED.,.F.,.F.,(3,3),(0.,1.),.PIECEWISE_BEZIER_KNOTS.);
#11978 = CARTESIAN_POINT('',(17.004285714286,2.250714285714,0.));
#11979 = CARTESIAN_POINT('',(16.581071428571,3.154285714286,0.));
#11980 = CARTESIAN_POINT('',(16.007857142857,3.154285714286,0.));
#11981 = ORIENTED_EDGE('',*,*,#11982,.F.);
#11982 = EDGE_CURVE('',#11983,#11975,#11985,.T.);
#11983 = VERTEX_POINT('',#11984);
#11984 = CARTESIAN_POINT('',(17.116785714286,2.015357142857,0.));
#11985 = B_SPLINE_CURVE_WITH_KNOTS('',2,(#11986,#11987,#11988),
  .UNSPECIFIED.,.F.,.F.,(3,3),(0.,1.),.PIECEWISE_BEZIER_KNOTS.);
#11986 = CARTESIAN_POINT('',(17.116785714286,2.015357142857,0.));
#11987 = CARTESIAN_POINT('',(17.073928571429,2.101071428571,0.));
#11988 = CARTESIAN_POINT('',(17.004285714286,2.250714285714,0.));
#11989 = ORIENTED_EDGE('',*,*,#11990,.F.);
#11990 = EDGE_CURVE('',#11991,#11983,#11993,.T.);
#11991 = VERTEX_POINT('',#11992);
#11992 = CARTESIAN_POINT('',(18.081071428571,0.,0.));
#11993 = LINE('',#11994,#11995);
#11994 = CARTESIAN_POINT('',(18.081071428571,0.,0.));
#11995 = VECTOR('',#11996,1.);
#11996 = DIRECTION('',(-0.431608214028,0.902061167318,0.));
#11997 = ORIENTED_EDGE('',*,*,#11998,.F.);
#11998 = EDGE_CURVE('',#11999,#11991,#12001,.T.);
#11999 = VERTEX_POINT('',#12000);
#12000 = CARTESIAN_POINT('',(19.816785714286,0.,0.));
#12001 = LINE('',#12002,#12003);
#12002 = CARTESIAN_POINT('',(19.816785714286,0.,0.));
#12003 = VECTOR('',#12004,1.);
#12004 = DIRECTION('',(-1.,0.,0.));
#12005 = ORIENTED_EDGE('',*,*,#12006,.F.);
#12006 = EDGE_CURVE('',#12007,#11999,#12009,.T.);
#12007 = VERTEX_POINT('',#12008);
#12008 = CARTESIAN_POINT('',(18.370357142857,2.871071428571,0.));
#12009 = LINE('',#12010,#12011);
#12010 = CARTESIAN_POINT('',(18.370357142857,2.871071428571,0.));
#12011 = VECTOR('',#12012,1.);
#12012 = DIRECTION('',(0.449922184078,-0.89306776242,0.));
#12013 = ORIENTED_EDGE('',*,*,#12014,.F.);
#12014 = EDGE_CURVE('',#11895,#12007,#12015,.T.);
#12015 = B_SPLINE_CURVE_WITH_KNOTS('',2,(#12016,#12017,#12018),
  .UNSPECIFIED.,.F.,.F.,(3,3),(0.,1.),.PIECEWISE_BEZIER_KNOTS.);
#12016 = CARTESIAN_POINT('',(17.944285714286,3.547142857143,0.));
#12017 = CARTESIAN_POINT('',(18.118571428571,3.373571428571,0.));
#12018 = CARTESIAN_POINT('',(18.370357142857,2.871071428571,0.));
#12019 = FACE_BOUND('',#12020,.T.);
#12020 = EDGE_LOOP('',(#12021,#12031,#12039,#12047,#12055,#12063,#12071)
  );
#12021 = ORIENTED_EDGE('',*,*,#12022,.F.);
#12022 = EDGE_CURVE('',#12023,#12025,#12027,.T.);
#12023 = VERTEX_POINT('',#12024);
#12024 = CARTESIAN_POINT('',(15.504285714286,6.674285714286,0.));
#12025 = VERTEX_POINT('',#12026);
#12026 = CARTESIAN_POINT('',(15.504285714286,4.48,0.));
#12027 = LINE('',#12028,#12029);
#12028 = CARTESIAN_POINT('',(15.504285714286,6.674285714286,0.));
#12029 = VECTOR('',#12030,1.);
#12030 = DIRECTION('',(0.,-1.,0.));
#12031 = ORIENTED_EDGE('',*,*,#12032,.F.);
#12032 = EDGE_CURVE('',#12033,#12023,#12035,.T.);
#12033 = VERTEX_POINT('',#12034);
#12034 = CARTESIAN_POINT('',(16.248928571429,6.674285714286,0.));
#12035 = LINE('',#12036,#12037);
#12036 = CARTESIAN_POINT('',(16.248928571429,6.674285714286,0.));
#12037 = VECTOR('',#12038,1.);
#12038 = DIRECTION('',(-1.,0.,0.));
#12039 = ORIENTED_EDGE('',*,*,#12040,.F.);
#12040 = EDGE_CURVE('',#12041,#12033,#12043,.T.);
#12041 = VERTEX_POINT('',#12042);
#12042 = CARTESIAN_POINT('',(17.181071428571,6.420714285714,0.));
#12043 = B_SPLINE_CURVE_WITH_KNOTS('',2,(#12044,#12045,#12046),
  .UNSPECIFIED.,.F.,.F.,(3,3),(0.,1.),.PIECEWISE_BEZIER_KNOTS.);
#12044 = CARTESIAN_POINT('',(17.181071428571,6.420714285714,0.));
#12045 = CARTESIAN_POINT('',(16.9025,6.674285714286,0.));
#12046 = CARTESIAN_POINT('',(16.248928571429,6.674285714286,0.));
#12047 = ORIENTED_EDGE('',*,*,#12048,.F.);
#12048 = EDGE_CURVE('',#12049,#12041,#12051,.T.);
#12049 = VERTEX_POINT('',#12050);
#12050 = CARTESIAN_POINT('',(17.459642857143,5.58,0.));
#12051 = B_SPLINE_CURVE_WITH_KNOTS('',2,(#12052,#12053,#12054),
  .UNSPECIFIED.,.F.,.F.,(3,3),(0.,1.),.PIECEWISE_BEZIER_KNOTS.);
#12052 = CARTESIAN_POINT('',(17.459642857143,5.58,0.));
#12053 = CARTESIAN_POINT('',(17.459642857143,6.1675,0.));
#12054 = CARTESIAN_POINT('',(17.181071428571,6.420714285714,0.));
#12055 = ORIENTED_EDGE('',*,*,#12056,.F.);
#12056 = EDGE_CURVE('',#12057,#12049,#12059,.T.);
#12057 = VERTEX_POINT('',#12058);
#12058 = CARTESIAN_POINT('',(17.178214285714,4.736071428571,0.));
#12059 = B_SPLINE_CURVE_WITH_KNOTS('',2,(#12060,#12061,#12062),
  .UNSPECIFIED.,.F.,.F.,(3,3),(0.,1.),.PIECEWISE_BEZIER_KNOTS.);
#12060 = CARTESIAN_POINT('',(17.178214285714,4.736071428571,0.));
#12061 = CARTESIAN_POINT('',(17.459642857143,4.992142857143,0.));
#12062 = CARTESIAN_POINT('',(17.459642857143,5.58,0.));
#12063 = ORIENTED_EDGE('',*,*,#12064,.F.);
#12064 = EDGE_CURVE('',#12065,#12057,#12067,.T.);
#12065 = VERTEX_POINT('',#12066);
#12066 = CARTESIAN_POINT('',(16.248928571429,4.48,0.));
#12067 = B_SPLINE_CURVE_WITH_KNOTS('',2,(#12068,#12069,#12070),
  .UNSPECIFIED.,.F.,.F.,(3,3),(0.,1.),.PIECEWISE_BEZIER_KNOTS.);
#12068 = CARTESIAN_POINT('',(16.248928571429,4.48,0.));
#12069 = CARTESIAN_POINT('',(16.897142857143,4.48,0.));
#12070 = CARTESIAN_POINT('',(17.178214285714,4.736071428571,0.));
#12071 = ORIENTED_EDGE('',*,*,#12072,.F.);
#12072 = EDGE_CURVE('',#12025,#12065,#12073,.T.);
#12073 = LINE('',#12074,#12075);
#12074 = CARTESIAN_POINT('',(15.504285714286,4.48,0.));
#12075 = VECTOR('',#12076,1.);
#12076 = DIRECTION('',(1.,0.,0.));
#12077 = PLANE('',#12078);
#12078 = AXIS2_PLACEMENT_3D('',#12079,#12080,#12081);
#12079 = CARTESIAN_POINT('',(16.450744574911,3.924060552473,0.));
#12080 = DIRECTION('',(0.,0.,1.));
#12081 = DIRECTION('',(1.,0.,0.));
#12082 = SHELL_BASED_SURFACE_MODEL('',(#12083));
#12083 = OPEN_SHELL('',(#12084));
#12084 = ADVANCED_FACE('',(#12085),#12167,.T.);
#12085 = FACE_BOUND('',#12086,.T.);
#12086 = EDGE_LOOP('',(#12087,#12097,#12105,#12113,#12121,#12129,#12137,
    #12145,#12153,#12161));
#12087 = ORIENTED_EDGE('',*,*,#12088,.F.);
#12088 = EDGE_CURVE('',#12089,#12091,#12093,.T.);
#12089 = VERTEX_POINT('',#12090);
#12090 = CARTESIAN_POINT('',(20.454642857143,8.,0.));
#12091 = VERTEX_POINT('',#12092);
#12092 = CARTESIAN_POINT('',(22.152857142857,8.,0.));
#12093 = LINE('',#12094,#12095);
#12094 = CARTESIAN_POINT('',(20.454642857143,8.,0.));
#12095 = VECTOR('',#12096,1.);
#12096 = DIRECTION('',(1.,0.,0.));
#12097 = ORIENTED_EDGE('',*,*,#12098,.F.);
#12098 = EDGE_CURVE('',#12099,#12089,#12101,.T.);
#12099 = VERTEX_POINT('',#12100);
#12100 = CARTESIAN_POINT('',(20.454642857143,0.,0.));
#12101 = LINE('',#12102,#12103);
#12102 = CARTESIAN_POINT('',(20.454642857143,0.,0.));
#12103 = VECTOR('',#12104,1.);
#12104 = DIRECTION('',(0.,1.,0.));
#12105 = ORIENTED_EDGE('',*,*,#12106,.F.);
#12106 = EDGE_CURVE('',#12107,#12099,#12109,.T.);
#12107 = VERTEX_POINT('',#12108);
#12108 = CARTESIAN_POINT('',(21.8475,0.,0.));
#12109 = LINE('',#12110,#12111);
#12110 = CARTESIAN_POINT('',(21.8475,0.,0.));
#12111 = VECTOR('',#12112,1.);
#12112 = DIRECTION('',(-1.,0.,0.));
#12113 = ORIENTED_EDGE('',*,*,#12114,.F.);
#12114 = EDGE_CURVE('',#12115,#12107,#12117,.T.);
#12115 = VERTEX_POINT('',#12116);
#12116 = CARTESIAN_POINT('',(21.8475,5.813928571429,0.));
#12117 = LINE('',#12118,#12119);
#12118 = CARTESIAN_POINT('',(21.8475,5.813928571429,0.));
#12119 = VECTOR('',#12120,1.);
#12120 = DIRECTION('',(0.,-1.,0.));
#12121 = ORIENTED_EDGE('',*,*,#12122,.F.);
#12122 = EDGE_CURVE('',#12123,#12115,#12125,.T.);
#12123 = VERTEX_POINT('',#12124);
#12124 = CARTESIAN_POINT('',(24.086785714286,0.,0.));
#12125 = LINE('',#12126,#12127);
#12126 = CARTESIAN_POINT('',(24.086785714286,0.,0.));
#12127 = VECTOR('',#12128,1.);
#12128 = DIRECTION('',(-0.359420787632,0.933175598383,0.));
#12129 = ORIENTED_EDGE('',*,*,#12130,.F.);
#12130 = EDGE_CURVE('',#12131,#12123,#12133,.T.);
#12131 = VERTEX_POINT('',#12132);
#12132 = CARTESIAN_POINT('',(25.774285714286,0.,0.));
#12133 = LINE('',#12134,#12135);
#12134 = CARTESIAN_POINT('',(25.774285714286,0.,0.));
#12135 = VECTOR('',#12136,1.);
#12136 = DIRECTION('',(-1.,0.,0.));
#12137 = ORIENTED_EDGE('',*,*,#12138,.F.);
#12138 = EDGE_CURVE('',#12139,#12131,#12141,.T.);
#12139 = VERTEX_POINT('',#12140);
#12140 = CARTESIAN_POINT('',(25.774285714286,8.,0.));
#12141 = LINE('',#12142,#12143);
#12142 = CARTESIAN_POINT('',(25.774285714286,8.,0.));
#12143 = VECTOR('',#12144,1.);
#12144 = DIRECTION('',(0.,-1.,0.));
#12145 = ORIENTED_EDGE('',*,*,#12146,.F.);
#12146 = EDGE_CURVE('',#12147,#12139,#12149,.T.);
#12147 = VERTEX_POINT('',#12148);
#12148 = CARTESIAN_POINT('',(24.381428571429,8.,0.));
#12149 = LINE('',#12150,#12151);
#12150 = CARTESIAN_POINT('',(24.381428571429,8.,0.));
#12151 = VECTOR('',#12152,1.);
#12152 = DIRECTION('',(1.,0.,0.));
#12153 = ORIENTED_EDGE('',*,*,#12154,.F.);
#12154 = EDGE_CURVE('',#12155,#12147,#12157,.T.);
#12155 = VERTEX_POINT('',#12156);
#12156 = CARTESIAN_POINT('',(24.381428571429,2.186071428571,0.));
#12157 = LINE('',#12158,#12159);
#12158 = CARTESIAN_POINT('',(24.381428571429,2.186071428571,0.));
#12159 = VECTOR('',#12160,1.);
#12160 = DIRECTION('',(0.,1.,0.));
#12161 = ORIENTED_EDGE('',*,*,#12162,.F.);
#12162 = EDGE_CURVE('',#12091,#12155,#12163,.T.);
#12163 = LINE('',#12164,#12165);
#12164 = CARTESIAN_POINT('',(22.152857142857,8.,0.));
#12165 = VECTOR('',#12166,1.);
#12166 = DIRECTION('',(0.357921841948,-0.933751548891,0.));
#12167 = PLANE('',#12168);
#12168 = AXIS2_PLACEMENT_3D('',#12169,#12170,#12171);
#12169 = CARTESIAN_POINT('',(23.114949181914,4.000835712841,0.));
#12170 = DIRECTION('',(0.,0.,1.));
#12171 = DIRECTION('',(1.,0.,0.));
#12172 = SHELL_BASED_SURFACE_MODEL('',(#12173));
#12173 = OPEN_SHELL('',(#12174));
#12174 = ADVANCED_FACE('',(#12175),#12273,.T.);
#12175 = FACE_BOUND('',#12176,.T.);
#12176 = EDGE_LOOP('',(#12177,#12187,#12195,#12203,#12211,#12219,#12227,
    #12235,#12243,#12251,#12259,#12267));
#12177 = ORIENTED_EDGE('',*,*,#12178,.F.);
#12178 = EDGE_CURVE('',#12179,#12181,#12183,.T.);
#12179 = VERTEX_POINT('',#12180);
#12180 = CARTESIAN_POINT('',(27.344285714286,6.605714285714,0.));
#12181 = VERTEX_POINT('',#12182);
#12182 = CARTESIAN_POINT('',(27.344285714286,8.,0.));
#12183 = LINE('',#12184,#12185);
#12184 = CARTESIAN_POINT('',(27.344285714286,6.605714285714,0.));
#12185 = VECTOR('',#12186,1.);
#12186 = DIRECTION('',(0.,1.,0.));
#12187 = ORIENTED_EDGE('',*,*,#12188,.F.);
#12188 = EDGE_CURVE('',#12189,#12179,#12191,.T.);
#12189 = VERTEX_POINT('',#12190);
#12190 = CARTESIAN_POINT('',(28.935357142857,6.605714285714,0.));
#12191 = LINE('',#12192,#12193);
#12192 = CARTESIAN_POINT('',(28.935357142857,6.605714285714,0.));
#12193 = VECTOR('',#12194,1.);
#12194 = DIRECTION('',(-1.,0.,0.));
#12195 = ORIENTED_EDGE('',*,*,#12196,.F.);
#12196 = EDGE_CURVE('',#12197,#12189,#12199,.T.);
#12197 = VERTEX_POINT('',#12198);
#12198 = CARTESIAN_POINT('',(28.935357142857,1.394285714286,0.));
#12199 = LINE('',#12200,#12201);
#12200 = CARTESIAN_POINT('',(28.935357142857,1.394285714286,0.));
#12201 = VECTOR('',#12202,1.);
#12202 = DIRECTION('',(0.,1.,0.));
#12203 = ORIENTED_EDGE('',*,*,#12204,.F.);
#12204 = EDGE_CURVE('',#12205,#12197,#12207,.T.);
#12205 = VERTEX_POINT('',#12206);
#12206 = CARTESIAN_POINT('',(27.344285714286,1.394285714286,0.));
#12207 = LINE('',#12208,#12209);
#12208 = CARTESIAN_POINT('',(27.344285714286,1.394285714286,0.));
#12209 = VECTOR('',#12210,1.);
#12210 = DIRECTION('',(1.,0.,0.));
#12211 = ORIENTED_EDGE('',*,*,#12212,.F.);
#12212 = EDGE_CURVE('',#12213,#12205,#12215,.T.);
#12213 = VERTEX_POINT('',#12214);
#12214 = CARTESIAN_POINT('',(27.344285714286,0.,0.));
#12215 = LINE('',#12216,#12217);
#12216 = CARTESIAN_POINT('',(27.344285714286,0.,0.));
#12217 = VECTOR('',#12218,1.);
#12218 = DIRECTION('',(0.,1.,0.));
#12219 = ORIENTED_EDGE('',*,*,#12220,.F.);
#12220 = EDGE_CURVE('',#12221,#12213,#12223,.T.);
#12221 = VERTEX_POINT('',#12222);
#12222 = CARTESIAN_POINT('',(32.106785714286,0.,0.));
#12223 = LINE('',#12224,#12225);
#12224 = CARTESIAN_POINT('',(32.106785714286,0.,0.));
#12225 = VECTOR('',#12226,1.);
#12226 = DIRECTION('',(-1.,0.,0.));
#12227 = ORIENTED_EDGE('',*,*,#12228,.F.);
#12228 = EDGE_CURVE('',#12229,#12221,#12231,.T.);
#12229 = VERTEX_POINT('',#12230);
#12230 = CARTESIAN_POINT('',(32.106785714286,1.394285714286,0.));
#12231 = LINE('',#12232,#12233);
#12232 = CARTESIAN_POINT('',(32.106785714286,1.394285714286,0.));
#12233 = VECTOR('',#12234,1.);
#12234 = DIRECTION('',(0.,-1.,0.));
#12235 = ORIENTED_EDGE('',*,*,#12236,.F.);
#12236 = EDGE_CURVE('',#12237,#12229,#12239,.T.);
#12237 = VERTEX_POINT('',#12238);
#12238 = CARTESIAN_POINT('',(30.515714285714,1.394285714286,0.));
#12239 = LINE('',#12240,#12241);
#12240 = CARTESIAN_POINT('',(30.515714285714,1.394285714286,0.));
#12241 = VECTOR('',#12242,1.);
#12242 = DIRECTION('',(1.,0.,0.));
#12243 = ORIENTED_EDGE('',*,*,#12244,.F.);
#12244 = EDGE_CURVE('',#12245,#12237,#12247,.T.);
#12245 = VERTEX_POINT('',#12246);
#12246 = CARTESIAN_POINT('',(30.515714285714,6.605714285714,0.));
#12247 = LINE('',#12248,#12249);
#12248 = CARTESIAN_POINT('',(30.515714285714,6.605714285714,0.));
#12249 = VECTOR('',#12250,1.);
#12250 = DIRECTION('',(0.,-1.,0.));
#12251 = ORIENTED_EDGE('',*,*,#12252,.F.);
#12252 = EDGE_CURVE('',#12253,#12245,#12255,.T.);
#12253 = VERTEX_POINT('',#12254);
#12254 = CARTESIAN_POINT('',(32.106785714286,6.605714285714,0.));
#12255 = LINE('',#12256,#12257);
#12256 = CARTESIAN_POINT('',(32.106785714286,6.605714285714,0.));
#12257 = VECTOR('',#12258,1.);
#12258 = DIRECTION('',(-1.,0.,0.));
#12259 = ORIENTED_EDGE('',*,*,#12260,.F.);
#12260 = EDGE_CURVE('',#12261,#12253,#12263,.T.);
#12261 = VERTEX_POINT('',#12262);
#12262 = CARTESIAN_POINT('',(32.106785714286,8.,0.));
#12263 = LINE('',#12264,#12265);
#12264 = CARTESIAN_POINT('',(32.106785714286,8.,0.));
#12265 = VECTOR('',#12266,1.);
#12266 = DIRECTION('',(0.,-1.,0.));
#12267 = ORIENTED_EDGE('',*,*,#12268,.F.);
#12268 = EDGE_CURVE('',#12181,#12261,#12269,.T.);
#12269 = LINE('',#12270,#12271);
#12270 = CARTESIAN_POINT('',(27.344285714286,8.,0.));
#12271 = VECTOR('',#12272,1.);
#12272 = DIRECTION('',(1.,0.,0.));
#12273 = PLANE('',#12274);
#12274 = AXIS2_PLACEMENT_3D('',#12275,#12276,#12277);
#12275 = CARTESIAN_POINT('',(29.725535714286,4.,0.));
#12276 = DIRECTION('',(0.,0.,1.));
#12277 = DIRECTION('',(1.,0.,0.));
#12278 = SHELL_BASED_SURFACE_MODEL('',(#12279));
#12279 = OPEN_SHELL('',(#12280));
#12280 = ADVANCED_FACE('',(#12281),#12363,.T.);
#12281 = FACE_BOUND('',#12282,.T.);
#12282 = EDGE_LOOP('',(#12283,#12293,#12301,#12309,#12317,#12325,#12333,
    #12341,#12349,#12357));
#12283 = ORIENTED_EDGE('',*,*,#12284,.F.);
#12284 = EDGE_CURVE('',#12285,#12287,#12289,.T.);
#12285 = VERTEX_POINT('',#12286);
#12286 = CARTESIAN_POINT('',(33.666071428571,8.,0.));
#12287 = VERTEX_POINT('',#12288);
#12288 = CARTESIAN_POINT('',(35.364285714286,8.,0.));
#12289 = LINE('',#12290,#12291);
#12290 = CARTESIAN_POINT('',(33.666071428571,8.,0.));
#12291 = VECTOR('',#12292,1.);
#12292 = DIRECTION('',(1.,0.,0.));
#12293 = ORIENTED_EDGE('',*,*,#12294,.F.);
#12294 = EDGE_CURVE('',#12295,#12285,#12297,.T.);
#12295 = VERTEX_POINT('',#12296);
#12296 = CARTESIAN_POINT('',(33.666071428571,0.,0.));
#12297 = LINE('',#12298,#12299);
#12298 = CARTESIAN_POINT('',(33.666071428571,0.,0.));
#12299 = VECTOR('',#12300,1.);
#12300 = DIRECTION('',(0.,1.,0.));
#12301 = ORIENTED_EDGE('',*,*,#12302,.F.);
#12302 = EDGE_CURVE('',#12303,#12295,#12305,.T.);
#12303 = VERTEX_POINT('',#12304);
#12304 = CARTESIAN_POINT('',(35.058928571429,0.,0.));
#12305 = LINE('',#12306,#12307);
#12306 = CARTESIAN_POINT('',(35.058928571429,0.,0.));
#12307 = VECTOR('',#12308,1.);
#12308 = DIRECTION('',(-1.,0.,0.));
#12309 = ORIENTED_EDGE('',*,*,#12310,.F.);
#12310 = EDGE_CURVE('',#12311,#12303,#12313,.T.);
#12311 = VERTEX_POINT('',#12312);
#12312 = CARTESIAN_POINT('',(35.058928571429,5.813928571429,0.));
#12313 = LINE('',#12314,#12315);
#12314 = CARTESIAN_POINT('',(35.058928571429,5.813928571429,0.));
#12315 = VECTOR('',#12316,1.);
#12316 = DIRECTION('',(0.,-1.,0.));
#12317 = ORIENTED_EDGE('',*,*,#12318,.F.);
#12318 = EDGE_CURVE('',#12319,#12311,#12321,.T.);
#12319 = VERTEX_POINT('',#12320);
#12320 = CARTESIAN_POINT('',(37.298214285714,0.,0.));
#12321 = LINE('',#12322,#12323);
#12322 = CARTESIAN_POINT('',(37.298214285714,0.,0.));
#12323 = VECTOR('',#12324,1.);
#12324 = DIRECTION('',(-0.359420787632,0.933175598383,0.));
#12325 = ORIENTED_EDGE('',*,*,#12326,.F.);
#12326 = EDGE_CURVE('',#12327,#12319,#12329,.T.);
#12327 = VERTEX_POINT('',#12328);
#12328 = CARTESIAN_POINT('',(38.985714285714,0.,0.));
#12329 = LINE('',#12330,#12331);
#12330 = CARTESIAN_POINT('',(38.985714285714,0.,0.));
#12331 = VECTOR('',#12332,1.);
#12332 = DIRECTION('',(-1.,0.,0.));
#12333 = ORIENTED_EDGE('',*,*,#12334,.F.);
#12334 = EDGE_CURVE('',#12335,#12327,#12337,.T.);
#12335 = VERTEX_POINT('',#12336);
#12336 = CARTESIAN_POINT('',(38.985714285714,8.,0.));
#12337 = LINE('',#12338,#12339);
#12338 = CARTESIAN_POINT('',(38.985714285714,8.,0.));
#12339 = VECTOR('',#12340,1.);
#12340 = DIRECTION('',(0.,-1.,0.));
#12341 = ORIENTED_EDGE('',*,*,#12342,.F.);
#12342 = EDGE_CURVE('',#12343,#12335,#12345,.T.);
#12343 = VERTEX_POINT('',#12344);
#12344 = CARTESIAN_POINT('',(37.592857142857,8.,0.));
#12345 = LINE('',#12346,#12347);
#12346 = CARTESIAN_POINT('',(37.592857142857,8.,0.));
#12347 = VECTOR('',#12348,1.);
#12348 = DIRECTION('',(1.,0.,0.));
#12349 = ORIENTED_EDGE('',*,*,#12350,.F.);
#12350 = EDGE_CURVE('',#12351,#12343,#12353,.T.);
#12351 = VERTEX_POINT('',#12352);
#12352 = CARTESIAN_POINT('',(37.592857142857,2.186071428571,0.));
#12353 = LINE('',#12354,#12355);
#12354 = CARTESIAN_POINT('',(37.592857142857,2.186071428571,0.));
#12355 = VECTOR('',#12356,1.);
#12356 = DIRECTION('',(0.,1.,0.));
#12357 = ORIENTED_EDGE('',*,*,#12358,.F.);
#12358 = EDGE_CURVE('',#12287,#12351,#12359,.T.);
#12359 = LINE('',#12360,#12361);
#12360 = CARTESIAN_POINT('',(35.364285714286,8.,0.));
#12361 = VECTOR('',#12362,1.);
#12362 = DIRECTION('',(0.357921841948,-0.933751548891,0.));
#12363 = PLANE('',#12364);
#12364 = AXIS2_PLACEMENT_3D('',#12365,#12366,#12367);
#12365 = CARTESIAN_POINT('',(36.326377753342,4.000835712841,0.));
#12366 = DIRECTION('',(0.,0.,1.));
#12367 = DIRECTION('',(1.,0.,0.));
#12368 = SHELL_BASED_SURFACE_MODEL('',(#12369));
#12369 = OPEN_SHELL('',(#12370));
#12370 = ADVANCED_FACE('',(#12371),#12549,.T.);
#12371 = FACE_BOUND('',#12372,.T.);
#12372 = EDGE_LOOP('',(#12373,#12383,#12391,#12399,#12407,#12415,#12423,
    #12431,#12439,#12447,#12455,#12463,#12471,#12479,#12487,#12495,
    #12503,#12511,#12519,#12527,#12535,#12543));
#12373 = ORIENTED_EDGE('',*,*,#12374,.F.);
#12374 = EDGE_CURVE('',#12375,#12377,#12379,.T.);
#12375 = VERTEX_POINT('',#12376);
#12376 = CARTESIAN_POINT('',(44.305714285714,1.44,0.));
#12377 = VERTEX_POINT('',#12378);
#12378 = CARTESIAN_POINT('',(44.305714285714,2.971428571429,0.));
#12379 = LINE('',#12380,#12381);
#12380 = CARTESIAN_POINT('',(44.305714285714,1.44,0.));
#12381 = VECTOR('',#12382,1.);
#12382 = DIRECTION('',(0.,1.,0.));
#12383 = ORIENTED_EDGE('',*,*,#12384,.F.);
#12384 = EDGE_CURVE('',#12385,#12375,#12387,.T.);
#12385 = VERTEX_POINT('',#12386);
#12386 = CARTESIAN_POINT('',(44.011071428571,1.302857142857,0.));
#12387 = B_SPLINE_CURVE_WITH_KNOTS('',2,(#12388,#12389,#12390),
  .UNSPECIFIED.,.F.,.F.,(3,3),(0.,1.),.PIECEWISE_BEZIER_KNOTS.);
#12388 = CARTESIAN_POINT('',(44.011071428571,1.302857142857,0.));
#12389 = CARTESIAN_POINT('',(44.193214285714,1.348571428571,0.));
#12390 = CARTESIAN_POINT('',(44.305714285714,1.44,0.));
#12391 = ORIENTED_EDGE('',*,*,#12392,.F.);
#12392 = EDGE_CURVE('',#12393,#12385,#12395,.T.);
#12393 = VERTEX_POINT('',#12394);
#12394 = CARTESIAN_POINT('',(43.5825,1.257142857143,0.));
#12395 = B_SPLINE_CURVE_WITH_KNOTS('',2,(#12396,#12397,#12398),
  .UNSPECIFIED.,.F.,.F.,(3,3),(0.,1.),.PIECEWISE_BEZIER_KNOTS.);
#12396 = CARTESIAN_POINT('',(43.5825,1.257142857143,0.));
#12397 = CARTESIAN_POINT('',(43.828928571429,1.257142857143,0.));
#12398 = CARTESIAN_POINT('',(44.011071428571,1.302857142857,0.));
#12399 = ORIENTED_EDGE('',*,*,#12400,.F.);
#12400 = EDGE_CURVE('',#12401,#12393,#12403,.T.);
#12401 = VERTEX_POINT('',#12402);
#12402 = CARTESIAN_POINT('',(42.334285714286,1.953928571429,0.));
#12403 = B_SPLINE_CURVE_WITH_KNOTS('',2,(#12404,#12405,#12406),
  .UNSPECIFIED.,.F.,.F.,(3,3),(0.,1.),.PIECEWISE_BEZIER_KNOTS.);
#12404 = CARTESIAN_POINT('',(42.334285714286,1.953928571429,0.));
#12405 = CARTESIAN_POINT('',(42.762857142857,1.257142857143,0.));
#12406 = CARTESIAN_POINT('',(43.5825,1.257142857143,0.));
#12407 = ORIENTED_EDGE('',*,*,#12408,.F.);
#12408 = EDGE_CURVE('',#12409,#12401,#12411,.T.);
#12409 = VERTEX_POINT('',#12410);
#12410 = CARTESIAN_POINT('',(41.905714285714,3.985714285714,0.));
#12411 = B_SPLINE_CURVE_WITH_KNOTS('',2,(#12412,#12413,#12414),
  .UNSPECIFIED.,.F.,.F.,(3,3),(0.,1.),.PIECEWISE_BEZIER_KNOTS.);
#12412 = CARTESIAN_POINT('',(41.905714285714,3.985714285714,0.));
#12413 = CARTESIAN_POINT('',(41.905714285714,2.651071428571,0.));
#12414 = CARTESIAN_POINT('',(42.334285714286,1.953928571429,0.));
#12415 = ORIENTED_EDGE('',*,*,#12416,.F.);
#12416 = EDGE_CURVE('',#12417,#12409,#12419,.T.);
#12417 = VERTEX_POINT('',#12418);
#12418 = CARTESIAN_POINT('',(42.350357142857,6.041785714286,0.));
#12419 = B_SPLINE_CURVE_WITH_KNOTS('',2,(#12420,#12421,#12422),
  .UNSPECIFIED.,.F.,.F.,(3,3),(0.,1.),.PIECEWISE_BEZIER_KNOTS.);
#12420 = CARTESIAN_POINT('',(42.350357142857,6.041785714286,0.));
#12421 = CARTESIAN_POINT('',(41.905714285714,5.363571428571,0.));
#12422 = CARTESIAN_POINT('',(41.905714285714,3.985714285714,0.));
#12423 = ORIENTED_EDGE('',*,*,#12424,.F.);
#12424 = EDGE_CURVE('',#12425,#12417,#12427,.T.);
#12425 = VERTEX_POINT('',#12426);
#12426 = CARTESIAN_POINT('',(43.695,6.72,0.));
#12427 = B_SPLINE_CURVE_WITH_KNOTS('',2,(#12428,#12429,#12430),
  .UNSPECIFIED.,.F.,.F.,(3,3),(0.,1.),.PIECEWISE_BEZIER_KNOTS.);
#12428 = CARTESIAN_POINT('',(43.695,6.72,0.));
#12429 = CARTESIAN_POINT('',(42.795,6.72,0.));
#12430 = CARTESIAN_POINT('',(42.350357142857,6.041785714286,0.));
#12431 = ORIENTED_EDGE('',*,*,#12432,.F.);
#12432 = EDGE_CURVE('',#12433,#12425,#12435,.T.);
#12433 = VERTEX_POINT('',#12434);
#12434 = CARTESIAN_POINT('',(44.640357142857,6.501428571429,0.));
#12435 = B_SPLINE_CURVE_WITH_KNOTS('',2,(#12436,#12437,#12438),
  .UNSPECIFIED.,.F.,.F.,(3,3),(0.,1.),.PIECEWISE_BEZIER_KNOTS.);
#12436 = CARTESIAN_POINT('',(44.640357142857,6.501428571429,0.));
#12437 = CARTESIAN_POINT('',(44.209285714286,6.72,0.));
#12438 = CARTESIAN_POINT('',(43.695,6.72,0.));
#12439 = ORIENTED_EDGE('',*,*,#12440,.F.);
#12440 = EDGE_CURVE('',#12441,#12433,#12443,.T.);
#12441 = VERTEX_POINT('',#12442);
#12442 = CARTESIAN_POINT('',(45.403928571429,5.851428571429,0.));
#12443 = B_SPLINE_CURVE_WITH_KNOTS('',2,(#12444,#12445,#12446),
  .UNSPECIFIED.,.F.,.F.,(3,3),(0.,1.),.PIECEWISE_BEZIER_KNOTS.);
#12444 = CARTESIAN_POINT('',(45.403928571429,5.851428571429,0.));
#12445 = CARTESIAN_POINT('',(45.071785714286,6.282857142857,0.));
#12446 = CARTESIAN_POINT('',(44.640357142857,6.501428571429,0.));
#12447 = ORIENTED_EDGE('',*,*,#12448,.F.);
#12448 = EDGE_CURVE('',#12449,#12441,#12451,.T.);
#12449 = VERTEX_POINT('',#12450);
#12450 = CARTESIAN_POINT('',(45.403928571429,7.611428571429,0.));
#12451 = LINE('',#12452,#12453);
#12452 = CARTESIAN_POINT('',(45.403928571429,7.611428571429,0.));
#12453 = VECTOR('',#12454,1.);
#12454 = DIRECTION('',(0.,-1.,0.));
#12455 = ORIENTED_EDGE('',*,*,#12456,.F.);
#12456 = EDGE_CURVE('',#12457,#12449,#12459,.T.);
#12457 = VERTEX_POINT('',#12458);
#12458 = CARTESIAN_POINT('',(44.530714285714,8.001785714286,0.));
#12459 = B_SPLINE_CURVE_WITH_KNOTS('',2,(#12460,#12461,#12462),
  .UNSPECIFIED.,.F.,.F.,(3,3),(0.,1.),.PIECEWISE_BEZIER_KNOTS.);
#12460 = CARTESIAN_POINT('',(44.530714285714,8.001785714286,0.));
#12461 = CARTESIAN_POINT('',(44.996785714286,7.866428571429,0.));
#12462 = CARTESIAN_POINT('',(45.403928571429,7.611428571429,0.));
#12463 = ORIENTED_EDGE('',*,*,#12464,.F.);
#12464 = EDGE_CURVE('',#12465,#12457,#12467,.T.);
#12465 = VERTEX_POINT('',#12466);
#12466 = CARTESIAN_POINT('',(43.5825,8.137142857143,0.));
#12467 = B_SPLINE_CURVE_WITH_KNOTS('',2,(#12468,#12469,#12470),
  .UNSPECIFIED.,.F.,.F.,(3,3),(0.,1.),.PIECEWISE_BEZIER_KNOTS.);
#12468 = CARTESIAN_POINT('',(43.5825,8.137142857143,0.));
#12469 = CARTESIAN_POINT('',(44.064642857143,8.137142857143,0.));
#12470 = CARTESIAN_POINT('',(44.530714285714,8.001785714286,0.));
#12471 = ORIENTED_EDGE('',*,*,#12472,.F.);
#12472 = EDGE_CURVE('',#12473,#12465,#12475,.T.);
#12473 = VERTEX_POINT('',#12474);
#12474 = CARTESIAN_POINT('',(41.115357142857,7.071071428571,0.));
#12475 = B_SPLINE_CURVE_WITH_KNOTS('',2,(#12476,#12477,#12478),
  .UNSPECIFIED.,.F.,.F.,(3,3),(0.,1.),.PIECEWISE_BEZIER_KNOTS.);
#12476 = CARTESIAN_POINT('',(41.115357142857,7.071071428571,0.));
#12477 = CARTESIAN_POINT('',(41.97,8.137142857143,0.));
#12478 = CARTESIAN_POINT('',(43.5825,8.137142857143,0.));
#12479 = ORIENTED_EDGE('',*,*,#12480,.F.);
#12480 = EDGE_CURVE('',#12481,#12473,#12483,.T.);
#12481 = VERTEX_POINT('',#12482);
#12482 = CARTESIAN_POINT('',(40.261071428571,3.986071428571,0.));
#12483 = B_SPLINE_CURVE_WITH_KNOTS('',2,(#12484,#12485,#12486),
  .UNSPECIFIED.,.F.,.F.,(3,3),(0.,1.),.PIECEWISE_BEZIER_KNOTS.);
#12484 = CARTESIAN_POINT('',(40.261071428571,3.986071428571,0.));
#12485 = CARTESIAN_POINT('',(40.261071428571,6.005357142857,0.));
#12486 = CARTESIAN_POINT('',(41.115357142857,7.071071428571,0.));
#12487 = ORIENTED_EDGE('',*,*,#12488,.F.);
#12488 = EDGE_CURVE('',#12489,#12481,#12491,.T.);
#12489 = VERTEX_POINT('',#12490);
#12490 = CARTESIAN_POINT('',(41.1075,0.919285714286,0.));
#12491 = B_SPLINE_CURVE_WITH_KNOTS('',2,(#12492,#12493,#12494),
  .UNSPECIFIED.,.F.,.F.,(3,3),(0.,1.),.PIECEWISE_BEZIER_KNOTS.);
#12492 = CARTESIAN_POINT('',(41.1075,0.919285714286,0.));
#12493 = CARTESIAN_POINT('',(40.261071428571,1.998571428571,0.));
#12494 = CARTESIAN_POINT('',(40.261071428571,3.986071428571,0.));
#12495 = ORIENTED_EDGE('',*,*,#12496,.F.);
#12496 = EDGE_CURVE('',#12497,#12489,#12499,.T.);
#12497 = VERTEX_POINT('',#12498);
#12498 = CARTESIAN_POINT('',(43.5075,-0.16,0.));
#12499 = B_SPLINE_CURVE_WITH_KNOTS('',2,(#12500,#12501,#12502),
  .UNSPECIFIED.,.F.,.F.,(3,3),(0.,1.),.PIECEWISE_BEZIER_KNOTS.);
#12500 = CARTESIAN_POINT('',(43.5075,-0.16,0.));
#12501 = CARTESIAN_POINT('',(41.953928571429,-0.16,0.));
#12502 = CARTESIAN_POINT('',(41.1075,0.919285714286,0.));
#12503 = ORIENTED_EDGE('',*,*,#12504,.F.);
#12504 = EDGE_CURVE('',#12505,#12497,#12507,.T.);
#12505 = VERTEX_POINT('',#12506);
#12506 = CARTESIAN_POINT('',(44.683214285714,4.035714285714E-02,0.));
#12507 = B_SPLINE_CURVE_WITH_KNOTS('',2,(#12508,#12509,#12510),
  .UNSPECIFIED.,.F.,.F.,(3,3),(0.,1.),.PIECEWISE_BEZIER_KNOTS.);
#12508 = CARTESIAN_POINT('',(44.683214285714,4.035714285714E-02,0.));
#12509 = CARTESIAN_POINT('',(44.134285714286,-0.16,0.));
#12510 = CARTESIAN_POINT('',(43.5075,-0.16,0.));
#12511 = ORIENTED_EDGE('',*,*,#12512,.F.);
#12512 = EDGE_CURVE('',#12513,#12505,#12515,.T.);
#12513 = VERTEX_POINT('',#12514);
#12514 = CARTESIAN_POINT('',(45.687857142857,0.631428571429,0.));
#12515 = B_SPLINE_CURVE_WITH_KNOTS('',2,(#12516,#12517,#12518),
  .UNSPECIFIED.,.F.,.F.,(3,3),(0.,1.),.PIECEWISE_BEZIER_KNOTS.);
#12516 = CARTESIAN_POINT('',(45.687857142857,0.631428571429,0.));
#12517 = CARTESIAN_POINT('',(45.2325,0.241071428571,0.));
#12518 = CARTESIAN_POINT('',(44.683214285714,4.035714285714E-02,0.));
#12519 = ORIENTED_EDGE('',*,*,#12520,.F.);
#12520 = EDGE_CURVE('',#12521,#12513,#12523,.T.);
#12521 = VERTEX_POINT('',#12522);
#12522 = CARTESIAN_POINT('',(45.687857142857,4.297142857143,0.));
#12523 = LINE('',#12524,#12525);
#12524 = CARTESIAN_POINT('',(45.687857142857,4.297142857143,0.));
#12525 = VECTOR('',#12526,1.);
#12526 = DIRECTION('',(0.,-1.,0.));
#12527 = ORIENTED_EDGE('',*,*,#12528,.F.);
#12528 = EDGE_CURVE('',#12529,#12521,#12531,.T.);
#12529 = VERTEX_POINT('',#12530);
#12530 = CARTESIAN_POINT('',(43.223571428571,4.297142857143,0.));
#12531 = LINE('',#12532,#12533);
#12532 = CARTESIAN_POINT('',(43.223571428571,4.297142857143,0.));
#12533 = VECTOR('',#12534,1.);
#12534 = DIRECTION('',(1.,0.,0.));
#12535 = ORIENTED_EDGE('',*,*,#12536,.F.);
#12536 = EDGE_CURVE('',#12537,#12529,#12539,.T.);
#12537 = VERTEX_POINT('',#12538);
#12538 = CARTESIAN_POINT('',(43.223571428571,2.971428571429,0.));
#12539 = LINE('',#12540,#12541);
#12540 = CARTESIAN_POINT('',(43.223571428571,2.971428571429,0.));
#12541 = VECTOR('',#12542,1.);
#12542 = DIRECTION('',(0.,1.,0.));
#12543 = ORIENTED_EDGE('',*,*,#12544,.F.);
#12544 = EDGE_CURVE('',#12377,#12537,#12545,.T.);
#12545 = LINE('',#12546,#12547);
#12546 = CARTESIAN_POINT('',(44.305714285714,2.971428571429,0.));
#12547 = VECTOR('',#12548,1.);
#12548 = DIRECTION('',(-1.,0.,0.));
#12549 = PLANE('',#12550);
#12550 = AXIS2_PLACEMENT_3D('',#12551,#12552,#12553);
#12551 = CARTESIAN_POINT('',(43.197809035709,3.921572315317,0.));
#12552 = DIRECTION('',(0.,0.,1.));
#12553 = DIRECTION('',(1.,0.,0.));
#12554 = ( GEOMETRIC_REPRESENTATION_CONTEXT(3) 
GLOBAL_UNCERTAINTY_ASSIGNED_CONTEXT((#12558)) 
GLOBAL_UNIT_ASSIGNED_CONTEXT((#12555,#12556,#12557)) 
REPRESENTATION_CONTEXT('Context #1',
  '3D Context with UNIT and UNCERTAINTY') );
#12555 = ( LENGTH_UNIT() NAMED_UNIT(*) SI_UNIT(.MILLI.,.METRE.) );
#12556 = ( NAMED_UNIT(*) PLANE_ANGLE_UNIT() SI_UNIT($,.RADIAN.) );
#12557 = ( NAMED_UNIT(*) SI_UNIT($,.STERADIAN.) SOLID_ANGLE_UNIT() );
#12558 = UNCERTAINTY_MEASURE_WITH_UNIT(LENGTH_MEASURE(1.E-07),#12555,
  'distance_accuracy_value','confusion accuracy');
#12559 = CONTEXT_DEPENDENT_SHAPE_REPRESENTATION(#12560,#12562);
#12560 = ( REPRESENTATION_RELATIONSHIP('','',#11671,#10) 
REPRESENTATION_RELATIONSHIP_WITH_TRANSFORMATION(#12561) 
SHAPE_REPRESENTATION_RELATIONSHIP() );
#12561 = ITEM_DEFINED_TRANSFORMATION('','',#11,#47);
#12562 = PRODUCT_DEFINITION_SHAPE('Placement','Placement of an item',
  #12563);
#12563 = NEXT_ASSEMBLY_USAGE_OCCURRENCE('36','ShapeString','',#5,#11666,
  $);
#12564 = PRODUCT_RELATED_PRODUCT_CATEGORY('part',$,(#11668));
#12565 = SHAPE_DEFINITION_REPRESENTATION(#12566,#12572);
#12566 = PRODUCT_DEFINITION_SHAPE('','',#12567);
#12567 = PRODUCT_DEFINITION('design','',#12568,#12571);
#12568 = PRODUCT_DEFINITION_FORMATION('','',#12569);
#12569 = PRODUCT('Sketch001','Sketch001','',(#12570));
#12570 = PRODUCT_CONTEXT('',#2,'mechanical');
#12571 = PRODUCT_DEFINITION_CONTEXT('part definition',#2,'design');
#12572 = GEOMETRICALLY_BOUNDED_WIREFRAME_SHAPE_REPRESENTATION('',(#11,
    #12573),#12602);
#12573 = GEOMETRIC_CURVE_SET('',(#12574,#12581,#12588,#12595));
#12574 = TRIMMED_CURVE('',#12575,(#12579,PARAMETER_VALUE(0.)),(#12580,
    PARAMETER_VALUE(46.)),.T.,.PARAMETER.);
#12575 = LINE('',#12576,#12577);
#12576 = CARTESIAN_POINT('',(-23.,23.,0.));
#12577 = VECTOR('',#12578,1.);
#12578 = DIRECTION('',(0.,-1.,0.));
#12579 = CARTESIAN_POINT('',(-23.,23.,0.));
#12580 = CARTESIAN_POINT('',(-23.,-23.,0.));
#12581 = TRIMMED_CURVE('',#12582,(#12586,PARAMETER_VALUE(0.)),(#12587,
    PARAMETER_VALUE(46.)),.T.,.PARAMETER.);
#12582 = LINE('',#12583,#12584);
#12583 = CARTESIAN_POINT('',(-23.,-23.,0.));
#12584 = VECTOR('',#12585,1.);
#12585 = DIRECTION('',(1.,0.,0.));
#12586 = CARTESIAN_POINT('',(-23.,-23.,0.));
#12587 = CARTESIAN_POINT('',(23.,-23.,0.));
#12588 = TRIMMED_CURVE('',#12589,(#12593,PARAMETER_VALUE(0.)),(#12594,
    PARAMETER_VALUE(46.)),.T.,.PARAMETER.);
#12589 = LINE('',#12590,#12591);
#12590 = CARTESIAN_POINT('',(23.,-23.,0.));
#12591 = VECTOR('',#12592,1.);
#12592 = DIRECTION('',(0.,1.,0.));
#12593 = CARTESIAN_POINT('',(23.,-23.,0.));
#12594 = CARTESIAN_POINT('',(23.,23.,0.));
#12595 = TRIMMED_CURVE('',#12596,(#12600,PARAMETER_VALUE(0.)),(#12601,
    PARAMETER_VALUE(46.)),.T.,.PARAMETER.);
#12596 = LINE('',#12597,#12598);
#12597 = CARTESIAN_POINT('',(23.,23.,0.));
#12598 = VECTOR('',#12599,1.);
#12599 = DIRECTION('',(-1.,0.,0.));
#12600 = CARTESIAN_POINT('',(23.,23.,0.));
#12601 = CARTESIAN_POINT('',(-23.,23.,0.));
#12602 = ( GEOMETRIC_REPRESENTATION_CONTEXT(3) 
GLOBAL_UNCERTAINTY_ASSIGNED_CONTEXT((#12606)) 
GLOBAL_UNIT_ASSIGNED_CONTEXT((#12603,#12604,#12605)) 
REPRESENTATION_CONTEXT('Context #1',
  '3D Context with UNIT and UNCERTAINTY') );
#12603 = ( LENGTH_UNIT() NAMED_UNIT(*) SI_UNIT(.MILLI.,.METRE.) );
#12604 = ( NAMED_UNIT(*) PLANE_ANGLE_UNIT() SI_UNIT($,.RADIAN.) );
#12605 = ( NAMED_UNIT(*) SI_UNIT($,.STERADIAN.) SOLID_ANGLE_UNIT() );
#12606 = UNCERTAINTY_MEASURE_WITH_UNIT(LENGTH_MEASURE(1.E-07),#12603,
  'distance_accuracy_value','confusion accuracy');
#12607 = CONTEXT_DEPENDENT_SHAPE_REPRESENTATION(#12608,#12610);
#12608 = ( REPRESENTATION_RELATIONSHIP('','',#12572,#10) 
REPRESENTATION_RELATIONSHIP_WITH_TRANSFORMATION(#12609) 
SHAPE_REPRESENTATION_RELATIONSHIP() );
#12609 = ITEM_DEFINED_TRANSFORMATION('','',#11,#51);
#12610 = PRODUCT_DEFINITION_SHAPE('Placement','Placement of an item',
  #12611);
#12611 = NEXT_ASSEMBLY_USAGE_OCCURRENCE('37','Sketch001','',#5,#12567,$
  );
#12612 = PRODUCT_RELATED_PRODUCT_CATEGORY('part',$,(#12569));
#12613 = SHAPE_DEFINITION_REPRESENTATION(#12614,#12620);
#12614 = PRODUCT_DEFINITION_SHAPE('','',#12615);
#12615 = PRODUCT_DEFINITION('design','',#12616,#12619);
#12616 = PRODUCT_DEFINITION_FORMATION('','',#12617);
#12617 = PRODUCT('Pad003','Pad003','',(#12618));
#12618 = PRODUCT_CONTEXT('',#2,'mechanical');
#12619 = PRODUCT_DEFINITION_CONTEXT('part definition',#2,'design');
#12620 = ADVANCED_BREP_SHAPE_REPRESENTATION('',(#11,#12621),#13105);
#12621 = MANIFOLD_SOLID_BREP('',#12622);
#12622 = CLOSED_SHELL('',(#12623,#12663,#12694,#12716,#12756,#12787,
    #12818,#12849,#12880,#12911,#12942,#12973,#13004,#13035,#13057,
    #13081));
#12623 = ADVANCED_FACE('',(#12624),#12658,.F.);
#12624 = FACE_BOUND('',#12625,.F.);
#12625 = EDGE_LOOP('',(#12626,#12636,#12644,#12652));
#12626 = ORIENTED_EDGE('',*,*,#12627,.T.);
#12627 = EDGE_CURVE('',#12628,#12630,#12632,.T.);
#12628 = VERTEX_POINT('',#12629);
#12629 = CARTESIAN_POINT('',(-36.06217782649,38.5,0.));
#12630 = VERTEX_POINT('',#12631);
#12631 = CARTESIAN_POINT('',(-36.06217782649,38.5,1.));
#12632 = LINE('',#12633,#12634);
#12633 = CARTESIAN_POINT('',(-36.06217782649,38.5,0.));
#12634 = VECTOR('',#12635,1.);
#12635 = DIRECTION('',(0.,0.,1.));
#12636 = ORIENTED_EDGE('',*,*,#12637,.T.);
#12637 = EDGE_CURVE('',#12630,#12638,#12640,.T.);
#12638 = VERTEX_POINT('',#12639);
#12639 = CARTESIAN_POINT('',(-42.12435565298,28.,1.));
#12640 = LINE('',#12641,#12642);
#12641 = CARTESIAN_POINT('',(-36.06217782649,38.5,1.));
#12642 = VECTOR('',#12643,1.);
#12643 = DIRECTION('',(-0.5,-0.866025403784,0.));
#12644 = ORIENTED_EDGE('',*,*,#12645,.F.);
#12645 = EDGE_CURVE('',#12646,#12638,#12648,.T.);
#12646 = VERTEX_POINT('',#12647);
#12647 = CARTESIAN_POINT('',(-42.12435565298,28.,0.));
#12648 = LINE('',#12649,#12650);
#12649 = CARTESIAN_POINT('',(-42.12435565298,28.,0.));
#12650 = VECTOR('',#12651,1.);
#12651 = DIRECTION('',(0.,0.,1.));
#12652 = ORIENTED_EDGE('',*,*,#12653,.F.);
#12653 = EDGE_CURVE('',#12628,#12646,#12654,.T.);
#12654 = LINE('',#12655,#12656);
#12655 = CARTESIAN_POINT('',(-36.06217782649,38.5,0.));
#12656 = VECTOR('',#12657,1.);
#12657 = DIRECTION('',(-0.5,-0.866025403784,0.));
#12658 = PLANE('',#12659);
#12659 = AXIS2_PLACEMENT_3D('',#12660,#12661,#12662);
#12660 = CARTESIAN_POINT('',(-36.06217782649,38.5,0.));
#12661 = DIRECTION('',(0.866025403784,-0.5,0.));
#12662 = DIRECTION('',(-0.5,-0.866025403784,0.));
#12663 = ADVANCED_FACE('',(#12664),#12689,.F.);
#12664 = FACE_BOUND('',#12665,.F.);
#12665 = EDGE_LOOP('',(#12666,#12667,#12675,#12683));
#12666 = ORIENTED_EDGE('',*,*,#12645,.T.);
#12667 = ORIENTED_EDGE('',*,*,#12668,.T.);
#12668 = EDGE_CURVE('',#12638,#12669,#12671,.T.);
#12669 = VERTEX_POINT('',#12670);
#12670 = CARTESIAN_POINT('',(-30.,28.,1.));
#12671 = LINE('',#12672,#12673);
#12672 = CARTESIAN_POINT('',(-42.12435565298,28.,1.));
#12673 = VECTOR('',#12674,1.);
#12674 = DIRECTION('',(1.,0.,0.));
#12675 = ORIENTED_EDGE('',*,*,#12676,.F.);
#12676 = EDGE_CURVE('',#12677,#12669,#12679,.T.);
#12677 = VERTEX_POINT('',#12678);
#12678 = CARTESIAN_POINT('',(-30.,28.,0.));
#12679 = LINE('',#12680,#12681);
#12680 = CARTESIAN_POINT('',(-30.,28.,0.));
#12681 = VECTOR('',#12682,1.);
#12682 = DIRECTION('',(0.,0.,1.));
#12683 = ORIENTED_EDGE('',*,*,#12684,.F.);
#12684 = EDGE_CURVE('',#12646,#12677,#12685,.T.);
#12685 = LINE('',#12686,#12687);
#12686 = CARTESIAN_POINT('',(-42.12435565298,28.,0.));
#12687 = VECTOR('',#12688,1.);
#12688 = DIRECTION('',(1.,0.,0.));
#12689 = PLANE('',#12690);
#12690 = AXIS2_PLACEMENT_3D('',#12691,#12692,#12693);
#12691 = CARTESIAN_POINT('',(-42.12435565298,28.,0.));
#12692 = DIRECTION('',(0.,1.,0.));
#12693 = DIRECTION('',(1.,0.,0.));
#12694 = ADVANCED_FACE('',(#12695),#12711,.F.);
#12695 = FACE_BOUND('',#12696,.F.);
#12696 = EDGE_LOOP('',(#12697,#12698,#12704,#12705));
#12697 = ORIENTED_EDGE('',*,*,#12676,.T.);
#12698 = ORIENTED_EDGE('',*,*,#12699,.T.);
#12699 = EDGE_CURVE('',#12669,#12630,#12700,.T.);
#12700 = LINE('',#12701,#12702);
#12701 = CARTESIAN_POINT('',(-30.,28.,1.));
#12702 = VECTOR('',#12703,1.);
#12703 = DIRECTION('',(-0.5,0.866025403784,0.));
#12704 = ORIENTED_EDGE('',*,*,#12627,.F.);
#12705 = ORIENTED_EDGE('',*,*,#12706,.F.);
#12706 = EDGE_CURVE('',#12677,#12628,#12707,.T.);
#12707 = LINE('',#12708,#12709);
#12708 = CARTESIAN_POINT('',(-30.,28.,0.));
#12709 = VECTOR('',#12710,1.);
#12710 = DIRECTION('',(-0.5,0.866025403784,0.));
#12711 = PLANE('',#12712);
#12712 = AXIS2_PLACEMENT_3D('',#12713,#12714,#12715);
#12713 = CARTESIAN_POINT('',(-30.,28.,0.));
#12714 = DIRECTION('',(-0.866025403784,-0.5,0.));
#12715 = DIRECTION('',(-0.5,0.866025403784,0.));
#12716 = ADVANCED_FACE('',(#12717),#12751,.T.);
#12717 = FACE_BOUND('',#12718,.T.);
#12718 = EDGE_LOOP('',(#12719,#12729,#12737,#12745));
#12719 = ORIENTED_EDGE('',*,*,#12720,.T.);
#12720 = EDGE_CURVE('',#12721,#12723,#12725,.T.);
#12721 = VERTEX_POINT('',#12722);
#12722 = CARTESIAN_POINT('',(-36.49716453172,32.797996376178,0.));
#12723 = VERTEX_POINT('',#12724);
#12724 = CARTESIAN_POINT('',(-36.49716453172,32.797996376178,1.));
#12725 = LINE('',#12726,#12727);
#12726 = CARTESIAN_POINT('',(-36.49716453172,32.797996376178,0.));
#12727 = VECTOR('',#12728,1.);
#12728 = DIRECTION('',(0.,0.,1.));
#12729 = ORIENTED_EDGE('',*,*,#12730,.T.);
#12730 = EDGE_CURVE('',#12723,#12731,#12733,.T.);
#12731 = VERTEX_POINT('',#12732);
#12732 = CARTESIAN_POINT('',(-35.22632479319,35.388388450389,1.));
#12733 = LINE('',#12734,#12735);
#12734 = CARTESIAN_POINT('',(-36.49716453172,32.797996376178,1.));
#12735 = VECTOR('',#12736,1.);
#12736 = DIRECTION('',(0.440447722331,0.897778259869,0.));
#12737 = ORIENTED_EDGE('',*,*,#12738,.F.);
#12738 = EDGE_CURVE('',#12739,#12731,#12741,.T.);
#12739 = VERTEX_POINT('',#12740);
#12740 = CARTESIAN_POINT('',(-35.22632479319,35.388388450389,0.));
#12741 = LINE('',#12742,#12743);
#12742 = CARTESIAN_POINT('',(-35.22632479319,35.388388450389,0.));
#12743 = VECTOR('',#12744,1.);
#12744 = DIRECTION('',(0.,0.,1.));
#12745 = ORIENTED_EDGE('',*,*,#12746,.F.);
#12746 = EDGE_CURVE('',#12721,#12739,#12747,.T.);
#12747 = LINE('',#12748,#12749);
#12748 = CARTESIAN_POINT('',(-36.49716453172,32.797996376178,0.));
#12749 = VECTOR('',#12750,1.);
#12750 = DIRECTION('',(0.440447722331,0.897778259869,0.));
#12751 = PLANE('',#12752);
#12752 = AXIS2_PLACEMENT_3D('',#12753,#12754,#12755);
#12753 = CARTESIAN_POINT('',(-36.49716453172,32.797996376178,0.));
#12754 = DIRECTION('',(-0.897778259869,0.440447722331,0.));
#12755 = DIRECTION('',(0.440447722331,0.897778259869,0.));
#12756 = ADVANCED_FACE('',(#12757),#12782,.F.);
#12757 = FACE_BOUND('',#12758,.F.);
#12758 = EDGE_LOOP('',(#12759,#12769,#12775,#12776));
#12759 = ORIENTED_EDGE('',*,*,#12760,.T.);
#12760 = EDGE_CURVE('',#12761,#12763,#12765,.T.);
#12761 = VERTEX_POINT('',#12762);
#12762 = CARTESIAN_POINT('',(-36.10002552537,35.619759609328,0.));
#12763 = VERTEX_POINT('',#12764);
#12764 = CARTESIAN_POINT('',(-36.10002552537,35.619759609328,1.));
#12765 = LINE('',#12766,#12767);
#12766 = CARTESIAN_POINT('',(-36.10002552537,35.619759609328,0.));
#12767 = VECTOR('',#12768,1.);
#12768 = DIRECTION('',(0.,0.,1.));
#12769 = ORIENTED_EDGE('',*,*,#12770,.T.);
#12770 = EDGE_CURVE('',#12763,#12731,#12771,.T.);
#12771 = LINE('',#12772,#12773);
#12772 = CARTESIAN_POINT('',(-36.10002552537,35.619759609328,1.));
#12773 = VECTOR('',#12774,1.);
#12774 = DIRECTION('',(0.966678554683,-0.255993304435,0.));
#12775 = ORIENTED_EDGE('',*,*,#12738,.F.);
#12776 = ORIENTED_EDGE('',*,*,#12777,.F.);
#12777 = EDGE_CURVE('',#12761,#12739,#12778,.T.);
#12778 = LINE('',#12779,#12780);
#12779 = CARTESIAN_POINT('',(-36.10002552537,35.619759609328,0.));
#12780 = VECTOR('',#12781,1.);
#12781 = DIRECTION('',(0.966678554683,-0.255993304435,0.));
#12782 = PLANE('',#12783);
#12783 = AXIS2_PLACEMENT_3D('',#12784,#12785,#12786);
#12784 = CARTESIAN_POINT('',(-36.10002552537,35.619759609328,0.));
#12785 = DIRECTION('',(0.255993304435,0.966678554683,-0.));
#12786 = DIRECTION('',(0.966678554683,-0.255993304435,0.));
#12787 = ADVANCED_FACE('',(#12788),#12813,.T.);
#12788 = FACE_BOUND('',#12789,.T.);
#12789 = EDGE_LOOP('',(#12790,#12791,#12799,#12807));
#12790 = ORIENTED_EDGE('',*,*,#12760,.T.);
#12791 = ORIENTED_EDGE('',*,*,#12792,.T.);
#12792 = EDGE_CURVE('',#12763,#12793,#12795,.T.);
#12793 = VERTEX_POINT('',#12794);
#12794 = CARTESIAN_POINT('',(-38.02632479319,31.919759609328,1.));
#12795 = LINE('',#12796,#12797);
#12796 = CARTESIAN_POINT('',(-36.10002552537,35.619759609328,1.));
#12797 = VECTOR('',#12798,1.);
#12798 = DIRECTION('',(-0.46178655845,-0.886991079118,0.));
#12799 = ORIENTED_EDGE('',*,*,#12800,.F.);
#12800 = EDGE_CURVE('',#12801,#12793,#12803,.T.);
#12801 = VERTEX_POINT('',#12802);
#12802 = CARTESIAN_POINT('',(-38.02632479319,31.919759609328,0.));
#12803 = LINE('',#12804,#12805);
#12804 = CARTESIAN_POINT('',(-38.02632479319,31.919759609328,0.));
#12805 = VECTOR('',#12806,1.);
#12806 = DIRECTION('',(0.,0.,1.));
#12807 = ORIENTED_EDGE('',*,*,#12808,.F.);
#12808 = EDGE_CURVE('',#12761,#12801,#12809,.T.);
#12809 = LINE('',#12810,#12811);
#12810 = CARTESIAN_POINT('',(-36.10002552537,35.619759609328,0.));
#12811 = VECTOR('',#12812,1.);
#12812 = DIRECTION('',(-0.46178655845,-0.886991079118,0.));
#12813 = PLANE('',#12814);
#12814 = AXIS2_PLACEMENT_3D('',#12815,#12816,#12817);
#12815 = CARTESIAN_POINT('',(-36.10002552537,35.619759609328,0.));
#12816 = DIRECTION('',(0.886991079118,-0.46178655845,0.));
#12817 = DIRECTION('',(-0.46178655845,-0.886991079118,0.));
#12818 = ADVANCED_FACE('',(#12819),#12844,.T.);
#12819 = FACE_BOUND('',#12820,.T.);
#12820 = EDGE_LOOP('',(#12821,#12822,#12830,#12838));
#12821 = ORIENTED_EDGE('',*,*,#12800,.T.);
#12822 = ORIENTED_EDGE('',*,*,#12823,.T.);
#12823 = EDGE_CURVE('',#12793,#12824,#12826,.T.);
#12824 = VERTEX_POINT('',#12825);
#12825 = CARTESIAN_POINT('',(-36.21152787075,32.158925411487,1.));
#12826 = LINE('',#12827,#12828);
#12827 = CARTESIAN_POINT('',(-38.02632479319,31.919759609328,1.));
#12828 = VECTOR('',#12829,1.);
#12829 = DIRECTION('',(0.99142765546,0.130656817614,0.));
#12830 = ORIENTED_EDGE('',*,*,#12831,.F.);
#12831 = EDGE_CURVE('',#12832,#12824,#12834,.T.);
#12832 = VERTEX_POINT('',#12833);
#12833 = CARTESIAN_POINT('',(-36.21152787075,32.158925411487,0.));
#12834 = LINE('',#12835,#12836);
#12835 = CARTESIAN_POINT('',(-36.21152787075,32.158925411487,0.));
#12836 = VECTOR('',#12837,1.);
#12837 = DIRECTION('',(0.,0.,1.));
#12838 = ORIENTED_EDGE('',*,*,#12839,.F.);
#12839 = EDGE_CURVE('',#12801,#12832,#12840,.T.);
#12840 = LINE('',#12841,#12842);
#12841 = CARTESIAN_POINT('',(-38.02632479319,31.919759609328,0.));
#12842 = VECTOR('',#12843,1.);
#12843 = DIRECTION('',(0.99142765546,0.130656817614,0.));
#12844 = PLANE('',#12845);
#12845 = AXIS2_PLACEMENT_3D('',#12846,#12847,#12848);
#12846 = CARTESIAN_POINT('',(-38.02632479319,31.919759609328,0.));
#12847 = DIRECTION('',(-0.130656817614,0.99142765546,0.));
#12848 = DIRECTION('',(0.99142765546,0.130656817614,0.));
#12849 = ADVANCED_FACE('',(#12850),#12875,.T.);
#12850 = FACE_BOUND('',#12851,.T.);
#12851 = EDGE_LOOP('',(#12852,#12853,#12861,#12869));
#12852 = ORIENTED_EDGE('',*,*,#12831,.T.);
#12853 = ORIENTED_EDGE('',*,*,#12854,.T.);
#12854 = EDGE_CURVE('',#12824,#12855,#12857,.T.);
#12855 = VERTEX_POINT('',#12856);
#12856 = CARTESIAN_POINT('',(-36.84982153297,30.168779386499,1.));
#12857 = LINE('',#12858,#12859);
#12858 = CARTESIAN_POINT('',(-36.21152787075,32.158925411487,1.));
#12859 = VECTOR('',#12860,1.);
#12860 = DIRECTION('',(-0.305403666132,-0.952222978463,0.));
#12861 = ORIENTED_EDGE('',*,*,#12862,.F.);
#12862 = EDGE_CURVE('',#12863,#12855,#12865,.T.);
#12863 = VERTEX_POINT('',#12864);
#12864 = CARTESIAN_POINT('',(-36.84982153297,30.168779386499,0.));
#12865 = LINE('',#12866,#12867);
#12866 = CARTESIAN_POINT('',(-36.84982153297,30.168779386499,0.));
#12867 = VECTOR('',#12868,1.);
#12868 = DIRECTION('',(0.,0.,1.));
#12869 = ORIENTED_EDGE('',*,*,#12870,.F.);
#12870 = EDGE_CURVE('',#12832,#12863,#12871,.T.);
#12871 = LINE('',#12872,#12873);
#12872 = CARTESIAN_POINT('',(-36.21152787075,32.158925411487,0.));
#12873 = VECTOR('',#12874,1.);
#12874 = DIRECTION('',(-0.305403666132,-0.952222978463,0.));
#12875 = PLANE('',#12876);
#12876 = AXIS2_PLACEMENT_3D('',#12877,#12878,#12879);
#12877 = CARTESIAN_POINT('',(-36.21152787075,32.158925411487,0.));
#12878 = DIRECTION('',(0.952222978463,-0.305403666132,0.));
#12879 = DIRECTION('',(-0.305403666132,-0.952222978463,0.));
#12880 = ADVANCED_FACE('',(#12881),#12906,.T.);
#12881 = FACE_BOUND('',#12882,.T.);
#12882 = EDGE_LOOP('',(#12883,#12884,#12892,#12900));
#12883 = ORIENTED_EDGE('',*,*,#12862,.T.);
#12884 = ORIENTED_EDGE('',*,*,#12885,.T.);
#12885 = EDGE_CURVE('',#12855,#12886,#12888,.T.);
#12886 = VERTEX_POINT('',#12887);
#12887 = CARTESIAN_POINT('',(-37.46982153297,30.908779386499,1.));
#12888 = LINE('',#12889,#12890);
#12889 = CARTESIAN_POINT('',(-36.84982153297,30.168779386499,1.));
#12890 = VECTOR('',#12891,1.);
#12891 = DIRECTION('',(-0.64221986261,0.76652048118,0.));
#12892 = ORIENTED_EDGE('',*,*,#12893,.F.);
#12893 = EDGE_CURVE('',#12894,#12886,#12896,.T.);
#12894 = VERTEX_POINT('',#12895);
#12895 = CARTESIAN_POINT('',(-37.46982153297,30.908779386499,0.));
#12896 = LINE('',#12897,#12898);
#12897 = CARTESIAN_POINT('',(-37.46982153297,30.908779386499,0.));
#12898 = VECTOR('',#12899,1.);
#12899 = DIRECTION('',(0.,0.,1.));
#12900 = ORIENTED_EDGE('',*,*,#12901,.F.);
#12901 = EDGE_CURVE('',#12863,#12894,#12902,.T.);
#12902 = LINE('',#12903,#12904);
#12903 = CARTESIAN_POINT('',(-36.84982153297,30.168779386499,0.));
#12904 = VECTOR('',#12905,1.);
#12905 = DIRECTION('',(-0.64221986261,0.76652048118,0.));
#12906 = PLANE('',#12907);
#12907 = AXIS2_PLACEMENT_3D('',#12908,#12909,#12910);
#12908 = CARTESIAN_POINT('',(-36.84982153297,30.168779386499,0.));
#12909 = DIRECTION('',(-0.76652048118,-0.64221986261,0.));
#12910 = DIRECTION('',(-0.64221986261,0.76652048118,0.));
#12911 = ADVANCED_FACE('',(#12912),#12937,.T.);
#12912 = FACE_BOUND('',#12913,.T.);
#12913 = EDGE_LOOP('',(#12914,#12915,#12923,#12931));
#12914 = ORIENTED_EDGE('',*,*,#12893,.T.);
#12915 = ORIENTED_EDGE('',*,*,#12916,.T.);
#12916 = EDGE_CURVE('',#12886,#12917,#12919,.T.);
#12917 = VERTEX_POINT('',#12918);
#12918 = CARTESIAN_POINT('',(-36.87052899366,28.808779386499,1.));
#12919 = LINE('',#12920,#12921);
#12920 = CARTESIAN_POINT('',(-37.46982153297,30.908779386499,1.));
#12921 = VECTOR('',#12922,1.);
#12922 = DIRECTION('',(0.274421611029,-0.961609473435,0.));
#12923 = ORIENTED_EDGE('',*,*,#12924,.F.);
#12924 = EDGE_CURVE('',#12925,#12917,#12927,.T.);
#12925 = VERTEX_POINT('',#12926);
#12926 = CARTESIAN_POINT('',(-36.87052899366,28.808779386499,0.));
#12927 = LINE('',#12928,#12929);
#12928 = CARTESIAN_POINT('',(-36.87052899366,28.808779386499,0.));
#12929 = VECTOR('',#12930,1.);
#12930 = DIRECTION('',(0.,0.,1.));
#12931 = ORIENTED_EDGE('',*,*,#12932,.F.);
#12932 = EDGE_CURVE('',#12894,#12925,#12933,.T.);
#12933 = LINE('',#12934,#12935);
#12934 = CARTESIAN_POINT('',(-37.46982153297,30.908779386499,0.));
#12935 = VECTOR('',#12936,1.);
#12936 = DIRECTION('',(0.274421611029,-0.961609473435,0.));
#12937 = PLANE('',#12938);
#12938 = AXIS2_PLACEMENT_3D('',#12939,#12940,#12941);
#12939 = CARTESIAN_POINT('',(-37.46982153297,30.908779386499,0.));
#12940 = DIRECTION('',(0.961609473435,0.274421611029,-0.));
#12941 = DIRECTION('',(0.274421611029,-0.961609473435,0.));
#12942 = ADVANCED_FACE('',(#12943),#12968,.T.);
#12943 = FACE_BOUND('',#12944,.T.);
#12944 = EDGE_LOOP('',(#12945,#12946,#12954,#12962));
#12945 = ORIENTED_EDGE('',*,*,#12924,.T.);
#12946 = ORIENTED_EDGE('',*,*,#12947,.T.);
#12947 = EDGE_CURVE('',#12917,#12948,#12950,.T.);
#12948 = VERTEX_POINT('',#12949);
#12949 = CARTESIAN_POINT('',(-35.01659432431,30.220100130262,1.));
#12950 = LINE('',#12951,#12952);
#12951 = CARTESIAN_POINT('',(-36.87052899366,28.808779386499,1.));
#12952 = VECTOR('',#12953,1.);
#12953 = DIRECTION('',(0.795680115602,0.605717057409,0.));
#12954 = ORIENTED_EDGE('',*,*,#12955,.F.);
#12955 = EDGE_CURVE('',#12956,#12948,#12958,.T.);
#12956 = VERTEX_POINT('',#12957);
#12957 = CARTESIAN_POINT('',(-35.01659432431,30.220100130262,0.));
#12958 = LINE('',#12959,#12960);
#12959 = CARTESIAN_POINT('',(-35.01659432431,30.220100130262,0.));
#12960 = VECTOR('',#12961,1.);
#12961 = DIRECTION('',(0.,0.,1.));
#12962 = ORIENTED_EDGE('',*,*,#12963,.F.);
#12963 = EDGE_CURVE('',#12925,#12956,#12964,.T.);
#12964 = LINE('',#12965,#12966);
#12965 = CARTESIAN_POINT('',(-36.87052899366,28.808779386499,0.));
#12966 = VECTOR('',#12967,1.);
#12967 = DIRECTION('',(0.795680115602,0.605717057409,0.));
#12968 = PLANE('',#12969);
#12969 = AXIS2_PLACEMENT_3D('',#12970,#12971,#12972);
#12970 = CARTESIAN_POINT('',(-36.87052899366,28.808779386499,0.));
#12971 = DIRECTION('',(-0.605717057409,0.795680115602,0.));
#12972 = DIRECTION('',(0.795680115602,0.605717057409,0.));
#12973 = ADVANCED_FACE('',(#12974),#12999,.T.);
#12974 = FACE_BOUND('',#12975,.T.);
#12975 = EDGE_LOOP('',(#12976,#12977,#12985,#12993));
#12976 = ORIENTED_EDGE('',*,*,#12955,.T.);
#12977 = ORIENTED_EDGE('',*,*,#12978,.T.);
#12978 = EDGE_CURVE('',#12948,#12979,#12981,.T.);
#12979 = VERTEX_POINT('',#12980);
#12980 = CARTESIAN_POINT('',(-36.13659432431,29.953742224815,1.));
#12981 = LINE('',#12982,#12983);
#12982 = CARTESIAN_POINT('',(-35.01659432431,30.220100130262,1.));
#12983 = VECTOR('',#12984,1.);
#12984 = DIRECTION('',(-0.972866612801,-0.231366708273,0.));
#12985 = ORIENTED_EDGE('',*,*,#12986,.F.);
#12986 = EDGE_CURVE('',#12987,#12979,#12989,.T.);
#12987 = VERTEX_POINT('',#12988);
#12988 = CARTESIAN_POINT('',(-36.13659432431,29.953742224815,0.));
#12989 = LINE('',#12990,#12991);
#12990 = CARTESIAN_POINT('',(-36.13659432431,29.953742224815,0.));
#12991 = VECTOR('',#12992,1.);
#12992 = DIRECTION('',(0.,0.,1.));
#12993 = ORIENTED_EDGE('',*,*,#12994,.F.);
#12994 = EDGE_CURVE('',#12956,#12987,#12995,.T.);
#12995 = LINE('',#12996,#12997);
#12996 = CARTESIAN_POINT('',(-35.01659432431,30.220100130262,0.));
#12997 = VECTOR('',#12998,1.);
#12998 = DIRECTION('',(-0.972866612801,-0.231366708273,0.));
#12999 = PLANE('',#13000);
#13000 = AXIS2_PLACEMENT_3D('',#13001,#13002,#13003);
#13001 = CARTESIAN_POINT('',(-35.01659432431,30.220100130262,0.));
#13002 = DIRECTION('',(0.231366708273,-0.972866612801,0.));
#13003 = DIRECTION('',(-0.972866612801,-0.231366708273,0.));
#13004 = ADVANCED_FACE('',(#13005),#13030,.T.);
#13005 = FACE_BOUND('',#13006,.T.);
#13006 = EDGE_LOOP('',(#13007,#13008,#13016,#13024));
#13007 = ORIENTED_EDGE('',*,*,#12986,.T.);
#13008 = ORIENTED_EDGE('',*,*,#13009,.T.);
#13009 = EDGE_CURVE('',#12979,#13010,#13012,.T.);
#13010 = VERTEX_POINT('',#13011);
#13011 = CARTESIAN_POINT('',(-35.03694110923,33.168779386499,1.));
#13012 = LINE('',#13013,#13014);
#13013 = CARTESIAN_POINT('',(-36.13659432431,29.953742224815,1.));
#13014 = VECTOR('',#13015,1.);
#13015 = DIRECTION('',(0.323627629719,0.946184526021,0.));
#13016 = ORIENTED_EDGE('',*,*,#13017,.F.);
#13017 = EDGE_CURVE('',#13018,#13010,#13020,.T.);
#13018 = VERTEX_POINT('',#13019);
#13019 = CARTESIAN_POINT('',(-35.03694110923,33.168779386499,0.));
#13020 = LINE('',#13021,#13022);
#13021 = CARTESIAN_POINT('',(-35.03694110923,33.168779386499,0.));
#13022 = VECTOR('',#13023,1.);
#13023 = DIRECTION('',(0.,0.,1.));
#13024 = ORIENTED_EDGE('',*,*,#13025,.F.);
#13025 = EDGE_CURVE('',#12987,#13018,#13026,.T.);
#13026 = LINE('',#13027,#13028);
#13027 = CARTESIAN_POINT('',(-36.13659432431,29.953742224815,0.));
#13028 = VECTOR('',#13029,1.);
#13029 = DIRECTION('',(0.323627629719,0.946184526021,0.));
#13030 = PLANE('',#13031);
#13031 = AXIS2_PLACEMENT_3D('',#13032,#13033,#13034);
#13032 = CARTESIAN_POINT('',(-36.13659432431,29.953742224815,0.));
#13033 = DIRECTION('',(-0.946184526021,0.323627629719,0.));
#13034 = DIRECTION('',(0.323627629719,0.946184526021,0.));
#13035 = ADVANCED_FACE('',(#13036),#13052,.F.);
#13036 = FACE_BOUND('',#13037,.F.);
#13037 = EDGE_LOOP('',(#13038,#13039,#13045,#13046));
#13038 = ORIENTED_EDGE('',*,*,#12720,.T.);
#13039 = ORIENTED_EDGE('',*,*,#13040,.T.);
#13040 = EDGE_CURVE('',#12723,#13010,#13041,.T.);
#13041 = LINE('',#13042,#13043);
#13042 = CARTESIAN_POINT('',(-36.49716453172,32.797996376178,1.));
#13043 = VECTOR('',#13044,1.);
#13044 = DIRECTION('',(0.969241439068,0.246111829854,0.));
#13045 = ORIENTED_EDGE('',*,*,#13017,.F.);
#13046 = ORIENTED_EDGE('',*,*,#13047,.F.);
#13047 = EDGE_CURVE('',#12721,#13018,#13048,.T.);
#13048 = LINE('',#13049,#13050);
#13049 = CARTESIAN_POINT('',(-36.49716453172,32.797996376178,0.));
#13050 = VECTOR('',#13051,1.);
#13051 = DIRECTION('',(0.969241439068,0.246111829854,0.));
#13052 = PLANE('',#13053);
#13053 = AXIS2_PLACEMENT_3D('',#13054,#13055,#13056);
#13054 = CARTESIAN_POINT('',(-36.49716453172,32.797996376178,0.));
#13055 = DIRECTION('',(-0.246111829854,0.969241439068,0.));
#13056 = DIRECTION('',(0.969241439068,0.246111829854,0.));
#13057 = ADVANCED_FACE('',(#13058,#13063),#13076,.F.);
#13058 = FACE_BOUND('',#13059,.F.);
#13059 = EDGE_LOOP('',(#13060,#13061,#13062));
#13060 = ORIENTED_EDGE('',*,*,#12653,.T.);
#13061 = ORIENTED_EDGE('',*,*,#12684,.T.);
#13062 = ORIENTED_EDGE('',*,*,#12706,.T.);
#13063 = FACE_BOUND('',#13064,.T.);
#13064 = EDGE_LOOP('',(#13065,#13066,#13067,#13068,#13069,#13070,#13071,
    #13072,#13073,#13074,#13075));
#13065 = ORIENTED_EDGE('',*,*,#12746,.T.);
#13066 = ORIENTED_EDGE('',*,*,#12777,.F.);
#13067 = ORIENTED_EDGE('',*,*,#12808,.T.);
#13068 = ORIENTED_EDGE('',*,*,#12839,.T.);
#13069 = ORIENTED_EDGE('',*,*,#12870,.T.);
#13070 = ORIENTED_EDGE('',*,*,#12901,.T.);
#13071 = ORIENTED_EDGE('',*,*,#12932,.T.);
#13072 = ORIENTED_EDGE('',*,*,#12963,.T.);
#13073 = ORIENTED_EDGE('',*,*,#12994,.T.);
#13074 = ORIENTED_EDGE('',*,*,#13025,.T.);
#13075 = ORIENTED_EDGE('',*,*,#13047,.F.);
#13076 = PLANE('',#13077);
#13077 = AXIS2_PLACEMENT_3D('',#13078,#13079,#13080);
#13078 = CARTESIAN_POINT('',(-36.17480859187,31.709598412174,
    1.7763568394E-15));
#13079 = DIRECTION('',(0.,0.,1.));
#13080 = DIRECTION('',(1.,0.,0.));
#13081 = ADVANCED_FACE('',(#13082,#13087),#13100,.T.);
#13082 = FACE_BOUND('',#13083,.T.);
#13083 = EDGE_LOOP('',(#13084,#13085,#13086));
#13084 = ORIENTED_EDGE('',*,*,#12637,.T.);
#13085 = ORIENTED_EDGE('',*,*,#12668,.T.);
#13086 = ORIENTED_EDGE('',*,*,#12699,.T.);
#13087 = FACE_BOUND('',#13088,.F.);
#13088 = EDGE_LOOP('',(#13089,#13090,#13091,#13092,#13093,#13094,#13095,
    #13096,#13097,#13098,#13099));
#13089 = ORIENTED_EDGE('',*,*,#12730,.T.);
#13090 = ORIENTED_EDGE('',*,*,#12770,.F.);
#13091 = ORIENTED_EDGE('',*,*,#12792,.T.);
#13092 = ORIENTED_EDGE('',*,*,#12823,.T.);
#13093 = ORIENTED_EDGE('',*,*,#12854,.T.);
#13094 = ORIENTED_EDGE('',*,*,#12885,.T.);
#13095 = ORIENTED_EDGE('',*,*,#12916,.T.);
#13096 = ORIENTED_EDGE('',*,*,#12947,.T.);
#13097 = ORIENTED_EDGE('',*,*,#12978,.T.);
#13098 = ORIENTED_EDGE('',*,*,#13009,.T.);
#13099 = ORIENTED_EDGE('',*,*,#13040,.F.);
#13100 = PLANE('',#13101);
#13101 = AXIS2_PLACEMENT_3D('',#13102,#13103,#13104);
#13102 = CARTESIAN_POINT('',(-36.17480859187,31.709598412174,1.));
#13103 = DIRECTION('',(0.,0.,1.));
#13104 = DIRECTION('',(1.,0.,0.));
#13105 = ( GEOMETRIC_REPRESENTATION_CONTEXT(3) 
GLOBAL_UNCERTAINTY_ASSIGNED_CONTEXT((#13109)) 
GLOBAL_UNIT_ASSIGNED_CONTEXT((#13106,#13107,#13108)) 
REPRESENTATION_CONTEXT('Context #1',
  '3D Context with UNIT and UNCERTAINTY') );
#13106 = ( LENGTH_UNIT() NAMED_UNIT(*) SI_UNIT(.MILLI.,.METRE.) );
#13107 = ( NAMED_UNIT(*) PLANE_ANGLE_UNIT() SI_UNIT($,.RADIAN.) );
#13108 = ( NAMED_UNIT(*) SI_UNIT($,.STERADIAN.) SOLID_ANGLE_UNIT() );
#13109 = UNCERTAINTY_MEASURE_WITH_UNIT(LENGTH_MEASURE(1.E-07),#13106,
  'distance_accuracy_value','confusion accuracy');
#13110 = CONTEXT_DEPENDENT_SHAPE_REPRESENTATION(#13111,#13113);
#13111 = ( REPRESENTATION_RELATIONSHIP('','',#12620,#10) 
REPRESENTATION_RELATIONSHIP_WITH_TRANSFORMATION(#13112) 
SHAPE_REPRESENTATION_RELATIONSHIP() );
#13112 = ITEM_DEFINED_TRANSFORMATION('','',#11,#55);
#13113 = PRODUCT_DEFINITION_SHAPE('Placement','Placement of an item',
  #13114);
#13114 = NEXT_ASSEMBLY_USAGE_OCCURRENCE('38','Pad003','',#5,#12615,$);
#13115 = PRODUCT_RELATED_PRODUCT_CATEGORY('part',$,(#12617));
#13116 = SHAPE_DEFINITION_REPRESENTATION(#13117,#13123);
#13117 = PRODUCT_DEFINITION_SHAPE('','',#13118);
#13118 = PRODUCT_DEFINITION('design','',#13119,#13122);
#13119 = PRODUCT_DEFINITION_FORMATION('','',#13120);
#13120 = PRODUCT('Sketch006','Sketch006','',(#13121));
#13121 = PRODUCT_CONTEXT('',#2,'mechanical');
#13122 = PRODUCT_DEFINITION_CONTEXT('part definition',#2,'design');
#13123 = SHAPE_REPRESENTATION('',(#11,#13124,#13146),#13224);
#13124 = GEOMETRIC_CURVE_SET('',(#13125,#13132,#13139));
#13125 = TRIMMED_CURVE('',#13126,(#13130,PARAMETER_VALUE(0.)),(#13131,
    PARAMETER_VALUE(12.124355652982)),.T.,.PARAMETER.);
#13126 = LINE('',#13127,#13128);
#13127 = CARTESIAN_POINT('',(-36.06217782649,38.5,0.));
#13128 = VECTOR('',#13129,1.);
#13129 = DIRECTION('',(-0.5,-0.866025403784,0.));
#13130 = CARTESIAN_POINT('',(-36.06217782649,38.5,0.));
#13131 = CARTESIAN_POINT('',(-42.12435565298,28.,0.));
#13132 = TRIMMED_CURVE('',#13133,(#13137,PARAMETER_VALUE(0.)),(#13138,
    PARAMETER_VALUE(12.124355652982)),.T.,.PARAMETER.);
#13133 = LINE('',#13134,#13135);
#13134 = CARTESIAN_POINT('',(-42.12435565298,28.,0.));
#13135 = VECTOR('',#13136,1.);
#13136 = DIRECTION('',(1.,0.,0.));
#13137 = CARTESIAN_POINT('',(-42.12435565298,28.,0.));
#13138 = CARTESIAN_POINT('',(-30.,28.,0.));
#13139 = TRIMMED_CURVE('',#13140,(#13144,PARAMETER_VALUE(0.)),(#13145,
    PARAMETER_VALUE(12.124355652982)),.T.,.PARAMETER.);
#13140 = LINE('',#13141,#13142);
#13141 = CARTESIAN_POINT('',(-30.,28.,0.));
#13142 = VECTOR('',#13143,1.);
#13143 = DIRECTION('',(-0.5,0.866025403784,0.));
#13144 = CARTESIAN_POINT('',(-30.,28.,0.));
#13145 = CARTESIAN_POINT('',(-36.06217782649,38.5,0.));
#13146 = GEOMETRIC_CURVE_SET('',(#13147,#13154,#13161,#13168,#13175,
    #13182,#13189,#13196,#13203,#13210,#13217));
#13147 = TRIMMED_CURVE('',#13148,(#13152,PARAMETER_VALUE(0.)),(#13153,
    PARAMETER_VALUE(2.885336157047)),.T.,.PARAMETER.);
#13148 = LINE('',#13149,#13150);
#13149 = CARTESIAN_POINT('',(-36.49716453172,32.797996376178,0.));
#13150 = VECTOR('',#13151,1.);
#13151 = DIRECTION('',(0.440447722331,0.897778259869,0.));
#13152 = CARTESIAN_POINT('',(-36.49716453172,32.797996376178,0.));
#13153 = CARTESIAN_POINT('',(-35.22632479319,35.388388450389,0.));
#13154 = TRIMMED_CURVE('',#13155,(#13159,PARAMETER_VALUE(0.)),(#13160,
    PARAMETER_VALUE(0.903817228538)),.T.,.PARAMETER.);
#13155 = LINE('',#13156,#13157);
#13156 = CARTESIAN_POINT('',(-36.10002552537,35.619759609328,0.));
#13157 = VECTOR('',#13158,1.);
#13158 = DIRECTION('',(0.966678554683,-0.255993304435,0.));
#13159 = CARTESIAN_POINT('',(-36.10002552537,35.619759609328,0.));
#13160 = CARTESIAN_POINT('',(-35.22632479319,35.388388450389,0.));
#13161 = TRIMMED_CURVE('',#13162,(#13166,PARAMETER_VALUE(0.)),(#13167,
    PARAMETER_VALUE(4.171406102168)),.T.,.PARAMETER.);
#13162 = LINE('',#13163,#13164);
#13163 = CARTESIAN_POINT('',(-36.10002552537,35.619759609328,0.));
#13164 = VECTOR('',#13165,1.);
#13165 = DIRECTION('',(-0.46178655845,-0.886991079118,0.));
#13166 = CARTESIAN_POINT('',(-36.10002552537,35.619759609328,0.));
#13167 = CARTESIAN_POINT('',(-38.02632479319,31.919759609328,0.));
#13168 = TRIMMED_CURVE('',#13169,(#13173,PARAMETER_VALUE(0.)),(#13174,
    PARAMETER_VALUE(1.83048850054)),.T.,.PARAMETER.);
#13169 = LINE('',#13170,#13171);
#13170 = CARTESIAN_POINT('',(-38.02632479319,31.919759609328,0.));
#13171 = VECTOR('',#13172,1.);
#13172 = DIRECTION('',(0.99142765546,0.130656817614,0.));
#13173 = CARTESIAN_POINT('',(-38.02632479319,31.919759609328,0.));
#13174 = CARTESIAN_POINT('',(-36.21152787075,32.158925411487,0.));
#13175 = TRIMMED_CURVE('',#13176,(#13180,PARAMETER_VALUE(0.)),(#13181,
    PARAMETER_VALUE(2.09)),.T.,.PARAMETER.);
#13176 = LINE('',#13177,#13178);
#13177 = CARTESIAN_POINT('',(-36.21152787075,32.158925411487,0.));
#13178 = VECTOR('',#13179,1.);
#13179 = DIRECTION('',(-0.305403666132,-0.952222978463,0.));
#13180 = CARTESIAN_POINT('',(-36.21152787075,32.158925411487,0.));
#13181 = CARTESIAN_POINT('',(-36.84982153297,30.168779386499,0.));
#13182 = TRIMMED_CURVE('',#13183,(#13187,PARAMETER_VALUE(0.)),(#13188,
    PARAMETER_VALUE(0.965401470892)),.T.,.PARAMETER.);
#13183 = LINE('',#13184,#13185);
#13184 = CARTESIAN_POINT('',(-36.84982153297,30.168779386499,0.));
#13185 = VECTOR('',#13186,1.);
#13186 = DIRECTION('',(-0.64221986261,0.76652048118,0.));
#13187 = CARTESIAN_POINT('',(-36.84982153297,30.168779386499,0.));
#13188 = CARTESIAN_POINT('',(-37.46982153297,30.908779386499,0.));
#13189 = TRIMMED_CURVE('',#13190,(#13194,PARAMETER_VALUE(0.)),(#13195,
    PARAMETER_VALUE(2.183838718329)),.T.,.PARAMETER.);
#13190 = LINE('',#13191,#13192);
#13191 = CARTESIAN_POINT('',(-37.46982153297,30.908779386499,0.));
#13192 = VECTOR('',#13193,1.);
#13193 = DIRECTION('',(0.274421611029,-0.961609473435,0.));
#13194 = CARTESIAN_POINT('',(-37.46982153297,30.908779386499,0.));
#13195 = CARTESIAN_POINT('',(-36.87052899366,28.808779386499,0.));
#13196 = TRIMMED_CURVE('',#13197,(#13201,PARAMETER_VALUE(0.)),(#13202,
    PARAMETER_VALUE(2.33)),.T.,.PARAMETER.);
#13197 = LINE('',#13198,#13199);
#13198 = CARTESIAN_POINT('',(-36.87052899366,28.808779386499,0.));
#13199 = VECTOR('',#13200,1.);
#13200 = DIRECTION('',(0.795680115602,0.605717057409,0.));
#13201 = CARTESIAN_POINT('',(-36.87052899366,28.808779386499,0.));
#13202 = CARTESIAN_POINT('',(-35.01659432431,30.220100130262,0.));
#13203 = TRIMMED_CURVE('',#13204,(#13208,PARAMETER_VALUE(0.)),(#13209,
    PARAMETER_VALUE(1.151236958143)),.T.,.PARAMETER.);
#13204 = LINE('',#13205,#13206);
#13205 = CARTESIAN_POINT('',(-35.01659432431,30.220100130262,0.));
#13206 = VECTOR('',#13207,1.);
#13207 = DIRECTION('',(-0.972866612801,-0.231366708273,0.));
#13208 = CARTESIAN_POINT('',(-35.01659432431,30.220100130262,0.));
#13209 = CARTESIAN_POINT('',(-36.13659432431,29.953742224815,0.));
#13210 = TRIMMED_CURVE('',#13211,(#13215,PARAMETER_VALUE(0.)),(#13216,
    PARAMETER_VALUE(3.397896576478)),.T.,.PARAMETER.);
#13211 = LINE('',#13212,#13213);
#13212 = CARTESIAN_POINT('',(-36.13659432431,29.953742224815,0.));
#13213 = VECTOR('',#13214,1.);
#13214 = DIRECTION('',(0.323627629719,0.946184526021,0.));
#13215 = CARTESIAN_POINT('',(-36.13659432431,29.953742224815,0.));
#13216 = CARTESIAN_POINT('',(-35.03694110923,33.168779386499,0.));
#13217 = TRIMMED_CURVE('',#13218,(#13222,PARAMETER_VALUE(0.)),(#13223,
    PARAMETER_VALUE(1.506563136524)),.T.,.PARAMETER.);
#13218 = LINE('',#13219,#13220);
#13219 = CARTESIAN_POINT('',(-36.49716453172,32.797996376178,0.));
#13220 = VECTOR('',#13221,1.);
#13221 = DIRECTION('',(0.969241439068,0.246111829854,0.));
#13222 = CARTESIAN_POINT('',(-36.49716453172,32.797996376178,0.));
#13223 = CARTESIAN_POINT('',(-35.03694110923,33.168779386499,0.));
#13224 = ( GEOMETRIC_REPRESENTATION_CONTEXT(3) 
GLOBAL_UNCERTAINTY_ASSIGNED_CONTEXT((#13228)) 
GLOBAL_UNIT_ASSIGNED_CONTEXT((#13225,#13226,#13227)) 
REPRESENTATION_CONTEXT('Context #1',
  '3D Context with UNIT and UNCERTAINTY') );
#13225 = ( LENGTH_UNIT() NAMED_UNIT(*) SI_UNIT(.MILLI.,.METRE.) );
#13226 = ( NAMED_UNIT(*) PLANE_ANGLE_UNIT() SI_UNIT($,.RADIAN.) );
#13227 = ( NAMED_UNIT(*) SI_UNIT($,.STERADIAN.) SOLID_ANGLE_UNIT() );
#13228 = UNCERTAINTY_MEASURE_WITH_UNIT(LENGTH_MEASURE(1.E-07),#13225,
  'distance_accuracy_value','confusion accuracy');
#13229 = CONTEXT_DEPENDENT_SHAPE_REPRESENTATION(#13230,#13232);
#13230 = ( REPRESENTATION_RELATIONSHIP('','',#13123,#10) 
REPRESENTATION_RELATIONSHIP_WITH_TRANSFORMATION(#13231) 
SHAPE_REPRESENTATION_RELATIONSHIP() );
#13231 = ITEM_DEFINED_TRANSFORMATION('','',#11,#59);
#13232 = PRODUCT_DEFINITION_SHAPE('Placement','Placement of an item',
  #13233);
#13233 = NEXT_ASSEMBLY_USAGE_OCCURRENCE('39','Sketch006','',#5,#13118,$
  );
#13234 = PRODUCT_RELATED_PRODUCT_CATEGORY('part',$,(#13120));
#13235 = SHAPE_DEFINITION_REPRESENTATION(#13236,#13242);
#13236 = PRODUCT_DEFINITION_SHAPE('','',#13237);
#13237 = PRODUCT_DEFINITION('design','',#13238,#13241);
#13238 = PRODUCT_DEFINITION_FORMATION('','',#13239);
#13239 = PRODUCT('ShapeString001','ShapeString001','',(#13240));
#13240 = PRODUCT_CONTEXT('',#2,'mechanical');
#13241 = PRODUCT_DEFINITION_CONTEXT('part definition',#2,'design');
#13242 = SHAPE_REPRESENTATION('',(#11,#13243,#13349,#13391,#13577,#13683
    ,#13749,#13889,#13947,#14021,#14121,#14307),#14413);
#13243 = SHELL_BASED_SURFACE_MODEL('',(#13244));
#13244 = OPEN_SHELL('',(#13245));
#13245 = ADVANCED_FACE('',(#13246),#13344,.T.);
#13246 = FACE_BOUND('',#13247,.T.);
#13247 = EDGE_LOOP('',(#13248,#13258,#13266,#13274,#13282,#13290,#13298,
    #13306,#13314,#13322,#13330,#13338));
#13248 = ORIENTED_EDGE('',*,*,#13249,.F.);
#13249 = EDGE_CURVE('',#13250,#13252,#13254,.T.);
#13250 = VERTEX_POINT('',#13251);
#13251 = CARTESIAN_POINT('',(0.,7.,0.));
#13252 = VERTEX_POINT('',#13253);
#13253 = CARTESIAN_POINT('',(1.8046875,7.,0.));
#13254 = LINE('',#13255,#13256);
#13255 = CARTESIAN_POINT('',(-1.110223024625E-16,7.,0.));
#13256 = VECTOR('',#13257,1.);
#13257 = DIRECTION('',(1.,0.,0.));
#13258 = ORIENTED_EDGE('',*,*,#13259,.F.);
#13259 = EDGE_CURVE('',#13260,#13250,#13262,.T.);
#13260 = VERTEX_POINT('',#13261);
#13261 = CARTESIAN_POINT('',(0.,0.,0.));
#13262 = LINE('',#13263,#13264);
#13263 = CARTESIAN_POINT('',(-1.110223024625E-16,0.,0.));
#13264 = VECTOR('',#13265,1.);
#13265 = DIRECTION('',(0.,1.,0.));
#13266 = ORIENTED_EDGE('',*,*,#13267,.F.);
#13267 = EDGE_CURVE('',#13268,#13260,#13270,.T.);
#13268 = VERTEX_POINT('',#13269);
#13269 = CARTESIAN_POINT('',(1.8046875,0.,0.));
#13270 = LINE('',#13271,#13272);
#13271 = CARTESIAN_POINT('',(1.8046875,0.,0.));
#13272 = VECTOR('',#13273,1.);
#13273 = DIRECTION('',(-1.,0.,0.));
#13274 = ORIENTED_EDGE('',*,*,#13275,.F.);
#13275 = EDGE_CURVE('',#13276,#13268,#13278,.T.);
#13276 = VERTEX_POINT('',#13277);
#13277 = CARTESIAN_POINT('',(1.8046875,2.96,0.));
#13278 = LINE('',#13279,#13280);
#13279 = CARTESIAN_POINT('',(1.8046875,2.96,0.));
#13280 = VECTOR('',#13281,1.);
#13281 = DIRECTION('',(0.,-1.,0.));
#13282 = ORIENTED_EDGE('',*,*,#13283,.F.);
#13283 = EDGE_CURVE('',#13284,#13276,#13286,.T.);
#13284 = VERTEX_POINT('',#13285);
#13285 = CARTESIAN_POINT('',(4.4671875,2.96,0.));
#13286 = LINE('',#13287,#13288);
#13287 = CARTESIAN_POINT('',(4.4671875,2.96,0.));
#13288 = VECTOR('',#13289,1.);
#13289 = DIRECTION('',(-1.,0.,0.));
#13290 = ORIENTED_EDGE('',*,*,#13291,.F.);
#13291 = EDGE_CURVE('',#13292,#13284,#13294,.T.);
#13292 = VERTEX_POINT('',#13293);
#13293 = CARTESIAN_POINT('',(4.4671875,0.,0.));
#13294 = LINE('',#13295,#13296);
#13295 = CARTESIAN_POINT('',(4.4671875,0.,0.));
#13296 = VECTOR('',#13297,1.);
#13297 = DIRECTION('',(0.,1.,0.));
#13298 = ORIENTED_EDGE('',*,*,#13299,.F.);
#13299 = EDGE_CURVE('',#13300,#13292,#13302,.T.);
#13300 = VERTEX_POINT('',#13301);
#13301 = CARTESIAN_POINT('',(6.271875,0.,0.));
#13302 = LINE('',#13303,#13304);
#13303 = CARTESIAN_POINT('',(6.271875,0.,0.));
#13304 = VECTOR('',#13305,1.);
#13305 = DIRECTION('',(-1.,0.,0.));
#13306 = ORIENTED_EDGE('',*,*,#13307,.F.);
#13307 = EDGE_CURVE('',#13308,#13300,#13310,.T.);
#13308 = VERTEX_POINT('',#13309);
#13309 = CARTESIAN_POINT('',(6.271875,7.,0.));
#13310 = LINE('',#13311,#13312);
#13311 = CARTESIAN_POINT('',(6.271875,7.,0.));
#13312 = VECTOR('',#13313,1.);
#13313 = DIRECTION('',(0.,-1.,0.));
#13314 = ORIENTED_EDGE('',*,*,#13315,.F.);
#13315 = EDGE_CURVE('',#13316,#13308,#13318,.T.);
#13316 = VERTEX_POINT('',#13317);
#13317 = CARTESIAN_POINT('',(4.4671875,7.,0.));
#13318 = LINE('',#13319,#13320);
#13319 = CARTESIAN_POINT('',(4.4671875,7.,0.));
#13320 = VECTOR('',#13321,1.);
#13321 = DIRECTION('',(1.,0.,0.));
#13322 = ORIENTED_EDGE('',*,*,#13323,.F.);
#13323 = EDGE_CURVE('',#13324,#13316,#13326,.T.);
#13324 = VERTEX_POINT('',#13325);
#13325 = CARTESIAN_POINT('',(4.4671875,4.32,0.));
#13326 = LINE('',#13327,#13328);
#13327 = CARTESIAN_POINT('',(4.4671875,4.32,0.));
#13328 = VECTOR('',#13329,1.);
#13329 = DIRECTION('',(0.,1.,0.));
#13330 = ORIENTED_EDGE('',*,*,#13331,.F.);
#13331 = EDGE_CURVE('',#13332,#13324,#13334,.T.);
#13332 = VERTEX_POINT('',#13333);
#13333 = CARTESIAN_POINT('',(1.8046875,4.32,0.));
#13334 = LINE('',#13335,#13336);
#13335 = CARTESIAN_POINT('',(1.8046875,4.32,0.));
#13336 = VECTOR('',#13337,1.);
#13337 = DIRECTION('',(1.,0.,0.));
#13338 = ORIENTED_EDGE('',*,*,#13339,.F.);
#13339 = EDGE_CURVE('',#13252,#13332,#13340,.T.);
#13340 = LINE('',#13341,#13342);
#13341 = CARTESIAN_POINT('',(1.8046875,7.,0.));
#13342 = VECTOR('',#13343,1.);
#13343 = DIRECTION('',(0.,-1.,0.));
#13344 = PLANE('',#13345);
#13345 = AXIS2_PLACEMENT_3D('',#13346,#13347,#13348);
#13346 = CARTESIAN_POINT('',(3.1359375,3.509642089957,0.));
#13347 = DIRECTION('',(0.,0.,1.));
#13348 = DIRECTION('',(1.,0.,0.));
#13349 = SHELL_BASED_SURFACE_MODEL('',(#13350));
#13350 = OPEN_SHELL('',(#13351));
#13351 = ADVANCED_FACE('',(#13352),#13386,.T.);
#13352 = FACE_BOUND('',#13353,.T.);
#13353 = EDGE_LOOP('',(#13354,#13364,#13372,#13380));
#13354 = ORIENTED_EDGE('',*,*,#13355,.F.);
#13355 = EDGE_CURVE('',#13356,#13358,#13360,.T.);
#13356 = VERTEX_POINT('',#13357);
#13357 = CARTESIAN_POINT('',(8.04,7.,0.));
#13358 = VERTEX_POINT('',#13359);
#13359 = CARTESIAN_POINT('',(9.8446875,7.,0.));
#13360 = LINE('',#13361,#13362);
#13361 = CARTESIAN_POINT('',(8.04,7.,0.));
#13362 = VECTOR('',#13363,1.);
#13363 = DIRECTION('',(1.,0.,0.));
#13364 = ORIENTED_EDGE('',*,*,#13365,.F.);
#13365 = EDGE_CURVE('',#13366,#13356,#13368,.T.);
#13366 = VERTEX_POINT('',#13367);
#13367 = CARTESIAN_POINT('',(8.04,0.,0.));
#13368 = LINE('',#13369,#13370);
#13369 = CARTESIAN_POINT('',(8.04,0.,0.));
#13370 = VECTOR('',#13371,1.);
#13371 = DIRECTION('',(0.,1.,0.));
#13372 = ORIENTED_EDGE('',*,*,#13373,.F.);
#13373 = EDGE_CURVE('',#13374,#13366,#13376,.T.);
#13374 = VERTEX_POINT('',#13375);
#13375 = CARTESIAN_POINT('',(9.8446875,0.,0.));
#13376 = LINE('',#13377,#13378);
#13377 = CARTESIAN_POINT('',(9.8446875,0.,0.));
#13378 = VECTOR('',#13379,1.);
#13379 = DIRECTION('',(-1.,0.,0.));
#13380 = ORIENTED_EDGE('',*,*,#13381,.F.);
#13381 = EDGE_CURVE('',#13358,#13374,#13382,.T.);
#13382 = LINE('',#13383,#13384);
#13383 = CARTESIAN_POINT('',(9.8446875,7.,0.));
#13384 = VECTOR('',#13385,1.);
#13385 = DIRECTION('',(0.,-1.,0.));
#13386 = PLANE('',#13387);
#13387 = AXIS2_PLACEMENT_3D('',#13388,#13389,#13390);
#13388 = CARTESIAN_POINT('',(8.94234375,3.5,0.));
#13389 = DIRECTION('',(0.,0.,1.));
#13390 = DIRECTION('',(1.,0.,0.));
#13391 = SHELL_BASED_SURFACE_MODEL('',(#13392));
#13392 = OPEN_SHELL('',(#13393));
#13393 = ADVANCED_FACE('',(#13394),#13572,.T.);
#13394 = FACE_BOUND('',#13395,.T.);
#13395 = EDGE_LOOP('',(#13396,#13406,#13414,#13422,#13430,#13438,#13446,
    #13454,#13462,#13470,#13478,#13486,#13494,#13502,#13510,#13518,
    #13526,#13534,#13542,#13550,#13558,#13566));
#13396 = ORIENTED_EDGE('',*,*,#13397,.F.);
#13397 = EDGE_CURVE('',#13398,#13400,#13402,.T.);
#13398 = VERTEX_POINT('',#13399);
#13399 = CARTESIAN_POINT('',(17.910625,0.5121875,0.));
#13400 = VERTEX_POINT('',#13401);
#13401 = CARTESIAN_POINT('',(16.5090625,2.3125E-02,0.));
#13402 = B_SPLINE_CURVE_WITH_KNOTS('',2,(#13403,#13404,#13405),
  .UNSPECIFIED.,.F.,.F.,(3,3),(0.,1.),.PIECEWISE_BEZIER_KNOTS.);
#13403 = CARTESIAN_POINT('',(17.910625,0.5121875,0.));
#13404 = CARTESIAN_POINT('',(17.235625,0.18625,0.));
#13405 = CARTESIAN_POINT('',(16.5090625,2.3125E-02,0.));
#13406 = ORIENTED_EDGE('',*,*,#13407,.F.);
#13407 = EDGE_CURVE('',#13408,#13398,#13410,.T.);
#13408 = VERTEX_POINT('',#13409);
#13409 = CARTESIAN_POINT('',(17.910625,3.88,0.));
#13410 = LINE('',#13411,#13412);
#13411 = CARTESIAN_POINT('',(17.910625,3.88,0.));
#13412 = VECTOR('',#13413,1.);
#13413 = DIRECTION('',(0.,-1.,0.));
#13414 = ORIENTED_EDGE('',*,*,#13415,.F.);
#13415 = EDGE_CURVE('',#13416,#13408,#13418,.T.);
#13416 = VERTEX_POINT('',#13417);
#13417 = CARTESIAN_POINT('',(15.098125,3.88,0.));
#13418 = LINE('',#13419,#13420);
#13419 = CARTESIAN_POINT('',(15.098125,3.88,0.));
#13420 = VECTOR('',#13421,1.);
#13421 = DIRECTION('',(1.,0.,0.));
#13422 = ORIENTED_EDGE('',*,*,#13423,.F.);
#13423 = EDGE_CURVE('',#13424,#13416,#13426,.T.);
#13424 = VERTEX_POINT('',#13425);
#13425 = CARTESIAN_POINT('',(15.098125,2.68,0.));
#13426 = LINE('',#13427,#13428);
#13427 = CARTESIAN_POINT('',(15.098125,2.68,0.));
#13428 = VECTOR('',#13429,1.);
#13429 = DIRECTION('',(0.,1.,0.));
#13430 = ORIENTED_EDGE('',*,*,#13431,.F.);
#13431 = EDGE_CURVE('',#13432,#13424,#13434,.T.);
#13432 = VERTEX_POINT('',#13433);
#13433 = CARTESIAN_POINT('',(16.1996875,2.68,0.));
#13434 = LINE('',#13435,#13436);
#13435 = CARTESIAN_POINT('',(16.1996875,2.68,0.));
#13436 = VECTOR('',#13437,1.);
#13437 = DIRECTION('',(-1.,0.,0.));
#13438 = ORIENTED_EDGE('',*,*,#13439,.F.);
#13439 = EDGE_CURVE('',#13440,#13432,#13442,.T.);
#13440 = VERTEX_POINT('',#13441);
#13441 = CARTESIAN_POINT('',(16.1996875,1.306875,0.));
#13442 = LINE('',#13443,#13444);
#13443 = CARTESIAN_POINT('',(16.1996875,1.306875,0.));
#13444 = VECTOR('',#13445,1.);
#13445 = DIRECTION('',(0.,1.,0.));
#13446 = ORIENTED_EDGE('',*,*,#13447,.F.);
#13447 = EDGE_CURVE('',#13448,#13440,#13450,.T.);
#13448 = VERTEX_POINT('',#13449);
#13449 = CARTESIAN_POINT('',(15.7659375,1.1953125,0.));
#13450 = B_SPLINE_CURVE_WITH_KNOTS('',2,(#13451,#13452,#13453),
  .UNSPECIFIED.,.F.,.F.,(3,3),(0.,1.),.PIECEWISE_BEZIER_KNOTS.);
#13451 = CARTESIAN_POINT('',(15.7659375,1.1953125,0.));
#13452 = CARTESIAN_POINT('',(16.0075,1.2309375,0.));
#13453 = CARTESIAN_POINT('',(16.1996875,1.306875,0.));
#13454 = ORIENTED_EDGE('',*,*,#13455,.F.);
#13455 = EDGE_CURVE('',#13456,#13448,#13458,.T.);
#13456 = VERTEX_POINT('',#13457);
#13457 = CARTESIAN_POINT('',(15.2434375,1.16,0.));
#13458 = B_SPLINE_CURVE_WITH_KNOTS('',2,(#13459,#13460,#13461),
  .UNSPECIFIED.,.F.,.F.,(3,3),(0.,1.),.PIECEWISE_BEZIER_KNOTS.);
#13459 = CARTESIAN_POINT('',(15.2434375,1.16,0.));
#13460 = CARTESIAN_POINT('',(15.5246875,1.16,0.));
#13461 = CARTESIAN_POINT('',(15.7659375,1.1953125,0.));
#13462 = ORIENTED_EDGE('',*,*,#13463,.F.);
#13463 = EDGE_CURVE('',#13464,#13456,#13466,.T.);
#13464 = VERTEX_POINT('',#13465);
#13465 = CARTESIAN_POINT('',(13.645,1.7665625,0.));
#13466 = B_SPLINE_CURVE_WITH_KNOTS('',2,(#13467,#13468,#13469),
  .UNSPECIFIED.,.F.,.F.,(3,3),(0.,1.),.PIECEWISE_BEZIER_KNOTS.);
#13467 = CARTESIAN_POINT('',(13.645,1.7665625,0.));
#13468 = CARTESIAN_POINT('',(14.2075,1.16,0.));
#13469 = CARTESIAN_POINT('',(15.2434375,1.16,0.));
#13470 = ORIENTED_EDGE('',*,*,#13471,.F.);
#13471 = EDGE_CURVE('',#13472,#13464,#13474,.T.);
#13472 = VERTEX_POINT('',#13473);
#13473 = CARTESIAN_POINT('',(13.0825,3.4875,0.));
#13474 = B_SPLINE_CURVE_WITH_KNOTS('',2,(#13475,#13476,#13477),
  .UNSPECIFIED.,.F.,.F.,(3,3),(0.,1.),.PIECEWISE_BEZIER_KNOTS.);
#13475 = CARTESIAN_POINT('',(13.0825,3.4875,0.));
#13476 = CARTESIAN_POINT('',(13.0825,2.373125,0.));
#13477 = CARTESIAN_POINT('',(13.645,1.7665625,0.));
#13478 = ORIENTED_EDGE('',*,*,#13479,.F.);
#13479 = EDGE_CURVE('',#13480,#13472,#13482,.T.);
#13480 = VERTEX_POINT('',#13481);
#13481 = CARTESIAN_POINT('',(13.6659375,5.215625,0.));
#13482 = B_SPLINE_CURVE_WITH_KNOTS('',2,(#13483,#13484,#13485),
  .UNSPECIFIED.,.F.,.F.,(3,3),(0.,1.),.PIECEWISE_BEZIER_KNOTS.);
#13483 = CARTESIAN_POINT('',(13.6659375,5.215625,0.));
#13484 = CARTESIAN_POINT('',(13.0825,4.6115625,0.));
#13485 = CARTESIAN_POINT('',(13.0825,3.4875,0.));
#13486 = ORIENTED_EDGE('',*,*,#13487,.F.);
#13487 = EDGE_CURVE('',#13488,#13480,#13490,.T.);
#13488 = VERTEX_POINT('',#13489);
#13489 = CARTESIAN_POINT('',(15.3278125,5.82,0.));
#13490 = B_SPLINE_CURVE_WITH_KNOTS('',2,(#13491,#13492,#13493),
  .UNSPECIFIED.,.F.,.F.,(3,3),(0.,1.),.PIECEWISE_BEZIER_KNOTS.);
#13491 = CARTESIAN_POINT('',(15.3278125,5.82,0.));
#13492 = CARTESIAN_POINT('',(14.2496875,5.82,0.));
#13493 = CARTESIAN_POINT('',(13.6659375,5.215625,0.));
#13494 = ORIENTED_EDGE('',*,*,#13495,.F.);
#13495 = EDGE_CURVE('',#13496,#13488,#13498,.T.);
#13496 = VERTEX_POINT('',#13497);
#13497 = CARTESIAN_POINT('',(16.4878125,5.6559375,0.));
#13498 = B_SPLINE_CURVE_WITH_KNOTS('',2,(#13499,#13500,#13501),
  .UNSPECIFIED.,.F.,.F.,(3,3),(0.,1.),.PIECEWISE_BEZIER_KNOTS.);
#13499 = CARTESIAN_POINT('',(16.4878125,5.6559375,0.));
#13500 = CARTESIAN_POINT('',(15.9090625,5.82,0.));
#13501 = CARTESIAN_POINT('',(15.3278125,5.82,0.));
#13502 = ORIENTED_EDGE('',*,*,#13503,.F.);
#13503 = EDGE_CURVE('',#13504,#13496,#13506,.T.);
#13504 = VERTEX_POINT('',#13505);
#13505 = CARTESIAN_POINT('',(17.6528125,5.16,0.));
#13506 = B_SPLINE_CURVE_WITH_KNOTS('',2,(#13507,#13508,#13509),
  .UNSPECIFIED.,.F.,.F.,(3,3),(0.,1.),.PIECEWISE_BEZIER_KNOTS.);
#13507 = CARTESIAN_POINT('',(17.6528125,5.16,0.));
#13508 = CARTESIAN_POINT('',(17.066875,5.4921875,0.));
#13509 = CARTESIAN_POINT('',(16.4878125,5.6559375,0.));
#13510 = ORIENTED_EDGE('',*,*,#13511,.F.);
#13511 = EDGE_CURVE('',#13512,#13504,#13514,.T.);
#13512 = VERTEX_POINT('',#13513);
#13513 = CARTESIAN_POINT('',(17.6528125,6.6028125,0.));
#13514 = LINE('',#13515,#13516);
#13515 = CARTESIAN_POINT('',(17.6528125,6.6028125,0.));
#13516 = VECTOR('',#13517,1.);
#13517 = DIRECTION('',(0.,-1.,0.));
#13518 = ORIENTED_EDGE('',*,*,#13519,.F.);
#13519 = EDGE_CURVE('',#13520,#13512,#13522,.T.);
#13520 = VERTEX_POINT('',#13521);
#13521 = CARTESIAN_POINT('',(16.445625,6.989375,0.));
#13522 = B_SPLINE_CURVE_WITH_KNOTS('',2,(#13523,#13524,#13525),
  .UNSPECIFIED.,.F.,.F.,(3,3),(0.,1.),.PIECEWISE_BEZIER_KNOTS.);
#13523 = CARTESIAN_POINT('',(16.445625,6.989375,0.));
#13524 = CARTESIAN_POINT('',(17.085625,6.8590625,0.));
#13525 = CARTESIAN_POINT('',(17.6528125,6.6028125,0.));
#13526 = ORIENTED_EDGE('',*,*,#13527,.F.);
#13527 = EDGE_CURVE('',#13528,#13520,#13530,.T.);
#13528 = VERTEX_POINT('',#13529);
#13529 = CARTESIAN_POINT('',(15.1075,7.12,0.));
#13530 = B_SPLINE_CURVE_WITH_KNOTS('',2,(#13531,#13532,#13533),
  .UNSPECIFIED.,.F.,.F.,(3,3),(0.,1.),.PIECEWISE_BEZIER_KNOTS.);
#13531 = CARTESIAN_POINT('',(15.1075,7.12,0.));
#13532 = CARTESIAN_POINT('',(15.8059375,7.12,0.));
#13533 = CARTESIAN_POINT('',(16.445625,6.989375,0.));
#13534 = ORIENTED_EDGE('',*,*,#13535,.F.);
#13535 = EDGE_CURVE('',#13536,#13528,#13538,.T.);
#13536 = VERTEX_POINT('',#13537);
#13537 = CARTESIAN_POINT('',(12.2575,6.1496875,0.));
#13538 = B_SPLINE_CURVE_WITH_KNOTS('',2,(#13539,#13540,#13541),
  .UNSPECIFIED.,.F.,.F.,(3,3),(0.,1.),.PIECEWISE_BEZIER_KNOTS.);
#13539 = CARTESIAN_POINT('',(12.2575,6.1496875,0.));
#13540 = CARTESIAN_POINT('',(13.298125,7.12,0.));
#13541 = CARTESIAN_POINT('',(15.1075,7.12,0.));
#13542 = ORIENTED_EDGE('',*,*,#13543,.F.);
#13543 = EDGE_CURVE('',#13544,#13536,#13546,.T.);
#13544 = VERTEX_POINT('',#13545);
#13545 = CARTESIAN_POINT('',(11.216875,3.4878125,0.));
#13546 = B_SPLINE_CURVE_WITH_KNOTS('',2,(#13547,#13548,#13549),
  .UNSPECIFIED.,.F.,.F.,(3,3),(0.,1.),.PIECEWISE_BEZIER_KNOTS.);
#13547 = CARTESIAN_POINT('',(11.216875,3.4878125,0.));
#13548 = CARTESIAN_POINT('',(11.216875,5.1796875,0.));
#13549 = CARTESIAN_POINT('',(12.2575,6.1496875,0.));
#13550 = ORIENTED_EDGE('',*,*,#13551,.F.);
#13551 = EDGE_CURVE('',#13552,#13544,#13554,.T.);
#13552 = VERTEX_POINT('',#13553);
#13553 = CARTESIAN_POINT('',(12.23875,0.8371875,0.));
#13554 = B_SPLINE_CURVE_WITH_KNOTS('',2,(#13555,#13556,#13557),
  .UNSPECIFIED.,.F.,.F.,(3,3),(0.,1.),.PIECEWISE_BEZIER_KNOTS.);
#13555 = CARTESIAN_POINT('',(12.23875,0.8371875,0.));
#13556 = CARTESIAN_POINT('',(11.216875,1.814375,0.));
#13557 = CARTESIAN_POINT('',(11.216875,3.4878125,0.));
#13558 = ORIENTED_EDGE('',*,*,#13559,.F.);
#13559 = EDGE_CURVE('',#13560,#13552,#13562,.T.);
#13560 = VERTEX_POINT('',#13561);
#13561 = CARTESIAN_POINT('',(15.0090625,-0.14,0.));
#13562 = B_SPLINE_CURVE_WITH_KNOTS('',2,(#13563,#13564,#13565),
  .UNSPECIFIED.,.F.,.F.,(3,3),(0.,1.),.PIECEWISE_BEZIER_KNOTS.);
#13563 = CARTESIAN_POINT('',(15.0090625,-0.14,0.));
#13564 = CARTESIAN_POINT('',(13.260625,-0.14,0.));
#13565 = CARTESIAN_POINT('',(12.23875,0.8371875,0.));
#13566 = ORIENTED_EDGE('',*,*,#13567,.F.);
#13567 = EDGE_CURVE('',#13400,#13560,#13568,.T.);
#13568 = B_SPLINE_CURVE_WITH_KNOTS('',2,(#13569,#13570,#13571),
  .UNSPECIFIED.,.F.,.F.,(3,3),(0.,1.),.PIECEWISE_BEZIER_KNOTS.);
#13569 = CARTESIAN_POINT('',(16.5090625,2.3125E-02,0.));
#13570 = CARTESIAN_POINT('',(15.7825,-0.14,0.));
#13571 = CARTESIAN_POINT('',(15.0090625,-0.14,0.));
#13572 = PLANE('',#13573);
#13573 = AXIS2_PLACEMENT_3D('',#13574,#13575,#13576);
#13574 = CARTESIAN_POINT('',(14.903251582963,3.468195384765,0.));
#13575 = DIRECTION('',(0.,0.,1.));
#13576 = DIRECTION('',(1.,0.,0.));
#13577 = SHELL_BASED_SURFACE_MODEL('',(#13578));
#13578 = OPEN_SHELL('',(#13579));
#13579 = ADVANCED_FACE('',(#13580),#13678,.T.);
#13580 = FACE_BOUND('',#13581,.T.);
#13581 = EDGE_LOOP('',(#13582,#13592,#13600,#13608,#13616,#13624,#13632,
    #13640,#13648,#13656,#13664,#13672));
#13582 = ORIENTED_EDGE('',*,*,#13583,.F.);
#13583 = EDGE_CURVE('',#13584,#13586,#13588,.T.);
#13584 = VERTEX_POINT('',#13585);
#13585 = CARTESIAN_POINT('',(19.5,7.,0.));
#13586 = VERTEX_POINT('',#13587);
#13587 = CARTESIAN_POINT('',(21.3046875,7.,0.));
#13588 = LINE('',#13589,#13590);
#13589 = CARTESIAN_POINT('',(19.5,7.,0.));
#13590 = VECTOR('',#13591,1.);
#13591 = DIRECTION('',(1.,0.,0.));
#13592 = ORIENTED_EDGE('',*,*,#13593,.F.);
#13593 = EDGE_CURVE('',#13594,#13584,#13596,.T.);
#13594 = VERTEX_POINT('',#13595);
#13595 = CARTESIAN_POINT('',(19.5,0.,0.));
#13596 = LINE('',#13597,#13598);
#13597 = CARTESIAN_POINT('',(19.5,0.,0.));
#13598 = VECTOR('',#13599,1.);
#13599 = DIRECTION('',(0.,1.,0.));
#13600 = ORIENTED_EDGE('',*,*,#13601,.F.);
#13601 = EDGE_CURVE('',#13602,#13594,#13604,.T.);
#13602 = VERTEX_POINT('',#13603);
#13603 = CARTESIAN_POINT('',(21.3046875,0.,0.));
#13604 = LINE('',#13605,#13606);
#13605 = CARTESIAN_POINT('',(21.3046875,0.,0.));
#13606 = VECTOR('',#13607,1.);
#13607 = DIRECTION('',(-1.,0.,0.));
#13608 = ORIENTED_EDGE('',*,*,#13609,.F.);
#13609 = EDGE_CURVE('',#13610,#13602,#13612,.T.);
#13610 = VERTEX_POINT('',#13611);
#13611 = CARTESIAN_POINT('',(21.3046875,2.96,0.));
#13612 = LINE('',#13613,#13614);
#13613 = CARTESIAN_POINT('',(21.3046875,2.96,0.));
#13614 = VECTOR('',#13615,1.);
#13615 = DIRECTION('',(0.,-1.,0.));
#13616 = ORIENTED_EDGE('',*,*,#13617,.F.);
#13617 = EDGE_CURVE('',#13618,#13610,#13620,.T.);
#13618 = VERTEX_POINT('',#13619);
#13619 = CARTESIAN_POINT('',(23.9671875,2.96,0.));
#13620 = LINE('',#13621,#13622);
#13621 = CARTESIAN_POINT('',(23.9671875,2.96,0.));
#13622 = VECTOR('',#13623,1.);
#13623 = DIRECTION('',(-1.,0.,0.));
#13624 = ORIENTED_EDGE('',*,*,#13625,.F.);
#13625 = EDGE_CURVE('',#13626,#13618,#13628,.T.);
#13626 = VERTEX_POINT('',#13627);
#13627 = CARTESIAN_POINT('',(23.9671875,0.,0.));
#13628 = LINE('',#13629,#13630);
#13629 = CARTESIAN_POINT('',(23.9671875,0.,0.));
#13630 = VECTOR('',#13631,1.);
#13631 = DIRECTION('',(0.,1.,0.));
#13632 = ORIENTED_EDGE('',*,*,#13633,.F.);
#13633 = EDGE_CURVE('',#13634,#13626,#13636,.T.);
#13634 = VERTEX_POINT('',#13635);
#13635 = CARTESIAN_POINT('',(25.771875,0.,0.));
#13636 = LINE('',#13637,#13638);
#13637 = CARTESIAN_POINT('',(25.771875,0.,0.));
#13638 = VECTOR('',#13639,1.);
#13639 = DIRECTION('',(-1.,0.,0.));
#13640 = ORIENTED_EDGE('',*,*,#13641,.F.);
#13641 = EDGE_CURVE('',#13642,#13634,#13644,.T.);
#13642 = VERTEX_POINT('',#13643);
#13643 = CARTESIAN_POINT('',(25.771875,7.,0.));
#13644 = LINE('',#13645,#13646);
#13645 = CARTESIAN_POINT('',(25.771875,7.,0.));
#13646 = VECTOR('',#13647,1.);
#13647 = DIRECTION('',(0.,-1.,0.));
#13648 = ORIENTED_EDGE('',*,*,#13649,.F.);
#13649 = EDGE_CURVE('',#13650,#13642,#13652,.T.);
#13650 = VERTEX_POINT('',#13651);
#13651 = CARTESIAN_POINT('',(23.9671875,7.,0.));
#13652 = LINE('',#13653,#13654);
#13653 = CARTESIAN_POINT('',(23.9671875,7.,0.));
#13654 = VECTOR('',#13655,1.);
#13655 = DIRECTION('',(1.,0.,0.));
#13656 = ORIENTED_EDGE('',*,*,#13657,.F.);
#13657 = EDGE_CURVE('',#13658,#13650,#13660,.T.);
#13658 = VERTEX_POINT('',#13659);
#13659 = CARTESIAN_POINT('',(23.9671875,4.32,0.));
#13660 = LINE('',#13661,#13662);
#13661 = CARTESIAN_POINT('',(23.9671875,4.32,0.));
#13662 = VECTOR('',#13663,1.);
#13663 = DIRECTION('',(0.,1.,0.));
#13664 = ORIENTED_EDGE('',*,*,#13665,.F.);
#13665 = EDGE_CURVE('',#13666,#13658,#13668,.T.);
#13666 = VERTEX_POINT('',#13667);
#13667 = CARTESIAN_POINT('',(21.3046875,4.32,0.));
#13668 = LINE('',#13669,#13670);
#13669 = CARTESIAN_POINT('',(21.3046875,4.32,0.));
#13670 = VECTOR('',#13671,1.);
#13671 = DIRECTION('',(1.,0.,0.));
#13672 = ORIENTED_EDGE('',*,*,#13673,.F.);
#13673 = EDGE_CURVE('',#13586,#13666,#13674,.T.);
#13674 = LINE('',#13675,#13676);
#13675 = CARTESIAN_POINT('',(21.3046875,7.,0.));
#13676 = VECTOR('',#13677,1.);
#13677 = DIRECTION('',(0.,-1.,0.));
#13678 = PLANE('',#13679);
#13679 = AXIS2_PLACEMENT_3D('',#13680,#13681,#13682);
#13680 = CARTESIAN_POINT('',(22.6359375,3.509642089957,0.));
#13681 = DIRECTION('',(0.,0.,1.));
#13682 = DIRECTION('',(1.,0.,0.));
#13683 = SHELL_BASED_SURFACE_MODEL('',(#13684));
#13684 = OPEN_SHELL('',(#13685));
#13685 = ADVANCED_FACE('',(#13686),#13744,.T.);
#13686 = FACE_BOUND('',#13687,.T.);
#13687 = EDGE_LOOP('',(#13688,#13698,#13706,#13714,#13722,#13730,#13738)
  );
#13688 = ORIENTED_EDGE('',*,*,#13689,.F.);
#13689 = EDGE_CURVE('',#13690,#13692,#13694,.T.);
#13690 = VERTEX_POINT('',#13691);
#13691 = CARTESIAN_POINT('',(30.045625,7.,0.));
#13692 = VERTEX_POINT('',#13693);
#13693 = CARTESIAN_POINT('',(31.8596875,7.,0.));
#13694 = LINE('',#13695,#13696);
#13695 = CARTESIAN_POINT('',(30.045625,7.,0.));
#13696 = VECTOR('',#13697,1.);
#13697 = DIRECTION('',(1.,0.,0.));
#13698 = ORIENTED_EDGE('',*,*,#13699,.F.);
#13699 = EDGE_CURVE('',#13700,#13690,#13702,.T.);
#13700 = VERTEX_POINT('',#13701);
#13701 = CARTESIAN_POINT('',(32.6378125,0.,0.));
#13702 = LINE('',#13703,#13704);
#13703 = CARTESIAN_POINT('',(32.6378125,0.,0.));
#13704 = VECTOR('',#13705,1.);
#13705 = DIRECTION('',(-0.347266632791,0.93776643454,0.));
#13706 = ORIENTED_EDGE('',*,*,#13707,.F.);
#13707 = EDGE_CURVE('',#13708,#13700,#13710,.T.);
#13708 = VERTEX_POINT('',#13709);
#13709 = CARTESIAN_POINT('',(34.789375,0.,0.));
#13710 = LINE('',#13711,#13712);
#13711 = CARTESIAN_POINT('',(34.789375,0.,0.));
#13712 = VECTOR('',#13713,1.);
#13713 = DIRECTION('',(-1.,0.,0.));
#13714 = ORIENTED_EDGE('',*,*,#13715,.F.);
#13715 = EDGE_CURVE('',#13716,#13708,#13718,.T.);
#13716 = VERTEX_POINT('',#13717);
#13717 = CARTESIAN_POINT('',(37.3815625,7.,0.));
#13718 = LINE('',#13719,#13720);
#13719 = CARTESIAN_POINT('',(37.3815625,7.,0.));
#13720 = VECTOR('',#13721,1.);
#13721 = DIRECTION('',(-0.347266632791,-0.93776643454,0.));
#13722 = ORIENTED_EDGE('',*,*,#13723,.F.);
#13723 = EDGE_CURVE('',#13724,#13716,#13726,.T.);
#13724 = VERTEX_POINT('',#13725);
#13725 = CARTESIAN_POINT('',(35.5675,7.,0.));
#13726 = LINE('',#13727,#13728);
#13727 = CARTESIAN_POINT('',(35.5675,7.,0.));
#13728 = VECTOR('',#13729,1.);
#13729 = DIRECTION('',(1.,0.,0.));
#13730 = ORIENTED_EDGE('',*,*,#13731,.F.);
#13731 = EDGE_CURVE('',#13732,#13724,#13734,.T.);
#13732 = VERTEX_POINT('',#13733);
#13733 = CARTESIAN_POINT('',(33.7159375,1.833125,0.));
#13734 = LINE('',#13735,#13736);
#13735 = CARTESIAN_POINT('',(33.7159375,1.833125,0.));
#13736 = VECTOR('',#13737,1.);
#13737 = DIRECTION('',(0.337346110053,0.941380689218,0.));
#13738 = ORIENTED_EDGE('',*,*,#13739,.F.);
#13739 = EDGE_CURVE('',#13692,#13732,#13740,.T.);
#13740 = LINE('',#13741,#13742);
#13741 = CARTESIAN_POINT('',(31.8596875,7.,0.));
#13742 = VECTOR('',#13743,1.);
#13743 = DIRECTION('',(0.338102631749,-0.94110924467,0.));
#13744 = PLANE('',#13745);
#13745 = AXIS2_PLACEMENT_3D('',#13746,#13747,#13748);
#13746 = CARTESIAN_POINT('',(33.713953460227,3.980653009432,0.));
#13747 = DIRECTION('',(0.,0.,1.));
#13748 = DIRECTION('',(1.,0.,0.));
#13749 = SHELL_BASED_SURFACE_MODEL('',(#13750));
#13750 = OPEN_SHELL('',(#13751));
#13751 = ADVANCED_FACE('',(#13752,#13818),#13884,.T.);
#13752 = FACE_BOUND('',#13753,.T.);
#13753 = EDGE_LOOP('',(#13754,#13764,#13772,#13780,#13788,#13796,#13804,
    #13812));
#13754 = ORIENTED_EDGE('',*,*,#13755,.F.);
#13755 = EDGE_CURVE('',#13756,#13758,#13760,.T.);
#13756 = VERTEX_POINT('',#13757);
#13757 = CARTESIAN_POINT('',(41.336875,7.12,0.));
#13758 = VERTEX_POINT('',#13759);
#13759 = CARTESIAN_POINT('',(43.980625,6.154375,0.));
#13760 = B_SPLINE_CURVE_WITH_KNOTS('',2,(#13761,#13762,#13763),
  .UNSPECIFIED.,.F.,.F.,(3,3),(0.,1.),.PIECEWISE_BEZIER_KNOTS.);
#13761 = CARTESIAN_POINT('',(41.336875,7.12,0.));
#13762 = CARTESIAN_POINT('',(43.024375,7.12,0.));
#13763 = CARTESIAN_POINT('',(43.980625,6.154375,0.));
#13764 = ORIENTED_EDGE('',*,*,#13765,.F.);
#13765 = EDGE_CURVE('',#13766,#13756,#13768,.T.);
#13766 = VERTEX_POINT('',#13767);
#13767 = CARTESIAN_POINT('',(38.6953125,6.154375,0.));
#13768 = B_SPLINE_CURVE_WITH_KNOTS('',2,(#13769,#13770,#13771),
  .UNSPECIFIED.,.F.,.F.,(3,3),(0.,1.),.PIECEWISE_BEZIER_KNOTS.);
#13769 = CARTESIAN_POINT('',(38.6953125,6.154375,0.));
#13770 = CARTESIAN_POINT('',(39.6540625,7.12,0.));
#13771 = CARTESIAN_POINT('',(41.336875,7.12,0.));
#13772 = ORIENTED_EDGE('',*,*,#13773,.F.);
#13773 = EDGE_CURVE('',#13774,#13766,#13776,.T.);
#13774 = VERTEX_POINT('',#13775);
#13775 = CARTESIAN_POINT('',(37.736875,3.4878125,0.));
#13776 = B_SPLINE_CURVE_WITH_KNOTS('',2,(#13777,#13778,#13779),
  .UNSPECIFIED.,.F.,.F.,(3,3),(0.,1.),.PIECEWISE_BEZIER_KNOTS.);
#13777 = CARTESIAN_POINT('',(37.736875,3.4878125,0.));
#13778 = CARTESIAN_POINT('',(37.736875,5.1890625,0.));
#13779 = CARTESIAN_POINT('',(38.6953125,6.154375,0.));
#13780 = ORIENTED_EDGE('',*,*,#13781,.F.);
#13781 = EDGE_CURVE('',#13782,#13774,#13784,.T.);
#13782 = VERTEX_POINT('',#13783);
#13783 = CARTESIAN_POINT('',(38.6953125,0.8253125,0.));
#13784 = B_SPLINE_CURVE_WITH_KNOTS('',2,(#13785,#13786,#13787),
  .UNSPECIFIED.,.F.,.F.,(3,3),(0.,1.),.PIECEWISE_BEZIER_KNOTS.);
#13785 = CARTESIAN_POINT('',(38.6953125,0.8253125,0.));
#13786 = CARTESIAN_POINT('',(37.736875,1.7909375,0.));
#13787 = CARTESIAN_POINT('',(37.736875,3.4878125,0.));
#13788 = ORIENTED_EDGE('',*,*,#13789,.F.);
#13789 = EDGE_CURVE('',#13790,#13782,#13792,.T.);
#13790 = VERTEX_POINT('',#13791);
#13791 = CARTESIAN_POINT('',(41.336875,-0.14,0.));
#13792 = B_SPLINE_CURVE_WITH_KNOTS('',2,(#13793,#13794,#13795),
  .UNSPECIFIED.,.F.,.F.,(3,3),(0.,1.),.PIECEWISE_BEZIER_KNOTS.);
#13793 = CARTESIAN_POINT('',(41.336875,-0.14,0.));
#13794 = CARTESIAN_POINT('',(39.6540625,-0.14,0.));
#13795 = CARTESIAN_POINT('',(38.6953125,0.8253125,0.));
#13796 = ORIENTED_EDGE('',*,*,#13797,.F.);
#13797 = EDGE_CURVE('',#13798,#13790,#13800,.T.);
#13798 = VERTEX_POINT('',#13799);
#13799 = CARTESIAN_POINT('',(43.980625,0.8253125,0.));
#13800 = B_SPLINE_CURVE_WITH_KNOTS('',2,(#13801,#13802,#13803),
  .UNSPECIFIED.,.F.,.F.,(3,3),(0.,1.),.PIECEWISE_BEZIER_KNOTS.);
#13801 = CARTESIAN_POINT('',(43.980625,0.8253125,0.));
#13802 = CARTESIAN_POINT('',(43.024375,-0.14,0.));
#13803 = CARTESIAN_POINT('',(41.336875,-0.14,0.));
#13804 = ORIENTED_EDGE('',*,*,#13805,.F.);
#13805 = EDGE_CURVE('',#13806,#13798,#13808,.T.);
#13806 = VERTEX_POINT('',#13807);
#13807 = CARTESIAN_POINT('',(44.936875,3.4878125,0.));
#13808 = B_SPLINE_CURVE_WITH_KNOTS('',2,(#13809,#13810,#13811),
  .UNSPECIFIED.,.F.,.F.,(3,3),(0.,1.),.PIECEWISE_BEZIER_KNOTS.);
#13809 = CARTESIAN_POINT('',(44.936875,3.4878125,0.));
#13810 = CARTESIAN_POINT('',(44.936875,1.7909375,0.));
#13811 = CARTESIAN_POINT('',(43.980625,0.8253125,0.));
#13812 = ORIENTED_EDGE('',*,*,#13813,.F.);
#13813 = EDGE_CURVE('',#13758,#13806,#13814,.T.);
#13814 = B_SPLINE_CURVE_WITH_KNOTS('',2,(#13815,#13816,#13817),
  .UNSPECIFIED.,.F.,.F.,(3,3),(0.,1.),.PIECEWISE_BEZIER_KNOTS.);
#13815 = CARTESIAN_POINT('',(43.980625,6.154375,0.));
#13816 = CARTESIAN_POINT('',(44.936875,5.1890625,0.));
#13817 = CARTESIAN_POINT('',(44.936875,3.4878125,0.));
#13818 = FACE_BOUND('',#13819,.T.);
#13819 = EDGE_LOOP('',(#13820,#13830,#13838,#13846,#13854,#13862,#13870,
    #13878));
#13820 = ORIENTED_EDGE('',*,*,#13821,.F.);
#13821 = EDGE_CURVE('',#13822,#13824,#13826,.T.);
#13822 = VERTEX_POINT('',#13823);
#13823 = CARTESIAN_POINT('',(41.336875,5.82,0.));
#13824 = VERTEX_POINT('',#13825);
#13825 = CARTESIAN_POINT('',(40.0571875,5.20875,0.));
#13826 = B_SPLINE_CURVE_WITH_KNOTS('',2,(#13827,#13828,#13829),
  .UNSPECIFIED.,.F.,.F.,(3,3),(0.,1.),.PIECEWISE_BEZIER_KNOTS.);
#13827 = CARTESIAN_POINT('',(41.336875,5.82,0.));
#13828 = CARTESIAN_POINT('',(40.511875,5.82,0.));
#13829 = CARTESIAN_POINT('',(40.0571875,5.20875,0.));
#13830 = ORIENTED_EDGE('',*,*,#13831,.F.);
#13831 = EDGE_CURVE('',#13832,#13822,#13834,.T.);
#13832 = VERTEX_POINT('',#13833);
#13833 = CARTESIAN_POINT('',(42.62125,5.20875,0.));
#13834 = B_SPLINE_CURVE_WITH_KNOTS('',2,(#13835,#13836,#13837),
  .UNSPECIFIED.,.F.,.F.,(3,3),(0.,1.),.PIECEWISE_BEZIER_KNOTS.);
#13835 = CARTESIAN_POINT('',(42.62125,5.20875,0.));
#13836 = CARTESIAN_POINT('',(42.1665625,5.82,0.));
#13837 = CARTESIAN_POINT('',(41.336875,5.82,0.));
#13838 = ORIENTED_EDGE('',*,*,#13839,.F.);
#13839 = EDGE_CURVE('',#13840,#13832,#13842,.T.);
#13840 = VERTEX_POINT('',#13841);
#13841 = CARTESIAN_POINT('',(43.0759375,3.4875,0.));
#13842 = B_SPLINE_CURVE_WITH_KNOTS('',2,(#13843,#13844,#13845),
  .UNSPECIFIED.,.F.,.F.,(3,3),(0.,1.),.PIECEWISE_BEZIER_KNOTS.);
#13843 = CARTESIAN_POINT('',(43.0759375,3.4875,0.));
#13844 = CARTESIAN_POINT('',(43.0759375,4.5975,0.));
#13845 = CARTESIAN_POINT('',(42.62125,5.20875,0.));
#13846 = ORIENTED_EDGE('',*,*,#13847,.F.);
#13847 = EDGE_CURVE('',#13848,#13840,#13850,.T.);
#13848 = VERTEX_POINT('',#13849);
#13849 = CARTESIAN_POINT('',(42.62125,1.77125,0.));
#13850 = B_SPLINE_CURVE_WITH_KNOTS('',2,(#13851,#13852,#13853),
  .UNSPECIFIED.,.F.,.F.,(3,3),(0.,1.),.PIECEWISE_BEZIER_KNOTS.);
#13851 = CARTESIAN_POINT('',(42.62125,1.77125,0.));
#13852 = CARTESIAN_POINT('',(43.0759375,2.3825,0.));
#13853 = CARTESIAN_POINT('',(43.0759375,3.4875,0.));
#13854 = ORIENTED_EDGE('',*,*,#13855,.F.);
#13855 = EDGE_CURVE('',#13856,#13848,#13858,.T.);
#13856 = VERTEX_POINT('',#13857);
#13857 = CARTESIAN_POINT('',(41.336875,1.16,0.));
#13858 = B_SPLINE_CURVE_WITH_KNOTS('',2,(#13859,#13860,#13861),
  .UNSPECIFIED.,.F.,.F.,(3,3),(0.,1.),.PIECEWISE_BEZIER_KNOTS.);
#13859 = CARTESIAN_POINT('',(41.336875,1.16,0.));
#13860 = CARTESIAN_POINT('',(42.1665625,1.16,0.));
#13861 = CARTESIAN_POINT('',(42.62125,1.77125,0.));
#13862 = ORIENTED_EDGE('',*,*,#13863,.F.);
#13863 = EDGE_CURVE('',#13864,#13856,#13866,.T.);
#13864 = VERTEX_POINT('',#13865);
#13865 = CARTESIAN_POINT('',(40.0571875,1.77125,0.));
#13866 = B_SPLINE_CURVE_WITH_KNOTS('',2,(#13867,#13868,#13869),
  .UNSPECIFIED.,.F.,.F.,(3,3),(0.,1.),.PIECEWISE_BEZIER_KNOTS.);
#13867 = CARTESIAN_POINT('',(40.0571875,1.77125,0.));
#13868 = CARTESIAN_POINT('',(40.511875,1.16,0.));
#13869 = CARTESIAN_POINT('',(41.336875,1.16,0.));
#13870 = ORIENTED_EDGE('',*,*,#13871,.F.);
#13871 = EDGE_CURVE('',#13872,#13864,#13874,.T.);
#13872 = VERTEX_POINT('',#13873);
#13873 = CARTESIAN_POINT('',(39.6025,3.4875,0.));
#13874 = B_SPLINE_CURVE_WITH_KNOTS('',2,(#13875,#13876,#13877),
  .UNSPECIFIED.,.F.,.F.,(3,3),(0.,1.),.PIECEWISE_BEZIER_KNOTS.);
#13875 = CARTESIAN_POINT('',(39.6025,3.4875,0.));
#13876 = CARTESIAN_POINT('',(39.6025,2.3825,0.));
#13877 = CARTESIAN_POINT('',(40.0571875,1.77125,0.));
#13878 = ORIENTED_EDGE('',*,*,#13879,.F.);
#13879 = EDGE_CURVE('',#13824,#13872,#13880,.T.);
#13880 = B_SPLINE_CURVE_WITH_KNOTS('',2,(#13881,#13882,#13883),
  .UNSPECIFIED.,.F.,.F.,(3,3),(0.,1.),.PIECEWISE_BEZIER_KNOTS.);
#13881 = CARTESIAN_POINT('',(40.0571875,5.20875,0.));
#13882 = CARTESIAN_POINT('',(39.6025,4.5975,0.));
#13883 = CARTESIAN_POINT('',(39.6025,3.4875,0.));
#13884 = PLANE('',#13885);
#13885 = AXIS2_PLACEMENT_3D('',#13886,#13887,#13888);
#13886 = CARTESIAN_POINT('',(41.338025271427,3.489918245088,0.));
#13887 = DIRECTION('',(0.,0.,1.));
#13888 = DIRECTION('',(1.,0.,0.));
#13889 = SHELL_BASED_SURFACE_MODEL('',(#13890));
#13890 = OPEN_SHELL('',(#13891));
#13891 = ADVANCED_FACE('',(#13892),#13942,.T.);
#13892 = FACE_BOUND('',#13893,.T.);
#13893 = EDGE_LOOP('',(#13894,#13904,#13912,#13920,#13928,#13936));
#13894 = ORIENTED_EDGE('',*,*,#13895,.F.);
#13895 = EDGE_CURVE('',#13896,#13898,#13900,.T.);
#13896 = VERTEX_POINT('',#13897);
#13897 = CARTESIAN_POINT('',(46.3,7.,0.));
#13898 = VERTEX_POINT('',#13899);
#13899 = CARTESIAN_POINT('',(48.1046875,7.,0.));
#13900 = LINE('',#13901,#13902);
#13901 = CARTESIAN_POINT('',(46.3,7.,0.));
#13902 = VECTOR('',#13903,1.);
#13903 = DIRECTION('',(1.,0.,0.));
#13904 = ORIENTED_EDGE('',*,*,#13905,.F.);
#13905 = EDGE_CURVE('',#13906,#13896,#13908,.T.);
#13906 = VERTEX_POINT('',#13907);
#13907 = CARTESIAN_POINT('',(46.3,0.,0.));
#13908 = LINE('',#13909,#13910);
#13909 = CARTESIAN_POINT('',(46.3,0.,0.));
#13910 = VECTOR('',#13911,1.);
#13911 = DIRECTION('',(0.,1.,0.));
#13912 = ORIENTED_EDGE('',*,*,#13913,.F.);
#13913 = EDGE_CURVE('',#13914,#13906,#13916,.T.);
#13914 = VERTEX_POINT('',#13915);
#13915 = CARTESIAN_POINT('',(51.2734375,0.,0.));
#13916 = LINE('',#13917,#13918);
#13917 = CARTESIAN_POINT('',(51.2734375,0.,0.));
#13918 = VECTOR('',#13919,1.);
#13919 = DIRECTION('',(-1.,0.,0.));
#13920 = ORIENTED_EDGE('',*,*,#13921,.F.);
#13921 = EDGE_CURVE('',#13922,#13914,#13924,.T.);
#13922 = VERTEX_POINT('',#13923);
#13923 = CARTESIAN_POINT('',(51.2734375,1.36,0.));
#13924 = LINE('',#13925,#13926);
#13925 = CARTESIAN_POINT('',(51.2734375,1.36,0.));
#13926 = VECTOR('',#13927,1.);
#13927 = DIRECTION('',(0.,-1.,0.));
#13928 = ORIENTED_EDGE('',*,*,#13929,.F.);
#13929 = EDGE_CURVE('',#13930,#13922,#13932,.T.);
#13930 = VERTEX_POINT('',#13931);
#13931 = CARTESIAN_POINT('',(48.1046875,1.36,0.));
#13932 = LINE('',#13933,#13934);
#13933 = CARTESIAN_POINT('',(48.1046875,1.36,0.));
#13934 = VECTOR('',#13935,1.);
#13935 = DIRECTION('',(1.,0.,0.));
#13936 = ORIENTED_EDGE('',*,*,#13937,.F.);
#13937 = EDGE_CURVE('',#13898,#13930,#13938,.T.);
#13938 = LINE('',#13939,#13940);
#13939 = CARTESIAN_POINT('',(48.1046875,7.,0.));
#13940 = VECTOR('',#13941,1.);
#13941 = DIRECTION('',(0.,-1.,0.));
#13942 = PLANE('',#13943);
#13943 = AXIS2_PLACEMENT_3D('',#13944,#13945,#13946);
#13944 = CARTESIAN_POINT('',(48.040410515627,2.753691765627,0.));
#13945 = DIRECTION('',(0.,0.,1.));
#13946 = DIRECTION('',(1.,0.,0.));
#13947 = SHELL_BASED_SURFACE_MODEL('',(#13948));
#13948 = OPEN_SHELL('',(#13949));
#13949 = ADVANCED_FACE('',(#13950),#14016,.T.);
#13950 = FACE_BOUND('',#13951,.T.);
#13951 = EDGE_LOOP('',(#13952,#13962,#13970,#13978,#13986,#13994,#14002,
    #14010));
#13952 = ORIENTED_EDGE('',*,*,#13953,.F.);
#13953 = EDGE_CURVE('',#13954,#13956,#13958,.T.);
#13954 = VERTEX_POINT('',#13955);
#13955 = CARTESIAN_POINT('',(50.005625,7.,0.));
#13956 = VERTEX_POINT('',#13957);
#13957 = CARTESIAN_POINT('',(56.455625,7.,0.));
#13958 = LINE('',#13959,#13960);
#13959 = CARTESIAN_POINT('',(50.005625,7.,0.));
#13960 = VECTOR('',#13961,1.);
#13961 = DIRECTION('',(1.,0.,0.));
#13962 = ORIENTED_EDGE('',*,*,#13963,.F.);
#13963 = EDGE_CURVE('',#13964,#13954,#13966,.T.);
#13964 = VERTEX_POINT('',#13965);
#13965 = CARTESIAN_POINT('',(50.005625,5.64,0.));
#13966 = LINE('',#13967,#13968);
#13967 = CARTESIAN_POINT('',(50.005625,5.64,0.));
#13968 = VECTOR('',#13969,1.);
#13969 = DIRECTION('',(0.,1.,0.));
#13970 = ORIENTED_EDGE('',*,*,#13971,.F.);
#13971 = EDGE_CURVE('',#13972,#13964,#13974,.T.);
#13972 = VERTEX_POINT('',#13973);
#13973 = CARTESIAN_POINT('',(52.330625,5.64,0.));
#13974 = LINE('',#13975,#13976);
#13975 = CARTESIAN_POINT('',(52.330625,5.64,0.));
#13976 = VECTOR('',#13977,1.);
#13977 = DIRECTION('',(-1.,0.,0.));
#13978 = ORIENTED_EDGE('',*,*,#13979,.F.);
#13979 = EDGE_CURVE('',#13980,#13972,#13982,.T.);
#13980 = VERTEX_POINT('',#13981);
#13981 = CARTESIAN_POINT('',(52.330625,0.,0.));
#13982 = LINE('',#13983,#13984);
#13983 = CARTESIAN_POINT('',(52.330625,0.,0.));
#13984 = VECTOR('',#13985,1.);
#13985 = DIRECTION('',(0.,1.,0.));
#13986 = ORIENTED_EDGE('',*,*,#13987,.F.);
#13987 = EDGE_CURVE('',#13988,#13980,#13990,.T.);
#13988 = VERTEX_POINT('',#13989);
#13989 = CARTESIAN_POINT('',(54.1353125,0.,0.));
#13990 = LINE('',#13991,#13992);
#13991 = CARTESIAN_POINT('',(54.1353125,0.,0.));
#13992 = VECTOR('',#13993,1.);
#13993 = DIRECTION('',(-1.,0.,0.));
#13994 = ORIENTED_EDGE('',*,*,#13995,.F.);
#13995 = EDGE_CURVE('',#13996,#13988,#13998,.T.);
#13996 = VERTEX_POINT('',#13997);
#13997 = CARTESIAN_POINT('',(54.1353125,5.64,0.));
#13998 = LINE('',#13999,#14000);
#13999 = CARTESIAN_POINT('',(54.1353125,5.64,0.));
#14000 = VECTOR('',#14001,1.);
#14001 = DIRECTION('',(0.,-1.,0.));
#14002 = ORIENTED_EDGE('',*,*,#14003,.F.);
#14003 = EDGE_CURVE('',#14004,#13996,#14006,.T.);
#14004 = VERTEX_POINT('',#14005);
#14005 = CARTESIAN_POINT('',(56.455625,5.64,0.));
#14006 = LINE('',#14007,#14008);
#14007 = CARTESIAN_POINT('',(56.455625,5.64,0.));
#14008 = VECTOR('',#14009,1.);
#14009 = DIRECTION('',(-1.,0.,0.));
#14010 = ORIENTED_EDGE('',*,*,#14011,.F.);
#14011 = EDGE_CURVE('',#13956,#14004,#14012,.T.);
#14012 = LINE('',#14013,#14014);
#14013 = CARTESIAN_POINT('',(56.455625,7.,0.));
#14014 = VECTOR('',#14015,1.);
#14015 = DIRECTION('',(0.,-1.,0.));
#14016 = PLANE('',#14017);
#14017 = AXIS2_PLACEMENT_3D('',#14018,#14019,#14020);
#14018 = CARTESIAN_POINT('',(53.231607806691,4.473961431227,0.));
#14019 = DIRECTION('',(0.,0.,1.));
#14020 = DIRECTION('',(1.,0.,0.));
#14021 = SHELL_BASED_SURFACE_MODEL('',(#14022));
#14022 = OPEN_SHELL('',(#14023));
#14023 = ADVANCED_FACE('',(#14024,#14090),#14116,.T.);
#14024 = FACE_BOUND('',#14025,.T.);
#14025 = EDGE_LOOP('',(#14026,#14036,#14044,#14052,#14060,#14068,#14076,
    #14084));
#14026 = ORIENTED_EDGE('',*,*,#14027,.F.);
#14027 = EDGE_CURVE('',#14028,#14030,#14032,.T.);
#14028 = VERTEX_POINT('',#14029);
#14029 = CARTESIAN_POINT('',(60.886875,1.28,0.));
#14030 = VERTEX_POINT('',#14031);
#14031 = CARTESIAN_POINT('',(58.065,1.28,0.));
#14032 = LINE('',#14033,#14034);
#14033 = CARTESIAN_POINT('',(60.886875,1.28,0.));
#14034 = VECTOR('',#14035,1.);
#14035 = DIRECTION('',(-1.,0.,0.));
#14036 = ORIENTED_EDGE('',*,*,#14037,.F.);
#14037 = EDGE_CURVE('',#14038,#14028,#14040,.T.);
#14038 = VERTEX_POINT('',#14039);
#14039 = CARTESIAN_POINT('',(61.3275,0.,0.));
#14040 = LINE('',#14041,#14042);
#14041 = CARTESIAN_POINT('',(61.3275,0.,0.));
#14042 = VECTOR('',#14043,1.);
#14043 = DIRECTION('',(-0.325492639086,0.945544574254,0.));
#14044 = ORIENTED_EDGE('',*,*,#14045,.F.);
#14045 = EDGE_CURVE('',#14046,#14038,#14048,.T.);
#14046 = VERTEX_POINT('',#14047);
#14047 = CARTESIAN_POINT('',(63.1415625,0.,0.));
#14048 = LINE('',#14049,#14050);
#14049 = CARTESIAN_POINT('',(63.1415625,0.,0.));
#14050 = VECTOR('',#14051,1.);
#14051 = DIRECTION('',(-1.,0.,0.));
#14052 = ORIENTED_EDGE('',*,*,#14053,.F.);
#14053 = EDGE_CURVE('',#14054,#14046,#14056,.T.);
#14054 = VERTEX_POINT('',#14055);
#14055 = CARTESIAN_POINT('',(60.549375,7.,0.));
#14056 = LINE('',#14057,#14058);
#14057 = CARTESIAN_POINT('',(60.549375,7.,0.));
#14058 = VECTOR('',#14059,1.);
#14059 = DIRECTION('',(0.347266632791,-0.93776643454,0.));
#14060 = ORIENTED_EDGE('',*,*,#14061,.F.);
#14061 = EDGE_CURVE('',#14062,#14054,#14064,.T.);
#14062 = VERTEX_POINT('',#14063);
#14063 = CARTESIAN_POINT('',(58.3978125,7.,0.));
#14064 = LINE('',#14065,#14066);
#14065 = CARTESIAN_POINT('',(58.3978125,7.,0.));
#14066 = VECTOR('',#14067,1.);
#14067 = DIRECTION('',(1.,0.,0.));
#14068 = ORIENTED_EDGE('',*,*,#14069,.F.);
#14069 = EDGE_CURVE('',#14070,#14062,#14072,.T.);
#14070 = VERTEX_POINT('',#14071);
#14071 = CARTESIAN_POINT('',(55.805625,0.,0.));
#14072 = LINE('',#14073,#14074);
#14073 = CARTESIAN_POINT('',(55.805625,0.,0.));
#14074 = VECTOR('',#14075,1.);
#14075 = DIRECTION('',(0.347266632791,0.93776643454,0.));
#14076 = ORIENTED_EDGE('',*,*,#14077,.F.);
#14077 = EDGE_CURVE('',#14078,#14070,#14080,.T.);
#14078 = VERTEX_POINT('',#14079);
#14079 = CARTESIAN_POINT('',(57.6196875,0.,0.));
#14080 = LINE('',#14081,#14082);
#14081 = CARTESIAN_POINT('',(57.6196875,0.,0.));
#14082 = VECTOR('',#14083,1.);
#14083 = DIRECTION('',(-1.,0.,0.));
#14084 = ORIENTED_EDGE('',*,*,#14085,.F.);
#14085 = EDGE_CURVE('',#14030,#14078,#14086,.T.);
#14086 = LINE('',#14087,#14088);
#14087 = CARTESIAN_POINT('',(58.065,1.28,0.));
#14088 = VECTOR('',#14089,1.);
#14089 = DIRECTION('',(-0.328583228166,-0.944475019346,0.));
#14090 = FACE_BOUND('',#14091,.T.);
#14091 = EDGE_LOOP('',(#14092,#14102,#14110));
#14092 = ORIENTED_EDGE('',*,*,#14093,.F.);
#14093 = EDGE_CURVE('',#14094,#14096,#14098,.T.);
#14094 = VERTEX_POINT('',#14095);
#14095 = CARTESIAN_POINT('',(58.515,2.58,0.));
#14096 = VERTEX_POINT('',#14097);
#14097 = CARTESIAN_POINT('',(60.4321875,2.58,0.));
#14098 = LINE('',#14099,#14100);
#14099 = CARTESIAN_POINT('',(58.515,2.58,0.));
#14100 = VECTOR('',#14101,1.);
#14101 = DIRECTION('',(1.,0.,0.));
#14102 = ORIENTED_EDGE('',*,*,#14103,.F.);
#14103 = EDGE_CURVE('',#14104,#14094,#14106,.T.);
#14104 = VERTEX_POINT('',#14105);
#14105 = CARTESIAN_POINT('',(59.4759375,5.36125,0.));
#14106 = LINE('',#14107,#14108);
#14107 = CARTESIAN_POINT('',(59.4759375,5.36125,0.));
#14108 = VECTOR('',#14109,1.);
#14109 = DIRECTION('',(-0.326563378352,-0.945175306448,0.));
#14110 = ORIENTED_EDGE('',*,*,#14111,.F.);
#14111 = EDGE_CURVE('',#14096,#14104,#14112,.T.);
#14112 = LINE('',#14113,#14114);
#14113 = CARTESIAN_POINT('',(60.4321875,2.58,0.));
#14114 = VECTOR('',#14115,1.);
#14115 = DIRECTION('',(-0.325139159103,0.945666181704,0.));
#14116 = PLANE('',#14117);
#14117 = AXIS2_PLACEMENT_3D('',#14118,#14119,#14120);
#14118 = CARTESIAN_POINT('',(59.473988828048,2.966075812043,0.));
#14119 = DIRECTION('',(0.,0.,1.));
#14120 = DIRECTION('',(1.,0.,0.));
#14121 = SHELL_BASED_SURFACE_MODEL('',(#14122));
#14122 = OPEN_SHELL('',(#14123));
#14123 = ADVANCED_FACE('',(#14124),#14302,.T.);
#14124 = FACE_BOUND('',#14125,.T.);
#14125 = EDGE_LOOP('',(#14126,#14136,#14144,#14152,#14160,#14168,#14176,
    #14184,#14192,#14200,#14208,#14216,#14224,#14232,#14240,#14248,
    #14256,#14264,#14272,#14280,#14288,#14296));
#14126 = ORIENTED_EDGE('',*,*,#14127,.F.);
#14127 = EDGE_CURVE('',#14128,#14130,#14132,.T.);
#14128 = VERTEX_POINT('',#14129);
#14129 = CARTESIAN_POINT('',(70.350625,0.5121875,0.));
#14130 = VERTEX_POINT('',#14131);
#14131 = CARTESIAN_POINT('',(68.9490625,2.3125E-02,0.));
#14132 = B_SPLINE_CURVE_WITH_KNOTS('',2,(#14133,#14134,#14135),
  .UNSPECIFIED.,.F.,.F.,(3,3),(0.,1.),.PIECEWISE_BEZIER_KNOTS.);
#14133 = CARTESIAN_POINT('',(70.350625,0.5121875,0.));
#14134 = CARTESIAN_POINT('',(69.675625,0.18625,0.));
#14135 = CARTESIAN_POINT('',(68.9490625,2.3125E-02,0.));
#14136 = ORIENTED_EDGE('',*,*,#14137,.F.);
#14137 = EDGE_CURVE('',#14138,#14128,#14140,.T.);
#14138 = VERTEX_POINT('',#14139);
#14139 = CARTESIAN_POINT('',(70.350625,3.88,0.));
#14140 = LINE('',#14141,#14142);
#14141 = CARTESIAN_POINT('',(70.350625,3.88,0.));
#14142 = VECTOR('',#14143,1.);
#14143 = DIRECTION('',(0.,-1.,0.));
#14144 = ORIENTED_EDGE('',*,*,#14145,.F.);
#14145 = EDGE_CURVE('',#14146,#14138,#14148,.T.);
#14146 = VERTEX_POINT('',#14147);
#14147 = CARTESIAN_POINT('',(67.538125,3.88,0.));
#14148 = LINE('',#14149,#14150);
#14149 = CARTESIAN_POINT('',(67.538125,3.88,0.));
#14150 = VECTOR('',#14151,1.);
#14151 = DIRECTION('',(1.,0.,0.));
#14152 = ORIENTED_EDGE('',*,*,#14153,.F.);
#14153 = EDGE_CURVE('',#14154,#14146,#14156,.T.);
#14154 = VERTEX_POINT('',#14155);
#14155 = CARTESIAN_POINT('',(67.538125,2.68,0.));
#14156 = LINE('',#14157,#14158);
#14157 = CARTESIAN_POINT('',(67.538125,2.68,0.));
#14158 = VECTOR('',#14159,1.);
#14159 = DIRECTION('',(0.,1.,0.));
#14160 = ORIENTED_EDGE('',*,*,#14161,.F.);
#14161 = EDGE_CURVE('',#14162,#14154,#14164,.T.);
#14162 = VERTEX_POINT('',#14163);
#14163 = CARTESIAN_POINT('',(68.6396875,2.68,0.));
#14164 = LINE('',#14165,#14166);
#14165 = CARTESIAN_POINT('',(68.6396875,2.68,0.));
#14166 = VECTOR('',#14167,1.);
#14167 = DIRECTION('',(-1.,0.,0.));
#14168 = ORIENTED_EDGE('',*,*,#14169,.F.);
#14169 = EDGE_CURVE('',#14170,#14162,#14172,.T.);
#14170 = VERTEX_POINT('',#14171);
#14171 = CARTESIAN_POINT('',(68.6396875,1.306875,0.));
#14172 = LINE('',#14173,#14174);
#14173 = CARTESIAN_POINT('',(68.6396875,1.306875,0.));
#14174 = VECTOR('',#14175,1.);
#14175 = DIRECTION('',(0.,1.,0.));
#14176 = ORIENTED_EDGE('',*,*,#14177,.F.);
#14177 = EDGE_CURVE('',#14178,#14170,#14180,.T.);
#14178 = VERTEX_POINT('',#14179);
#14179 = CARTESIAN_POINT('',(68.2059375,1.1953125,0.));
#14180 = B_SPLINE_CURVE_WITH_KNOTS('',2,(#14181,#14182,#14183),
  .UNSPECIFIED.,.F.,.F.,(3,3),(0.,1.),.PIECEWISE_BEZIER_KNOTS.);
#14181 = CARTESIAN_POINT('',(68.2059375,1.1953125,0.));
#14182 = CARTESIAN_POINT('',(68.4475,1.2309375,0.));
#14183 = CARTESIAN_POINT('',(68.6396875,1.306875,0.));
#14184 = ORIENTED_EDGE('',*,*,#14185,.F.);
#14185 = EDGE_CURVE('',#14186,#14178,#14188,.T.);
#14186 = VERTEX_POINT('',#14187);
#14187 = CARTESIAN_POINT('',(67.6834375,1.16,0.));
#14188 = B_SPLINE_CURVE_WITH_KNOTS('',2,(#14189,#14190,#14191),
  .UNSPECIFIED.,.F.,.F.,(3,3),(0.,1.),.PIECEWISE_BEZIER_KNOTS.);
#14189 = CARTESIAN_POINT('',(67.6834375,1.16,0.));
#14190 = CARTESIAN_POINT('',(67.9646875,1.16,0.));
#14191 = CARTESIAN_POINT('',(68.2059375,1.1953125,0.));
#14192 = ORIENTED_EDGE('',*,*,#14193,.F.);
#14193 = EDGE_CURVE('',#14194,#14186,#14196,.T.);
#14194 = VERTEX_POINT('',#14195);
#14195 = CARTESIAN_POINT('',(66.085,1.7665625,0.));
#14196 = B_SPLINE_CURVE_WITH_KNOTS('',2,(#14197,#14198,#14199),
  .UNSPECIFIED.,.F.,.F.,(3,3),(0.,1.),.PIECEWISE_BEZIER_KNOTS.);
#14197 = CARTESIAN_POINT('',(66.085,1.7665625,0.));
#14198 = CARTESIAN_POINT('',(66.6475,1.16,0.));
#14199 = CARTESIAN_POINT('',(67.6834375,1.16,0.));
#14200 = ORIENTED_EDGE('',*,*,#14201,.F.);
#14201 = EDGE_CURVE('',#14202,#14194,#14204,.T.);
#14202 = VERTEX_POINT('',#14203);
#14203 = CARTESIAN_POINT('',(65.5225,3.4875,0.));
#14204 = B_SPLINE_CURVE_WITH_KNOTS('',2,(#14205,#14206,#14207),
  .UNSPECIFIED.,.F.,.F.,(3,3),(0.,1.),.PIECEWISE_BEZIER_KNOTS.);
#14205 = CARTESIAN_POINT('',(65.5225,3.4875,0.));
#14206 = CARTESIAN_POINT('',(65.5225,2.373125,0.));
#14207 = CARTESIAN_POINT('',(66.085,1.7665625,0.));
#14208 = ORIENTED_EDGE('',*,*,#14209,.F.);
#14209 = EDGE_CURVE('',#14210,#14202,#14212,.T.);
#14210 = VERTEX_POINT('',#14211);
#14211 = CARTESIAN_POINT('',(66.1059375,5.215625,0.));
#14212 = B_SPLINE_CURVE_WITH_KNOTS('',2,(#14213,#14214,#14215),
  .UNSPECIFIED.,.F.,.F.,(3,3),(0.,1.),.PIECEWISE_BEZIER_KNOTS.);
#14213 = CARTESIAN_POINT('',(66.1059375,5.215625,0.));
#14214 = CARTESIAN_POINT('',(65.5225,4.6115625,0.));
#14215 = CARTESIAN_POINT('',(65.5225,3.4875,0.));
#14216 = ORIENTED_EDGE('',*,*,#14217,.F.);
#14217 = EDGE_CURVE('',#14218,#14210,#14220,.T.);
#14218 = VERTEX_POINT('',#14219);
#14219 = CARTESIAN_POINT('',(67.7678125,5.82,0.));
#14220 = B_SPLINE_CURVE_WITH_KNOTS('',2,(#14221,#14222,#14223),
  .UNSPECIFIED.,.F.,.F.,(3,3),(0.,1.),.PIECEWISE_BEZIER_KNOTS.);
#14221 = CARTESIAN_POINT('',(67.7678125,5.82,0.));
#14222 = CARTESIAN_POINT('',(66.6896875,5.82,0.));
#14223 = CARTESIAN_POINT('',(66.1059375,5.215625,0.));
#14224 = ORIENTED_EDGE('',*,*,#14225,.F.);
#14225 = EDGE_CURVE('',#14226,#14218,#14228,.T.);
#14226 = VERTEX_POINT('',#14227);
#14227 = CARTESIAN_POINT('',(68.9278125,5.6559375,0.));
#14228 = B_SPLINE_CURVE_WITH_KNOTS('',2,(#14229,#14230,#14231),
  .UNSPECIFIED.,.F.,.F.,(3,3),(0.,1.),.PIECEWISE_BEZIER_KNOTS.);
#14229 = CARTESIAN_POINT('',(68.9278125,5.6559375,0.));
#14230 = CARTESIAN_POINT('',(68.3490625,5.82,0.));
#14231 = CARTESIAN_POINT('',(67.7678125,5.82,0.));
#14232 = ORIENTED_EDGE('',*,*,#14233,.F.);
#14233 = EDGE_CURVE('',#14234,#14226,#14236,.T.);
#14234 = VERTEX_POINT('',#14235);
#14235 = CARTESIAN_POINT('',(70.0928125,5.16,0.));
#14236 = B_SPLINE_CURVE_WITH_KNOTS('',2,(#14237,#14238,#14239),
  .UNSPECIFIED.,.F.,.F.,(3,3),(0.,1.),.PIECEWISE_BEZIER_KNOTS.);
#14237 = CARTESIAN_POINT('',(70.0928125,5.16,0.));
#14238 = CARTESIAN_POINT('',(69.506875,5.4921875,0.));
#14239 = CARTESIAN_POINT('',(68.9278125,5.6559375,0.));
#14240 = ORIENTED_EDGE('',*,*,#14241,.F.);
#14241 = EDGE_CURVE('',#14242,#14234,#14244,.T.);
#14242 = VERTEX_POINT('',#14243);
#14243 = CARTESIAN_POINT('',(70.0928125,6.6028125,0.));
#14244 = LINE('',#14245,#14246);
#14245 = CARTESIAN_POINT('',(70.0928125,6.6028125,0.));
#14246 = VECTOR('',#14247,1.);
#14247 = DIRECTION('',(0.,-1.,0.));
#14248 = ORIENTED_EDGE('',*,*,#14249,.F.);
#14249 = EDGE_CURVE('',#14250,#14242,#14252,.T.);
#14250 = VERTEX_POINT('',#14251);
#14251 = CARTESIAN_POINT('',(68.885625,6.989375,0.));
#14252 = B_SPLINE_CURVE_WITH_KNOTS('',2,(#14253,#14254,#14255),
  .UNSPECIFIED.,.F.,.F.,(3,3),(0.,1.),.PIECEWISE_BEZIER_KNOTS.);
#14253 = CARTESIAN_POINT('',(68.885625,6.989375,0.));
#14254 = CARTESIAN_POINT('',(69.525625,6.8590625,0.));
#14255 = CARTESIAN_POINT('',(70.0928125,6.6028125,0.));
#14256 = ORIENTED_EDGE('',*,*,#14257,.F.);
#14257 = EDGE_CURVE('',#14258,#14250,#14260,.T.);
#14258 = VERTEX_POINT('',#14259);
#14259 = CARTESIAN_POINT('',(67.5475,7.12,0.));
#14260 = B_SPLINE_CURVE_WITH_KNOTS('',2,(#14261,#14262,#14263),
  .UNSPECIFIED.,.F.,.F.,(3,3),(0.,1.),.PIECEWISE_BEZIER_KNOTS.);
#14261 = CARTESIAN_POINT('',(67.5475,7.12,0.));
#14262 = CARTESIAN_POINT('',(68.2459375,7.12,0.));
#14263 = CARTESIAN_POINT('',(68.885625,6.989375,0.));
#14264 = ORIENTED_EDGE('',*,*,#14265,.F.);
#14265 = EDGE_CURVE('',#14266,#14258,#14268,.T.);
#14266 = VERTEX_POINT('',#14267);
#14267 = CARTESIAN_POINT('',(64.6975,6.1496875,0.));
#14268 = B_SPLINE_CURVE_WITH_KNOTS('',2,(#14269,#14270,#14271),
  .UNSPECIFIED.,.F.,.F.,(3,3),(0.,1.),.PIECEWISE_BEZIER_KNOTS.);
#14269 = CARTESIAN_POINT('',(64.6975,6.1496875,0.));
#14270 = CARTESIAN_POINT('',(65.738125,7.12,0.));
#14271 = CARTESIAN_POINT('',(67.5475,7.12,0.));
#14272 = ORIENTED_EDGE('',*,*,#14273,.F.);
#14273 = EDGE_CURVE('',#14274,#14266,#14276,.T.);
#14274 = VERTEX_POINT('',#14275);
#14275 = CARTESIAN_POINT('',(63.656875,3.4878125,0.));
#14276 = B_SPLINE_CURVE_WITH_KNOTS('',2,(#14277,#14278,#14279),
  .UNSPECIFIED.,.F.,.F.,(3,3),(0.,1.),.PIECEWISE_BEZIER_KNOTS.);
#14277 = CARTESIAN_POINT('',(63.656875,3.4878125,0.));
#14278 = CARTESIAN_POINT('',(63.656875,5.1796875,0.));
#14279 = CARTESIAN_POINT('',(64.6975,6.1496875,0.));
#14280 = ORIENTED_EDGE('',*,*,#14281,.F.);
#14281 = EDGE_CURVE('',#14282,#14274,#14284,.T.);
#14282 = VERTEX_POINT('',#14283);
#14283 = CARTESIAN_POINT('',(64.67875,0.8371875,0.));
#14284 = B_SPLINE_CURVE_WITH_KNOTS('',2,(#14285,#14286,#14287),
  .UNSPECIFIED.,.F.,.F.,(3,3),(0.,1.),.PIECEWISE_BEZIER_KNOTS.);
#14285 = CARTESIAN_POINT('',(64.67875,0.8371875,0.));
#14286 = CARTESIAN_POINT('',(63.656875,1.814375,0.));
#14287 = CARTESIAN_POINT('',(63.656875,3.4878125,0.));
#14288 = ORIENTED_EDGE('',*,*,#14289,.F.);
#14289 = EDGE_CURVE('',#14290,#14282,#14292,.T.);
#14290 = VERTEX_POINT('',#14291);
#14291 = CARTESIAN_POINT('',(67.4490625,-0.14,0.));
#14292 = B_SPLINE_CURVE_WITH_KNOTS('',2,(#14293,#14294,#14295),
  .UNSPECIFIED.,.F.,.F.,(3,3),(0.,1.),.PIECEWISE_BEZIER_KNOTS.);
#14293 = CARTESIAN_POINT('',(67.4490625,-0.14,0.));
#14294 = CARTESIAN_POINT('',(65.700625,-0.14,0.));
#14295 = CARTESIAN_POINT('',(64.67875,0.8371875,0.));
#14296 = ORIENTED_EDGE('',*,*,#14297,.F.);
#14297 = EDGE_CURVE('',#14130,#14290,#14298,.T.);
#14298 = B_SPLINE_CURVE_WITH_KNOTS('',2,(#14299,#14300,#14301),
  .UNSPECIFIED.,.F.,.F.,(3,3),(0.,1.),.PIECEWISE_BEZIER_KNOTS.);
#14299 = CARTESIAN_POINT('',(68.9490625,2.3125E-02,0.));
#14300 = CARTESIAN_POINT('',(68.2225,-0.14,0.));
#14301 = CARTESIAN_POINT('',(67.4490625,-0.14,0.));
#14302 = PLANE('',#14303);
#14303 = AXIS2_PLACEMENT_3D('',#14304,#14305,#14306);
#14304 = CARTESIAN_POINT('',(67.343251582963,3.468195384765,0.));
#14305 = DIRECTION('',(0.,0.,1.));
#14306 = DIRECTION('',(1.,0.,0.));
#14307 = SHELL_BASED_SURFACE_MODEL('',(#14308));
#14308 = OPEN_SHELL('',(#14309));
#14309 = ADVANCED_FACE('',(#14310),#14408,.T.);
#14310 = FACE_BOUND('',#14311,.T.);
#14311 = EDGE_LOOP('',(#14312,#14322,#14330,#14338,#14346,#14354,#14362,
    #14370,#14378,#14386,#14394,#14402));
#14312 = ORIENTED_EDGE('',*,*,#14313,.F.);
#14313 = EDGE_CURVE('',#14314,#14316,#14318,.T.);
#14314 = VERTEX_POINT('',#14315);
#14315 = CARTESIAN_POINT('',(71.94,7.,0.));
#14316 = VERTEX_POINT('',#14317);
#14317 = CARTESIAN_POINT('',(76.8103125,7.,0.));
#14318 = LINE('',#14319,#14320);
#14319 = CARTESIAN_POINT('',(71.94,7.,0.));
#14320 = VECTOR('',#14321,1.);
#14321 = DIRECTION('',(1.,0.,0.));
#14322 = ORIENTED_EDGE('',*,*,#14323,.F.);
#14323 = EDGE_CURVE('',#14324,#14314,#14326,.T.);
#14324 = VERTEX_POINT('',#14325);
#14325 = CARTESIAN_POINT('',(71.94,0.,0.));
#14326 = LINE('',#14327,#14328);
#14327 = CARTESIAN_POINT('',(71.94,0.,0.));
#14328 = VECTOR('',#14329,1.);
#14329 = DIRECTION('',(0.,1.,0.));
#14330 = ORIENTED_EDGE('',*,*,#14331,.F.);
#14331 = EDGE_CURVE('',#14332,#14324,#14334,.T.);
#14332 = VERTEX_POINT('',#14333);
#14333 = CARTESIAN_POINT('',(76.9134375,0.,0.));
#14334 = LINE('',#14335,#14336);
#14335 = CARTESIAN_POINT('',(76.9134375,0.,0.));
#14336 = VECTOR('',#14337,1.);
#14337 = DIRECTION('',(-1.,0.,0.));
#14338 = ORIENTED_EDGE('',*,*,#14339,.F.);
#14339 = EDGE_CURVE('',#14340,#14332,#14342,.T.);
#14340 = VERTEX_POINT('',#14341);
#14341 = CARTESIAN_POINT('',(76.9134375,1.36,0.));
#14342 = LINE('',#14343,#14344);
#14343 = CARTESIAN_POINT('',(76.9134375,1.36,0.));
#14344 = VECTOR('',#14345,1.);
#14345 = DIRECTION('',(0.,-1.,0.));
#14346 = ORIENTED_EDGE('',*,*,#14347,.F.);
#14347 = EDGE_CURVE('',#14348,#14340,#14350,.T.);
#14348 = VERTEX_POINT('',#14349);
#14349 = CARTESIAN_POINT('',(73.7446875,1.36,0.));
#14350 = LINE('',#14351,#14352);
#14351 = CARTESIAN_POINT('',(73.7446875,1.36,0.));
#14352 = VECTOR('',#14353,1.);
#14353 = DIRECTION('',(1.,0.,0.));
#14354 = ORIENTED_EDGE('',*,*,#14355,.F.);
#14355 = EDGE_CURVE('',#14356,#14348,#14358,.T.);
#14356 = VERTEX_POINT('',#14357);
#14357 = CARTESIAN_POINT('',(73.7446875,2.96,0.));
#14358 = LINE('',#14359,#14360);
#14359 = CARTESIAN_POINT('',(73.7446875,2.96,0.));
#14360 = VECTOR('',#14361,1.);
#14361 = DIRECTION('',(0.,-1.,0.));
#14362 = ORIENTED_EDGE('',*,*,#14363,.F.);
#14363 = EDGE_CURVE('',#14364,#14356,#14366,.T.);
#14364 = VERTEX_POINT('',#14365);
#14365 = CARTESIAN_POINT('',(76.6275,2.96,0.));
#14366 = LINE('',#14367,#14368);
#14367 = CARTESIAN_POINT('',(76.6275,2.96,0.));
#14368 = VECTOR('',#14369,1.);
#14369 = DIRECTION('',(-1.,0.,0.));
#14370 = ORIENTED_EDGE('',*,*,#14371,.F.);
#14371 = EDGE_CURVE('',#14372,#14364,#14374,.T.);
#14372 = VERTEX_POINT('',#14373);
#14373 = CARTESIAN_POINT('',(76.6275,4.32,0.));
#14374 = LINE('',#14375,#14376);
#14375 = CARTESIAN_POINT('',(76.6275,4.32,0.));
#14376 = VECTOR('',#14377,1.);
#14377 = DIRECTION('',(0.,-1.,0.));
#14378 = ORIENTED_EDGE('',*,*,#14379,.F.);
#14379 = EDGE_CURVE('',#14380,#14372,#14382,.T.);
#14380 = VERTEX_POINT('',#14381);
#14381 = CARTESIAN_POINT('',(73.7446875,4.32,0.));
#14382 = LINE('',#14383,#14384);
#14383 = CARTESIAN_POINT('',(73.7446875,4.32,0.));
#14384 = VECTOR('',#14385,1.);
#14385 = DIRECTION('',(1.,0.,0.));
#14386 = ORIENTED_EDGE('',*,*,#14387,.F.);
#14387 = EDGE_CURVE('',#14388,#14380,#14390,.T.);
#14388 = VERTEX_POINT('',#14389);
#14389 = CARTESIAN_POINT('',(73.7446875,5.64,0.));
#14390 = LINE('',#14391,#14392);
#14391 = CARTESIAN_POINT('',(73.7446875,5.64,0.));
#14392 = VECTOR('',#14393,1.);
#14393 = DIRECTION('',(0.,-1.,0.));
#14394 = ORIENTED_EDGE('',*,*,#14395,.F.);
#14395 = EDGE_CURVE('',#14396,#14388,#14398,.T.);
#14396 = VERTEX_POINT('',#14397);
#14397 = CARTESIAN_POINT('',(76.8103125,5.64,0.));
#14398 = LINE('',#14399,#14400);
#14399 = CARTESIAN_POINT('',(76.8103125,5.64,0.));
#14400 = VECTOR('',#14401,1.);
#14401 = DIRECTION('',(-1.,0.,0.));
#14402 = ORIENTED_EDGE('',*,*,#14403,.F.);
#14403 = EDGE_CURVE('',#14316,#14396,#14404,.T.);
#14404 = LINE('',#14405,#14406);
#14405 = CARTESIAN_POINT('',(76.8103125,7.,0.));
#14406 = VECTOR('',#14407,1.);
#14407 = DIRECTION('',(0.,-1.,0.));
#14408 = PLANE('',#14409);
#14409 = AXIS2_PLACEMENT_3D('',#14410,#14411,#14412);
#14410 = CARTESIAN_POINT('',(74.421494659983,3.506292938099,0.));
#14411 = DIRECTION('',(0.,0.,1.));
#14412 = DIRECTION('',(1.,0.,0.));
#14413 = ( GEOMETRIC_REPRESENTATION_CONTEXT(3) 
GLOBAL_UNCERTAINTY_ASSIGNED_CONTEXT((#14417)) 
GLOBAL_UNIT_ASSIGNED_CONTEXT((#14414,#14415,#14416)) 
REPRESENTATION_CONTEXT('Context #1',
  '3D Context with UNIT and UNCERTAINTY') );
#14414 = ( LENGTH_UNIT() NAMED_UNIT(*) SI_UNIT(.MILLI.,.METRE.) );
#14415 = ( NAMED_UNIT(*) PLANE_ANGLE_UNIT() SI_UNIT($,.RADIAN.) );
#14416 = ( NAMED_UNIT(*) SI_UNIT($,.STERADIAN.) SOLID_ANGLE_UNIT() );
#14417 = UNCERTAINTY_MEASURE_WITH_UNIT(LENGTH_MEASURE(1.E-07),#14414,
  'distance_accuracy_value','confusion accuracy');
#14418 = CONTEXT_DEPENDENT_SHAPE_REPRESENTATION(#14419,#14421);
#14419 = ( REPRESENTATION_RELATIONSHIP('','',#13242,#10) 
REPRESENTATION_RELATIONSHIP_WITH_TRANSFORMATION(#14420) 
SHAPE_REPRESENTATION_RELATIONSHIP() );
#14420 = ITEM_DEFINED_TRANSFORMATION('','',#11,#63);
#14421 = PRODUCT_DEFINITION_SHAPE('Placement','Placement of an item',
  #14422);
#14422 = NEXT_ASSEMBLY_USAGE_OCCURRENCE('40','ShapeString001','',#5,
  #13237,$);
#14423 = PRODUCT_RELATED_PRODUCT_CATEGORY('part',$,(#13239));
#14424 = MECHANICAL_DESIGN_GEOMETRIC_PRESENTATION_REPRESENTATION('',(
    #14425,#14436,#14445,#14454,#14463,#14472,#14481,#14490,#14499,
    #14508,#14517),#14413);
#14425 = STYLED_ITEM('color',(#14426),#13245);
#14426 = PRESENTATION_STYLE_ASSIGNMENT((#14427,#14433));
#14427 = SURFACE_STYLE_USAGE(.BOTH.,#14428);
#14428 = SURFACE_SIDE_STYLE('',(#14429));
#14429 = SURFACE_STYLE_FILL_AREA(#14430);
#14430 = FILL_AREA_STYLE('',(#14431));
#14431 = FILL_AREA_STYLE_COLOUR('',#14432);
#14432 = COLOUR_RGB('',0.447058818107,0.474509808674,0.501960817233);
#14433 = CURVE_STYLE('',#14434,POSITIVE_LENGTH_MEASURE(0.1),#14435);
#14434 = DRAUGHTING_PRE_DEFINED_CURVE_FONT('continuous');
#14435 = COLOUR_RGB('',9.803921802644E-02,9.803921802644E-02,
  9.803921802644E-02);
#14436 = STYLED_ITEM('color',(#14437),#13351);
#14437 = PRESENTATION_STYLE_ASSIGNMENT((#14438,#14443));
#14438 = SURFACE_STYLE_USAGE(.BOTH.,#14439);
#14439 = SURFACE_SIDE_STYLE('',(#14440));
#14440 = SURFACE_STYLE_FILL_AREA(#14441);
#14441 = FILL_AREA_STYLE('',(#14442));
#14442 = FILL_AREA_STYLE_COLOUR('',#14432);
#14443 = CURVE_STYLE('',#14444,POSITIVE_LENGTH_MEASURE(0.1),#14435);
#14444 = DRAUGHTING_PRE_DEFINED_CURVE_FONT('continuous');
#14445 = STYLED_ITEM('color',(#14446),#13393);
#14446 = PRESENTATION_STYLE_ASSIGNMENT((#14447,#14452));
#14447 = SURFACE_STYLE_USAGE(.BOTH.,#14448);
#14448 = SURFACE_SIDE_STYLE('',(#14449));
#14449 = SURFACE_STYLE_FILL_AREA(#14450);
#14450 = FILL_AREA_STYLE('',(#14451));
#14451 = FILL_AREA_STYLE_COLOUR('',#14432);
#14452 = CURVE_STYLE('',#14453,POSITIVE_LENGTH_MEASURE(0.1),#14435);
#14453 = DRAUGHTING_PRE_DEFINED_CURVE_FONT('continuous');
#14454 = STYLED_ITEM('color',(#14455),#13579);
#14455 = PRESENTATION_STYLE_ASSIGNMENT((#14456,#14461));
#14456 = SURFACE_STYLE_USAGE(.BOTH.,#14457);
#14457 = SURFACE_SIDE_STYLE('',(#14458));
#14458 = SURFACE_STYLE_FILL_AREA(#14459);
#14459 = FILL_AREA_STYLE('',(#14460));
#14460 = FILL_AREA_STYLE_COLOUR('',#14432);
#14461 = CURVE_STYLE('',#14462,POSITIVE_LENGTH_MEASURE(0.1),#14435);
#14462 = DRAUGHTING_PRE_DEFINED_CURVE_FONT('continuous');
#14463 = STYLED_ITEM('color',(#14464),#13685);
#14464 = PRESENTATION_STYLE_ASSIGNMENT((#14465,#14470));
#14465 = SURFACE_STYLE_USAGE(.BOTH.,#14466);
#14466 = SURFACE_SIDE_STYLE('',(#14467));
#14467 = SURFACE_STYLE_FILL_AREA(#14468);
#14468 = FILL_AREA_STYLE('',(#14469));
#14469 = FILL_AREA_STYLE_COLOUR('',#14432);
#14470 = CURVE_STYLE('',#14471,POSITIVE_LENGTH_MEASURE(0.1),#14435);
#14471 = DRAUGHTING_PRE_DEFINED_CURVE_FONT('continuous');
#14472 = STYLED_ITEM('color',(#14473),#13751);
#14473 = PRESENTATION_STYLE_ASSIGNMENT((#14474,#14479));
#14474 = SURFACE_STYLE_USAGE(.BOTH.,#14475);
#14475 = SURFACE_SIDE_STYLE('',(#14476));
#14476 = SURFACE_STYLE_FILL_AREA(#14477);
#14477 = FILL_AREA_STYLE('',(#14478));
#14478 = FILL_AREA_STYLE_COLOUR('',#14432);
#14479 = CURVE_STYLE('',#14480,POSITIVE_LENGTH_MEASURE(0.1),#14435);
#14480 = DRAUGHTING_PRE_DEFINED_CURVE_FONT('continuous');
#14481 = STYLED_ITEM('color',(#14482),#13891);
#14482 = PRESENTATION_STYLE_ASSIGNMENT((#14483,#14488));
#14483 = SURFACE_STYLE_USAGE(.BOTH.,#14484);
#14484 = SURFACE_SIDE_STYLE('',(#14485));
#14485 = SURFACE_STYLE_FILL_AREA(#14486);
#14486 = FILL_AREA_STYLE('',(#14487));
#14487 = FILL_AREA_STYLE_COLOUR('',#14432);
#14488 = CURVE_STYLE('',#14489,POSITIVE_LENGTH_MEASURE(0.1),#14435);
#14489 = DRAUGHTING_PRE_DEFINED_CURVE_FONT('continuous');
#14490 = STYLED_ITEM('color',(#14491),#13949);
#14491 = PRESENTATION_STYLE_ASSIGNMENT((#14492,#14497));
#14492 = SURFACE_STYLE_USAGE(.BOTH.,#14493);
#14493 = SURFACE_SIDE_STYLE('',(#14494));
#14494 = SURFACE_STYLE_FILL_AREA(#14495);
#14495 = FILL_AREA_STYLE('',(#14496));
#14496 = FILL_AREA_STYLE_COLOUR('',#14432);
#14497 = CURVE_STYLE('',#14498,POSITIVE_LENGTH_MEASURE(0.1),#14435);
#14498 = DRAUGHTING_PRE_DEFINED_CURVE_FONT('continuous');
#14499 = STYLED_ITEM('color',(#14500),#14023);
#14500 = PRESENTATION_STYLE_ASSIGNMENT((#14501,#14506));
#14501 = SURFACE_STYLE_USAGE(.BOTH.,#14502);
#14502 = SURFACE_SIDE_STYLE('',(#14503));
#14503 = SURFACE_STYLE_FILL_AREA(#14504);
#14504 = FILL_AREA_STYLE('',(#14505));
#14505 = FILL_AREA_STYLE_COLOUR('',#14432);
#14506 = CURVE_STYLE('',#14507,POSITIVE_LENGTH_MEASURE(0.1),#14435);
#14507 = DRAUGHTING_PRE_DEFINED_CURVE_FONT('continuous');
#14508 = STYLED_ITEM('color',(#14509),#14123);
#14509 = PRESENTATION_STYLE_ASSIGNMENT((#14510,#14515));
#14510 = SURFACE_STYLE_USAGE(.BOTH.,#14511);
#14511 = SURFACE_SIDE_STYLE('',(#14512));
#14512 = SURFACE_STYLE_FILL_AREA(#14513);
#14513 = FILL_AREA_STYLE('',(#14514));
#14514 = FILL_AREA_STYLE_COLOUR('',#14432);
#14515 = CURVE_STYLE('',#14516,POSITIVE_LENGTH_MEASURE(0.1),#14435);
#14516 = DRAUGHTING_PRE_DEFINED_CURVE_FONT('continuous');
#14517 = STYLED_ITEM('color',(#14518),#14309);
#14518 = PRESENTATION_STYLE_ASSIGNMENT((#14519,#14524));
#14519 = SURFACE_STYLE_USAGE(.BOTH.,#14520);
#14520 = SURFACE_SIDE_STYLE('',(#14521));
#14521 = SURFACE_STYLE_FILL_AREA(#14522);
#14522 = FILL_AREA_STYLE('',(#14523));
#14523 = FILL_AREA_STYLE_COLOUR('',#14432);
#14524 = CURVE_STYLE('',#14525,POSITIVE_LENGTH_MEASURE(0.1),#14435);
#14525 = DRAUGHTING_PRE_DEFINED_CURVE_FONT('continuous');
#14526 = MECHANICAL_DESIGN_GEOMETRIC_PRESENTATION_REPRESENTATION('',(
    #14527),#10287);
#14527 = STYLED_ITEM('color',(#14528),#10137);
#14528 = PRESENTATION_STYLE_ASSIGNMENT((#14529,#14534));
#14529 = SURFACE_STYLE_USAGE(.BOTH.,#14530);
#14530 = SURFACE_SIDE_STYLE('',(#14531));
#14531 = SURFACE_STYLE_FILL_AREA(#14532);
#14532 = FILL_AREA_STYLE('',(#14533));
#14533 = FILL_AREA_STYLE_COLOUR('',#14432);
#14534 = CURVE_STYLE('',#14535,POSITIVE_LENGTH_MEASURE(0.1),#14435);
#14535 = DRAUGHTING_PRE_DEFINED_CURVE_FONT('continuous');
#14536 = MECHANICAL_DESIGN_GEOMETRIC_PRESENTATION_REPRESENTATION('',(
    #14537),#12602);
#14537 = STYLED_ITEM('color',(#14538),#12573);
#14538 = PRESENTATION_STYLE_ASSIGNMENT((#14539,#14544));
#14539 = SURFACE_STYLE_USAGE(.BOTH.,#14540);
#14540 = SURFACE_SIDE_STYLE('',(#14541));
#14541 = SURFACE_STYLE_FILL_AREA(#14542);
#14542 = FILL_AREA_STYLE('',(#14543));
#14543 = FILL_AREA_STYLE_COLOUR('',#14432);
#14544 = CURVE_STYLE('',#14545,POSITIVE_LENGTH_MEASURE(0.1),#14546);
#14545 = DRAUGHTING_PRE_DEFINED_CURVE_FONT('continuous');
#14546 = COLOUR_RGB('',0.945098040599,0.952941189437,0.960784305148);
#14547 = MECHANICAL_DESIGN_GEOMETRIC_PRESENTATION_REPRESENTATION('',(
    #14548),#11653);
#14548 = STYLED_ITEM('color',(#14549),#10921);
#14549 = PRESENTATION_STYLE_ASSIGNMENT((#14550,#14555));
#14550 = SURFACE_STYLE_USAGE(.BOTH.,#14551);
#14551 = SURFACE_SIDE_STYLE('',(#14552));
#14552 = SURFACE_STYLE_FILL_AREA(#14553);
#14553 = FILL_AREA_STYLE('',(#14554));
#14554 = FILL_AREA_STYLE_COLOUR('',#14432);
#14555 = CURVE_STYLE('',#14556,POSITIVE_LENGTH_MEASURE(0.1),#14435);
#14556 = DRAUGHTING_PRE_DEFINED_CURVE_FONT('continuous');
#14557 = MECHANICAL_DESIGN_GEOMETRIC_PRESENTATION_REPRESENTATION('',(
    #14558),#1316);
#14558 = STYLED_ITEM('color',(#14559),#832);
#14559 = PRESENTATION_STYLE_ASSIGNMENT((#14560,#14565));
#14560 = SURFACE_STYLE_USAGE(.BOTH.,#14561);
#14561 = SURFACE_SIDE_STYLE('',(#14562));
#14562 = SURFACE_STYLE_FILL_AREA(#14563);
#14563 = FILL_AREA_STYLE('',(#14564));
#14564 = FILL_AREA_STYLE_COLOUR('',#14432);
#14565 = CURVE_STYLE('',#14566,POSITIVE_LENGTH_MEASURE(0.1),#14435);
#14566 = DRAUGHTING_PRE_DEFINED_CURVE_FONT('continuous');
#14567 = MECHANICAL_DESIGN_GEOMETRIC_PRESENTATION_REPRESENTATION('',(
    #14568),#813);
#14568 = STYLED_ITEM('color',(#14569),#81);
#14569 = PRESENTATION_STYLE_ASSIGNMENT((#14570,#14575));
#14570 = SURFACE_STYLE_USAGE(.BOTH.,#14571);
#14571 = SURFACE_SIDE_STYLE('',(#14572));
#14572 = SURFACE_STYLE_FILL_AREA(#14573);
#14573 = FILL_AREA_STYLE('',(#14574));
#14574 = FILL_AREA_STYLE_COLOUR('',#14432);
#14575 = CURVE_STYLE('',#14576,POSITIVE_LENGTH_MEASURE(0.1),#14435);
#14576 = DRAUGHTING_PRE_DEFINED_CURVE_FONT('continuous');
#14577 = MECHANICAL_DESIGN_GEOMETRIC_PRESENTATION_REPRESENTATION('',(
    #14578,#14587,#14596),#10118);
#14578 = STYLED_ITEM('color',(#14579),#6515);
#14579 = PRESENTATION_STYLE_ASSIGNMENT((#14580,#14585));
#14580 = SURFACE_STYLE_USAGE(.BOTH.,#14581);
#14581 = SURFACE_SIDE_STYLE('',(#14582));
#14582 = SURFACE_STYLE_FILL_AREA(#14583);
#14583 = FILL_AREA_STYLE('',(#14584));
#14584 = FILL_AREA_STYLE_COLOUR('',#14432);
#14585 = CURVE_STYLE('',#14586,POSITIVE_LENGTH_MEASURE(0.1),#14435);
#14586 = DRAUGHTING_PRE_DEFINED_CURVE_FONT('continuous');
#14587 = STYLED_ITEM('color',(#14588),#9744);
#14588 = PRESENTATION_STYLE_ASSIGNMENT((#14589,#14594));
#14589 = SURFACE_STYLE_USAGE(.BOTH.,#14590);
#14590 = SURFACE_SIDE_STYLE('',(#14591));
#14591 = SURFACE_STYLE_FILL_AREA(#14592);
#14592 = FILL_AREA_STYLE('',(#14593));
#14593 = FILL_AREA_STYLE_COLOUR('',#14432);
#14594 = CURVE_STYLE('',#14595,POSITIVE_LENGTH_MEASURE(0.1),#14435);
#14595 = DRAUGHTING_PRE_DEFINED_CURVE_FONT('continuous');
#14596 = STYLED_ITEM('color',(#14597),#9861);
#14597 = PRESENTATION_STYLE_ASSIGNMENT((#14598,#14603));
#14598 = SURFACE_STYLE_USAGE(.BOTH.,#14599);
#14599 = SURFACE_SIDE_STYLE('',(#14600));
#14600 = SURFACE_STYLE_FILL_AREA(#14601);
#14601 = FILL_AREA_STYLE('',(#14602));
#14602 = FILL_AREA_STYLE_COLOUR('',#14432);
#14603 = CURVE_STYLE('',#14604,POSITIVE_LENGTH_MEASURE(0.1),#14435);
#14604 = DRAUGHTING_PRE_DEFINED_CURVE_FONT('continuous');
#14605 = MECHANICAL_DESIGN_GEOMETRIC_PRESENTATION_REPRESENTATION('',(
    #14606),#10902);
#14606 = STYLED_ITEM('color',(#14607),#10306);
#14607 = PRESENTATION_STYLE_ASSIGNMENT((#14608,#14613));
#14608 = SURFACE_STYLE_USAGE(.BOTH.,#14609);
#14609 = SURFACE_SIDE_STYLE('',(#14610));
#14610 = SURFACE_STYLE_FILL_AREA(#14611);
#14611 = FILL_AREA_STYLE('',(#14612));
#14612 = FILL_AREA_STYLE_COLOUR('',#14432);
#14613 = CURVE_STYLE('',#14614,POSITIVE_LENGTH_MEASURE(0.1),#14435);
#14614 = DRAUGHTING_PRE_DEFINED_CURVE_FONT('continuous');
#14615 = MECHANICAL_DESIGN_GEOMETRIC_PRESENTATION_REPRESENTATION('',(
    #14616,#14625),#13224);
#14616 = STYLED_ITEM('color',(#14617),#13124);
#14617 = PRESENTATION_STYLE_ASSIGNMENT((#14618,#14623));
#14618 = SURFACE_STYLE_USAGE(.BOTH.,#14619);
#14619 = SURFACE_SIDE_STYLE('',(#14620));
#14620 = SURFACE_STYLE_FILL_AREA(#14621);
#14621 = FILL_AREA_STYLE('',(#14622));
#14622 = FILL_AREA_STYLE_COLOUR('',#14432);
#14623 = CURVE_STYLE('',#14624,POSITIVE_LENGTH_MEASURE(0.1),#14546);
#14624 = DRAUGHTING_PRE_DEFINED_CURVE_FONT('continuous');
#14625 = STYLED_ITEM('color',(#14626),#13146);
#14626 = PRESENTATION_STYLE_ASSIGNMENT((#14627,#14632));
#14627 = SURFACE_STYLE_USAGE(.BOTH.,#14628);
#14628 = SURFACE_SIDE_STYLE('',(#14629));
#14629 = SURFACE_STYLE_FILL_AREA(#14630);
#14630 = FILL_AREA_STYLE('',(#14631));
#14631 = FILL_AREA_STYLE_COLOUR('',#14432);
#14632 = CURVE_STYLE('',#14633,POSITIVE_LENGTH_MEASURE(0.1),#14546);
#14633 = DRAUGHTING_PRE_DEFINED_CURVE_FONT('continuous');
#14634 = MECHANICAL_DESIGN_GEOMETRIC_PRESENTATION_REPRESENTATION('',(
    #14635),#1819);
#14635 = STYLED_ITEM('color',(#14636),#1335);
#14636 = PRESENTATION_STYLE_ASSIGNMENT((#14637,#14642));
#14637 = SURFACE_STYLE_USAGE(.BOTH.,#14638);
#14638 = SURFACE_SIDE_STYLE('',(#14639));
#14639 = SURFACE_STYLE_FILL_AREA(#14640);
#14640 = FILL_AREA_STYLE('',(#14641));
#14641 = FILL_AREA_STYLE_COLOUR('',#14432);
#14642 = CURVE_STYLE('',#14643,POSITIVE_LENGTH_MEASURE(0.1),#14435);
#14643 = DRAUGHTING_PRE_DEFINED_CURVE_FONT('continuous');
#14644 = MECHANICAL_DESIGN_GEOMETRIC_PRESENTATION_REPRESENTATION('',(
    #14645,#14654,#14663,#14672,#14681,#14690,#14699,#14708,#14717,
    #14726,#14735),#6496);
#14645 = STYLED_ITEM('color',(#14646),#1838);
#14646 = PRESENTATION_STYLE_ASSIGNMENT((#14647,#14652));
#14647 = SURFACE_STYLE_USAGE(.BOTH.,#14648);
#14648 = SURFACE_SIDE_STYLE('',(#14649));
#14649 = SURFACE_STYLE_FILL_AREA(#14650);
#14650 = FILL_AREA_STYLE('',(#14651));
#14651 = FILL_AREA_STYLE_COLOUR('',#14432);
#14652 = CURVE_STYLE('',#14653,POSITIVE_LENGTH_MEASURE(0.1),#14435);
#14653 = DRAUGHTING_PRE_DEFINED_CURVE_FONT('continuous');
#14654 = STYLED_ITEM('color',(#14655),#2252);
#14655 = PRESENTATION_STYLE_ASSIGNMENT((#14656,#14661));
#14656 = SURFACE_STYLE_USAGE(.BOTH.,#14657);
#14657 = SURFACE_SIDE_STYLE('',(#14658));
#14658 = SURFACE_STYLE_FILL_AREA(#14659);
#14659 = FILL_AREA_STYLE('',(#14660));
#14660 = FILL_AREA_STYLE_COLOUR('',#14432);
#14661 = CURVE_STYLE('',#14662,POSITIVE_LENGTH_MEASURE(0.1),#14435);
#14662 = DRAUGHTING_PRE_DEFINED_CURVE_FONT('continuous');
#14663 = STYLED_ITEM('color',(#14664),#2402);
#14664 = PRESENTATION_STYLE_ASSIGNMENT((#14665,#14670));
#14665 = SURFACE_STYLE_USAGE(.BOTH.,#14666);
#14666 = SURFACE_SIDE_STYLE('',(#14667));
#14667 = SURFACE_STYLE_FILL_AREA(#14668);
#14668 = FILL_AREA_STYLE('',(#14669));
#14669 = FILL_AREA_STYLE_COLOUR('',#14432);
#14670 = CURVE_STYLE('',#14671,POSITIVE_LENGTH_MEASURE(0.1),#14435);
#14671 = DRAUGHTING_PRE_DEFINED_CURVE_FONT('continuous');
#14672 = STYLED_ITEM('color',(#14673),#3178);
#14673 = PRESENTATION_STYLE_ASSIGNMENT((#14674,#14679));
#14674 = SURFACE_STYLE_USAGE(.BOTH.,#14675);
#14675 = SURFACE_SIDE_STYLE('',(#14676));
#14676 = SURFACE_STYLE_FILL_AREA(#14677);
#14677 = FILL_AREA_STYLE('',(#14678));
#14678 = FILL_AREA_STYLE_COLOUR('',#14432);
#14679 = CURVE_STYLE('',#14680,POSITIVE_LENGTH_MEASURE(0.1),#14435);
#14680 = DRAUGHTING_PRE_DEFINED_CURVE_FONT('continuous');
#14681 = STYLED_ITEM('color',(#14682),#3592);
#14682 = PRESENTATION_STYLE_ASSIGNMENT((#14683,#14688));
#14683 = SURFACE_STYLE_USAGE(.BOTH.,#14684);
#14684 = SURFACE_SIDE_STYLE('',(#14685));
#14685 = SURFACE_STYLE_FILL_AREA(#14686);
#14686 = FILL_AREA_STYLE('',(#14687));
#14687 = FILL_AREA_STYLE_COLOUR('',#14432);
#14688 = CURVE_STYLE('',#14689,POSITIVE_LENGTH_MEASURE(0.1),#14435);
#14689 = DRAUGHTING_PRE_DEFINED_CURVE_FONT('continuous');
#14690 = STYLED_ITEM('color',(#14691),#3841);
#14691 = PRESENTATION_STYLE_ASSIGNMENT((#14692,#14697));
#14692 = SURFACE_STYLE_USAGE(.BOTH.,#14693);
#14693 = SURFACE_SIDE_STYLE('',(#14694));
#14694 = SURFACE_STYLE_FILL_AREA(#14695);
#14695 = FILL_AREA_STYLE('',(#14696));
#14696 = FILL_AREA_STYLE_COLOUR('',#14432);
#14697 = CURVE_STYLE('',#14698,POSITIVE_LENGTH_MEASURE(0.1),#14435);
#14698 = DRAUGHTING_PRE_DEFINED_CURVE_FONT('continuous');
#14699 = STYLED_ITEM('color',(#14700),#4423);
#14700 = PRESENTATION_STYLE_ASSIGNMENT((#14701,#14706));
#14701 = SURFACE_STYLE_USAGE(.BOTH.,#14702);
#14702 = SURFACE_SIDE_STYLE('',(#14703));
#14703 = SURFACE_STYLE_FILL_AREA(#14704);
#14704 = FILL_AREA_STYLE('',(#14705));
#14705 = FILL_AREA_STYLE_COLOUR('',#14432);
#14706 = CURVE_STYLE('',#14707,POSITIVE_LENGTH_MEASURE(0.1),#14435);
#14707 = DRAUGHTING_PRE_DEFINED_CURVE_FONT('continuous');
#14708 = STYLED_ITEM('color',(#14709),#4639);
#14709 = PRESENTATION_STYLE_ASSIGNMENT((#14710,#14715));
#14710 = SURFACE_STYLE_USAGE(.BOTH.,#14711);
#14711 = SURFACE_SIDE_STYLE('',(#14712));
#14712 = SURFACE_STYLE_FILL_AREA(#14713);
#14713 = FILL_AREA_STYLE('',(#14714));
#14714 = FILL_AREA_STYLE_COLOUR('',#14432);
#14715 = CURVE_STYLE('',#14716,POSITIVE_LENGTH_MEASURE(0.1),#14435);
#14716 = DRAUGHTING_PRE_DEFINED_CURVE_FONT('continuous');
#14717 = STYLED_ITEM('color',(#14718),#4921);
#14718 = PRESENTATION_STYLE_ASSIGNMENT((#14719,#14724));
#14719 = SURFACE_STYLE_USAGE(.BOTH.,#14720);
#14720 = SURFACE_SIDE_STYLE('',(#14721));
#14721 = SURFACE_STYLE_FILL_AREA(#14722);
#14722 = FILL_AREA_STYLE('',(#14723));
#14723 = FILL_AREA_STYLE_COLOUR('',#14432);
#14724 = CURVE_STYLE('',#14725,POSITIVE_LENGTH_MEASURE(0.1),#14435);
#14725 = DRAUGHTING_PRE_DEFINED_CURVE_FONT('continuous');
#14726 = STYLED_ITEM('color',(#14727),#5306);
#14727 = PRESENTATION_STYLE_ASSIGNMENT((#14728,#14733));
#14728 = SURFACE_STYLE_USAGE(.BOTH.,#14729);
#14729 = SURFACE_SIDE_STYLE('',(#14730));
#14730 = SURFACE_STYLE_FILL_AREA(#14731);
#14731 = FILL_AREA_STYLE('',(#14732));
#14732 = FILL_AREA_STYLE_COLOUR('',#14432);
#14733 = CURVE_STYLE('',#14734,POSITIVE_LENGTH_MEASURE(0.1),#14435);
#14734 = DRAUGHTING_PRE_DEFINED_CURVE_FONT('continuous');
#14735 = STYLED_ITEM('color',(#14736),#6082);
#14736 = PRESENTATION_STYLE_ASSIGNMENT((#14737,#14742));
#14737 = SURFACE_STYLE_USAGE(.BOTH.,#14738);
#14738 = SURFACE_SIDE_STYLE('',(#14739));
#14739 = SURFACE_STYLE_FILL_AREA(#14740);
#14740 = FILL_AREA_STYLE('',(#14741));
#14741 = FILL_AREA_STYLE_COLOUR('',#14432);
#14742 = CURVE_STYLE('',#14743,POSITIVE_LENGTH_MEASURE(0.1),#14435);
#14743 = DRAUGHTING_PRE_DEFINED_CURVE_FONT('continuous');
#14744 = MECHANICAL_DESIGN_GEOMETRIC_PRESENTATION_REPRESENTATION('',(
    #14745,#14754,#14763,#14772,#14781,#14790,#14799),#12554);
#14745 = STYLED_ITEM('color',(#14746),#11674);
#14746 = PRESENTATION_STYLE_ASSIGNMENT((#14747,#14752));
#14747 = SURFACE_STYLE_USAGE(.BOTH.,#14748);
#14748 = SURFACE_SIDE_STYLE('',(#14749));
#14749 = SURFACE_STYLE_FILL_AREA(#14750);
#14750 = FILL_AREA_STYLE('',(#14751));
#14751 = FILL_AREA_STYLE_COLOUR('',#14432);
#14752 = CURVE_STYLE('',#14753,POSITIVE_LENGTH_MEASURE(0.1),#14435);
#14753 = DRAUGHTING_PRE_DEFINED_CURVE_FONT('continuous');
#14754 = STYLED_ITEM('color',(#14755),#11788);
#14755 = PRESENTATION_STYLE_ASSIGNMENT((#14756,#14761));
#14756 = SURFACE_STYLE_USAGE(.BOTH.,#14757);
#14757 = SURFACE_SIDE_STYLE('',(#14758));
#14758 = SURFACE_STYLE_FILL_AREA(#14759);
#14759 = FILL_AREA_STYLE('',(#14760));
#14760 = FILL_AREA_STYLE_COLOUR('',#14432);
#14761 = CURVE_STYLE('',#14762,POSITIVE_LENGTH_MEASURE(0.1),#14435);
#14762 = DRAUGHTING_PRE_DEFINED_CURVE_FONT('continuous');
#14763 = STYLED_ITEM('color',(#14764),#11888);
#14764 = PRESENTATION_STYLE_ASSIGNMENT((#14765,#14770));
#14765 = SURFACE_STYLE_USAGE(.BOTH.,#14766);
#14766 = SURFACE_SIDE_STYLE('',(#14767));
#14767 = SURFACE_STYLE_FILL_AREA(#14768);
#14768 = FILL_AREA_STYLE('',(#14769));
#14769 = FILL_AREA_STYLE_COLOUR('',#14432);
#14770 = CURVE_STYLE('',#14771,POSITIVE_LENGTH_MEASURE(0.1),#14435);
#14771 = DRAUGHTING_PRE_DEFINED_CURVE_FONT('continuous');
#14772 = STYLED_ITEM('color',(#14773),#12084);
#14773 = PRESENTATION_STYLE_ASSIGNMENT((#14774,#14779));
#14774 = SURFACE_STYLE_USAGE(.BOTH.,#14775);
#14775 = SURFACE_SIDE_STYLE('',(#14776));
#14776 = SURFACE_STYLE_FILL_AREA(#14777);
#14777 = FILL_AREA_STYLE('',(#14778));
#14778 = FILL_AREA_STYLE_COLOUR('',#14432);
#14779 = CURVE_STYLE('',#14780,POSITIVE_LENGTH_MEASURE(0.1),#14435);
#14780 = DRAUGHTING_PRE_DEFINED_CURVE_FONT('continuous');
#14781 = STYLED_ITEM('color',(#14782),#12174);
#14782 = PRESENTATION_STYLE_ASSIGNMENT((#14783,#14788));
#14783 = SURFACE_STYLE_USAGE(.BOTH.,#14784);
#14784 = SURFACE_SIDE_STYLE('',(#14785));
#14785 = SURFACE_STYLE_FILL_AREA(#14786);
#14786 = FILL_AREA_STYLE('',(#14787));
#14787 = FILL_AREA_STYLE_COLOUR('',#14432);
#14788 = CURVE_STYLE('',#14789,POSITIVE_LENGTH_MEASURE(0.1),#14435);
#14789 = DRAUGHTING_PRE_DEFINED_CURVE_FONT('continuous');
#14790 = STYLED_ITEM('color',(#14791),#12280);
#14791 = PRESENTATION_STYLE_ASSIGNMENT((#14792,#14797));
#14792 = SURFACE_STYLE_USAGE(.BOTH.,#14793);
#14793 = SURFACE_SIDE_STYLE('',(#14794));
#14794 = SURFACE_STYLE_FILL_AREA(#14795);
#14795 = FILL_AREA_STYLE('',(#14796));
#14796 = FILL_AREA_STYLE_COLOUR('',#14432);
#14797 = CURVE_STYLE('',#14798,POSITIVE_LENGTH_MEASURE(0.1),#14435);
#14798 = DRAUGHTING_PRE_DEFINED_CURVE_FONT('continuous');
#14799 = STYLED_ITEM('color',(#14800),#12370);
#14800 = PRESENTATION_STYLE_ASSIGNMENT((#14801,#14806));
#14801 = SURFACE_STYLE_USAGE(.BOTH.,#14802);
#14802 = SURFACE_SIDE_STYLE('',(#14803));
#14803 = SURFACE_STYLE_FILL_AREA(#14804);
#14804 = FILL_AREA_STYLE('',(#14805));
#14805 = FILL_AREA_STYLE_COLOUR('',#14432);
#14806 = CURVE_STYLE('',#14807,POSITIVE_LENGTH_MEASURE(0.1),#14435);
#14807 = DRAUGHTING_PRE_DEFINED_CURVE_FONT('continuous');
#14808 = MECHANICAL_DESIGN_GEOMETRIC_PRESENTATION_REPRESENTATION('',(
    #14809),#13105);
#14809 = STYLED_ITEM('color',(#14810),#12621);
#14810 = PRESENTATION_STYLE_ASSIGNMENT((#14811,#14816));
#14811 = SURFACE_STYLE_USAGE(.BOTH.,#14812);
#14812 = SURFACE_SIDE_STYLE('',(#14813));
#14813 = SURFACE_STYLE_FILL_AREA(#14814);
#14814 = FILL_AREA_STYLE('',(#14815));
#14815 = FILL_AREA_STYLE_COLOUR('',#14432);
#14816 = CURVE_STYLE('',#14817,POSITIVE_LENGTH_MEASURE(0.1),#14435);
#14817 = DRAUGHTING_PRE_DEFINED_CURVE_FONT('continuous');
ENDSEC;
END-ISO-10303-21;
